   1.0000000000000000E-002  0.78532745271932958     
   2.0000000000000000E-002  0.78518603636326900     
   2.9999999999999999E-002  0.78497392433032709     
   4.0000000000000001E-002  0.78469113162386095     
   5.0000000000000003E-002  0.78433767825164202     
   6.0000000000000005E-002  0.78391358922867582     
   7.0000000000000007E-002  0.78341889458072034     
   8.0000000000000002E-002  0.78285362934849967     
   8.9999999999999997E-002  0.78221783359260777     
   9.9999999999999992E-002  0.78151155239909642     
  0.10999999999999999       0.78073483588574188     
  0.11999999999999998       0.77988773920898202     
  0.12999999999999998       0.77897032257151688     
  0.13999999999999999       0.77798265123056320     
  0.14999999999999999       0.77692479550675397     
  0.16000000000000000       0.77579683079367201     
  0.17000000000000001       0.77459883756800740     
  0.18000000000000002       0.77333090140032557     
  0.19000000000000003       0.77199311296643502     
  0.20000000000000004       0.77058556805933986     
  0.21000000000000005       0.76910836760176349     
  0.22000000000000006       0.76756161765922881     
  0.23000000000000007       0.76594542945367861     
  0.24000000000000007       0.76425991937762017     
  0.25000000000000006       0.76250520900877672     
  0.26000000000000006       0.76068142512522763     
  0.27000000000000007       0.75878869972101903     
  0.28000000000000008       0.75682717002222510     
  0.29000000000000009       0.75479697850343974     
  0.30000000000000010       0.75269827290467872     
  0.31000000000000011       0.75053120624866942     
  0.32000000000000012       0.74829593685850693     
  0.33000000000000013       0.74599262837565317     
  0.34000000000000014       0.74362144977825539     
  0.35000000000000014       0.74118257539975996     
  0.36000000000000015       0.73867618494779597     
  0.37000000000000016       0.73610246352330400     
  0.38000000000000017       0.73346160163988272     
  0.39000000000000018       0.73075379524332695     
  0.40000000000000019       0.72797924573133010     
  0.41000000000000020       0.72513815997332220     
  0.42000000000000021       0.72223075033041484     
  0.43000000000000022       0.71925723467542457     
  0.44000000000000022       0.71621783641294379     
  0.45000000000000023       0.71311278449942972     
  0.46000000000000024       0.70994231346328007     
  0.47000000000000025       0.70670666342486366     
  0.48000000000000026       0.70340608011647532     
  0.49000000000000027       0.70004081490218062     
  0.50000000000000022       0.69661112479751996     
  0.51000000000000023       0.69311727248903643     
  0.52000000000000024       0.68955952635359519     
  0.53000000000000025       0.68593816047746003     
  0.54000000000000026       0.68225345467509180     
  0.55000000000000027       0.67850569450763454     
  0.56000000000000028       0.67469517130105372     
  0.57000000000000028       0.67082218216389145     
  0.58000000000000029       0.66688703000460225     
  0.59000000000000030       0.66289002354843363     
  0.60000000000000031       0.65883147735381498     
  0.61000000000000032       0.65471171182821808     
  0.62000000000000033       0.65053105324345306     
  0.63000000000000034       0.64628983375036175     
  0.64000000000000035       0.64198839139287245     
  0.65000000000000036       0.63762707012137854     
  0.66000000000000036       0.63320621980540281     
  0.67000000000000037       0.62872619624551229     
  0.68000000000000038       0.62418736118444373     
  0.69000000000000039       0.61959008231740409     
  0.70000000000000040       0.61493473330150861     
  0.71000000000000041       0.61022169376431801     
  0.72000000000000042       0.60545134931143985     
  0.73000000000000043       0.60062409153315488     
  0.74000000000000044       0.59574031801003291     
  0.75000000000000044       0.59080043231750168     
  0.76000000000000045       0.58580484402933175     
  0.77000000000000046       0.58075396872000162     
  0.78000000000000047       0.57564822796590764     
  0.79000000000000048       0.57048804934538322     
  0.80000000000000049       0.56527386643749178     
  0.81000000000000050       0.56000611881956031     
  0.82000000000000051       0.55468525206341768     
  0.83000000000000052       0.54931171773030529     
  0.84000000000000052       0.54388597336442723     
  0.85000000000000053       0.53840848248510620     
  0.86000000000000054       0.53287971457751460     
  0.87000000000000055       0.52730014508194911     
  0.88000000000000056       0.52167025538161838     
  0.89000000000000057       0.51599053278891382     
  0.90000000000000058       0.51026147053013471     
  0.91000000000000059       0.50448356772863934     
  0.92000000000000060       0.49865732938639540     
  0.93000000000000060       0.49278326636390185     
  0.94000000000000061       0.48686189535845831     
  0.95000000000000062       0.48089373888075604     
  0.96000000000000063       0.47487932522976795     
  0.97000000000000064       0.46881918846591442     
  0.98000000000000065       0.46271386838248368     
  0.99000000000000066       0.45656391047528627     
   1.0000000000000007       0.45036986591052458     
   1.0100000000000007       0.44413229149085898     
   1.0200000000000007       0.43785174961965390     
   1.0300000000000007       0.43152880826338824     
   1.0400000000000007       0.42516404091221555     
   1.0500000000000007       0.41875802653866084     
   1.0600000000000007       0.41231134955444271     
   1.0700000000000007       0.40582459976540958     
   1.0800000000000007       0.39929837232458176     
   1.0900000000000007       0.39273326768329136     
   1.1000000000000008       0.38612989154041366     
   1.1100000000000008       0.37948885478968558     
   1.1200000000000008       0.37281077346510771     
   1.1300000000000008       0.36609626868442813     
   1.1400000000000008       0.35934596659070783     
   1.1500000000000008       0.35256049829196917     
   1.1600000000000008       0.34574049979892951     
   1.1700000000000008       0.33888661196082542     
   1.1800000000000008       0.33199948039933252     
   1.1900000000000008       0.32507975544058881     
   1.2000000000000008       0.31812809204533082     
   1.2100000000000009       0.31114514973715313     
   1.2200000000000009       0.30413159252890337     
   1.2300000000000009       0.29708808884722732     
   1.2400000000000009       0.29001531145527876     
   1.2500000000000009       0.28291393737361226     
   1.2600000000000009       0.27578464779927681     
   1.2700000000000009       0.26862812802313135     
   1.2800000000000009       0.26144506734540390     
   1.2900000000000009       0.25423615898951785     
   1.3000000000000009       0.24700210001421080     
   1.3100000000000009       0.23974359122397260     
   1.3200000000000010       0.23246133707783093     
   1.3300000000000010       0.22515604559651420     
   1.3400000000000010       0.21782842826802318     
   1.3500000000000010       0.21047919995164446     
   1.3600000000000010       0.20310907878043968     
   1.3700000000000010       0.19571878606224674     
   1.3800000000000010       0.18830904617923000     
   1.3900000000000010       0.18088058648601826     
   1.4000000000000010       0.17343413720647038     
   1.4100000000000010       0.16597043132911005     
   1.4200000000000010       0.15849020450127224     
   1.4300000000000010       0.15099419492200541     
   1.4400000000000011       0.14348314323377437     
   1.4500000000000011       0.13595779241301034     
   1.4600000000000011       0.12841888765955584     
   1.4700000000000011       0.12086717628505239     
   1.4800000000000011       0.11330340760032154     
   1.4900000000000011       0.10572833280178905     
   1.5000000000000011        9.8142704857004451E-002
   1.5100000000000011        9.0547278389308261E-002
   1.5200000000000011        8.2942809561700234E-002
   1.5300000000000011        7.5330055959962991E-002
   1.5400000000000011        6.7709776475095934E-002
   1.5500000000000012        6.0082731185115153E-002
   1.5600000000000012        5.2449681236275594E-002
   1.5700000000000012        4.4811388723772494E-002
   1.5800000000000012        3.7168616571979479E-002
   1.5900000000000012        2.9522128414281305E-002
   1.6000000000000012        2.1872688472559517E-002
   1.6100000000000012        1.4221061436389824E-002
   1.6200000000000012        6.5680123420101301E-003
   1.6300000000000012       -1.0856935488815066E-003
   1.6400000000000012       -8.7392908704395852E-003
   1.6500000000000012       -1.6392014274034996E-002
   1.6600000000000013       -2.4043098549610412E-002
   1.6700000000000013       -3.1691778746967637E-002
   1.6800000000000013       -3.9337290296927445E-002
   1.6900000000000013       -4.6978869132302474E-002
   1.7000000000000013       -5.4615751808624075E-002
   1.7100000000000013       -6.2247175624564097E-002
   1.7200000000000013       -6.9872378741993091E-002
   1.7300000000000013       -7.7490600305616608E-002
   1.7400000000000013       -8.5101080562131878E-002
   1.7500000000000013       -9.2703060978847451E-002
   1.7600000000000013      -0.10029578436170915     
   1.7700000000000014      -0.10787849497267611     
   1.7800000000000014      -0.11545043864639147     
   1.7900000000000014      -0.12301086290609285     
   1.8000000000000014      -0.13055901707870882     
   1.8100000000000014      -0.13809415240908790     
   1.8200000000000014      -0.14561552217330820     
   1.8300000000000014      -0.15312238179101589     
   1.8400000000000014      -0.16061398893674253     
   1.8500000000000014      -0.16808960365015155     
   1.8600000000000014      -0.17554848844516596     
   1.8700000000000014      -0.18298990841792984     
   1.8800000000000014      -0.19041313135355767     
   1.8900000000000015      -0.19781742783162681     
   1.9000000000000015      -0.20520207133036947     
   1.9100000000000015      -0.21256633832952182     
   1.9200000000000015      -0.21990950841178947     
   1.9300000000000015      -0.22723086436288936     
   1.9400000000000015      -0.23452969227013026     
   1.9500000000000015      -0.24180528161949458     
   1.9600000000000015      -0.24905692539118632     
   1.9700000000000015      -0.25628392015361129     
   1.9800000000000015      -0.26348556615575697     
   1.9900000000000015      -0.27066116741794100     
   2.0000000000000013      -0.27781003182089925     
   2.0100000000000011      -0.28493147119318524     
   2.0200000000000009      -0.29202480139685449     
   2.0300000000000007      -0.29908934241140966     
   2.0400000000000005      -0.30612441841598276     
   2.0500000000000003      -0.31312935786973284     
   2.0600000000000001      -0.32010349359043988     
   2.0699999999999998      -0.32704616283127563     
   2.0799999999999996      -0.33395670735573546     
   2.0899999999999994      -0.34083447351071550     
   2.0999999999999992      -0.34767881229772218     
   2.1099999999999990      -0.35448907944220154     
   2.1199999999999988      -0.36126463546097864     
   2.1299999999999986      -0.36800484572779835     
   2.1399999999999983      -0.37470908053695984     
   2.1499999999999981      -0.38137671516504007     
   2.1599999999999979      -0.38800712993070180     
   2.1699999999999977      -0.39459971025258395     
   2.1799999999999975      -0.40115384670527332     
   2.1899999999999973      -0.40766893507335894     
   2.1999999999999971      -0.41414437640357027     
   2.2099999999999969      -0.42057957705500382     
   2.2199999999999966      -0.42697394874744299     
   2.2299999999999964      -0.43332690860777784     
   2.2399999999999962      -0.43963787921453273     
   2.2499999999999960      -0.44590628864051129     
   2.2599999999999958      -0.45213157049356972     
   2.2699999999999956      -0.45831316395553018     
   2.2799999999999954      -0.46445051381924829     
   2.2899999999999952      -0.47054307052384897     
   2.2999999999999949      -0.47659029018814675     
   2.3099999999999947      -0.48259163464226823     
   2.3199999999999945      -0.48854657145749453     
   2.3299999999999943      -0.49445457397434339     
   2.3399999999999941      -0.50031512132891220     
   2.3499999999999939      -0.50612769847750316     
   2.3599999999999937      -0.51189179621955339     
   2.3699999999999934      -0.51760691121889446     
   2.3799999999999932      -0.52327254602336570     
   2.3899999999999930      -0.52888820908280698     
   2.3999999999999928      -0.53445341476545838     
   2.4099999999999926      -0.53996768337279355     
   2.4199999999999924      -0.54543054115281542     
   2.4299999999999922      -0.55084152031184386     
   2.4399999999999920      -0.55620015902482467     
   2.4499999999999917      -0.56150600144419127     
   2.4599999999999915      -0.56675859770730952     
   2.4699999999999913      -0.57195750394253875     
   2.4799999999999911      -0.57710228227394067     
   2.4899999999999909      -0.58219250082467022     
   2.4999999999999907      -0.58722773371908177     
   2.5099999999999905      -0.59220756108358397     
   2.5199999999999902      -0.59713156904627962     
   2.5299999999999900      -0.60199934973542446     
   2.5399999999999898      -0.60681050127674041     
   2.5499999999999896      -0.61156462778961973     
   2.5599999999999894      -0.61626133938225536     
   2.5699999999999892      -0.62090025214573463     
   2.5799999999999890      -0.62548098814713249     
   2.5899999999999888      -0.63000317542164108     
   2.5999999999999885      -0.63446644796377294     
   2.6099999999999883      -0.63887044571767471     
   2.6199999999999881      -0.64321481456658869     
   2.6299999999999879      -0.64749920632149938     
   2.6399999999999877      -0.65172327870900282     
   2.6499999999999875      -0.65588669535843525     
   2.6599999999999873      -0.65998912578829916     
   2.6699999999999871      -0.66403024539202360     
   2.6799999999999868      -0.66800973542309605     
   2.6899999999999866      -0.67192728297960247     
   2.6999999999999864      -0.67578258098821320     
   2.7099999999999862      -0.67957532818765110     
   2.7199999999999860      -0.68330522911167779     
   2.7299999999999858      -0.68697199407163534     
   2.7399999999999856      -0.69057533913857883     
   2.7499999999999853      -0.69411498612503597     
   2.7599999999999851      -0.69759066256642843     
   2.7699999999999849      -0.70100210170219124     
   2.7799999999999847      -0.70434904245662378     
   2.7899999999999845      -0.70763122941950773     
   2.7999999999999843      -0.71084841282652600     
   2.8099999999999841      -0.71400034853951522     
   2.8199999999999839      -0.71708679802658626     
   2.8299999999999836      -0.72010752834214509     
   2.8399999999999834      -0.72306231210684557     
   2.8499999999999832      -0.72595092748750734     
   2.8599999999999830      -0.72877315817702848     
   2.8699999999999828      -0.73152879337432508     
   2.8799999999999826      -0.73421762776432753     
   2.8899999999999824      -0.73683946149806223     
   2.8999999999999821      -0.73939410017284979     
   2.9099999999999819      -0.74188135481264605     
   2.9199999999999817      -0.74430104184855572     
   2.9299999999999815      -0.74665298309954464     
   2.9399999999999813      -0.74893700575337829     
   2.9499999999999811      -0.75115294234781183     
   2.9599999999999809      -0.75330063075205778     
   2.9699999999999807      -0.75537991414855565     
   2.9799999999999804      -0.75739064101506770     
   2.9899999999999802      -0.75933266510712449     
   2.9999999999999800      -0.76120584544084280     
   3.0099999999999798      -0.76301004627613811     
   3.0199999999999796      -0.76474513710035252     
   3.0299999999999794      -0.76641099261231960     
   3.0399999999999792      -0.76800749270688495     
   3.0499999999999790      -0.76953452245990317     
   3.0599999999999787      -0.77099197211372827     
   3.0699999999999785      -0.77237973706321605     
   3.0799999999999783      -0.77369771784225527     
   3.0899999999999781      -0.77494582011084390     
   3.0999999999999779      -0.77612395464272577     
   3.1099999999999777      -0.77723203731360280     
   3.1199999999999775      -0.77826998908993583     
   3.1299999999999772      -0.77923773601834867     
   3.1399999999999770      -0.78013520921564661     
   3.1499999999999768      -0.78096234485946114     
   3.1599999999999766      -0.78171908417953295     
   3.1699999999999764      -0.78240537344964156     
   3.1799999999999762      -0.78302116398019250     
   3.1899999999999760      -0.78356641211146927     
   3.1999999999999758      -0.78404107920755861     
   3.2099999999999755      -0.78444513165095631     
   3.2199999999999753      -0.78477854083785847     
   3.2299999999999751      -0.78504128317414457     
   3.2399999999999749      -0.78523334007205703     
   3.2499999999999747      -0.78535469794758039     
   3.2599999999999745      -0.78540534821852337     
   3.2699999999999743      -0.78538528730330592     
   3.2799999999999740      -0.78529451662045302     
   3.2899999999999738      -0.78513304258879513     
   3.2999999999999736      -0.78490087662837560     
   3.3099999999999734      -0.78459803516206383     
   3.3199999999999732      -0.78422453961787209     
   3.3299999999999730      -0.78378041643197416     
   3.3399999999999728      -0.78326569705242122     
   3.3499999999999726      -0.78268041794355192     
   3.3599999999999723      -0.78202462059109079     
   3.3699999999999721      -0.78129835150792937     
   3.3799999999999719      -0.78050166224058393     
   3.3899999999999717      -0.77963460937632167     
   3.3999999999999715      -0.77869725455094763     
   3.4099999999999713      -0.77768966445724330     
   3.4199999999999711      -0.77661191085404724     
   3.4299999999999708      -0.77546407057596656     
   3.4399999999999706      -0.77424622554370892     
   3.4499999999999704      -0.77295846277502223     
   3.4599999999999702      -0.77160087439622949     
   3.4699999999999700      -0.77017355765434481     
   3.4799999999999698      -0.76867661492975681     
   3.4899999999999696      -0.76711015374946323     
   3.4999999999999694      -0.76547428680084229     
   3.5099999999999691      -0.76376913194594243     
   3.5199999999999689      -0.76199481223627463     
   3.5299999999999687      -0.76015145592808764     
   3.5399999999999685      -0.75823919649810878     
   3.5499999999999683      -0.75625817265972906     
   3.5599999999999681      -0.75420852837961383     
   3.5699999999999679      -0.75209041289471690     
   3.5799999999999677      -0.74990398072967646     
   3.5899999999999674      -0.74764939171457101     
   3.5999999999999672      -0.74532681100301146     
   3.6099999999999670      -0.74293640909054581     
   3.6199999999999668      -0.74047836183335225     
   3.6299999999999666      -0.73795285046719472     
   3.6399999999999664      -0.73536006162661627     
   3.6499999999999662      -0.73270018736434273     
   3.6599999999999659      -0.72997342517087027     
   3.6699999999999657      -0.72717997799420930     
   3.6799999999999655      -0.72432005425975532     
   3.6899999999999653      -0.72139386789025972     
   3.6999999999999651      -0.71840163832586923     
   3.7099999999999649      -0.71534359054420527     
   3.7199999999999647      -0.71221995508045222     
   3.7299999999999645      -0.70903096804742372     
   3.7399999999999642      -0.70577687115557475     
   3.7499999999999640      -0.70245791173292893     
   3.7599999999999638      -0.69907434274488656     
   3.7699999999999636      -0.69562642281388187     
   3.7799999999999634      -0.69211441623885561     
   3.7899999999999632      -0.68853859301450893     
   3.7999999999999630      -0.68489922885030430     
   3.8099999999999627      -0.68119660518917902     
   3.8199999999999625      -0.67743100922593635     
   3.8299999999999623      -0.67360273392527881     
   3.8399999999999621      -0.66971207803944766     
   3.8499999999999619      -0.66575934612543353     
   3.8599999999999617      -0.66174484856172122     
   3.8699999999999615      -0.65766890156453217     
   3.8799999999999613      -0.65353182720352887     
   3.8899999999999610      -0.64933395341694333     
   3.8999999999999608      -0.64507561402609326     
   3.9099999999999606      -0.64075714874924850     
   3.9199999999999604      -0.63637890321481116     
   3.9299999999999602      -0.63194122897377103     
   3.9399999999999600      -0.62744448351139981     
   3.9499999999999598      -0.62288903025814690     
   3.9599999999999596      -0.61827523859969880     
   3.9699999999999593      -0.61360348388616526     
   3.9799999999999591      -0.60887414744035495     
   3.9899999999999589      -0.60408761656510379     
   3.9999999999999587      -0.59924428454961831     
   4.0099999999999589      -0.59434455067479852     
   4.0199999999999587      -0.58938882021750250     
   4.0299999999999585      -0.58437750445371761     
   4.0399999999999583      -0.57931102066060125     
   4.0499999999999581      -0.57418979211735666     
   4.0599999999999579      -0.56901424810490775     
   4.0699999999999577      -0.56378482390433848     
   4.0799999999999574      -0.55850196079406178     
   4.0899999999999572      -0.55316610604568517     
   4.0999999999999570      -0.54777771291853861     
   4.1099999999999568      -0.54233724065283240     
   4.1199999999999566      -0.53684515446141179     
   4.1299999999999564      -0.53130192552007860     
   4.1399999999999562      -0.52570803095644647     
   4.1499999999999559      -0.52006395383730131     
   4.1599999999999557      -0.51437018315443672     
   4.1699999999999555      -0.50862721380893527     
   4.1799999999999553      -0.50283554659386831     
   4.1899999999999551      -0.49699568817538670     
   4.1999999999999549      -0.49110815107217676     
   4.2099999999999547      -0.48517345363325576     
   4.2199999999999545      -0.47919212001408285     
   4.2299999999999542      -0.47316468015096208     
   4.2399999999999540      -0.46709166973371502     
   4.2499999999999538      -0.46097363017660242     
   4.2599999999999536      -0.45481110858747409     
   4.2699999999999534      -0.44860465773512848     
   4.2799999999999532      -0.44235483601486436     
   4.2899999999999530      -0.43606220741220747     
   4.2999999999999527      -0.42972734146479752     
   4.3099999999999525      -0.42335081322242085     
   4.3199999999999523      -0.41693320320517679     
   4.3299999999999521      -0.41047509735976556     
   4.3399999999999519      -0.40397708701388801     
   4.3499999999999517      -0.39743976882874887     
   4.3599999999999515      -0.39086374474965557     
   4.3699999999999513      -0.38424962195470752     
   4.3799999999999510      -0.37759801280157107     
   4.3899999999999508      -0.37090953477233746     
   4.3999999999999506      -0.36418481041646245     
   4.4099999999999504      -0.35742446729178751     
   4.4199999999999502      -0.35062913790364486     
   4.4299999999999500      -0.34379945964204883     
   4.4399999999999498      -0.33693607471697906     
   4.4499999999999496      -0.33003963009176146     
   4.4599999999999493      -0.32311077741455535     
   4.4699999999999491      -0.31615017294795583     
   4.4799999999999489      -0.30915847749672304     
   4.4899999999999487      -0.30213635633365088     
   4.4999999999999485      -0.29508447912358987     
   4.5099999999999483      -0.28800351984563960     
   4.5199999999999481      -0.28089415671352913     
   4.5299999999999478      -0.27375707209420402     
   4.5399999999999476      -0.26659295242464126     
   4.5499999999999474      -0.25940248812691435     
   4.5599999999999472      -0.25218637352153250     
   4.5699999999999470      -0.24494530673907999     
   4.5799999999999468      -0.23767998963018230     
   4.5899999999999466      -0.23039112767382824     
   4.5999999999999464      -0.22307942988407822     
   4.6099999999999461      -0.21574560871519044     
   4.6199999999999459      -0.20839037996519824     
   4.6299999999999457      -0.20101446267797365     
   4.6399999999999455      -0.19361857904381297     
   4.6499999999999453      -0.18620345429858237     
   4.6599999999999451      -0.17876981662146244     
   4.6699999999999449      -0.17131839703133189     
   4.6799999999999446      -0.16384992928183262     
   4.6899999999999444      -0.15636514975515842     
   4.6999999999999442      -0.14886479735461247     
   4.7099999999999440      -0.14134961339597832     
   4.7199999999999438      -0.13382034149775157     
   4.7299999999999436      -0.12627772747027974     
   4.7399999999999434      -0.11872251920385947     
   4.7499999999999432      -0.11115546655584073     
   4.7599999999999429      -0.10357732123678917     
   4.7699999999999427       -9.5988836695758487E-002
   4.7799999999999425       -8.8390768004725437E-002
   4.7899999999999423       -8.0783871742241387E-002
   4.7999999999999421       -7.3168905876354592E-002
   4.8099999999999419       -6.5546629646858603E-002
   4.8199999999999417       -5.7917803446922454E-002
   4.8299999999999415       -5.0283188704159348E-002
   4.8399999999999412       -4.2643547761190753E-002
   4.8499999999999410       -3.4999643755763608E-002
   4.8599999999999408       -2.7352240500478638E-002
   4.8699999999999406       -1.9702102362188254E-002
   4.8799999999999404       -1.2049994141122860E-002
   4.8899999999999402       -4.3966809498045996E-003
   4.8999999999999400        3.2570719081921190E-003
   4.9099999999999397        1.0910499059573897E-002
   4.9199999999999395        1.8562835182695834E-002
   4.9299999999999393        2.6213315128903673E-002
   4.9399999999999391        3.3861174043791006E-002
   4.9499999999999389        4.1505647488312113E-002
   4.9599999999999387        4.9145971559691047E-002
   4.9699999999999385        5.6781383012067907E-002
   4.9799999999999383        6.4411119376823436E-002
   4.9899999999999380        7.2034419082523421E-002
   4.9999999999999378        7.9650521574424746E-002
   5.0099999999999376        8.7258667433485565E-002
   5.0199999999999374        9.4858098494822213E-002
   5.0299999999999372       0.10244805796555646     
   5.0399999999999370       0.11002779054199707     
   5.0499999999999368       0.11759654252610034     
   5.0599999999999365       0.12515356194115509     
   5.0699999999999363       0.13269809864663840     
   5.0799999999999361       0.14022940445218907     
   5.0899999999999359       0.14774673323064688     
   5.0999999999999357       0.15524934103010649     
   5.1099999999999355       0.16273648618493583     
   5.1199999999999353       0.17020742942571024     
   5.1299999999999351       0.17766143398801384     
   5.1399999999999348       0.18509776572006190     
   5.1499999999999346       0.19251569318909803     
   5.1599999999999344       0.19991448778652215     
   5.1699999999999342       0.20729342383170563     
   5.1799999999999340       0.21465177867445204     
   5.1899999999999338       0.22198883279606269     
   5.1999999999999336       0.22930386990896778     
   5.2099999999999334       0.23659617705488539     
   5.2199999999999331       0.24386504470147158     
   5.2299999999999329       0.25110976683742714     
   5.2399999999999327       0.25832964106602685     
   5.2499999999999325       0.26552396869703965     
   5.2599999999999323       0.27269205483700903     
   5.2699999999999321       0.27983320847786480     
   5.2799999999999319       0.28694674258383840     
   5.2899999999999316       0.29403197417665655     
   5.2999999999999314       0.30108822441898830     
   5.3099999999999312       0.30811481869612306     
   5.3199999999999310       0.31511108669585874     
   5.3299999999999308       0.32207636248658000     
   5.3399999999999306       0.32900998459350922     
   5.3499999999999304       0.33591129607311337     
   5.3599999999999302       0.34277964458565291     
   5.3699999999999299       0.34961438246585869     
   5.3799999999999297       0.35641486679172640     
   5.3899999999999295       0.36318045945141803     
   5.3999999999999293       0.36991052720826234     
   5.4099999999999291       0.37660444176384794     
   5.4199999999999289       0.38326157981920350     
   5.4299999999999287       0.38988132313406199     
   5.4399999999999284       0.39646305858420672     
   5.4499999999999282       0.40300617821689899     
   5.4599999999999280       0.40951007930438843     
   5.4699999999999278       0.41597416439550849     
   5.4799999999999276       0.42239784136536168     
   5.4899999999999274       0.42878052346309942     
   5.4999999999999272       0.43512162935780407     
   5.5099999999999270       0.44142058318248173     
   5.5199999999999267       0.44767681457617481     
   5.5299999999999265       0.45388975872420645     
   5.5399999999999263       0.46005885639656885     
   5.5499999999999261       0.46618355398446948     
   5.5599999999999259       0.47226330353505025     
   5.5699999999999257       0.47829756278429597     
   5.5799999999999255       0.48428579518814979     
   5.5899999999999253       0.49022746995185429     
   5.5999999999999250       0.49612206205753812     
   5.6099999999999248       0.50196905229006927     
   5.6199999999999246       0.50776792726119691     
   5.6299999999999244       0.51351817943200539     
   5.6399999999999242       0.51921930713370390     
   5.6499999999999240       0.52487081458677742     
   5.6599999999999238       0.53047221191852489     
   5.6699999999999235       0.53602301517901141     
   5.6799999999999233       0.54152274635546283     
   5.6899999999999231       0.54697093338513036     
   5.6999999999999229       0.55236711016665574     
   5.7099999999999227       0.55771081656996635     
   5.7199999999999225       0.56300159844473197     
   5.7299999999999223       0.56823900762741342     
   5.7399999999999221       0.57342260194693684     
   5.7499999999999218       0.57855194522902542     
   5.7599999999999216       0.58362660729922211     
   5.7699999999999214       0.58864616398463732     
   5.7799999999999212       0.59361019711445551     
   5.7899999999999210       0.59851829451923677     
   5.7999999999999208       0.60337005002904642     
   5.8099999999999206       0.60816506347045030     
   5.8199999999999203       0.61290294066241069     
   5.8299999999999201       0.61758329341111862     
   5.8399999999999199       0.62220573950380009     
   5.8499999999999197       0.62676990270153221     
   5.8599999999999195       0.63127541273110599     
   5.8699999999999193       0.63572190527597383     
   5.8799999999999191       0.64010902196631725     
   5.8899999999999189       0.64443641036827370     
   5.8999999999999186       0.64870372397235876     
   5.9099999999999184       0.65291062218112139     
   5.9199999999999182       0.65705677029606968     
   5.9299999999999180       0.66114183950390426     
   5.9399999999999178       0.66516550686209630     
   5.9499999999999176       0.66912745528384798     
   5.9599999999999174       0.67302737352247155     
   5.9699999999999172       0.67686495615522446     
   5.9799999999999169       0.68063990356663717     
   5.9899999999999167       0.68435192193136962     
   5.9999999999999165       0.68800072319663319     
   6.0099999999999163       0.69158602506421396     
   6.0199999999999161       0.69510755097213239     
   6.0299999999999159       0.69856503007597592     
   6.0399999999999157       0.70195819722993824     
   6.0499999999999154       0.70528679296760100     
   6.0599999999999152       0.70855056348249179     
   6.0699999999999150       0.71174926060845234     
   6.0799999999999148       0.71488264179985050     
   6.0899999999999146       0.71795047011166879     
   6.0999999999999144       0.72095251417950290     
   6.1099999999999142       0.72388854819950132     
   6.1199999999999140       0.72675835190827875     
   6.1299999999999137       0.72956171056283303     
   6.1399999999999135       0.73229841492049808     
   6.1499999999999133       0.73496826121896097     
   6.1599999999999131       0.73757105115637422     
   6.1699999999999129       0.74010659187159133     
   6.1799999999999127       0.74257469592455416     
   6.1899999999999125       0.74497518127685991     
   6.1999999999999122       0.74730787127253528     
   6.2099999999999120       0.74957259461904335     
   6.2199999999999118       0.75176918536855009     
   6.2299999999999116       0.75389748289947489     
   6.2399999999999114       0.75595733189835068     
   6.2499999999999112       0.75794858234201623     
   6.2599999999999110       0.75987108948016546     
   6.2699999999999108       0.76172471381827478     
   6.2799999999999105       0.76350932110093117     
   6.2899999999999103       0.76522478229558233     
   6.2999999999999101       0.76687097357672873     
   6.3099999999999099       0.76844777631057726     
   6.3199999999999097       0.76995507704017641     
   6.3299999999999095       0.77139276747105034     
   6.3399999999999093       0.77276074445734932     
   6.3499999999999091       0.77405890998853399     
   6.3599999999999088       0.77528717117660917     
   6.3699999999999086       0.77644544024392226     
   6.3799999999999084       0.77753363451154101     
   6.3899999999999082       0.77855167638822431     
   6.3999999999999080       0.77949949335999935     
   6.4099999999999078       0.78037701798035630     
   6.4199999999999076       0.78118418786107346     
   6.4299999999999073       0.78192094566368253     
   6.4399999999999071       0.78258723909158390     
   6.4499999999999069       0.78318302088282143     
   6.4599999999999067       0.78370824880352508     
   6.4699999999999065       0.78416288564202818     
   6.4799999999999063       0.78454689920366727     
   6.4899999999999061       0.78486026230626915     
   6.4999999999999059       0.78510295277633113     
   6.5099999999999056       0.78527495344589848     
   6.5199999999999054       0.78537625215014317     
   6.5299999999999052       0.78540684172564534     
   6.5399999999999050       0.78536672000938101     
   6.5499999999999048       0.78525588983841632     
   6.5599999999999046       0.78507435905030842     
   6.5699999999999044       0.78482214048421339     
   6.5799999999999041       0.78449925198269921     
   6.5899999999999039       0.78410571639426208     
   6.5999999999999037       0.78364156157654319     
   6.6099999999999035       0.78310682040024182     
   6.6199999999999033       0.78250153075372153     
   6.6299999999999031       0.78182573554830281     
   6.6399999999999029       0.78107948272423666     
   6.6499999999999027       0.78026282525735313     
   6.6599999999999024       0.77937582116637538     
   6.6699999999999022       0.77841853352089285     
   6.6799999999999020       0.77739103044998281     
   6.6899999999999018       0.77629338515147084     
   6.6999999999999016       0.77512567590182013     
   6.7099999999999014       0.77388798606663656     
   6.7199999999999012       0.77258040411177897     
   6.7299999999999010       0.77120302361505999     
   6.7399999999999007       0.76975594327852481     
   6.7499999999999005       0.76823926694129241     
   6.7599999999999003       0.76665310359294414     
   6.7699999999999001       0.76499756738744373     
   6.7799999999998999       0.76327277765757151     
   6.7899999999998997       0.76147885892985567     
   6.7999999999998995       0.75961594093998153     
   6.8099999999998992       0.75768415864866012     
   6.8199999999998990       0.75568365225793666     
   6.8299999999998988       0.75361456722791742     
   6.8399999999998986       0.75147705429389444     
   6.8499999999998984       0.74927126948384604     
   6.8599999999998982       0.74699737413629042     
   6.8699999999998980       0.74465553491846892     
   6.8799999999998978       0.74224592384483501     
   6.8899999999998975       0.73976871829582447     
   6.8999999999998973       0.73722410103688107     
   6.9099999999998971       0.73461226023771220     
   6.9199999999998969       0.73193338949174769     
   6.9299999999998967       0.72918768783577448     
   6.9399999999998965       0.72637535976971912     
   6.9499999999998963       0.72349661527655040     
   6.9599999999998960       0.72055166984227237     
   6.9699999999998958       0.71754074447597838     
   6.9799999999998956       0.71446406572993582     
   6.9899999999998954       0.71132186571967171     
   6.9999999999998952       0.70811438214402633     
   7.0099999999998950       0.70484185830514501     
   7.0199999999998948       0.70150454312837451     
   7.0299999999998946       0.69810269118203216     
   7.0399999999998943       0.69463656269701368     
   7.0499999999998941       0.69110642358620733     
   7.0599999999998939       0.68751254546367968     
   7.0699999999998937       0.68385520566359814     
   7.0799999999998935       0.68013468725885717     
   7.0899999999998933       0.67635127907937087     
   7.0999999999998931       0.67250527572999863     
   7.1099999999998929       0.66859697760806647     
   7.1199999999998926       0.66462669092044901     
   7.1299999999998924       0.66059472770017580     
   7.1399999999998922       0.65650140582252481     
   7.1499999999998920       0.65234704902056684     
   7.1599999999998918       0.64813198690012441     
   7.1699999999998916       0.64385655495410732     
   7.1799999999998914       0.63952109457618822     
   7.1899999999998911       0.63512595307378072     
   7.1999999999998909       0.63067148368028270     
   7.2099999999998907       0.62615804556654797     
   7.2199999999998905       0.62158600385154850     
   7.2299999999998903       0.61695572961218970     
   7.2399999999998901       0.61226759989224233     
   7.2499999999998899       0.60752199771035287     
   7.2599999999998897       0.60271931206709650     
   7.2699999999998894       0.59785993795103420     
   7.2799999999998892       0.59294427634373958     
   7.2899999999998890       0.58797273422375662     
   7.2999999999998888       0.58294572456945393     
   7.3099999999998886       0.57786366636073849     
   7.3199999999998884       0.57272698457959448     
   7.3299999999998882       0.56753611020941097     
   7.3399999999998879       0.56229148023306452     
   7.3499999999998877       0.55699353762972170     
   7.3599999999998875       0.55164273137032849     
   7.3699999999998873       0.54623951641175295     
   7.3799999999998871       0.54078435368954780     
   7.3899999999998869       0.53527771010930247     
   7.3999999999998867       0.52972005853655113     
   7.4099999999998865       0.52411187778520729     
   7.4199999999998862       0.51845365260449439     
   7.4299999999998860       0.51274587366434310     
   7.4399999999998858       0.50698903753922719     
   7.4499999999998856       0.50118364669040893     
   7.4599999999998854       0.49533020944656925     
   7.4699999999998852       0.48942923998279475     
   7.4799999999998850       0.48348125829789790     
   7.4899999999998847       0.47748679019004558     
   7.4999999999998845       0.47144636723067351     
   7.5099999999998843       0.46536052673666428     
   7.5199999999998841       0.45922981174076827     
   7.5299999999998839       0.45305477096024749     
   7.5399999999998837       0.44683595876372406     
   7.5499999999998835       0.44057393513621568     
   7.5599999999998833       0.43426926564234186     
   7.5699999999998830       0.42792252138768638     
   7.5799999999998828       0.42153427897830154     
   7.5899999999998826       0.41510512047834269     
   7.5999999999998824       0.40863563336582154     
   7.6099999999998822       0.40212641048646863     
   7.6199999999998820       0.39557805000569690     
   7.6299999999998818       0.38899115535865941     
   7.6399999999998816       0.38236633519839580     
   7.6499999999998813       0.37570420334206373     
   7.6599999999998811       0.36900537871525252     
   7.6699999999998809       0.36227048529437855     
   7.6799999999998807       0.35550015204716257     
   7.6899999999998805       0.34869501287119142     
   7.6999999999998803       0.34185570653056746     
   7.7099999999998801       0.33498287659065146     
   7.7199999999998798       0.32807717135090531     
   7.7299999999998796       0.32113924377584341     
   7.7399999999998794       0.31416975142410253     
   7.7499999999998792       0.30716935637564180     
   7.7599999999998790       0.30013872515708623     
   7.7699999999998788       0.29307852866522843     
   7.7799999999998786       0.28598944208870541     
   7.7899999999998784       0.27887214482786798     
   7.7999999999998781       0.27172732041286285     
   7.8099999999998779       0.26455565641994883     
   7.8199999999998777       0.25735784438606968     
   7.8299999999998775       0.25013457972170861     
   7.8399999999998773       0.24288656162204975     
   7.8499999999998771       0.23561449297647519     
   7.8599999999998769       0.22831908027642600     
   7.8699999999998766       0.22100103352165840     
   7.8799999999998764       0.21366106612492702     
   7.8899999999998762       0.20629989481512928     
   7.8999999999998760       0.19891823953894580     
   7.9099999999998758       0.19151682336101364     
   7.9199999999998756       0.18409637236267040     
   7.9299999999998754       0.17665761553930845     
   7.9399999999998752       0.16920128469638035     
   7.9499999999998749       0.16172811434409728     
   7.9599999999998747       0.15423884159086398     
   7.9699999999998745       0.14673420603549492     
   7.9799999999998743       0.13921494965825723     
   7.9899999999998741       0.13168181671078780     
   7.9999999999998739       0.12413555360493231     
   8.0099999999998737       0.11657690880055555     
   8.0199999999998735       0.10900663269237325     
   8.0299999999998732       0.10142547749585663     
   8.0399999999998730        9.3834197132261779E-002
   8.0499999999998728        8.6233547112836942E-002
   8.0599999999998726        7.8624284422261589E-002
   8.0699999999998724        7.1007167401371890E-002
   8.0799999999998722        6.3382955629228008E-002
   8.0899999999998720        5.5752409804579253E-002
   8.0999999999998717        4.8116291626783769E-002
   8.1099999999998715        4.0475363676239981E-002
   8.1199999999998713        3.2830389294387537E-002
   8.1299999999998711        2.5182132463335952E-002
   8.1399999999998709        1.7531357685179470E-002
   8.1499999999998707        9.8788298610570299E-003
   8.1599999999998705        2.2253141700165338E-003
   8.1699999999998703       -5.4284240522573003E-003
   8.1799999999998700       -1.3081619434791966E-002
   8.1899999999998698       -2.0733506692693523E-002
   8.1999999999998696       -2.8383320748470695E-002
   8.2099999999998694       -3.6030296853257156E-002
   8.2199999999998692       -4.3673670707872578E-002
   8.2299999999998690       -5.1312678583663174E-002
   8.2399999999998688       -5.8946557443062639E-002
   8.2499999999998685       -6.6574545059814846E-002
   8.2599999999998683       -7.4195880138799769E-002
   8.2699999999998681       -8.1809802435404685E-002
   8.2799999999998679       -8.9415552874383172E-002
   8.2899999999998677       -9.7012373668144775E-002
   8.2999999999998675      -0.10459950843441908     
   8.3099999999998673      -0.11217620231323830     
   8.3199999999998671      -0.11974170208318327     
   8.3299999999998668      -0.12729525627683866     
   8.3399999999998666      -0.13483611529540368     
   8.3499999999998664      -0.14236353152240583     
   8.3599999999998662      -0.14987675943646570     
   8.3699999999998660      -0.15737505572306215     
   8.3799999999998658      -0.16485767938524809     
   8.3899999999998656      -0.17232389185326794     
   8.3999999999998654      -0.17977295709302940     
   8.4099999999998651      -0.18720414171338273     
   8.4199999999998649      -0.19461671507216233     
   8.4299999999998647      -0.20200994938094657     
   8.4399999999998645      -0.20938311980849297     
   8.4499999999998643      -0.21673550458280710     
   8.4599999999998641      -0.22406638509180521     
   8.4699999999998639      -0.23137504598253136     
   8.4799999999998636      -0.23866077525889215     
   8.4899999999998634      -0.24592286437787239     
   8.4999999999998632      -0.25316060834419757     
   8.5099999999998630      -0.26037330580341000     
   8.5199999999998628      -0.26756025913332665     
   8.5299999999998626      -0.27472077453384902     
   8.5399999999998624      -0.28185416211509645     
   8.5499999999998622      -0.28895973598383556     
   8.5599999999998619      -0.29603681432818058     
   8.5699999999998617      -0.30308471950054100     
   8.5799999999998615      -0.31010277809879383     
   8.5899999999998613      -0.31709032104566010     
   8.5999999999998611      -0.32404668366626643     
   8.6099999999998609      -0.33097120576387462     
   8.6199999999998607      -0.33786323169376259     
   8.6299999999998604      -0.34472211043524353     
   8.6399999999998602      -0.35154719566180997     
   8.6499999999998600      -0.35833784580939193     
   8.6599999999998598      -0.36509342414271989     
   8.6699999999998596      -0.37181329881978481     
   8.6799999999998594      -0.37849684295438885     
   8.6899999999998592      -0.38514343467678236     
   8.6999999999998590      -0.39175245719238416     
   8.7099999999998587      -0.39832329883858314     
   8.7199999999998585      -0.40485535313962179     
   8.7299999999998583      -0.41134801885956312     
   8.7399999999998581      -0.41780070005334363     
   8.7499999999998579      -0.42421280611591727     
   8.7599999999998577      -0.43058375182949626     
   8.7699999999998575      -0.43691295740889619     
   8.7799999999998573      -0.44319984854499417     
   8.7899999999998570      -0.44944385644631046     
   8.7999999999998568      -0.45564441787872484     
   8.8099999999998566      -0.46180097520334090     
   8.8199999999998564      -0.46791297641251228     
   8.8299999999998562      -0.47397987516404649     
   8.8399999999998560      -0.48000113081360279     
   8.8499999999998558      -0.48597620844530237     
   8.8599999999998555      -0.49190457890056954     
   8.8699999999998553      -0.49778571880522454     
   8.8799999999998551      -0.50361911059484876     
   8.8899999999998549      -0.50940424253844563     
   8.8999999999998547      -0.51514060876041978     
   8.9099999999998545      -0.52082770926089916     
   8.9199999999998543      -0.52646504993442589     
   8.9299999999998541      -0.53205214258704170     
   8.9399999999998538      -0.53758850495179522     
   8.9499999999998536      -0.54307366070269958     
   8.9599999999998534      -0.54850713946716889     
   8.9699999999998532      -0.55388847683696296     
   8.9799999999998530      -0.55921721437767136     
   8.9899999999998528      -0.56449289963676708     
   8.9999999999998526      -0.56971508615026256     
   9.0099999999998523      -0.57488333344799947     
   9.0199999999998521      -0.57999720705760527     
   9.0299999999998519      -0.58505627850715136     
   9.0399999999998517      -0.59006012532654473     
   9.0499999999998515      -0.59500833104768935     
   9.0599999999998513      -0.59990048520345163     
   9.0699999999998511      -0.60473618332546453     
   9.0799999999998509      -0.60951502694080739     
   9.0899999999998506      -0.61423662356759623     
   9.0999999999998504      -0.61890058670952142     
   9.1099999999998502      -0.62350653584936910     
   9.1199999999998500      -0.62805409644156351     
   9.1299999999998498      -0.63254289990376578     
   9.1399999999998496      -0.63697258360756837     
   9.1499999999998494      -0.64134279086832047     
   9.1599999999998492      -0.64565317093412256     
   9.1699999999998489      -0.64990337897402728     
   9.1799999999998487      -0.65409307606548428     
   9.1899999999998485      -0.65822192918106515     
   9.1999999999998483      -0.66228961117450758     
   9.2099999999998481      -0.66629580076611428     
   9.2199999999998479      -0.67024018252754458     
   9.2299999999998477      -0.67412244686603573     
   9.2399999999998474      -0.67794229000809003     
   9.2499999999998472      -0.68169941398266576     
   9.2599999999998470      -0.68539352660390607     
   9.2699999999998468      -0.68902434145344460     
   9.2799999999998466      -0.69259157786232195     
   9.2899999999998464      -0.69609496089254874     
   9.2999999999998462      -0.69953422131835175     
   9.3099999999998460      -0.70290909560713644     
   9.3199999999998457      -0.70621932590020164     
   9.3299999999998455      -0.70946465999324071     
   9.3399999999998453      -0.71264485131666122     
   9.3499999999998451      -0.71575965891575932     
   9.3599999999998449      -0.71880884743077911     
   9.3699999999998447      -0.72179218707689141     
   9.3799999999998445      -0.72470945362412242     
   9.3899999999998442      -0.72756042837726531     
   9.3999999999998440      -0.73034489815580406     
   9.4099999999998438      -0.73306265527388159     
   9.4199999999998436      -0.73571349752034110     
   9.4299999999998434      -0.73829722813887000     
   9.4399999999998432      -0.74081365580827618     
   9.4499999999998430      -0.74326259462292310     
   9.4599999999998428      -0.74564386407335304     
   9.4699999999998425      -0.74795728902712466     
   9.4799999999998423      -0.75020269970989062     
   9.4899999999998421      -0.75237993168674255     
   9.4999999999998419      -0.75448882584384669     
   9.5099999999998417      -0.75652922837039593     
   9.5199999999998415      -0.75850099074090105     
   9.5299999999998413      -0.76040396969784485     
   9.5399999999998411      -0.76223802723472123     
   9.5499999999998408      -0.76400303057948094     
   9.5599999999998406      -0.76569885217840483     
   9.5699999999998404      -0.76732536968042486     
   9.5799999999998402      -0.76888246592191267     
   9.5899999999998400      -0.77037002891195450     
   9.5999999999998398      -0.77178795181812954     
   9.6099999999998396      -0.77313613295281081     
   9.6199999999998393      -0.77441447576000322     
   9.6299999999998391      -0.77562288880273644     
   9.6399999999998389      -0.77676128575102577     
   9.6499999999998387      -0.77782958537041713     
   9.6599999999998385      -0.77882771151112851     
   9.6699999999998383      -0.77975559309780085     
   9.6799999999998381      -0.78061316411987103     
   9.6899999999998379      -0.78140036362257714     
   9.6999999999998376      -0.78211713569860719     
   9.7099999999998374      -0.78276342948040079     
   9.7199999999998372      -0.78333919913311245     
   9.7299999999998370      -0.78384440384824505     
   9.7399999999998368      -0.78427900783795990     
   9.7499999999998366      -0.78464298033007096     
   9.7599999999998364      -0.78493629556372824     
   9.7699999999998361      -0.78515893278579552     
   9.7799999999998359      -0.78531087624792617     
   9.7899999999998357      -0.78539211520434105     
   9.7999999999998355      -0.78540264391031045     
   9.8099999999998353      -0.78534246162134180     
   9.8199999999998351      -0.78521157259307450     
   9.8299999999998349      -0.78500998608188177     
   9.8399999999998347      -0.78473771634617828     
   9.8499999999998344      -0.78439478264843332     
   9.8599999999998342      -0.78398120925788572     
   9.8699999999998340      -0.78349702545395905     
   9.8799999999998338      -0.78294226553037150     
   9.8899999999998336      -0.78231696879993762     
   9.8999999999998334      -0.78162117960005462     
   9.9099999999998332      -0.78085494729886828     
   9.9199999999998330      -0.78001832630211099     
   9.9299999999998327      -0.77911137606060377     
   9.9399999999998325      -0.77813416107841438     
   9.9499999999998323      -0.77708675092166113     
   9.9599999999998321      -0.77596922022795300     
   9.9699999999998319      -0.77478164871645450     
   9.9799999999998317      -0.77352412119856429     
   9.9899999999998315      -0.77219672758919378     
   9.9999999999998312      -0.77079956291863372     
   1.0000000000000000E-002  0.39266081335548764     
   2.0000000000000000E-002  0.39258428020457653     
   2.9999999999999999E-002  0.39246948931695613     
   4.0000000000000001E-002  0.39231645129867793     
   5.0000000000000003E-002  0.39212518029040322     
   6.0000000000000005E-002  0.39189569396676766     
   7.0000000000000007E-002  0.39162801353558563     
   8.0000000000000002E-002  0.39132216373689399     
   8.9999999999999997E-002  0.39097817284183450     
   9.9999999999999992E-002  0.39059607265137342     
  0.10999999999999999       0.39017589849485779     
  0.11999999999999998       0.38971768922840694     
  0.12999999999999998       0.38922148723313749     
  0.13999999999999999       0.38868733841322084     
  0.14999999999999999       0.38811529219377122     
  0.16000000000000000       0.38750540151856239     
  0.17000000000000001       0.38685772284757153     
  0.18000000000000002       0.38617231615434783     
  0.19000000000000003       0.38544924492320382     
  0.20000000000000004       0.38468857614622715     
  0.21000000000000005       0.38389038032011041     
  0.22000000000000006       0.38305473144279634     
  0.23000000000000007       0.38218170700993587     
  0.24000000000000007       0.38127138801115645     
  0.25000000000000006       0.38032385892613746     
  0.26000000000000006       0.37933920772048974     
  0.27000000000000007       0.37831752584143641     
  0.28000000000000008       0.37725890821329178     
  0.29000000000000009       0.37616345323273465     
  0.30000000000000010       0.37503126276387300     
  0.31000000000000011       0.37386244213309661     
  0.32000000000000012       0.37265710012371389     
  0.33000000000000013       0.37141534897036910     
  0.34000000000000014       0.37013730435323661     
  0.35000000000000014       0.36882308539198821     
  0.36000000000000015       0.36747281463952941     
  0.37000000000000016       0.36608661807550102     
  0.38000000000000017       0.36466462509954173     
  0.39000000000000018       0.36320696852430789     
  0.40000000000000019       0.36171378456824615     
  0.41000000000000020       0.36018521284811450     
  0.42000000000000021       0.35862139637124801     
  0.43000000000000022       0.35702248152756455     
  0.44000000000000022       0.35538861808130623     
  0.45000000000000023       0.35371995916251203     
  0.46000000000000024       0.35201666125821757     
  0.47000000000000025       0.35027888420337716     
  0.48000000000000026       0.34850679117150396     
  0.49000000000000027       0.34670054866502337     
  0.50000000000000022       0.34486032650533566     
  0.51000000000000023       0.34298629782258272     
  0.52000000000000024       0.34107863904511504     
  0.53000000000000025       0.33913752988865375     
  0.54000000000000026       0.33716315334514374     
  0.55000000000000027       0.33515569567129294     
  0.56000000000000028       0.33311534637679358     
  0.57000000000000028       0.33104229821222070     
  0.58000000000000029       0.32893674715660365     
  0.59000000000000030       0.32679889240466597     
  0.60000000000000031       0.32462893635372947     
  0.61000000000000032       0.32242708459027813     
  0.62000000000000033       0.32019354587617721     
  0.63000000000000034       0.31792853213454392     
  0.64000000000000035       0.31563225843526482     
  0.65000000000000036       0.31330494298015638     
  0.66000000000000036       0.31094680708776412     
  0.67000000000000037       0.30855807517779704     
  0.68000000000000038       0.30613897475519242     
  0.69000000000000039       0.30368973639380842     
  0.70000000000000040       0.30121059371973952     
  0.71000000000000041       0.29870178339425213     
  0.72000000000000042       0.29616354509633619     
  0.73000000000000043       0.29359612150486963     
  0.74000000000000044       0.29099975828039237     
  0.75000000000000044       0.28837470404648635     
  0.76000000000000045       0.28572121037075898     
  0.77000000000000046       0.28303953174542656     
  0.78000000000000047       0.28032992556749514     
  0.79000000000000048       0.27759265211853590     
  0.80000000000000049       0.27482797454405261     
  0.81000000000000050       0.27203615883243876     
  0.82000000000000051       0.26921747379352196     
  0.83000000000000052       0.26637219103669352     
  0.84000000000000052       0.26350058494862133     
  0.85000000000000053       0.26060293267054396     
  0.86000000000000054       0.25767951407514467     
  0.87000000000000055       0.25473061174300360     
  0.88000000000000056       0.25175651093862689     
  0.89000000000000057       0.24875749958605164     
  0.90000000000000058       0.24573386824402568     
  0.91000000000000059       0.24268591008076132     
  0.92000000000000060       0.23961392084826272     
  0.93000000000000060       0.23651819885622619     
  0.94000000000000061       0.23339904494551336     
  0.95000000000000062       0.23025676246119731     
  0.96000000000000063       0.22709165722518149     
  0.97000000000000064       0.22390403750839230     
  0.98000000000000065       0.22069421400254541     
  0.99000000000000066       0.21746249979148705     
   1.0000000000000007       0.21420921032211093     
   1.0100000000000007       0.21093466337485234     
   1.0200000000000007       0.20763917903376036     
   1.0300000000000007       0.20432307965615049     
   1.0400000000000007       0.20098668984183884     
   1.0500000000000007       0.19763033640196051     
   1.0600000000000007       0.19425434832737407     
   1.0700000000000007       0.19085905675665485     
   1.0800000000000007       0.18744479494367972     
   1.0900000000000007       0.18401189822480621     
   1.1000000000000008       0.18056070398564927     
   1.1100000000000008       0.17709155162745893     
   1.1200000000000008       0.17360478253310244     
   1.1300000000000008       0.17010074003265496     
   1.1400000000000008       0.16657976936860247     
   1.1500000000000008       0.16304221766066151     
   1.1600000000000008       0.15948843387021988     
   1.1700000000000008       0.15591876876440336     
   1.1800000000000008       0.15233357487977306     
   1.1900000000000008       0.14873320648565866     
   1.2000000000000008       0.14511801954713294     
   1.2100000000000009       0.14148837168763292     
   1.2200000000000009       0.13784462215123369     
   1.2300000000000009       0.13418713176458061     
   1.2400000000000009       0.13051626289848611     
   1.2500000000000009       0.12683237942919776     
   1.2600000000000009       0.12313584669934359     
   1.2700000000000009       0.11942703147856204     
   1.2800000000000009       0.11570630192382314     
   1.2900000000000009       0.11197402753944813     
   1.3000000000000009       0.10823057913683490     
   1.3100000000000009       0.10447632879389683     
   1.3200000000000010       0.10071164981422254     
   1.3300000000000010        9.6936916685964616E-002
   1.3400000000000010        9.3152505040465239E-002
   1.3500000000000010        8.9358791610626931E-002
   1.3600000000000010        8.5556154189036906E-002
   1.3700000000000010        8.1744971585853324E-002
   1.3800000000000010        7.7925623586462392E-002
   1.3900000000000010        7.4098490908914891E-002
   1.4000000000000010        7.0263955161151290E-002
   1.4100000000000010        6.6422398798024390E-002
   1.4200000000000010        6.2574205078128858E-002
   1.4300000000000010        5.8719758020446947E-002
   1.4400000000000011        5.4859442360819813E-002
   1.4500000000000011        5.0993643508254166E-002
   1.4600000000000011        4.7122747501073807E-002
   1.4700000000000011        4.3247140962925958E-002
   1.4800000000000011        3.9367211058652173E-002
   1.4900000000000011        3.5483345450033899E-002
   1.5000000000000011        3.1595932251422716E-002
   1.5100000000000011        2.7705359985265347E-002
   1.5200000000000011        2.3812017537533738E-002
   1.5300000000000011        1.9916294113070394E-002
   1.5400000000000011        1.6018579190859347E-002
   1.5500000000000012        1.2119262479233089E-002
   1.5600000000000012        8.2187338710259447E-003
   1.5700000000000012        4.3173833986842594E-003
   1.5800000000000012        4.1560118934395743E-004
   1.5900000000000012       -3.4862225801140824E-003
   1.6000000000000012       -7.3876977280202885E-003
   1.6100000000000012       -1.1288434112873780E-002
   1.6200000000000012       -1.5188041678290347E-002
   1.6300000000000012       -1.9086130497930513E-002
   1.6400000000000012       -2.2982310820397155E-002
   1.6500000000000012       -2.6876193114092228E-002
   1.6600000000000013       -3.0767388112022107E-002
   1.6700000000000013       -3.4655506856541132E-002
   1.6800000000000013       -3.8540160744022979E-002
   1.6900000000000013       -4.2420961569449502E-002
   1.7000000000000013       -4.6297521570906795E-002
   1.7100000000000013       -5.0169453473978234E-002
   1.7200000000000013       -5.4036370536024315E-002
   1.7300000000000013       -5.7897886590339287E-002
   1.7400000000000013       -6.1753616090174518E-002
   1.7500000000000013       -6.5603174152618682E-002
   1.7600000000000013       -6.9446176602325022E-002
   1.7700000000000014       -7.3282240015075856E-002
   1.7800000000000014       -7.7110981761174840E-002
   1.7900000000000014       -8.0932020048657405E-002
   1.8000000000000014       -8.4744973966309950E-002
   1.8100000000000014       -8.8549463526488736E-002
   1.8200000000000014       -9.2345109707729051E-002
   1.8300000000000014       -9.6131534497135893E-002
   1.8400000000000014       -9.9908360932547263E-002
   1.8500000000000014      -0.10367521314446124     
   1.8600000000000014      -0.10743171639771844     
   1.8700000000000014      -0.11117749713293136     
   1.8800000000000014      -0.11491218300765244     
   1.8900000000000015      -0.11863540293727259     
   1.9000000000000015      -0.12234678713564259     
   1.9100000000000015      -0.12604596715540928     
   1.9200000000000015      -0.12973257592805920     
   1.9300000000000015      -0.13340624780366231     
   1.9400000000000015      -0.13706661859030841     
   1.9500000000000015      -0.14071332559322947     
   1.9600000000000015      -0.14434600765360101     
   1.9700000000000015      -0.14796430518701581     
   1.9800000000000015      -0.15156786022162366     
   1.9900000000000015      -0.15515631643593086     
   2.0000000000000013      -0.15872931919625352     
   2.0100000000000011      -0.16228651559381876     
   2.0200000000000009      -0.16582755448150846     
   2.0300000000000007      -0.16935208651023975     
   2.0400000000000005      -0.17285976416497753     
   2.0500000000000003      -0.17635024180037373     
   2.0600000000000001      -0.17982317567602876     
   2.0699999999999998      -0.18327822399137061     
   2.0799999999999996      -0.18671504692014704     
   2.0899999999999994      -0.19013330664452727     
   2.0999999999999992      -0.19353266738880873     
   2.1099999999999990      -0.19691279545272575     
   2.1199999999999988      -0.20027335924435635     
   2.1299999999999986      -0.20361402931262415     
   2.1399999999999983      -0.20693447837939236     
   2.1499999999999981      -0.21023438137114706     
   2.1599999999999979      -0.21351341545026725     
   2.1699999999999977      -0.21677126004587935     
   2.1799999999999975      -0.22000759688429397     
   2.1899999999999973      -0.22322211001902315     
   2.1999999999999971      -0.22641448586037624     
   2.2099999999999969      -0.22958441320463324     
   2.2199999999999966      -0.23273158326279397     
   2.2299999999999964      -0.23585568968890233     
   2.2399999999999962      -0.23895642860794461     
   2.2499999999999960      -0.24203349864332144     
   2.2599999999999958      -0.24508660094389267     
   2.2699999999999956      -0.24811543921059520     
   2.2799999999999954      -0.25111971972263364     
   2.2899999999999952      -0.25409915136324390     
   2.2999999999999949      -0.25705344564503019     
   2.3099999999999947      -0.25998231673487604     
   2.3199999999999945      -0.26288548147842972     
   2.3299999999999943      -0.26576265942416544     
   2.3399999999999941      -0.26861357284702120     
   2.3499999999999939      -0.27143794677161459     
   2.3599999999999937      -0.27423550899503785     
   2.3699999999999934      -0.27700599010923421     
   2.3799999999999932      -0.27974912352295689     
   2.3899999999999930      -0.28246464548331285     
   2.3999999999999928      -0.28515229509689344     
   2.4099999999999926      -0.28781181435049419     
   2.4199999999999924      -0.29044294813142596     
   2.4299999999999922      -0.29304544424742046     
   2.4399999999999920      -0.29561905344613215     
   2.4499999999999917      -0.29816352943423990     
   2.4599999999999915      -0.30067862889615110     
   2.4699999999999913      -0.30316411151231132     
   2.4799999999999911      -0.30561973997712283     
   2.4899999999999909      -0.30804528001647513     
   2.4999999999999907      -0.31044050040489096     
   2.5099999999999905      -0.31280517298229116     
   2.5199999999999902      -0.31513907267038249     
   2.5299999999999900      -0.31744197748867159     
   2.5399999999999898      -0.31971366857010902     
   2.5499999999999896      -0.32195393017636742     
   2.5599999999999894      -0.32416254971275771     
   2.5699999999999892      -0.32633931774278724     
   2.5799999999999890      -0.32848402800236420     
   2.5899999999999888      -0.33059647741365217     
   2.5999999999999885      -0.33267646609857943     
   2.6099999999999883      -0.33472379739200708     
   2.6199999999999881      -0.33673827785456012     
   2.6299999999999879      -0.33871971728512634     
   2.6399999999999877      -0.34066792873302709     
   2.6499999999999875      -0.34258272850986443     
   2.6599999999999873      -0.34446393620104915     
   2.6699999999999871      -0.34631137467701417     
   2.6799999999999868      -0.34812487010411791     
   2.6899999999999866      -0.34990425195524194     
   2.6999999999999864      -0.35164935302008765     
   2.7099999999999862      -0.35336000941517631     
   2.7199999999999860      -0.35503606059355725     
   2.7299999999999858      -0.35667734935422829     
   2.7399999999999856      -0.35828372185127355     
   2.7499999999999853      -0.35985502760272237     
   2.7599999999999851      -0.36139111949913444     
   2.7699999999999849      -0.36289185381191519     
   2.7799999999999847      -0.36435709020136614     
   2.7899999999999845      -0.36578669172447409     
   2.7999999999999843      -0.36718052484244418     
   2.8099999999999841      -0.36853845942798041     
   2.8199999999999839      -0.36986036877231820     
   2.8299999999999836      -0.37114612959201315     
   2.8399999999999834      -0.37239562203549009     
   2.8499999999999832      -0.37360872968935643     
   2.8599999999999830      -0.37478533958448368     
   2.8699999999999828      -0.37592534220186130     
   2.8799999999999826      -0.37702863147822663     
   2.8899999999999824      -0.37809510481147446     
   2.8999999999999821      -0.37912466306585013     
   2.9099999999999819      -0.38011721057692988     
   2.9199999999999817      -0.38107265515639138     
   2.9299999999999815      -0.38199090809657854     
   2.9399999999999813      -0.38287188417486345     
   2.9499999999999811      -0.38371550165780893     
   2.9599999999999809      -0.38452168230513434     
   2.9699999999999807      -0.38529035137348849     
   2.9799999999999804      -0.38602143762003155     
   2.9899999999999802      -0.38671487330582949     
   2.9999999999999800      -0.38737059419906339     
   3.0099999999999798      -0.38798853957805624     
   3.0199999999999796      -0.38856865223411968     
   3.0299999999999794      -0.38911087847422293     
   3.0399999999999792      -0.38961516812348612     
   3.0499999999999790      -0.39008147452750025     
   3.0599999999999787      -0.39050975455447534     
   3.0699999999999785      -0.39089996859721921     
   3.0799999999999783      -0.39125208057494765     
   3.0899999999999781      -0.39156605793492844     
   3.0999999999999779      -0.39184187165396023     
   3.1099999999999777      -0.39207949623968730     
   3.1199999999999775      -0.39227890973175195     
   3.1299999999999772      -0.39244009370278504     
   3.1399999999999770      -0.39256303325923564     
   3.1499999999999768      -0.39264771704204071     
   3.1599999999999766      -0.39269413722713525     
   3.1699999999999764      -0.39270228952580338     
   3.1799999999999762      -0.39267217318487058     
   3.1899999999999760      -0.39260379098673764     
   3.1999999999999758      -0.39249714924925577     
   3.2099999999999755      -0.39235225782544320     
   3.2199999999999753      -0.39216913010304288     
   3.2299999999999751      -0.39194778300392080     
   3.2399999999999749      -0.39168823698330463     
   3.2499999999999747      -0.39139051602886182     
   3.2599999999999745      -0.39105464765961623     
   3.2699999999999743      -0.39068066292470266     
   3.2799999999999740      -0.39026859640195816     
   3.2899999999999738      -0.38981848619634851     
   3.2999999999999736      -0.38933037393822889     
   3.3099999999999734      -0.38880430478143729     
   3.3199999999999732      -0.38824032740121855     
   3.3299999999999730      -0.38763849399197808     
   3.3399999999999728      -0.38699886026486247     
   3.3499999999999726      -0.38632148544516559     
   3.3599999999999723      -0.38560643226955810     
   3.3699999999999721      -0.38485376698313739     
   3.3799999999999719      -0.38406355933629649     
   3.3899999999999717      -0.38323588258140889     
   3.3999999999999715      -0.38237081346932666     
   3.4099999999999713      -0.38146843224568938     
   3.4199999999999711      -0.38052882264704080     
   3.4299999999999708      -0.37955207189675061     
   3.4399999999999706      -0.37853827070073770     
   3.4499999999999704      -0.37748751324299223     
   3.4599999999999702      -0.37639989718089323     
   3.4699999999999700      -0.37527552364031791     
   3.4799999999999698      -0.37411449721053980     
   3.4899999999999696      -0.37291692593891179     
   3.4999999999999694      -0.37168292132533054     
   3.5099999999999691      -0.37041259831647844     
   3.5199999999999689      -0.36910607529983963     
   3.5299999999999687      -0.36776347409748589     
   3.5399999999999685      -0.36638491995962846     
   3.5499999999999683      -0.36497054155793202     
   3.5599999999999681      -0.36352047097858642     
   3.5699999999999679      -0.36203484371513234     
   3.5799999999999677      -0.36051379866103633     
   3.5899999999999674      -0.35895747810201128     
   3.5999999999999672      -0.35736602770807785     
   3.6099999999999670      -0.35573959652536252     
   3.6199999999999668      -0.35407833696762808     
   3.6299999999999666      -0.35238240480753169     
   3.6399999999999664      -0.35065195916760655     
   3.6499999999999662      -0.34888716251096247     
   3.6599999999999659      -0.34708818063170072     
   3.6699999999999657      -0.34525518264503896     
   3.6799999999999655      -0.34338834097714155     
   3.6899999999999653      -0.34148783135465050     
   3.6999999999999651      -0.33955383279391305     
   3.7099999999999649      -0.33758652758990088     
   3.7199999999999647      -0.33558610130481675     
   3.7299999999999645      -0.33355274275638380     
   3.7399999999999642      -0.33148664400581312     
   3.7499999999999640      -0.32938800034544541     
   3.7599999999999638      -0.32725701028606174     
   3.7699999999999636      -0.32509387554385966     
   3.7799999999999634      -0.32289880102708984     
   3.7899999999999632      -0.32067199482234909     
   3.7999999999999630      -0.31841366818052552     
   3.8099999999999627      -0.31612403550239149     
   3.8199999999999625      -0.31380331432384062     
   3.8299999999999623      -0.31145172530076431     
   3.8399999999999621      -0.30906949219356405     
   3.8499999999999619      -0.30665684185129544     
   3.8599999999999617      -0.30421400419544026     
   3.8699999999999615      -0.30174121220330258     
   3.8799999999999613      -0.29923870189102569     
   3.8899999999999610      -0.29670671229622575     
   3.8999999999999608      -0.29414548546023889     
   3.9099999999999606      -0.29155526640997875     
   3.9199999999999604      -0.28893630313940083     
   3.9299999999999602      -0.28628884659057047     
   3.9399999999999600      -0.28361315063433179     
   3.9499999999999598      -0.28090947205057459     
   3.9599999999999596      -0.27817807050809623     
   3.9699999999999593      -0.27541920854405633     
   3.9799999999999591      -0.27263315154302142     
   3.9899999999999589      -0.26982016771559753     
   3.9999999999999587      -0.26698052807664813     
   4.0099999999999589      -0.26411450642309608     
   4.0199999999999587      -0.26122237931130715     
   4.0299999999999585      -0.25830442603405346     
   4.0399999999999583      -0.25536092859705578     
   4.0499999999999581      -0.25239217169510281     
   4.0599999999999579      -0.24939844268774669     
   4.0699999999999577      -0.24638003157457325     
   4.0799999999999574      -0.24333723097004670     
   4.0899999999999572      -0.24027033607792780     
   4.0999999999999570      -0.23717964466526525     
   4.1099999999999568      -0.23406545703595982     
   4.1199999999999566      -0.23092807600390133     
   4.1299999999999564      -0.22776780686567874     
   4.1399999999999562      -0.22458495737286333     
   4.1499999999999559      -0.22137983770386591     
   4.1599999999999557      -0.21815276043536849     
   4.1699999999999555      -0.21490404051333159     
   4.1799999999999553      -0.21163399522357815     
   4.1899999999999551      -0.20834294416195567     
   4.1999999999999549      -0.20503120920407791     
   4.2099999999999547      -0.20169911447464819     
   4.2199999999999545      -0.19834698631636605     
   4.2299999999999542      -0.19497515325841977     
   4.2399999999999540      -0.19158394598456702     
   4.2499999999999538      -0.18817369730080641     
   4.2599999999999536      -0.18474474210264277     
   4.2699999999999534      -0.18129741734194940     
   4.2799999999999532      -0.17783206199343032     
   4.2899999999999530      -0.17434901702068653     
   4.2999999999999527      -0.17084862534188963     
   4.3099999999999525      -0.16733123179506704     
   4.3199999999999523      -0.16379718310300298     
   4.3299999999999521      -0.16024682783775956     
   4.3399999999999519      -0.15668051638482269     
   4.3499999999999517      -0.15309860090687780     
   4.3599999999999515      -0.14950143530722010     
   4.3699999999999513      -0.14588937519280515     
   4.3799999999999510      -0.14226277783694474     
   4.3899999999999508      -0.13862200214165429     
   4.3999999999999506      -0.13496740859965720     
   4.4099999999999504      -0.13129935925605271     
   4.4199999999999502      -0.12761821766965334     
   4.4299999999999500      -0.12392434887399847     
   4.4399999999999498      -0.12021811933805089     
   4.4499999999999496      -0.11649989692658312     
   4.4599999999999493      -0.11277005086026069     
   4.4699999999999491      -0.10902895167542964     
   4.4799999999999489      -0.10527697118361576     
   4.4899999999999487      -0.10151448243074312     
   4.4999999999999485       -9.7741859656079913E-002
   4.5099999999999483       -9.3959478250919368E-002
   4.5199999999999481       -9.0167714717004188E-002
   4.5299999999999478       -8.6366946624702623E-002
   4.5399999999999476       -8.2557552570944728E-002
   4.5499999999999474       -7.8739912136927562E-002
   4.5599999999999472       -7.4914405845597956E-002
   4.5699999999999470       -7.1081415118921881E-002
   4.5799999999999468       -6.7241322234949483E-002
   4.5899999999999466       -6.3394510284684971E-002
   4.5999999999999464       -5.9541363128770668E-002
   4.6099999999999461       -5.5682265353994731E-002
   4.6199999999999459       -5.1817602229632040E-002
   4.6299999999999457       -4.7947759663627972E-002
   4.6399999999999455       -4.4073124158634826E-002
   4.6499999999999453       -4.0194082767910769E-002
   4.6599999999999451       -3.6311023051091247E-002
   4.6699999999999449       -3.2424333029842933E-002
   4.6799999999999446       -2.8534401143410323E-002
   4.6899999999999444       -2.4641616204065162E-002
   4.6999999999999442       -2.0746367352468979E-002
   4.7099999999999440       -1.6849044012959020E-002
   4.7199999999999438       -1.2950035848767964E-002
   4.7299999999999436       -9.0497327171878191E-003
   4.7399999999999434       -5.1485246246884362E-003
   4.7499999999999432       -1.2468016820011405E-003
   4.7599999999999429        2.6550459408220526E-003
   4.7699999999999427        6.5566280593630987E-003
   4.7799999999999425        1.0457554519795954E-002
   4.7899999999999423        1.4357435243837438E-002
   4.7999999999999421        1.8255880273680421E-002
   4.8099999999999419        2.2152499816898815E-002
   4.8199999999999417        2.6046904291313875E-002
   4.8299999999999415        2.9938704369811373E-002
   4.8399999999999412        3.3827511025099177E-002
   4.8499999999999410        3.7712935574394854E-002
   4.8599999999999408        4.1594589724032981E-002
   4.8699999999999406        4.5472085613981812E-002
   4.8799999999999404        4.9345035862259107E-002
   4.8899999999999402        5.3213053609236970E-002
   4.8999999999999400        5.7075752561825538E-002
   4.9099999999999397        6.0932747037525575E-002
   4.9199999999999395        6.4783652008340006E-002
   4.9299999999999393        6.8628083144534544E-002
   4.9399999999999391        7.2465656858237706E-002
   4.9499999999999389        7.6295990346870554E-002
   4.9599999999999387        8.0118701636396644E-002
   4.9699999999999385        8.3933409624382768E-002
   4.9799999999999383        8.7739734122861263E-002
   4.9899999999999380        9.1537295900984625E-002
   4.9999999999999378        9.5325716727463497E-002
   5.0099999999999376        9.9104619412779080E-002
   5.0199999999999374       0.10287362785116130     
   5.0299999999999372       0.10663236706232411     
   5.0399999999999370       0.11038046323294938     
   5.0499999999999368       0.11411754375791133     
   5.0599999999999365       0.11784323728123319     
   5.0699999999999363       0.12155717373676823     
   5.0799999999999361       0.12525898438859737     
   5.0899999999999359       0.12894830187113576     
   5.0999999999999357       0.13262476022894099     
   5.1099999999999355       0.13628799495621560     
   5.1199999999999353       0.13993764303599690     
   5.1299999999999351       0.14357334297902724     
   5.1399999999999348       0.14719473486229806     
   5.1499999999999346       0.15080146036726133     
   5.1599999999999344       0.15439316281770210     
   5.1699999999999342       0.15796948721726595     
   5.1799999999999340       0.16153008028663576     
   5.1899999999999338       0.16507459050035198     
   5.1999999999999336       0.16860266812327096     
   5.2099999999999334       0.17211396524665637     
   5.2199999999999331       0.17560813582389828     
   5.2299999999999329       0.17908483570585554     
   5.2399999999999327       0.18254372267581659     
   5.2499999999999325       0.18598445648407461     
   5.2599999999999323       0.18940669888211253     
   5.2699999999999321       0.19281011365639442     
   5.2799999999999319       0.19619436666175910     
   5.2899999999999316       0.19955912585441291     
   5.2999999999999314       0.20290406132451808     
   5.3099999999999312       0.20622884532837393     
   5.3199999999999310       0.20953315232018782     
   5.3299999999999308       0.21281665898343344     
   5.3399999999999306       0.21607904426179397     
   5.3499999999999304       0.21931998938968808     
   5.3599999999999302       0.22253917792237662     
   5.3699999999999299       0.22573629576564849     
   5.3799999999999297       0.22891103120508396     
   5.3899999999999295       0.23206307493489445     
   5.3999999999999293       0.23519212008633722     
   5.4099999999999291       0.23829786225570468     
   5.4199999999999289       0.24137999953188699     
   5.4299999999999287       0.24443823252350810     
   5.4399999999999284       0.24747226438563449     
   5.4499999999999282       0.25048180084605687     
   5.4599999999999280       0.25346655023114467     
   5.4699999999999278       0.25642622349127392     
   5.4799999999999276       0.25936053422582894     
   5.4899999999999274       0.26226919870777832     
   5.4999999999999272       0.26515193590782643     
   5.5099999999999270       0.26800846751814145     
   5.5199999999999267       0.27083851797566072     
   5.5299999999999265       0.27364181448497560     
   5.5399999999999263       0.27641808704079662     
   5.5499999999999261       0.27916706845000139     
   5.5599999999999259       0.28188849435326646     
   5.5699999999999257       0.28458210324628608     
   5.5799999999999255       0.28724763650057894     
   5.5899999999999253       0.28988483838388651     
   5.5999999999999250       0.29249345608016453     
   5.6099999999999248       0.29507323970917071     
   5.6199999999999246       0.29762394234565148     
   5.6299999999999244       0.30014532003813038     
   5.6399999999999242       0.30263713182730173     
   5.6499999999999240       0.30509913976403202     
   5.6599999999999238       0.30753110892697283     
   5.6699999999999235       0.30993280743978835     
   5.6799999999999233       0.31230400648800150     
   5.6899999999999231       0.31464448033546133     
   5.6999999999999229       0.31695400634043663     
   5.7099999999999227       0.31923236497133822     
   5.7199999999999225       0.32147933982207494     
   5.7299999999999223       0.32369471762704638     
   5.7399999999999221       0.32587828827577719     
   5.7499999999999218       0.32802984482719638     
   5.7599999999999216       0.33014918352356598     
   5.7699999999999214       0.33223610380406371     
   5.7799999999999212       0.33429040831802326     
   5.7899999999999210       0.33631190293783686     
   5.7999999999999208       0.33830039677152474     
   5.8099999999999206       0.34025570217497508     
   5.8199999999999203       0.34217763476385998     
   5.8299999999999201       0.34406601342523102     
   5.8399999999999199       0.34592066032879931     
   5.8499999999999197       0.34774140093790457     
   5.8599999999999195       0.34952806402017739     
   5.8699999999999193       0.35128048165789971     
   5.8799999999999191       0.35299848925806782     
   5.8899999999999189       0.35468192556216210     
   5.8999999999999186       0.35633063265562864     
   5.9099999999999184       0.35794445597707653     
   5.9199999999999182       0.35952324432719612     
   5.9299999999999180       0.36106684987740206     
   5.9399999999999178       0.36257512817820564     
   5.9499999999999176       0.36404793816732128     
   5.9599999999999174       0.36548514217751116     
   5.9699999999999172       0.36688660594417216     
   5.9799999999999169       0.36825219861267011     
   5.9899999999999167       0.36958179274542474     
   5.9999999999999165       0.37087526432874995     
   6.0099999999999163       0.37213249277945371     
   6.0199999999999161       0.37335336095120114     
   6.0299999999999159       0.37453775514064519     
   6.0399999999999157       0.37568556509332868     
   6.0499999999999154       0.37679668400936150     
   6.0599999999999152       0.37787100854887690     
   6.0699999999999150       0.37890843883727038     
   6.0799999999999148       0.37990887847022509     
   6.0899999999999146       0.38087223451852670     
   6.0999999999999144       0.38179841753267180     
   6.1099999999999142       0.38268734154727291     
   6.1199999999999140       0.38353892408526291     
   6.1299999999999137       0.38435308616190283     
   6.1399999999999135       0.38512975228859547     
   6.1499999999999133       0.38586885047650776     
   6.1599999999999131       0.38657031224000499     
   6.1699999999999129       0.38723407259989917     
   6.1799999999999127       0.38786007008651469     
   6.1899999999999125       0.38844824674257306     
   6.1999999999999122       0.38899854812589968     
   6.2099999999999120       0.38951092331195430     
   6.2199999999999118       0.38998532489618776     
   6.2299999999999116       0.39042170899622664     
   6.2399999999999114       0.39082003525388781     
   6.2499999999999112       0.39118026683702461     
   6.2599999999999110       0.39150237044120612     
   6.2699999999999108       0.39178631629123079     
   6.2799999999999105       0.39203207814247648     
   6.2899999999999103       0.39223963328208716     
   6.2999999999999101       0.39240896252999780     
   6.3099999999999099       0.39254005023979821     
   6.3199999999999097       0.39263288429943699     
   6.3299999999999095       0.39268745613176531     
   6.3399999999999093       0.39270376069492208     
   6.3499999999999091       0.39268179648255985     
   6.3599999999999088       0.39262156552391259     
   6.3699999999999086       0.39252307338370451     
   6.3799999999999084       0.39238632916190058     
   6.3899999999999082       0.39221134549329800     
   6.3999999999999080       0.39199813854695864     
   6.4099999999999078       0.39174672802548161     
   6.4199999999999076       0.39145713716411568     
   6.4299999999999073       0.39112939272971042     
   6.4399999999999071       0.39076352501950529     
   6.4499999999999069       0.39035956785975584     
   6.4599999999999067       0.38991755860419541     
   6.4699999999999065       0.38943753813233123     
   6.4799999999999063       0.38891955084757357     
   6.4899999999999061       0.38836364467519618     
   6.4999999999999059       0.38776987106012617     
   6.5099999999999056       0.38713828496456182     
   6.5199999999999054       0.38646894486541611     
   6.5299999999999052       0.38576191275158372     
   6.5399999999999050       0.38501725412102983     
   6.5499999999999048       0.38423503797769754     
   6.5599999999999046       0.38341533682823220     
   6.5699999999999044       0.38255822667851941     
   6.5799999999999041       0.38166378703003467     
   6.5899999999999039       0.38073210087600118     
   6.5999999999999037       0.37976325469735328     
   6.6099999999999035       0.37875733845850235     
   6.6199999999999033       0.37771444560290213     
   6.6299999999999031       0.37663467304840986     
   6.6399999999999029       0.37551812118244049     
   6.6499999999999027       0.37436489385691002     
   6.6599999999999024       0.37317509838296464     
   6.6699999999999022       0.37194884552549201     
   6.6799999999999020       0.37068624949741102     
   6.6899999999999018       0.36938742795373630     
   6.6999999999999016       0.36805250198541317     
   6.7099999999999014       0.36668159611292006     
   6.7199999999999012       0.36527483827963314     
   6.7299999999999010       0.36383235984495021     
   6.7399999999999007       0.36235429557716908     
   6.7499999999999005       0.36084078364611633     
   6.7599999999999003       0.35929196561552240     
   6.7699999999999001       0.35770798643513857     
   6.7799999999998999       0.35608899443259145     
   6.7899999999998997       0.35443514130497084     
   6.7999999999998995       0.35274658211014626     
   6.8099999999998992       0.35102347525780775     
   6.8199999999998990       0.34926598250022683     
   6.8299999999998988       0.34747426892273259     
   6.8399999999998986       0.34564850293389854     
   6.8499999999998984       0.34378885625543631     
   6.8599999999998982       0.34189550391179074     
   6.8699999999998980       0.33996862421943230     
   6.8799999999998978       0.33800839877584254     
   6.8899999999998975       0.33601501244818760     
   6.8999999999998973       0.33398865336167538     
   6.9099999999998971       0.33192951288759232     
   6.9199999999998969       0.32983778563101451     
   6.9299999999998967       0.32771366941818969     
   6.9399999999998965       0.32555736528358470     
   6.9499999999998963       0.32336907745659488     
   6.9599999999998960       0.32114901334791074     
   6.9699999999998958       0.31889738353553748     
   6.9799999999998956       0.31661440175046335     
   6.9899999999998954       0.31430028486197292     
   6.9999999999998952       0.31195525286260056     
   7.0099999999998950       0.30957952885272083     
   7.0199999999998948       0.30717333902477106     
   7.0299999999998946       0.30473691264710329     
   7.0399999999998943       0.30227048204746049     
   7.0499999999998941       0.29977428259607475     
   7.0599999999998939       0.29724855268838274     
   7.0699999999998937       0.29469353372735557     
   7.0799999999998935       0.29210947010543953     
   7.0899999999998933       0.28949660918610443     
   7.0999999999998931       0.28685520128499625     
   7.1099999999998929       0.28418549965069156     
   7.1199999999998926       0.28148776044504997     
   7.1299999999998924       0.27876224272316275     
   7.1399999999998922       0.27600920841289439     
   7.1499999999998920       0.27322892229401485     
   7.1599999999998918       0.27042165197691997     
   7.1699999999998916       0.26758766788093818     
   7.1799999999998914       0.26472724321222096     
   7.1899999999998911       0.26184065394121575     
   7.1999999999998909       0.25892817877971908     
   7.2099999999998907       0.25599009915750864     
   7.2199999999998905       0.25302669919855281     
   7.2299999999998903       0.25003826569679644     
   7.2399999999998901       0.24702508809152182     
   7.2499999999998899       0.24398745844228417     
   7.2599999999998897       0.24092567140342061     
   7.2699999999998894       0.23784002419813252     
   7.2799999999998892       0.23473081659214071     
   7.2899999999998890       0.23159835086691338     
   7.2999999999998888       0.22844293179246714     
   7.3099999999998886       0.22526486659974107     
   7.3199999999998884       0.22206446495254467     
   7.3299999999998882       0.21884203891908005     
   7.3399999999998879       0.21559790294303954     
   7.3499999999998877       0.21233237381427975     
   7.3599999999998875       0.20904577063907337     
   7.3699999999998873       0.20573841480994040     
   7.3799999999998871       0.20241062997506026     
   7.3899999999998869       0.19906274200726715     
   7.3999999999998867       0.19569507897263050     
   7.4099999999998865       0.19230797109862324     
   7.4199999999998862       0.18890175074188020     
   7.4299999999998860       0.18547675235554972     
   7.4399999999998858       0.18203331245624141     
   7.4499999999998856       0.17857176959057341     
   7.4599999999998854       0.17509246430132269     
   7.4699999999998852       0.17159573909318190     
   7.4799999999998850       0.16808193839812710     
   7.4899999999998847       0.16455140854040012     
   7.4999999999998845       0.16100449770111025     
   7.5099999999998843       0.15744155588245967     
   7.5199999999998841       0.15386293487159763     
   7.5299999999998839       0.15026898820410811     
   7.5399999999998837       0.14666007112713653     
   7.5499999999998835       0.14303654056216078     
   7.5599999999998833       0.13939875506741226     
   7.5699999999998830       0.13574707479995293     
   7.5799999999998828       0.13208186147741427     
   7.5899999999998826       0.12840347833940449     
   7.5999999999998824       0.12471229010859072     
   7.6099999999998822       0.12100866295146236     
   7.6199999999998820       0.11729296443878295     
   7.6299999999998818       0.11356556350573746     
   7.6399999999998816       0.10982683041178211     
   7.6499999999998813       0.10607713670020437     
   7.6599999999998811       0.10231685515740070     
   7.6699999999998809        9.8546359771879755E-002
   7.6799999999998807        9.4766025692999120E-002
   7.6899999999998805        9.0976229189443633E-002
   7.6999999999998803        8.7177347607453673E-002
   7.7099999999998801        8.3369759328811827E-002
   7.7199999999998798        7.9553843728596529E-002
   7.7299999999998796        7.5729981132711469E-002
   7.7399999999998794        7.1898552775199701E-002
   7.7499999999998792        6.8059940755351420E-002
   7.7599999999998790        6.4214527994614634E-002
   7.7699999999998788        6.0362698193318028E-002
   7.7799999999998786        5.6504835787215442E-002
   7.7899999999998784        5.2641325903861502E-002
   7.7999999999998781        4.8772554318828036E-002
   7.8099999999998779        4.4898907411771077E-002
   7.8199999999998777        4.1020772122358246E-002
   7.8299999999998775        3.7138535906066507E-002
   7.8399999999998773        3.3252586689860281E-002
   7.8499999999998771        2.9363312827760075E-002
   7.8599999999998769        2.5471103056311735E-002
   7.8699999999998766        2.1576346449966633E-002
   7.8799999999998764        1.7679432376383052E-002
   7.8899999999998762        1.3780750451659135E-002
   7.8999999999998760        9.8806904955077990E-003
   7.9099999999998758        5.9796424863840427E-003
   7.9199999999998756        2.0779965165751224E-003
   7.9299999999998754       -1.8238572527359063E-003
   7.9399999999998752       -5.7255286364227779E-003
   7.9499999999998749       -9.6266274703742088E-003
   7.9599999999998747       -1.3526763656447173E-002
   7.9699999999998745       -1.7425547207404732E-002
   7.9799999999998743       -2.1322588291827912E-002
   7.9899999999998741       -2.5217497278991138E-002
   7.9999999999998739       -2.9109884783690726E-002
   8.0099999999998737       -3.2999361711016043E-002
   8.0199999999998735       -3.6885539301052893E-002
   8.0299999999998732       -4.0768029173508788E-002
   8.0399999999998730       -4.4646443372249781E-002
   8.0499999999998728       -4.8520394409738640E-002
   8.0599999999998726       -5.2389495311364165E-002
   8.0699999999998724       -5.6253359659651551E-002
   8.0799999999998722       -6.0111601638343719E-002
   8.0899999999998720       -6.3963836076343747E-002
   8.0999999999998717       -6.7809678491508443E-002
   8.1099999999998715       -7.1648745134283418E-002
   8.1199999999998713       -7.5480653031169853E-002
   8.1299999999998711       -7.9305020028013595E-002
   8.1399999999998709       -8.3121464833106964E-002
   8.1499999999998707       -8.6929607060094088E-002
   8.1599999999998705       -9.0729067270670566E-002
   8.1699999999998703       -9.4519467017068287E-002
   8.1799999999998700       -9.8300428884316712E-002
   8.1899999999998698      -0.10207157653227163     
   8.1999999999998696      -0.10583253473740285     
   8.2099999999998694      -0.10958292943433245     
   8.2199999999998692      -0.11332238775711513     
   8.2299999999998690      -0.11705053808025254     
   8.2399999999998688      -0.12076701005943373     
   8.2499999999998685      -0.12447143467199377     
   8.2599999999998683      -0.12816344425708298     
   8.2699999999998681      -0.13184267255553928     
   8.2799999999998679      -0.13550875474945639     
   8.2899999999998677      -0.13916132750144092     
   8.2999999999998675      -0.14280002899355115     
   8.3099999999998673      -0.14642449896591134     
   8.3199999999998671      -0.15003437875499437     
   8.3299999999998668      -0.15362931133156701     
   8.3399999999998666      -0.15720894133829144     
   8.3499999999998664      -0.16077291512697719     
   8.3599999999998662      -0.16432088079547785     
   8.3699999999998660      -0.16785248822422685     
   8.3799999999998658      -0.17136738911240756     
   8.3899999999998656      -0.17486523701375209     
   8.3999999999998654      -0.17834568737196421     
   8.4099999999998651      -0.18180839755576197     
   8.4199999999998649      -0.18525302689353521     
   8.4299999999998647      -0.18867923670761413     
   8.4399999999998645      -0.19208669034814480     
   8.4499999999998643      -0.19547505322656777     
   8.4599999999998641      -0.19884399284869661     
   8.4699999999998639      -0.20219317884739257     
   8.4799999999998636      -0.20552228301483288     
   8.4899999999998634      -0.20883097933436923     
   8.4999999999998632      -0.21211894401197418     
   8.5099999999998630      -0.21538585550727299     
   8.5199999999998628      -0.21863139456415864     
   8.5299999999998626      -0.22185524424098801     
   8.5399999999998624      -0.22505708994035745     
   8.5499999999998622      -0.22823661943845633     
   8.5599999999998619      -0.23139352291399706     
   8.5699999999998617      -0.23452749297672054     
   8.5799999999998615      -0.23763822469547596     
   8.5899999999998613      -0.24072541562587457     
   8.5999999999998611      -0.24378876583751644     
   8.6099999999998609      -0.24682797794079031     
   8.6199999999998607      -0.24984275711324627     
   8.6299999999998604      -0.25283281112554118     
   8.6399999999998602      -0.25579785036695746     
   8.6499999999998600      -0.25873758787049550     
   8.6599999999998598      -0.26165173933754021     
   8.6699999999998596      -0.26454002316210296     
   8.6799999999998594      -0.26740216045463955     
   8.6899999999998592      -0.27023787506544578     
   8.6999999999998590      -0.27304689360763151     
   8.7099999999998587      -0.27582894547967512     
   8.7199999999998585      -0.27858376288756026     
   8.7299999999998583      -0.28131108086649609     
   8.7399999999998581      -0.28401063730222376     
   8.7499999999998579      -0.28668217295191095     
   8.7599999999998577      -0.28932543146463685     
   8.7699999999998575      -0.29194015940147017     
   8.7799999999998573      -0.29452610625514253     
   8.7899999999998570      -0.29708302446932056     
   8.7999999999998568      -0.29961066945747872     
   8.8099999999998566      -0.30210879962137688     
   8.8199999999998564      -0.30457717636914500     
   8.8299999999998562      -0.30701556413297848     
   8.8399999999998560      -0.30942373038644760     
   8.8499999999998558      -0.31180144566142448     
   8.8599999999998555      -0.31414848356463093     
   8.8699999999998553      -0.31646462079381127     
   8.8799999999998551      -0.31874963715353349     
   8.8899999999998549      -0.32100331557062289     
   8.8999999999998547      -0.32322544210923193     
   8.9099999999998545      -0.32541580598555048     
   8.9199999999998543      -0.32757419958216039     
   8.9299999999998541      -0.32970041846203857     
   8.9399999999998538      -0.33179426138221302     
   8.9499999999998536      -0.33385553030707554     
   8.9599999999998534      -0.33588403042135606     
   8.9699999999998532      -0.33787957014276249     
   8.9799999999998530      -0.33984196113429066     
   8.9899999999998528      -0.34177101831620899     
   8.9999999999998526      -0.34366655987772166     
   9.0099999999998523      -0.34552840728831574     
   9.0199999999998521      -0.34735638530879603     
   9.0299999999998519      -0.34915032200201235     
   9.0399999999998517      -0.35091004874328391     
   9.0499999999998515      -0.35263540023052525     
   9.0599999999998513      -0.35432621449407814     
   9.0699999999998511      -0.35598233290625414     
   9.0799999999998509      -0.35760360019059217     
   9.0899999999998506      -0.35918986443083584     
   9.0999999999998504      -0.36074097707963448     
   9.1099999999998502      -0.36225679296697322     
   9.1199999999998500      -0.36373717030833541     
   9.1299999999998498      -0.36518197071260272     
   9.1399999999998496      -0.36659105918969676     
   9.1499999999998494      -0.36796430415796666     
   9.1599999999998492      -0.36930157745132680     
   9.1699999999998489      -0.37060275432614892     
   9.1799999999998487      -0.37186771346791286     
   9.1899999999998485      -0.37309633699761963     
   9.1999999999998483      -0.37428851047797146     
   9.2099999999998481      -0.37544412291932211     
   9.2199999999998479      -0.37656306678540163     
   9.2299999999998477      -0.37764523799881949     
   9.2399999999998474      -0.37869053594634938     
   9.2499999999998472      -0.37969886348399984     
   9.2599999999998470      -0.38067012694187369     
   9.2699999999998468      -0.38160423612882011     
   9.2799999999998466      -0.38250110433688267     
   9.2899999999998464      -0.38336064834554640     
   9.2999999999998462      -0.38418278842578696     
   9.3099999999998460      -0.38496744834392549     
   9.3199999999998457      -0.38571455536529159     
   9.3299999999998455      -0.38642404025769711     
   9.3399999999998453      -0.38709583729472424     
   9.3499999999998451      -0.38772988425882965     
   9.3599999999998449      -0.38832612244426756     
   9.3699999999998447      -0.38888449665983432     
   9.3799999999998445      -0.38940495523143626     
   9.3899999999998442      -0.38988745000448322     
   9.3999999999998440      -0.39033193634610969     
   9.4099999999998438      -0.39073837314722554     
   9.4199999999998436      -0.39110672282439773     
   9.4299999999998434      -0.39143695132156525     
   9.4399999999998432      -0.39172902811158777     
   9.4499999999998430      -0.39198292619763053     
   9.4599999999998428      -0.39219862211438561     
   9.4699999999998425      -0.39237609592913125     
   9.4799999999998423      -0.39251533124263011     
   9.4899999999998421      -0.39261631518986695     
   9.4999999999998419      -0.39267903844062674     
   9.5099999999998417      -0.39270349519991327     
   9.5199999999998415      -0.39268968320820935     
   9.5299999999998413      -0.39263760374157791     
   9.5399999999998411      -0.39254726161160491     
   9.5499999999998408      -0.39241866516518348     
   9.5599999999998406      -0.39225182628413935     
   9.5699999999998404      -0.39204676038469721     
   9.5799999999998402      -0.39180348641678742     
   9.5899999999998400      -0.39152202686319243     
   9.5999999999998398      -0.39120240773853254     
   9.6099999999998396      -0.39084465858808953     
   9.6199999999998393      -0.39044881248646768     
   9.6299999999998391      -0.39001490603609051     
   9.6399999999998389      -0.38954297936553250     
   9.6499999999998387      -0.38903307612768367     
   9.6599999999998385      -0.38848524349774627     
   9.6699999999998383      -0.38789953217106110     
   9.6799999999998381      -0.38727599636076210     
   9.6899999999998379      -0.38661469379525726     
   9.6999999999998376      -0.38591568571553336     
   9.7099999999998374      -0.38517903687228294     
   9.7199999999998372      -0.38440481552285050     
   9.7299999999998370      -0.38359309342799608     
   9.7399999999998368      -0.38274394584847332     
   9.7499999999998366      -0.38185745154141926     
   9.7599999999998364      -0.38093369275655331     
   9.7699999999998361      -0.37997275523218238     
   9.7799999999998359      -0.37897472819100919     
   9.7899999999998357      -0.37793970433574031     
   9.7999999999998355      -0.37686777984449149     
   9.8099999999998353      -0.37575905436598589     
   9.8199999999998351      -0.37461363101454281     
   9.8299999999998349      -0.37343161636485273     
   9.8399999999998347      -0.37221312044653521     
   9.8499999999998344      -0.37095825673847627     
   9.8599999999998342      -0.36966714216294116     
   9.8699999999998340      -0.36833989707945858     
   9.8799999999998338      -0.36697664527847290     
   9.8899999999998336      -0.36557751397475985     
   9.8999999999998334      -0.36414263380060202     
   9.9099999999998332      -0.36267213879871985     
   9.9199999999998330      -0.36116616641495392     
   9.9299999999998327      -0.35962485749069451     
   9.9399999999998325      -0.35804835625505388     
   9.9499999999998323      -0.35643681031677704     
   9.9599999999998321      -0.35479037065588681     
   9.9699999999998319      -0.35310919161505844     
   9.9799999999998317      -0.35139343089071962     
   9.9899999999998315      -0.34964324952387138     
   9.9999999999998312      -0.34785881189062517     
   1.0000000000000000E-002  0.26177350589463916     
   2.0000000000000000E-002  0.26172174458562730     
   2.9999999999999999E-002  0.26164410887194173     
   4.0000000000000001E-002  0.26154060625285047     
   5.0000000000000003E-002  0.26141124672649324     
   6.0000000000000005E-002  0.26125604278912301     
   7.0000000000000007E-002  0.26107500943415823     
   8.0000000000000002E-002  0.26086816415104458     
   8.9999999999999997E-002  0.26063552692392694     
   9.9999999999999992E-002  0.26037712023013088     
  0.10999999999999999       0.26009296903845347     
  0.11999999999999998       0.25978310080726325     
  0.12999999999999998       0.25944754548240900     
  0.13999999999999999       0.25908633549493687     
  0.14999999999999999       0.25869950575861567     
  0.16000000000000000       0.25828709366726976     
  0.17000000000000001       0.25784913909191937     
  0.18000000000000002       0.25738568437772741     
  0.19000000000000003       0.25689677434075281     
  0.20000000000000004       0.25638245626450967     
  0.21000000000000005       0.25584277989633158     
  0.22000000000000006       0.25527779744354073     
  0.23000000000000007       0.25468756356942113     
  0.24000000000000007       0.25407213538899537     
  0.25000000000000006       0.25343157246460435     
  0.26000000000000006       0.25276593680128923     
  0.27000000000000007       0.25207529284197489     
  0.28000000000000008       0.25135970746245456     
  0.29000000000000009       0.25061924996617441     
  0.30000000000000010       0.24985399207881781     
  0.31000000000000011       0.24906400794268826     
  0.32000000000000012       0.24824937411089043     
  0.33000000000000013       0.24741016954130829     
  0.34000000000000014       0.24654647559037995     
  0.35000000000000014       0.24565837600666804     
  0.36000000000000015       0.24474595692422502     
  0.37000000000000016       0.24380930685575256     
  0.38000000000000017       0.24284851668555435     
  0.39000000000000018       0.24186367966228120     
  0.40000000000000019       0.24085489139146787     
  0.41000000000000020       0.23982224982786077     
  0.42000000000000021       0.23876585526753560     
  0.43000000000000022       0.23768581033980418     
  0.44000000000000022       0.23658221999890969     
  0.45000000000000023       0.23545519151550934     
  0.46000000000000024       0.23430483446794384     
  0.47000000000000025       0.23313126073329271     
  0.48000000000000026       0.23193458447821483     
  0.49000000000000027       0.23071492214957307     
  0.50000000000000022       0.22947239246484263     
  0.51000000000000023       0.22820711640230207     
  0.52000000000000024       0.22691921719100627     
  0.53000000000000025       0.22560882030054080     
  0.54000000000000026       0.22427605343055654     
  0.55000000000000027       0.22292104650008440     
  0.56000000000000028       0.22154393163662897     
  0.57000000000000028       0.22014484316504065     
  0.58000000000000029       0.21872391759616569     
  0.59000000000000030       0.21728129361527326     
  0.60000000000000031       0.21581711207025922     
  0.61000000000000032       0.21433151595962588     
  0.62000000000000033       0.21282465042023727     
  0.63000000000000034       0.21129666271484934     
  0.64000000000000035       0.20974770221941477     
  0.65000000000000036       0.20817792041016173     
  0.66000000000000036       0.20658747085044632     
  0.67000000000000037       0.20497650917737845     
  0.68000000000000038       0.20334519308822049     
  0.69000000000000039       0.20169368232655882     
  0.70000000000000040       0.20002213866824756     
  0.71000000000000041       0.19833072590712478     
  0.72000000000000042       0.19661960984050064     
  0.73000000000000043       0.19488895825441754     
  0.74000000000000044       0.19313894090868222     
  0.75000000000000044       0.19136972952166961     
  0.76000000000000045       0.18958149775489874     
  0.77000000000000046       0.18777442119738061     
  0.78000000000000047       0.18594867734973819     
  0.79000000000000048       0.18410444560809872     
  0.80000000000000049       0.18224190724775871     
  0.81000000000000050       0.18036124540662177     
  0.82000000000000051       0.17846264506840970     
  0.83000000000000052       0.17654629304564720     
  0.84000000000000052       0.17461237796242096     
  0.85000000000000053       0.17266109023691315     
  0.86000000000000054       0.17069262206371044     
  0.87000000000000055       0.16870716739588903     
  0.88000000000000056       0.16670492192687622     
  0.89000000000000057       0.16468608307208962     
  0.90000000000000058       0.16265084995035473     
  0.91000000000000059       0.16059942336510186     
  0.92000000000000060       0.15853200578534329     
  0.93000000000000060       0.15644880132643191     
  0.94000000000000061       0.15435001573060222     
  0.95000000000000062       0.15223585634729533     
  0.96000000000000063       0.15010653211326866     
  0.97000000000000064       0.14796225353249218     
  0.98000000000000065       0.14580323265583245     
  0.99000000000000066       0.14362968306052573     
   1.0000000000000007       0.14144181982944215     
   1.0100000000000007       0.13923985953014215     
   1.0200000000000007       0.13702402019372723     
   1.0300000000000007       0.13479452129348660     
   1.0400000000000007       0.13255158372334161     
   1.0500000000000007       0.13029542977608996     
   1.0600000000000007       0.12802628312145165     
   1.0700000000000007       0.12574436878391873     
   1.0800000000000007       0.12344991312041104     
   1.0900000000000007       0.12114314379774006     
   1.1000000000000008       0.11882428976988332     
   1.1100000000000008       0.11649358125507166     
   1.1200000000000008       0.11415124971269167     
   1.1300000000000008       0.11179752782000610     
   1.1400000000000008       0.10943264944869449     
   1.1500000000000008       0.10705684964121696     
   1.1600000000000008       0.10467036458700370     
   1.1700000000000008       0.10227343159847303     
   1.1800000000000008        9.9866289086880944E-002
   1.1900000000000008        9.7449176538004931E-002
   1.2000000000000008        9.5022334487665241E-002
   1.2100000000000009        9.2586004497086552E-002
   1.2200000000000009        9.0140429128103230E-002
   1.2300000000000009        8.7685851918211391E-002
   1.2400000000000009        8.5222517355470942E-002
   1.2500000000000009        8.2750670853261071E-002
   1.2600000000000009        8.0270558724892513E-002
   1.2700000000000009        7.7782428158079994E-002
   1.2800000000000009        7.5286527189278488E-002
   1.2900000000000009        7.2783104677886762E-002
   1.3000000000000009        7.0272410280321856E-002
   1.3100000000000009        6.7754694423968281E-002
   1.3200000000000010        6.5230208281005564E-002
   1.3300000000000010        6.2699203742117959E-002
   1.3400000000000010        6.0161933390090287E-002
   1.3500000000000010        5.7618650473293620E-002
   1.3600000000000010        5.5069608879064938E-002
   1.3700000000000010        5.2515063106984658E-002
   1.3800000000000010        4.9955268242056088E-002
   1.3900000000000010        4.7390479927790941E-002
   1.4000000000000010        4.4820954339204980E-002
   1.4100000000000010        4.2246948155728027E-002
   1.4200000000000010        3.9668718534032497E-002
   1.4300000000000010        3.7086523080784750E-002
   1.4400000000000011        3.4500619825323493E-002
   1.4500000000000011        3.1911267192269610E-002
   1.4600000000000011        2.9318723974071724E-002
   1.4700000000000011        2.6723249303491892E-002
   1.4800000000000011        2.4125102626035837E-002
   1.4900000000000011        2.1524543672332135E-002
   1.5000000000000011        1.8921832430464847E-002
   1.5100000000000011        1.6317229118264030E-002
   1.5200000000000011        1.3710994155558660E-002
   1.5300000000000011        1.1103388136396473E-002
   1.5400000000000011        8.4946718012352332E-003
   1.5500000000000012        5.8851060091100141E-003
   1.5600000000000012        3.2749517097810047E-003
   1.5700000000000012        6.6446991586643087E-004
   1.5800000000000012       -1.9460783250348397E-003
   1.5900000000000012       -4.5564319582264440E-003
   1.6000000000000012       -7.1663299497988307E-003
   1.6100000000000012       -9.7755113145101564E-003
   1.6200000000000012       -1.2383715143659189E-002
   1.6300000000000012       -1.4990680632945647E-002
   1.6400000000000012       -1.7596147110313400E-002
   1.6500000000000012       -2.0199854063771991E-002
   1.6600000000000013       -2.2801541169191891E-002
   1.6700000000000013       -2.5400948318068994E-002
   1.6800000000000013       -2.7997815645253804E-002
   1.6900000000000013       -3.0591883556640800E-002
   1.7000000000000013       -3.3182892756813506E-002
   1.7100000000000013       -3.5770584276640816E-002
   1.7200000000000013       -3.8354699500820051E-002
   1.7300000000000013       -4.0934980195362465E-002
   1.7400000000000013       -4.3511168535016645E-002
   1.7500000000000013       -4.6083007130625568E-002
   1.7600000000000013       -4.8650239056412921E-002
   1.7700000000000014       -5.1212607877194401E-002
   1.7800000000000014       -5.3769857675509694E-002
   1.7900000000000014       -5.6321733078670964E-002
   1.8000000000000014       -5.8867979285723591E-002
   1.8100000000000014       -6.1408342094315067E-002
   1.8200000000000014       -6.3942567927467886E-002
   1.8300000000000014       -6.6470403860252394E-002
   1.8400000000000014       -6.8991597646355582E-002
   1.8500000000000014       -7.1505897744541774E-002
   1.8600000000000014       -7.4013053345001426E-002
   1.8700000000000014       -7.6512814395583981E-002
   1.8800000000000014       -7.9004931627911126E-002
   1.8900000000000015       -8.1489156583366515E-002
   1.9000000000000015       -8.3965241638958424E-002
   1.9100000000000015       -8.6432940033051450E-002
   1.9200000000000015       -8.8892005890963868E-002
   1.9300000000000015       -9.1342194250426986E-002
   1.9400000000000015       -9.3783261086902991E-002
   1.9500000000000015       -9.6214963338757925E-002
   1.9600000000000015       -9.8637058932286373E-002
   1.9700000000000015      -0.10104930680658467     
   1.9800000000000015      -0.10345146693826916     
   1.9900000000000015      -0.10584330036603667     
   2.0000000000000013      -0.10822456921506372     
   2.0100000000000011      -0.11059503672124177     
   2.0200000000000009      -0.11295446725524529     
   2.0300000000000007      -0.11530262634642988     
   2.0400000000000005      -0.11763928070655759     
   2.0500000000000003      -0.11996419825334662     
   2.0600000000000001      -0.12227714813384274     
   2.0699999999999998      -0.12457790074760992     
   2.0799999999999996      -0.12686622776973733     
   2.0899999999999994      -0.12914190217366062     
   2.0999999999999992      -0.13140469825379475     
   2.1099999999999990      -0.13365439164797621     
   2.1199999999999988      -0.13589075935971232     
   2.1299999999999986      -0.13811357978023536     
   2.1399999999999983      -0.14032263271035969     
   2.1499999999999981      -0.14251769938213935     
   2.1599999999999979      -0.14469856248032462     
   2.1699999999999977      -0.14686500616361545     
   2.1799999999999975      -0.14901681608570988     
   2.1899999999999973      -0.15115377941614588     
   2.1999999999999971      -0.15327568486093479     
   2.2099999999999969      -0.15538232268298480     
   2.2199999999999966      -0.15747348472231298     
   2.2299999999999964      -0.15954896441604438     
   2.2399999999999962      -0.16160855681819680     
   2.2499999999999960      -0.16365205861924995     
   2.2599999999999958      -0.16567926816549763     
   2.2699999999999956      -0.16768998547818212     
   2.2799999999999954      -0.16968401227240906     
   2.2899999999999952      -0.17166115197584250     
   2.2999999999999949      -0.17362120974717854     
   2.3099999999999947      -0.17556399249439708     
   2.3199999999999945      -0.17748930889279058     
   2.3299999999999943      -0.17939696940276928     
   2.3399999999999941      -0.18128678628744194     
   2.3499999999999939      -0.18315857362997168     
   2.3599999999999937      -0.18501214735070629     
   2.3699999999999934      -0.18684732522408232     
   2.3799999999999932      -0.18866392689530276     
   2.3899999999999930      -0.19046177389678776     
   2.3999999999999928      -0.19224068966439803     
   2.4099999999999926      -0.19400049955343085     
   2.4199999999999924      -0.19574103085438815     
   2.4299999999999922      -0.19746211280851669     
   2.4399999999999920      -0.19916357662312034     
   2.4499999999999917      -0.20084525548664409     
   2.4599999999999915      -0.20250698458353000     
   2.4699999999999913      -0.20414860110884517     
   2.4799999999999911      -0.20576994428268153     
   2.4899999999999909      -0.20737085536432798     
   2.4999999999999907      -0.20895117766621477     
   2.5099999999999905      -0.21051075656763038     
   2.5199999999999902      -0.21204943952821131     
   2.5299999999999900      -0.21356707610120498     
   2.5399999999999898      -0.21506351794650605     
   2.5499999999999896      -0.21653861884346665     
   2.5599999999999894      -0.21799223470348086     
   2.5699999999999892      -0.21942422358234404     
   2.5799999999999890      -0.22083444569238711     
   2.5899999999999888      -0.22222276341438693     
   2.5999999999999885      -0.22358904130925270     
   2.6099999999999883      -0.22493314612948942     
   2.6199999999999881      -0.22625494683043873     
   2.6299999999999879      -0.22755431458129788     
   2.6399999999999877      -0.22883112277591755     
   2.6499999999999875      -0.23008524704337907     
   2.6599999999999873      -0.23131656525835179     
   2.6699999999999871      -0.23252495755123129     
   2.6799999999999868      -0.23371030631805934     
   2.6899999999999866      -0.23487249623022605     
   2.6999999999999864      -0.23601141424395522     
   2.7099999999999862      -0.23712694960957362     
   2.7199999999999860      -0.23821899388056494     
   2.7299999999999858      -0.23928744092240925     
   2.7399999999999856      -0.24033218692120870     
   2.7499999999999853      -0.24135313039210038     
   2.7599999999999851      -0.24235017218745719     
   2.7699999999999849      -0.24332321550487737     
   2.7799999999999847      -0.24427216589496356     
   2.7899999999999845      -0.24519693126889244     
   2.7999999999999843      -0.24609742190577549     
   2.8099999999999841      -0.24697355045981181     
   2.8199999999999839      -0.24782523196723380     
   2.8299999999999836      -0.24865238385304664     
   2.8399999999999834      -0.24945492593756208     
   2.8499999999999832      -0.25023278044272768     
   2.8599999999999830      -0.25098587199825212     
   2.8699999999999828      -0.25171412764752715     
   2.8799999999999826      -0.25241747685334759     
   2.8899999999999824      -0.25309585150342928     
   2.8999999999999821      -0.25374918591572648     
   2.9099999999999819      -0.25437741684354892     
   2.9199999999999817      -0.25498048348047958     
   2.9299999999999815      -0.25555832746509355     
   2.9399999999999813      -0.25611089288547906     
   2.9499999999999811      -0.25663812628356075     
   2.9599999999999809      -0.25713997665922655     
   2.9699999999999807      -0.25761639547425813     
   2.9799999999999804      -0.25806733665606596     
   2.9899999999999802      -0.25849275660122917     
   2.9999999999999800      -0.25889261417884107     
   3.0099999999999798      -0.25926687073366078     
   3.0199999999999796      -0.25961549008907125     
   3.0299999999999794      -0.25993843854984450     
   3.0399999999999792      -0.26023568490471405     
   3.0499999999999790      -0.26050720042875564     
   3.0599999999999787      -0.26075295888557570     
   3.0699999999999785      -0.26097293652930892     
   3.0799999999999783      -0.26116711210642429     
   3.0899999999999781      -0.26133546685734088     
   3.0999999999999779      -0.26147798451785270     
   3.1099999999999777      -0.26159465132036352     
   3.1199999999999775      -0.26168545599493165     
   3.1299999999999772      -0.26175038977012471     
   3.1399999999999770      -0.26178944637368473     
   3.1499999999999768      -0.26180262203300375     
   3.1599999999999766      -0.26178991547540964     
   3.1699999999999764      -0.26175132792826267     
   3.1799999999999762      -0.26168686311886236     
   3.1899999999999760      -0.26159652727416510     
   3.1999999999999758      -0.26148032912031205     
   3.2099999999999755      -0.26133827988196739     
   3.2199999999999753      -0.26117039328146702     
   3.2299999999999751      -0.26097668553777720     
   3.2399999999999749      -0.26075717536526327     
   3.2499999999999747      -0.26051188397226804     
   3.2599999999999745      -0.26024083505949974     
   3.2699999999999743      -0.25994405481822924     
   3.2799999999999740      -0.25962157192829605     
   3.2899999999999738      -0.25927341755592315     
   3.2999999999999736      -0.25889962535133998     
   3.3099999999999734      -0.25850023144621337     
   3.3199999999999732      -0.25807527445088585     
   3.3299999999999730      -0.25762479545142103     
   3.3399999999999728      -0.25714883800645555     
   3.3499999999999726      -0.25664744814385709     
   3.3599999999999723      -0.25612067435718805     
   3.3699999999999721      -0.25556856760197399     
   3.3799999999999719      -0.25499118129177667     
   3.3899999999999717      -0.25438857129407089     
   3.3999999999999715      -0.25376079592592471     
   3.4099999999999713      -0.25310791594948195     
   3.4199999999999711      -0.25242999456724702     
   3.4299999999999708      -0.25172709741717070     
   3.4399999999999706      -0.25099929256753661     
   3.4499999999999704      -0.25024665051164774     
   3.4599999999999702      -0.24946924416231175     
   3.4699999999999700      -0.24866714884612501     
   3.4799999999999698      -0.24784044229755406     
   3.4899999999999696      -0.24698920465281410     
   3.4999999999999694      -0.24611351844354346     
   3.5099999999999691      -0.24521346859027340     
   3.5199999999999689      -0.24428914239569260     
   3.5299999999999687      -0.24334062953770502     
   3.5399999999999685      -0.24236802206228089     
   3.5499999999999683      -0.24137141437609977     
   3.5599999999999681      -0.24035090323898470     
   3.5699999999999679      -0.23930658775612690     
   3.5799999999999677      -0.23823856937010007     
   3.5899999999999674      -0.23714695185266341     
   3.5999999999999672      -0.23603184129635255     
   3.6099999999999670      -0.23489334610585774     
   3.6199999999999668      -0.23373157698918826     
   3.6299999999999666      -0.23254664694862237     
   3.6399999999999664      -0.23133867127144195     
   3.6499999999999662      -0.23010776752045109     
   3.6599999999999659      -0.22885405552427782     
   3.6699999999999657      -0.22757765736745811     
   3.6799999999999655      -0.22627869738030174     
   3.6899999999999653      -0.22495730212853873     
   3.6999999999999651      -0.22361360040274625     
   3.7099999999999649      -0.22224772320755473     
   3.7199999999999647      -0.22085980375063294     
   3.7299999999999645      -0.21944997743145112     
   3.7399999999999642      -0.21801838182982167     
   3.7499999999999640      -0.21656515669421667     
   3.7599999999999638      -0.21509044392986168     
   3.7699999999999636      -0.21359438758660543     
   3.7799999999999634      -0.21207713384656462     
   3.7899999999999632      -0.21053883101154355     
   3.7999999999999630      -0.20897962949022791     
   3.8099999999999627      -0.20739968178515261     
   3.8199999999999625      -0.20579914247944298     
   3.8299999999999623      -0.20417816822332910     
   3.8399999999999621      -0.20253691772043306     
   3.8499999999999619      -0.20087555171382865     
   3.8599999999999617      -0.19919423297187341     
   3.8699999999999615      -0.19749312627381291     
   3.8799999999999613      -0.19577239839515695     
   3.8899999999999610      -0.19403221809282778     
   3.8999999999999608      -0.19227275609008013     
   3.9099999999999606      -0.19049418506119312     
   3.9199999999999604      -0.18869667961593428     
   3.9299999999999602      -0.18688041628379545     
   3.9399999999999600      -0.18504557349800099     
   3.9499999999999598      -0.18319233157928852     
   3.9599999999999596      -0.18132087271946223     
   3.9699999999999593      -0.17943138096471944     
   3.9799999999999591      -0.17752404219875045     
   3.9899999999999589      -0.17559904412561245     
   3.9999999999999587      -0.17365657625237774     
   4.0099999999999589      -0.17169682987155702     
   4.0199999999999587      -0.16971999804329824     
   4.0299999999999585      -0.16772627557736194     
   4.0399999999999583      -0.16571585901487348     
   4.0499999999999581      -0.16368894660985339     
   4.0599999999999579      -0.16164573831052642     
   4.0699999999999577      -0.15958643574041054     
   4.0799999999999574      -0.15751124217918655     
   4.0899999999999572      -0.15542036254334990     
   4.0999999999999570      -0.15331400336664536     
   4.1099999999999568      -0.15119237278028616     
   4.1199999999999566      -0.14905568049295881     
   4.1299999999999564      -0.14690413777061490     
   4.1399999999999562      -0.14473795741605144     
   4.1499999999999559      -0.14255735374828116     
   4.1599999999999557      -0.14036254258169450     
   4.1699999999999555      -0.13815374120501489     
   4.1799999999999553      -0.13593116836004901     
   4.1899999999999551      -0.13369504422023398     
   4.1999999999999549      -0.13144559036898321     
   4.2099999999999547      -0.12918302977783302     
   4.2199999999999545      -0.12690758678439207     
   4.2299999999999542      -0.12461948707009549     
   4.2399999999999540      -0.12231895763776619     
   4.2499999999999538      -0.12000622678898545     
   4.2599999999999536      -0.11768152410127507     
   4.2699999999999534      -0.11534508040509361     
   4.2799999999999532      -0.11299712776064923     
   4.2899999999999530      -0.11063789943453137     
   4.2999999999999527      -0.10826762987616433     
   4.3099999999999525      -0.10588655469408510     
   4.3199999999999523      -0.10349491063204838     
   4.3299999999999521      -0.10109293554496149     
   4.3399999999999519       -9.8680868374652189E-002
   4.3499999999999517       -9.6258949125472365E-002
   4.3599999999999515       -9.3827418839740509E-002
   4.3699999999999513       -9.1386519573026237E-002
   4.3799999999999510       -8.8936494369279875E-002
   4.3899999999999508       -8.6477587235810532E-002
   4.3999999999999506       -8.4010043118115718E-002
   4.4099999999999504       -8.1534107874566136E-002
   4.4199999999999502       -7.9050028250948826E-002
   4.4299999999999500       -7.6558051854872328E-002
   4.4399999999999498       -7.4058427130037338E-002
   4.4499999999999496       -7.1551403330376406E-002
   4.4599999999999493       -6.9037230494066515E-002
   4.4699999999999491       -6.6516159417417980E-002
   4.4799999999999489       -6.3988441628643755E-002
   4.4899999999999487       -6.1454329361512718E-002
   4.4999999999999485       -5.8914075528890934E-002
   4.5099999999999483       -5.6367933696174814E-002
   4.5199999999999481       -5.3816158054620117E-002
   4.5299999999999478       -5.1259003394570804E-002
   4.5399999999999476       -4.8696725078591900E-002
   4.5499999999999474       -4.6129579014510341E-002
   4.5599999999999472       -4.3557821628368049E-002
   4.5699999999999470       -4.0981709837291436E-002
   4.5799999999999468       -3.8401501022281501E-002
   4.5899999999999466       -3.5817453000928819E-002
   4.5999999999999464       -3.3229824000057757E-002
   4.6099999999999461       -3.0638872628304198E-002
   4.6199999999999459       -2.8044857848631158E-002
   4.6299999999999457       -2.5448038950786712E-002
   4.6399999999999455       -2.2848675523708600E-002
   4.6499999999999453       -2.0247027427880007E-002
   4.6599999999999451       -1.7643354767640944E-002
   4.6699999999999449       -1.5037917863459760E-002
   4.6799999999999446       -1.2430977224169245E-002
   4.6899999999999444       -9.8227935191718806E-003
   4.6999999999999442       -7.2136275506187661E-003
   4.7099999999999440       -4.6037402255667626E-003
   4.7199999999999438       -1.9933925281184280E-003
   4.7299999999999436        6.1715450845070251E-004
   4.7399999999999434        3.2276398295729056E-003
   4.7499999999999432        5.8378023872725591E-003
   4.7599999999999429        8.4473811680493456E-003
   4.7699999999999427        1.1056115220755796E-002
   4.7799999999999425        1.3663743684464599E-002
   4.7899999999999423        1.6270005816321091E-002
   4.7999999999999421        1.8874641019376394E-002
   4.8099999999999419        2.1477388870396599E-002
   4.8199999999999417        2.4077989147643489E-002
   4.8299999999999415        2.6676181858622264E-002
   4.8399999999999412        2.9271707267791741E-002
   4.8499999999999410        3.1864305924232533E-002
   4.8599999999999408        3.4453718689268747E-002
   4.8699999999999406        3.7039686764038703E-002
   4.8799999999999404        3.9621951717010301E-002
   4.8899999999999402        4.2200255511436566E-002
   4.8999999999999400        4.4774340532747051E-002
   4.9099999999999397        4.7343949615870670E-002
   4.9199999999999395        4.9908826072485750E-002
   4.9299999999999393        5.2468713718192908E-002
   4.9399999999999391        5.5023356899606572E-002
   4.9499999999999389        5.7572500521360911E-002
   4.9599999999999387        6.0115890073025993E-002
   4.9699999999999385        6.2653271655930085E-002
   4.9799999999999383        6.5184392009883893E-002
   4.9899999999999380        6.7708998539802862E-002
   4.9999999999999378        7.0226839342223374E-002
   5.0099999999999376        7.2737663231709007E-002
   5.0199999999999374        7.5241219767142875E-002
   5.0299999999999372        7.7737259277902246E-002
   5.0399999999999370        8.0225532889911633E-002
   5.0499999999999368        8.2705792551570581E-002
   5.0599999999999365        8.5177791059552505E-002
   5.0699999999999363        8.7641282084470862E-002
   5.0799999999999361        9.0096020196409207E-002
   5.0899999999999359        9.2541760890311492E-002
   5.0999999999999357        9.4978260611229243E-002
   5.1099999999999355        9.7405276779422137E-002
   5.1199999999999353        9.9822567815308710E-002
   5.1299999999999351       0.10222989316426394     
   5.1399999999999348       0.10462701332126040     
   5.1499999999999346       0.10701368985534995     
   5.1599999999999344       0.10938968543398284     
   5.1699999999999342       0.11175476384716122     
   5.1799999999999340       0.11410869003142421     
   5.1899999999999338       0.11645123009366144     
   5.1999999999999336       0.11878215133475253     
   5.2099999999999334       0.12110122227302964     
   5.2199999999999331       0.12340821266756037     
   5.2299999999999329       0.12570289354124864     
   5.2399999999999327       0.12798503720375076     
   5.2499999999999325       0.13025441727420453     
   5.2599999999999323       0.13251080870376875     
   5.2699999999999321       0.13475398779797096     
   5.2799999999999319       0.13698373223886132     
   5.2899999999999316       0.13919982110697018     
   5.2999999999999314       0.14140203490306752     
   5.3099999999999312       0.14359015556972210     
   5.3199999999999310       0.14576396651265852     
   5.3299999999999308       0.14792325262191025     
   5.3399999999999306       0.15006780029276678     
   5.3499999999999304       0.15219739744651345     
   5.3599999999999302       0.15431183355096192     
   5.3699999999999299       0.15641089964077012     
   5.3799999999999297       0.15849438833754981     
   5.3899999999999295       0.16056209386976070     
   5.3999999999999293       0.16261381209238951     
   5.4099999999999291       0.16464934050641278     
   5.4199999999999289       0.16666847827804221     
   5.4299999999999287       0.16867102625775149     
   5.4399999999999284       0.17065678699908338     
   5.4499999999999282       0.17262556477723606     
   5.4599999999999280       0.17457716560742814     
   5.4699999999999278       0.17651139726304083     
   5.4799999999999276       0.17842806929353719     
   5.4899999999999274       0.18032699304215719     
   5.4999999999999272       0.18220798166338809     
   5.5099999999999270       0.18407085014020966     
   5.5199999999999267       0.18591541530111347     
   5.5299999999999265       0.18774149583689587     
   5.5399999999999263       0.18954891231722434     
   5.5499999999999261       0.19133748720697660     
   5.5599999999999259       0.19310704488235242     
   5.5699999999999257       0.19485741164675774     
   5.5799999999999255       0.19658841574646091     
   5.5899999999999253       0.19829988738602100     
   5.5999999999999250       0.19999165874348798     
   5.6099999999999248       0.20166356398537483     
   5.6199999999999246       0.20331543928140147     
   5.6299999999999244       0.20494712281901076     
   5.6399999999999242       0.20655845481765653     
   5.6499999999999240       0.20814927754286378     
   5.6599999999999238       0.20971943532006140     
   5.6699999999999235       0.21126877454818757     
   5.6799999999999233       0.21279714371306804     
   5.6899999999999231       0.21430439340056781     
   5.6999999999999229       0.21579037630951636     
   5.7099999999999227       0.21725494726440703     
   5.7199999999999225       0.21869796322787086     
   5.7299999999999223       0.22011928331292541     
   5.7399999999999221       0.22151876879499907     
   5.7499999999999218       0.22289628312373136     
   5.7599999999999216       0.22425169193454983     
   5.7699999999999214       0.22558486306002418     
   5.7799999999999212       0.22689566654099799     
   5.7899999999999210       0.22818397463749920     
   5.7999999999999208       0.22944966183942939     
   5.8099999999999206       0.23069260487703303     
   5.8199999999999203       0.23191268273114721     
   5.8299999999999201       0.23310977664323260     
   5.8399999999999199       0.23428377012518628     
   5.8499999999999197       0.23543454896893753     
   5.8599999999999195       0.23656200125582685     
   5.8699999999999193       0.23766601736576953     
   5.8799999999999191       0.23874648998620412     
   5.8899999999999189       0.23980331412082689     
   5.8999999999999186       0.24083638709811295     
   5.9099999999999184       0.24184560857962492     
   5.9199999999999182       0.24283088056810992     
   5.9299999999999180       0.24379210741538568     
   5.9399999999999178       0.24472919583001670     
   5.9499999999999176       0.24564205488478125     
   5.9599999999999174       0.24653059602392988     
   5.9699999999999172       0.24739473307023652     
   5.9799999999999169       0.24823438223184280     
   5.9899999999999167       0.24904946210889642     
   5.9999999999999165       0.24983989369998447     
   6.0099999999999163       0.25060560040836238     
   6.0199999999999161       0.25134650804797942     
   6.0299999999999159       0.25206254484930124     
   6.0399999999999157       0.25275364146493073     
   6.0499999999999154       0.25341973097502740     
   6.0599999999999152       0.25406074889252628     
   6.0699999999999150       0.25467663316815703     
   6.0799999999999148       0.25526732419526404     
   6.0899999999999146       0.25583276481442802     
   6.0999999999999144       0.25637290031788995     
   6.1099999999999142       0.25688767845377786     
   6.1199999999999140       0.25737704943013712     
   6.1299999999999137       0.25784096591876488     
   6.1399999999999135       0.25827938305884929     
   6.1499999999999133       0.25869225846041388     
   6.1599999999999131       0.25907955220756779     
   6.1699999999999129       0.25944122686156240     
   6.1799999999999127       0.25977724746365444     
   6.1899999999999125       0.26008758153777678     
   6.1999999999999122       0.26037219909301645     
   6.2099999999999120       0.26063107262590113     
   6.2199999999999118       0.26086417712249366     
   6.2299999999999116       0.26107149006029573     
   6.2399999999999114       0.26125299140996039     
   6.2499999999999112       0.26140866363681403     
   6.2599999999999110       0.26153849170218807     
   6.2699999999999108       0.26164246306456018     
   6.2799999999999105       0.26172056768050606     
   6.2899999999999103       0.26177279800546088     
   6.2999999999999101       0.26179914899429146     
   6.3099999999999099       0.26179961810167857     
   6.3199999999999097       0.26177420528230994     
   6.3299999999999095       0.26172291299088357     
   6.3399999999999093       0.26164574618192188     
   6.3499999999999091       0.26154271230939596     
   6.3599999999999088       0.26141382132616053     
   6.3699999999999086       0.26125908568319917     
   6.3799999999999084       0.26107852032867962     
   6.3899999999999082       0.26087214270681924     
   6.3999999999999080       0.26063997275656037     
   6.4099999999999078       0.26038203291005524     
   6.4199999999999076       0.26009834809096027     
   6.4299999999999073       0.25978894571253952     
   6.4399999999999071       0.25945385567557677     
   6.4499999999999069       0.25909311036609639     
   6.4599999999999067       0.25870674465289190     
   6.4699999999999065       0.25829479588486248     
   6.4799999999999063       0.25785730388815670     
   6.4899999999999061       0.25739431096312282     
   6.4999999999999059       0.25690586188106573     
   6.5099999999999056       0.25639200388080963     
   6.5199999999999054       0.25585278666506578     
   6.5299999999999052       0.25528826239660524     
   6.5399999999999050       0.25469848569423559     
   6.5499999999999048       0.25408351362858134     
   6.5599999999999046       0.25344340571766710     
   6.5699999999999044       0.25277822392230326     
   6.5799999999999041       0.25208803264127305     
   6.5899999999999039       0.25137289870632068     
   6.5999999999999037       0.25063289137693956     
   6.6099999999999035       0.24986808233496033     
   6.6199999999999033       0.24907854567893731     
   6.6299999999999031       0.24826435791833323     
   6.6399999999999029       0.24742559796750119     
   6.6499999999999027       0.24656234713946293     
   6.6599999999999024       0.24567468913948315     
   6.6699999999999022       0.24476271005843844     
   6.6799999999999020       0.24382649836598044     
   6.6899999999999018       0.24286614490349234     
   6.6999999999999016       0.24188174287683784     
   6.7099999999999014       0.24087338784890169     
   6.7199999999999012       0.23984117773192123     
   6.7299999999999010       0.23878521277960782     
   6.7399999999999007       0.23770559557905749     
   6.7499999999999005       0.23660243104245005     
   6.7599999999999003       0.23547582639853562     
   6.7699999999999001       0.23432589118390795     
   6.7799999999998999       0.23315273723406366     
   6.7899999999998997       0.23195647867424657     
   6.7999999999998995       0.23073723191007645     
   6.8099999999998992       0.22949511561796110     
   6.8199999999998990       0.22823025073529143     
   6.8299999999998988       0.22694276045041836     
   6.8399999999998986       0.22563277019241113     
   6.8499999999998984       0.22430040762059592     
   6.8599999999998982       0.22294580261387459     
   6.8699999999998980       0.22156908725982233     
   6.8799999999998978       0.22017039584356379     
   6.8899999999998975       0.21874986483642714     
   6.8999999999998973       0.21730763288437524     
   6.9099999999998971       0.21584384079621344     
   6.9199999999998969       0.21435863153157339     
   6.9299999999998967       0.21285215018867240     
   6.9399999999998965       0.21132454399184772     
   6.9499999999998963       0.20977596227886539     
   6.9599999999998960       0.20820655648800315     
   6.9699999999998958       0.20661648014490705     
   6.9799999999998956       0.20500588884922130     
   6.9899999999998954       0.20337494026099118     
   6.9999999999998952       0.20172379408683855     
   7.0099999999998950       0.20005261206590988     
   7.0199999999998948       0.19836155795559646     
   7.0299999999998946       0.19665079751702674     
   7.0399999999998943       0.19492049850033061     
   7.0499999999998941       0.19317083062967555     
   7.0599999999998939       0.19140196558807476     
   7.0699999999998937       0.18961407700196711     
   7.0799999999998935       0.18780734042556912     
   7.0899999999998933       0.18598193332499913     
   7.0999999999998931       0.18413803506217374     
   7.1099999999998929       0.18227582687847693     
   7.1199999999998926       0.18039549187820197     
   7.1299999999998924       0.17849721501176657     
   7.1399999999998922       0.17658118305870185     
   7.1499999999998920       0.17464758461041532     
   7.1599999999998918       0.17269661005272857     
   7.1699999999998916       0.17072845154819039     
   7.1799999999998914       0.16874330301816567     
   7.1899999999998911       0.16674136012470123     
   7.1999999999998909       0.16472282025216892     
   7.2099999999998907       0.16268788248868726     
   7.2199999999998905       0.16063674760732236     
   7.2299999999998903       0.15856961804706896     
   7.2399999999998901       0.15648669789361314     
   7.2499999999998899       0.15438819285987723     
   7.2599999999998897       0.15227431026634863     
   7.2699999999998894       0.15014525902119349     
   7.2799999999998892       0.14800124960015681     
   7.2899999999998890       0.14584249402625021     
   7.2999999999998888       0.14366920584922896     
   7.3099999999998886       0.14148160012485986     
   7.3199999999998884       0.13927989339398145     
   7.3299999999998882       0.13706430366135852     
   7.3399999999998879       0.13483505037433233     
   7.3499999999998877       0.13259235440126879     
   7.3599999999998875       0.13033643800980627     
   7.3699999999998873       0.12806752484490505     
   7.3799999999998871       0.12578583990670072     
   7.3899999999998869       0.12349160952816328     
   7.3999999999998867       0.12118506135256454     
   7.4099999999998865       0.11886642431075599     
   7.4199999999998862       0.11653592859825927     
   7.4299999999998860       0.11419380565217213     
   7.4399999999998858       0.11184028812789196     
   7.4499999999998856       0.10947560987565973     
   7.4599999999998854       0.10710000591692694     
   7.4699999999998852       0.10471371242054825     
   7.4799999999998850       0.10231696667880265     
   7.4899999999998847        9.9910007083245961E-002
   7.4999999999998845        9.7493073100397704E-002
   7.5099999999998843        9.5066405247265257E-002
   7.5199999999998841        9.2630245066708389E-002
   7.5299999999998839        9.0184835102647312E-002
   7.5399999999998837        8.7730418875117511E-002
   7.5499999999998835        8.5267240855174467E-002
   7.5599999999998833        8.2795546439651785E-002
   7.5699999999998830        8.0315581925776008E-002
   7.5799999999998828        7.7827594485641569E-002
   7.5899999999998826        7.5331832140549476E-002
   7.5999999999998824        7.2828543735213247E-002
   7.6099999999998822        7.0317978911835707E-002
   7.6199999999998820        6.7800388084060387E-002
   7.6299999999998818        6.5276022410801257E-002
   7.6399999999998816        6.2745133769954567E-002
   7.6499999999998813        6.0207974731996655E-002
   7.6599999999998811        5.7664798533471659E-002
   7.6699999999998809        5.5115859050373014E-002
   7.6799999999998807        5.2561410771422810E-002
   7.6899999999998805        5.0001708771252998E-002
   7.6999999999998803        4.7437008683492550E-002
   7.7099999999998801        4.4867566673764722E-002
   7.7199999999998798        4.2293639412598547E-002
   7.7299999999998796        3.9715484048258837E-002
   7.7399999999998794        3.7133358179498865E-002
   7.7499999999998792        3.4547519828240086E-002
   7.7599999999998790        3.1958227412183147E-002
   7.7699999999998788        2.9365739717354577E-002
   7.7799999999998786        2.6770315870593534E-002
   7.7899999999998784        2.4172215311983006E-002
   7.7999999999998781        2.1571697767229878E-002
   7.8099999999998779        1.8969023219998365E-002
   7.8199999999998777        1.6364451884201252E-002
   7.8299999999998775        1.3758244176253461E-002
   7.8399999999998773        1.1150660687292436E-002
   7.8499999999998771        8.5419621553699115E-003
   7.8599999999998769        5.9324094376195652E-003
   7.8699999999998766        3.3222634824051538E-003
   7.8799999999998764        7.1178530145365624E-004
   7.8899999999998762       -1.8987640580219768E-003
   7.8999999999998760       -4.5091235412059016E-003
   7.9099999999998758       -7.1190321135637096E-003
   7.9199999999998756       -9.7282287887234288E-003
   7.9299999999998754       -1.2336452656348609E-002
   7.9399999999998752       -1.4943442909998932E-002
   7.9499999999998749       -1.7548938874973760E-002
   7.9599999999998747       -2.0152680036134095E-002
   7.9699999999998745       -2.2754406065698354E-002
   7.9799999999998743       -2.5353856851007450E-002
   7.9899999999998741       -2.7950772522254662E-002
   7.9999999999998739       -3.0544893480175774E-002
   8.0099999999998737       -3.3135960423694981E-002
   8.0199999999998735       -3.5723714377522114E-002
   8.0299999999998732       -3.8307896719696755E-002
   8.0399999999998730       -4.0888249209074759E-002
   8.0499999999998728       -4.3464514012752885E-002
   8.0599999999998726       -4.6036433733427043E-002
   8.0699999999998724       -4.8603751436679957E-002
   8.0799999999998722       -5.1166210678193859E-002
   8.0899999999998720       -5.3723555530883940E-002
   8.0999999999998717       -5.6275530611948399E-002
   8.1099999999998715       -5.8821881109830804E-002
   8.1199999999998713       -6.1362352811090683E-002
   8.1299999999998711       -6.3896692127178190E-002
   8.1399999999998709       -6.6424646121108835E-002
   8.1499999999998707       -6.8945962534034136E-002
   8.1599999999998705       -7.1460389811704370E-002
   8.1699999999998703       -7.3967677130819379E-002
   8.1799999999998700       -7.6467574425263599E-002
   8.1899999999998698       -7.8959832412221501E-002
   8.1999999999998696       -8.1444202618169606E-002
   8.2099999999998694       -8.3920437404741421E-002
   8.2199999999998692       -8.6388289994461617E-002
   8.2299999999998690       -8.8847514496345800E-002
   8.2399999999998688       -9.1297865931362424E-002
   8.2499999999998685       -9.3739100257753213E-002
   8.2599999999998683       -9.6170974396208808E-002
   8.2699999999998681       -9.8593246254896197E-002
   8.2799999999998679      -0.10100567475433463     
   8.2899999999998677      -0.10340801985211678     
   8.2999999999998675      -0.10580004256747205     
   8.3099999999998673      -0.10818150500566878     
   8.3199999999998671      -0.11055217038225246     
   8.3299999999998668      -0.11291180304711688     
   8.3399999999998666      -0.11526016850840537     
   8.3499999999998664      -0.11759703345623919     
   8.3599999999998662      -0.11992216578627055     
   8.3699999999998660      -0.12223533462305722     
   8.3799999999998658      -0.12453631034325645     
   8.3899999999998656      -0.12682486459863537     
   8.3999999999998654      -0.12910077033889567     
   8.4099999999998651      -0.13136380183430973     
   8.4199999999998649      -0.13361373469816648     
   8.4299999999998647      -0.13585034590902412     
   8.4399999999998645      -0.13807341383276789     
   8.4499999999998643      -0.14028271824447064     
   8.4599999999998641      -0.14247804035005421     
   8.4699999999998639      -0.14465916280774960     
   8.4799999999998636      -0.14682586974935402     
   8.4899999999998634      -0.14897794680128318     
   8.4999999999998632      -0.15111518110541677     
   8.5099999999998630      -0.15323736133973578     
   8.5199999999998628      -0.15534427773874973     
   8.5299999999998626      -0.15743572211371257     
   8.5399999999998624      -0.15951148787262567     
   8.5499999999998622      -0.16157137004002650     
   8.5599999999998619      -0.16361516527656161     
   8.5699999999998617      -0.16564267189834295     
   8.5799999999998615      -0.16765368989608592     
   8.5899999999998613      -0.16964802095402859     
   8.5999999999998611      -0.17162546846863042     
   8.6099999999998609      -0.17358583756705015     
   8.6199999999998607      -0.17552893512540146     
   8.6299999999998604      -0.17745456978678584     
   8.6399999999998602      -0.17936255197910181     
   8.6499999999998600      -0.18125269393262977     
   8.6599999999998598      -0.18312480969739195     
   8.6699999999998596      -0.18497871516028674     
   8.6799999999998594      -0.18681422806199696     
   8.6899999999998592      -0.18863116801367158     
   8.6999999999998590      -0.19042935651338058     
   8.7099999999998587      -0.19220861696234257     
   8.7199999999998585      -0.19396877468092472     
   8.7299999999998583      -0.19570965692441511     
   8.7399999999998581      -0.19743109289856708     
   8.7499999999998579      -0.19913291377491554     
   8.7599999999998577      -0.20081495270586514     
   8.7699999999998575      -0.20247704483955040     
   8.7799999999998573      -0.20411902733446774     
   8.7899999999998570      -0.20574073937387954     
   8.7999999999998568      -0.20734202217999023     
   8.8099999999998566      -0.20892271902789489     
   8.8199999999998564      -0.21048267525930026     
   8.8299999999998562      -0.21202173829601861     
   8.8399999999998560      -0.21353975765323477     
   8.8499999999998558      -0.21503658495254652     
   8.8599999999998555      -0.21651207393477898     
   8.8699999999998553      -0.21796608047257313     
   8.8799999999998551      -0.21939846258274914     
   8.8899999999998549      -0.22080908043844494     
   8.8999999999998547      -0.22219779638103040     
   8.9099999999998545      -0.22356447493179804     
   8.9199999999998543      -0.22490898280343025     
   8.9299999999998541      -0.22623118891124436     
   8.9399999999998538      -0.22753096438421561     
   8.9499999999998536      -0.22880818257577887     
   8.9599999999998534      -0.23006271907440992     
   8.9699999999998532      -0.23129445171398680     
   8.9799999999998530      -0.23250326058393198     
   8.9899999999998528      -0.23368902803913624     
   8.9999999999998526      -0.23485163870966480     
   9.0099999999998523      -0.23599097951024656     
   9.0199999999998521      -0.23710693964954735     
   9.0299999999998519      -0.23819941063922770     
   9.0399999999998517      -0.23926828630278618     
   9.0499999999998515      -0.24031346278418905     
   9.0599999999998513      -0.24133483855628693     
   9.0699999999998511      -0.24233231442901945     
   9.0799999999998509      -0.24330579355740864     
   9.0899999999998506      -0.24425518144934186     
   9.0999999999998504      -0.24518038597314512     
   9.1099999999998502      -0.24608131736494770     
   9.1199999999998500      -0.24695788823583870     
   9.1299999999998498      -0.24781001357881649     
   9.1399999999998496      -0.24863761077553184     
   9.1499999999998494      -0.24944059960282555     
   9.1599999999998492      -0.25021890223906135     
   9.1699999999998489      -0.25097244327025475     
   9.1799999999998487      -0.25170114969599899     
   9.1899999999998485      -0.25240495093518833     
   9.1999999999998483      -0.25308377883153998     
   9.2099999999998481      -0.25373756765891486     
   9.2199999999998479      -0.25436625412643843     
   9.2299999999998477      -0.25496977738342202     
   9.2399999999998474      -0.25554807902408538     
   9.2499999999998472      -0.25610110309208106     
   9.2599999999998470      -0.25662879608482164     
   9.2699999999998468      -0.25713110695760977     
   9.2799999999998466      -0.25760798712757244     
   9.2899999999998464      -0.25805939047739934     
   9.2999999999998462      -0.25848527335888655     
   9.3099999999998460      -0.25888559459628535     
   9.3199999999998457      -0.25926031548945744     
   9.3299999999998455      -0.25960939981683645     
   9.3399999999998453      -0.25993281383819666     
   9.3499999999998451      -0.26023052629722904     
   9.3599999999998449      -0.26050250842392514     
   9.3699999999998447      -0.26074873393676945     
   9.3799999999998445      -0.26096917904473999     
   9.3899999999998442      -0.26116382244911829     
   9.3999999999998440      -0.26133264534510819     
   9.4099999999998438      -0.26147563142326447     
   9.4199999999998436      -0.26159276687073085     
   9.4299999999998434      -0.26168404037228843     
   9.4399999999998432      -0.26174944311121379     
   9.4499999999998430      -0.26178896876994756     
   9.4599999999998428      -0.26180261353057344     
   9.4699999999998425      -0.26179037607510747     
   9.4799999999998423      -0.26175225758559800     
   9.4899999999998421      -0.26168826174403603     
   9.4999999999998419      -0.26159839473207630     
   9.5099999999998417      -0.26148266523056840     
   9.5199999999998415      -0.26134108441889875     
   9.5299999999998413      -0.26117366597414254     
   9.5399999999998411      -0.26098042607002597     
   9.5499999999998408      -0.26076138337569826     
   9.5599999999998406      -0.26051655905431365     
   9.5699999999998404      -0.26024597676142258     
   9.5799999999998402      -0.25994966264317254     
   9.5899999999998400      -0.25962764533431759     
   9.5999999999998398      -0.25927995595603648     
   9.6099999999998396      -0.25890662811355930     
   9.6199999999998393      -0.25850769789360167     
   9.6299999999998391      -0.25808320386160677     
   9.6399999999998389      -0.25763318705879412     
   9.6499999999998387      -0.25715769099901509     
   9.6599999999998385      -0.25665676166541435     
   9.6699999999998383      -0.25613044750689706     
   9.6799999999998381      -0.25557879943440098     
   9.6899999999998379      -0.25500187081697301     
   9.6999999999998376      -0.25439971747764956     
   9.7099999999998374      -0.25377239768914023     
   9.7199999999998372      -0.25311997216931420     
   9.7299999999998370      -0.25244250407648838     
   9.7399999999998368      -0.25174005900451685     
   9.7499999999998366      -0.25101270497768108     
   9.7599999999998364      -0.25026051244537989     
   9.7699999999998361      -0.24948355427661864     
   9.7799999999998359      -0.24868190575429672     
   9.7899999999998357      -0.24785564456929274     
   9.7999999999998355      -0.24700485081434678     
   9.8099999999998353      -0.24612960697773853     
   9.8199999999998351      -0.24522999793676079     
   9.8299999999998349      -0.24430611095098764     
   9.8399999999998347      -0.24335803565533615     
   9.8499999999998344      -0.24238586405292106     
   9.8599999999998342      -0.24138969050770165     
   9.8699999999998340      -0.24036961173691967     
   9.8799999999998338      -0.23932572680332787     
   9.8899999999998336      -0.23825813710720800     
   9.8999999999998334      -0.23716694637817787     
   9.9099999999998332      -0.23605226066678595     
   9.9199999999998330      -0.23491418833589356     
   9.9299999999998327      -0.23375284005184305     
   9.9399999999998325      -0.23256832877541167     
   9.9499999999998323      -0.23136076975255021     
   9.9599999999998321      -0.23013028050490542     
   9.9699999999998319      -0.22887698082012567     
   9.9799999999998317      -0.22760099274194900     
   9.9899999999998315      -0.22630244056007282     
   9.9999999999998312      -0.22498145079980439     
