   0.0000000000000000        1.0000000474974513E-003
   4.0000000000000001E-002   9.9840491718627966E-004
   8.0000000000000002E-002   9.9522037574283073E-004
  0.12000000000000000        9.9045465730808468E-004
  0.16000000000000000        9.8411849942349472E-004
  0.20000000000000001        9.7622512734185651E-004
  0.24000000000000002        9.6679023413411003E-004
  0.28000000000000003        9.5583195656789854E-004
  0.32000000000000001        9.4337084678144945E-004
  0.35999999999999999        9.2942983981918192E-004
  0.39999999999999997        9.1403421712975275E-004
  0.43999999999999995        8.9721156615281406E-004
  0.47999999999999993        8.7899173613464887E-004
  0.51999999999999991        8.5940679031493161E-004
  0.55999999999999994        8.3849095461668854E-004
  0.59999999999999998        8.1628056294805185E-004
  0.64000000000000001        7.9281399918829099E-004
  0.68000000000000005        7.6813163588336508E-004
  0.72000000000000008        7.4227576961716224E-004
  0.76000000000000012        7.1529055295718735E-004
  0.80000000000000016        6.8722192279885297E-004
  0.84000000000000019        6.5811752485239738E-004
  0.88000000000000023        6.2802663393507485E-004
  0.92000000000000026        5.9700006964999441E-004
  0.96000000000000030        5.6509010695610096E-004
   1.0000000000000002        5.3235038106405619E-004
   1.0400000000000003        4.9883578603349132E-004
   1.0800000000000003        4.6460236640194497E-004
   1.1200000000000003        4.2970720114815508E-004
   1.1600000000000004        3.9420827928454694E-004
   1.2000000000000004        3.5816436638905214E-004
   1.2400000000000004        3.2163486142705588E-004
   1.2800000000000005        2.8467964328227069E-004
   1.3200000000000005        2.4735890651073067E-004
   1.3600000000000005        2.0973298595777790E-004
   1.4000000000000006        1.7186217002873594E-004
   1.4400000000000006        1.3380650258615345E-004
   1.4800000000000006        9.5625573648838724E-005
   1.5200000000000007        5.7378299294863488E-005
   1.5600000000000007        1.9122691412798432E-005
   1.6000000000000008        1.9084381798928352E-005
   1.6400000000000008        5.7187443424144835E-005
   1.6800000000000008        9.5132662092656251E-005
   1.7200000000000009        1.3286811124191278E-004
   1.7600000000000009        1.7034403146976018E-004
   1.8000000000000009        2.0751309385580452E-004
   1.8400000000000010        2.4433066195039821E-004
   1.8800000000000010        2.8075504998559264E-004
   1.9200000000000010        3.1674777476620175E-004
   1.9600000000000011        3.5227379865143682E-004
   2.0000000000000009        3.8730176104406766E-004
   2.0400000000000009        4.2180419587067863E-004
   2.0800000000000010        4.5575773265671415E-004
   2.1200000000000010        4.8914327898352816E-004
   2.1600000000000010        5.2194618234457923E-004
   2.2000000000000011        5.5415636970734816E-004
   2.2400000000000011        5.8576846341162891E-004
   2.2800000000000011        6.1678187240143956E-004
   2.3200000000000012        6.4720085817637774E-004
   2.3600000000000012        6.7703457525980504E-004
   2.4000000000000012        7.0629708638847433E-004
   2.4400000000000013        7.3500735304699027E-004
   2.4800000000000013        7.6318920235585175E-004
   2.5200000000000014        7.9087127170018867E-004
   2.5600000000000014        8.1808693281715250E-004
   2.6000000000000014        8.4487419735568281E-004
   2.6400000000000015        8.7127560617261679E-004
   2.6800000000000015        8.9733810481873455E-004
   2.7200000000000015        9.2311290780688893E-004
   2.7600000000000016        9.4865535433985571E-004
   2.8000000000000016        9.7402475819241552E-004
   2.8400000000000016        9.9928425441597746E-004
   2.8800000000000017        1.0245006454439043E-003
   2.9200000000000017        1.0497442490469133E-003
   2.9600000000000017        1.0750887504056283E-003
   3.0000000000000018        1.1006110603555275E-003
   3.0400000000000018        1.1263911816026262E-003
   3.0800000000000018        1.1525120844417813E-003
   3.1200000000000019        1.1790595931993053E-003
   3.1600000000000019        1.2061222843142705E-003
   3.2000000000000020        1.2337913966402603E-003
   3.2400000000000020        1.2621607542162572E-003
   3.2800000000000020        1.2913267014140750E-003
   3.3200000000000021        1.3213880500240194E-003
   3.3600000000000021        1.3524460375031744E-003
   3.4000000000000021        1.3846042952576632E-003
   3.4400000000000022        1.4179688254940537E-003
   3.4800000000000022        1.4526479848293583E-003
   3.5200000000000022        1.4887524724986889E-003
   3.5600000000000023        1.5263953206514635E-003
   3.6000000000000023        1.5656918838797829E-003
   3.6400000000000023        1.6067598247402337E-003
   3.6800000000000024        1.6497190916782145E-003
   3.7200000000000024        1.6946918853557591E-003
   3.7600000000000025        1.7418026089957017E-003
   3.8000000000000025        1.7911777979247034E-003
   3.8400000000000025        1.8429460230620087E-003
   3.8800000000000026        1.8972377626496062E-003
   3.9200000000000026        1.9541852360323020E-003
   3.9600000000000026        2.0139221928152651E-003
   4.0000000000000027        2.0765836502292245E-003
   4.0400000000000027        2.1423055710143579E-003
   4.0800000000000027        2.2112244736511855E-003
   4.1200000000000028        2.2834769662782861E-003
   4.1600000000000028        2.3591991951819047E-003
   4.2000000000000028        2.4385261983637108E-003
   4.2400000000000029        2.5215911543674530E-003
   4.2800000000000029        2.6085245163445236E-003
   4.3200000000000029        2.6994530212838264E-003
   4.3600000000000030        2.7944985644601239E-003
   4.4000000000000030        2.8937769295267479E-003
   4.4400000000000031        2.9973963653420199E-003
   4.4800000000000031        3.1054560016414712E-003
   4.5200000000000031        3.2180440971196766E-003
   4.5600000000000032        3.3352361154181942E-003
   4.6000000000000032        3.4570926270460767E-003
   4.6400000000000032        3.5836570384168986E-003
   4.6800000000000033        3.7149531530658031E-003
   4.7200000000000033        3.8509825747814475E-003
   4.7600000000000033        3.9917219678637927E-003
   4.8000000000000034        4.1371201960607173E-003
   4.8400000000000034        4.2870953689075897E-003
   4.8800000000000034        4.4415318321604502E-003
   4.9200000000000035        4.6002771476576498E-003
   4.9600000000000035        4.7631391171210069E-003
   5.0000000000000036        4.9298829138466616E-003
   5.0400000000000036        5.1002283956469441E-003
   5.0800000000000036        5.2738476813569690E-003
   5.1200000000000037        5.4503630812323678E-003
   5.1600000000000037        5.6293454780478314E-003
   5.2000000000000037        5.8103132600200169E-003
   5.2400000000000038        5.9927319081589658E-003
   5.2800000000000038        6.1760143385720667E-003
   5.3200000000000038        6.3595220939758335E-003
   5.3600000000000039        6.5425674676582446E-003
   5.4000000000000039        6.7244166269686545E-003
   5.4400000000000039        6.9042937819476791E-003
   5.4800000000000040        7.0813864180481190E-003
   5.5200000000000040        7.2548515805266334E-003
   5.5600000000000041        7.4238231628704909E-003
   5.6000000000000041        7.5874201137891006E-003
   5.6400000000000041        7.7447554385061679E-003
   5.6800000000000042        7.8949458322297161E-003
   5.7200000000000042        8.0371217489059177E-003
   5.7600000000000042        8.1704376789053512E-003
   5.8000000000000043        8.2940823872066360E-003
   5.8400000000000043        8.4072888507877863E-003
   5.8800000000000043        8.5093436317027482E-003
   5.9200000000000044        8.5995954314581624E-003
   5.9600000000000044        8.6774625928782712E-003
   6.0000000000000044        8.7424393470074691E-003
   6.0400000000000045        8.7941006432865620E-003
   6.0800000000000045        8.8321054492004336E-003
   6.1200000000000045        8.8561984582788966E-003
   6.1600000000000046        8.8662101998657761E-003
   6.2000000000000046        8.8620555975635895E-003
   6.2400000000000047        8.8437310729236884E-003
   6.2800000000000047        8.8113103343871180E-003
   6.3200000000000047        8.7649390268549343E-003
   6.3600000000000048        8.7048284432775791E-003
   6.4000000000000048        8.6312485157832297E-003
   6.4400000000000048        8.5445203101668921E-003
   6.4800000000000049        8.4450082447103392E-003
   6.5200000000000049        8.3331122434214255E-003
   6.5600000000000049        8.2092600163270468E-003
   6.6000000000000050        8.0738996370675054E-003
   6.6400000000000050        7.9274925624025494E-003
   6.6800000000000050        7.7705072109667261E-003
   6.7200000000000051        7.6034131911352221E-003
   6.7600000000000051        7.4266762413991438E-003
   6.8000000000000052        7.2407539221261974E-003
   6.8400000000000052        7.0460920756606482E-003
   6.8800000000000052        6.8431220527824799E-003
   6.9200000000000053        6.6322586877444190E-003
   6.9600000000000053        6.4138989913831157E-003
   7.0000000000000053        6.1884215219375482E-003
   7.0400000000000054        5.9561863858768049E-003
   7.0800000000000054        5.7175358158313427E-003
   7.1200000000000054        5.4727952691934201E-003
   7.1600000000000055        5.2222749886644548E-003
   7.2000000000000055        4.9662719645485742E-003
   7.2400000000000055        4.7050722375475695E-003
   7.2800000000000056        4.4389534798877639E-003
   7.3200000000000056        4.1681877915479282E-003
   7.3600000000000056        3.8930446470110125E-003
   7.4000000000000057        3.6137939262426144E-003
   7.4400000000000057        3.3307089615263186E-003
   7.4800000000000058        3.0440695294728926E-003
   7.5200000000000058        2.7541647151509974E-003
   7.5600000000000058        2.4612955731583286E-003
   7.6000000000000059        2.1657775089009013E-003
   7.6400000000000059        1.8679423027954112E-003
   7.6800000000000059        1.5681397010001152E-003
   7.7200000000000060        1.2667384990616704E-003
   7.7600000000000060        9.6412704998255494E-004
   7.8000000000000060        6.6071313602150683E-004
   7.8400000000000061        3.5692315431357091E-004
   7.8800000000000061        5.3200580255374774E-005
   7.9200000000000061        2.4999631051583759E-004
   7.9600000000000062        5.5219746108170487E-004
   8.0000000000000053        8.5292477077861251E-004
   8.0400000000000045        1.1516965055286960E-003
   8.0800000000000036        1.4480323111775301E-003
   8.1200000000000028        1.7414587365693276E-003
   8.1600000000000019        2.0315151513508461E-003
   8.2000000000000011        2.3177599247482528E-003
   8.2400000000000002        2.5997767169888275E-003
   8.2799999999999994        2.8771807256696147E-003
   8.3199999999999985        3.1496247259800159E-003
   8.3599999999999977        3.4168047467151852E-003
   8.3999999999999968        3.6784652335378198E-003
   8.4399999999999959        3.9344035666258881E-003
   8.4799999999999951        4.1844738209652066E-003
   8.5199999999999942        4.4285896830470461E-003
   8.5599999999999934        4.6667264662881847E-003
   8.5999999999999925        4.8989221976285524E-003
   8.6399999999999917        5.1252777779330350E-003
   8.6799999999999908        5.3459562475625111E-003
   8.7199999999999900        5.5611812144729100E-003
   8.7599999999999891        5.7712345243750018E-003
   8.7999999999999883        5.9764532700816719E-003
   8.8399999999999874        6.1772262497359343E-003
   8.8799999999999866        6.3739899910386644E-003
   8.9199999999999857        6.5672244610450736E-003
   8.9599999999999849        6.7574485790304895E-003
   8.9999999999999840        6.9452156439184787E-003
   9.0399999999999832        7.1311087785976834E-003
   9.0799999999999823        7.3157364819080861E-003
   9.1199999999999815        7.4997283659723468E-003
   9.1599999999999806        7.6837311426267707E-003
   9.1999999999999797        7.8684049086708008E-003
   9.2399999999999789        8.0544197660306072E-003
   9.2799999999999780        8.2424528002165154E-003
   9.3199999999999772        8.4331854289261265E-003
   9.3599999999999763        8.6273011225428409E-003
   9.3999999999999755        8.8254834896890344E-003
   9.4399999999999746        9.0284147139430004E-003
   9.4799999999999738        9.2367743222450116E-003
   9.5199999999999729        9.4512382613083368E-003
   9.5599999999999721        9.6724782553514466E-003
   9.5999999999999712        9.9011614165136486E-003
   9.6399999999999704        1.0137950078226154E-002
   9.6799999999999695        1.0383501821393359E-002
   9.7199999999999687        1.0638469663324379E-002
   9.7599999999999678        1.0903502379768337E-002
   9.7999999999999670        1.1179244930991761E-002
   9.8399999999999661        1.1466338963472822E-002
   9.8799999999999653        1.1765423359325400E-002
   9.9199999999999644        1.2077134805910994E-002
   9.9599999999999635        1.2402108358160469E-002
   9.9999999999999627        1.2740977965818523E-002
   10.039999999999962        1.3094376937060392E-002
   10.079999999999961        1.3462938308680172E-002
   10.119999999999960        1.3847295091211187E-002
   10.159999999999959        1.4248080354917203E-002
   10.199999999999958        1.4665927119490885E-002
   10.239999999999958        1.5101468006514907E-002
   10.279999999999957        1.5555334609238525E-002
   10.319999999999956        1.6028156528977267E-002
   10.359999999999955        1.6520560021451747E-002
   10.399999999999954        1.7033166189659443E-002
   10.439999999999953        1.7566588652443649E-002
   10.479999999999952        1.8121430609873368E-002
   10.519999999999952        1.8698281217964130E-002
   10.559999999999951        1.9297711176335053E-002
   10.599999999999950        1.9920267423345184E-002
   10.639999999999949        2.0566466824400997E-002
   10.679999999999948        2.1236788730931710E-002
   10.719999999999947        2.1931666280559536E-002
   10.759999999999946        2.2651476303997331E-002
   10.799999999999946        2.3396527702129077E-002
   10.839999999999945        2.4167048158756810E-002
   10.879999999999944        2.4963169062035995E-002
   10.919999999999943        2.5784908522423766E-002
   10.959999999999942        2.6632152399006959E-002
   10.999999999999941        2.7504633281691504E-002
   11.039999999999941        2.8401907426467421E-002
   11.079999999999940        2.9323329707570789E-002
   11.119999999999939        3.0268026736649301E-002
   11.159999999999938        3.1234868407680860E-002
   11.199999999999937        3.2222438259633668E-002
   11.239999999999936        3.3229003208140151E-002
   11.279999999999935        3.4252483382908983E-002
   11.319999999999935        3.5290423017415806E-002
   11.359999999999934        3.6339963567131761E-002
   11.399999999999933        3.7397820474318388E-002
   11.439999999999932        3.8460265239143476E-002
   11.479999999999931        3.9523114681687899E-002
   11.519999999999930        4.0581729465265726E-002
   11.559999999999929        4.1631024071287825E-002
   11.599999999999929        4.2665490438449138E-002
   11.639999999999928        4.3679237370760404E-002
   11.679999999999927        4.4666047546941368E-002
   11.719999999999926        4.5619453499776141E-002
   11.759999999999925        4.6532833259975592E-002
   11.799999999999924        4.7399525472421433E-002
   11.839999999999923        4.8212962712400609E-002
   11.879999999999923        4.8966820500605412E-002
   11.919999999999922        4.9655178211522488E-002
   11.959999999999921        5.0272686790268528E-002
   11.999999999999920        5.0814737058377135E-002
   12.039999999999919        5.1277621529339124E-002
   12.079999999999918        5.1658682193642613E-002
   12.119999999999918        5.1956436770438777E-002
   12.159999999999917        5.2170676516768988E-002
   12.199999999999916        5.2302529837576717E-002
   12.239999999999915        5.2354487589287957E-002
   12.279999999999914        5.2330387994093841E-002
   12.319999999999913        5.2235361309321937E-002
   12.359999999999912        5.2075736625686986E-002
   12.399999999999912        5.1858915195980848E-002
   12.439999999999911        5.1593216341812465E-002
   12.479999999999910        5.1287703116700945E-002
   12.519999999999909        5.0951995446954168E-002
   12.559999999999908        5.0596078421511814E-002
   12.599999999999907        5.0230112813852257E-002
   12.639999999999906        4.9864253896833688E-002
   12.679999999999906        4.9508483288696281E-002
   12.719999999999905        4.9172457089697863E-002
   12.759999999999904        4.8865372071455138E-002
   12.799999999999903        4.8595850282525443E-002
   12.839999999999902        4.8371841223860290E-002
   12.879999999999901        4.8200539786218410E-002
   12.919999999999900        4.8088317460087904E-002
   12.959999999999900        4.8040663935787542E-002
   12.999999999999899        4.8062136099341846E-002
   13.039999999999898        4.8156311580699551E-002
   13.079999999999897        4.8325744402712090E-002
   13.119999999999896        4.8571920889342923E-002
   13.159999999999895        4.8895214798150288E-002
   13.199999999999894        4.9294841623764185E-002
   13.239999999999894        4.9768813151716884E-002
   13.279999999999893        5.0313894593557063E-002
   13.319999999999892        5.0925567958232776E-002
   13.359999999999891        5.1598006643109873E-002
   13.399999999999890        5.2324067464296853E-002
   13.439999999999889        5.3095307361301636E-002
   13.479999999999889        5.3902032644809417E-002
   13.519999999999888        5.4733388724162779E-002
   13.559999999999887        5.5577497562417477E-002
   13.599999999999886        5.6421648493853560E-002
   13.639999999999885        5.7252545394852916E-002
   13.679999999999884        5.8056609523310598E-002
   13.719999999999883        5.8820332781167828E-002
   13.759999999999883        5.9530671032359095E-002
   13.799999999999882        6.0175461924434792E-002
   13.839999999999881        6.0743847056357048E-002
   13.879999999999880        6.1226675007371334E-002
   13.919999999999879        6.1616860336971335E-002
   13.959999999999878        6.1909674641161594E-002
   13.999999999999877        6.2102949257918816E-002
   14.039999999999877        6.2197175031662333E-002
   14.079999999999876        6.2195492075176939E-002
   14.119999999999875        6.2103570819293741E-002
   14.159999999999874        6.1929393785904896E-002
   14.199999999999873        6.1682954470616336E-002
   14.239999999999872        6.1375894703533884E-002
   14.279999999999871        6.1021104430873718E-002
   14.319999999999871        6.0632307966064003E-002
   14.359999999999870        6.0223658681973991E-002
   14.399999999999869        5.9809360392033994E-002
   14.439999999999868        5.9403328959506396E-002
   14.479999999999867        5.9018902645552984E-002
   14.519999999999866        5.8668604927362811E-002
   14.559999999999865        5.8363959403004539E-002
   14.599999999999865        5.8115353193052943E-002
   14.639999999999864        5.7931943034855049E-002
   14.679999999999863        5.7821597003054226E-002
   14.719999999999862        5.7790864355991456E-002
   14.759999999999861        5.7844966235366169E-002
   14.799999999999860        5.7987800659258681E-002
   14.839999999999860        5.8221956282116683E-002
   14.879999999999859        5.8548730610571642E-002
   14.919999999999858        5.8968149652004254E-002
   14.959999999999857        5.9478987253042792E-002
   14.999999999999856        6.0078783601027475E-002
   15.039999999999855        6.0763863473255686E-002
   15.079999999999854        6.1529355797645291E-002
   15.119999999999854        6.2369216909983205E-002
   15.159999999999853        6.3276260533315032E-002
   15.199999999999852        6.4242197938378709E-002
   15.239999999999851        6.5257691941995155E-002
   15.279999999999850        6.6312428334306617E-002
   15.319999999999849        6.7395207970073479E-002
   15.359999999999848        6.8494062097347097E-002
   15.399999999999848        6.9596392527277118E-002
   15.439999999999847        7.0689136992205803E-002
   15.479999999999846        7.1758958543710172E-002
   15.519999999999845        7.2792456186600241E-002
   15.559999999999844        7.3776392237771660E-002
   15.599999999999843        7.4697930273663893E-002
   15.639999999999842        7.5544876134122418E-002
   15.679999999999842        7.6305913430377181E-002
   15.719999999999841        7.6970824488218348E-002
   15.759999999999840        7.7530687735132275E-002
   15.799999999999839        7.7978043250306328E-002
   15.839999999999838        7.8307019515150067E-002
   15.879999999999837        7.8513416241654532E-002
   15.919999999999837        6.2045905668070152     
   15.959999999999836        7.8550194757013053E-002
   15.999999999999835        7.8380621405042539E-002
   16.039999999999836        7.8088403418877073E-002
   16.079999999999835        7.7677331519072634E-002
   16.119999999999834        7.7152442410883482E-002
   16.159999999999833        7.6519837005210034E-002
   16.199999999999832        7.5786486715035850E-002
   16.239999999999831        7.4960035739276565E-002
   16.279999999999831        7.4048606509182324E-002
   16.319999999999830        7.3060614420589531E-002
   16.359999999999829        7.2004596730473436E-002
   16.399999999999828        7.0889059175791136E-002
   16.439999999999827        6.9722342578517393E-002
   16.479999999999826        6.8512510513057068E-002
   16.519999999999825        6.7267258086043169E-002
   16.559999999999825        6.5993841044969193E-002
   16.599999999999824        6.4699023800953936E-002
   16.639999999999823        6.3389044515235193E-002
   16.679999999999822        6.2069595139760514E-002
   16.719999999999821        6.0745814193263525E-002
   16.759999999999820        5.9422290066005079E-002
   16.799999999999820        5.8103072749344342E-002
   16.839999999999819        5.6791692053073772E-002
   16.879999999999818        5.5491180580091060E-002
   16.919999999999817        5.4204099954784812E-002
   16.959999999999816        5.2932569033060428E-002
   16.999999999999815        5.1678293046872659E-002
   17.039999999999814        5.0442592846674295E-002
   17.079999999999814        4.9226433596529784E-002
   17.119999999999813        4.8030452446344629E-002
   17.159999999999812        4.6854984853071935E-002
   17.199999999999811        4.5700089348493567E-002
   17.239999999999810        4.4565570656697640E-002
   17.279999999999809        4.3451001151607604E-002
   17.319999999999808        4.2355740716032653E-002
   17.359999999999808        4.1278955120832572E-002
   17.399999999999807        4.0219633087969164E-002
   17.439999999999806        3.9176602236196345E-002
   17.479999999999805        3.8148544134414930E-002
   17.519999999999804        3.7134008706395161E-002
   17.559999999999803        3.6131428242431651E-002
   17.599999999999802        3.5139131278934199E-002
   17.639999999999802        3.4155356606045739E-002
   17.679999999999801        3.3178267655869842E-002
   17.719999999999800        3.2205967509242983E-002
   17.759999999999799        3.1236514736508347E-002
   17.799999999999798        3.0267940256554215E-002
   17.839999999999797        2.9298265357636133E-002
   17.879999999999797        2.8325520972439788E-002
   17.919999999999796        2.7347768237982351E-002
   17.959999999999795        2.6363120298268150E-002
   17.999999999999794        2.5369765224680929E-002
   18.039999999999793        2.4365989837332735E-002
   18.079999999999792        2.3350204112368322E-002
   18.119999999999791        2.2320965759030198E-002
   18.159999999999791        2.1277004450729553E-002
   18.199999999999790        2.0217245102155945E-002
   18.239999999999789        1.9140829506165025E-002
   18.279999999999788        1.8047135586971574E-002
   18.319999999999787        1.6935793497241169E-002
   18.359999999999786        1.5806697792655200E-002
   18.399999999999785        1.4660014963776113E-002
   18.439999999999785        1.3496185694842011E-002
   18.479999999999784        1.2315921353028614E-002
   18.519999999999783        1.1120194386972315E-002
   18.559999999999782        9.9102225236360475E-003
   18.599999999999781        8.6874468881047440E-003
   18.639999999999780        7.4535044187706984E-003
   18.679999999999779        6.2101951956060747E-003
   18.719999999999779        4.9594455258516607E-003
   18.759999999999778        3.7032678239761890E-003
   18.799999999999777        2.4437184676138202E-003
   18.839999999999776        1.1828548980940545E-003
   18.879999999999775        7.7306742818972207E-005
   18.919999999999774        1.3348321903055016E-003
   18.959999999999773        2.5879067012879453E-003
   18.999999999999773        3.8348687755328514E-003
   19.039999999999772        5.0742391581655166E-003
   19.079999999999771        6.3047445512790512E-003
   19.119999999999770        7.5253356960625073E-003
   19.159999999999769        8.7351997170803664E-003
   19.199999999999768        9.9337668339725127E-003
   19.239999999999768        1.1120711732458322E-002
   19.279999999999767        1.2295950038743841E-002
   19.319999999999766        1.3459630455163962E-002
   19.359999999999765        1.4612123189115200E-002
   19.399999999999764        1.5754005343731725E-002
   19.439999999999763        1.6886043941078954E-002
   19.479999999999762        1.8009177222062966E-002
   19.519999999999762        1.9124494817771565E-002
   19.559999999999761        2.0233217320722918E-002
   19.599999999999760        2.1336675707438468E-002
   19.639999999999759        2.2436290981164619E-002
   19.679999999999758        2.3533554319933092E-002
   19.719999999999757        2.4630007934050235E-002
   19.759999999999756        2.5727226761161903E-002
   19.799999999999756        2.6826801058059013E-002
   19.839999999999755        2.7930319887398580E-002
   19.879999999999754        2.9039355444943071E-002
   19.919999999999753        3.0155448128742490E-002
   19.959999999999752        3.1280092215547617E-002
   19.999999999999751        3.2414721981100625E-002
   20.039999999999750        3.3560698079198925E-002
   20.079999999999750        3.4719293978964005E-002
   20.119999999999749        3.5891682250080548E-002
   20.159999999999748        3.7078920481564026E-002
   20.199999999999747        3.8281936620738533E-002
   20.239999999999746        3.9501513525681320E-002
   20.279999999999745        4.0738272536778197E-002
   20.319999999999744        4.1992655891919695E-002
   20.359999999999744        4.3264907836167099E-002
   20.399999999999743        4.4555054311667064E-002
   20.439999999999742        4.5862881158635460E-002
   20.479999999999741        4.7187910815046807E-002
   20.519999999999740        4.8529377573039767E-002
   20.559999999999739        4.9886201535789487E-002
   20.599999999999739        5.1256961521403133E-002
   20.639999999999738        5.2639867281598640E-002
   20.679999999999737        5.4032731543298462E-002
   20.719999999999736        5.5432942540618368E-002
   20.759999999999735        5.6837437881580355E-002
   20.799999999999734        5.8242680784954537E-002
   20.839999999999733        5.9644639922429965E-002
   20.879999999999733        6.1038774301555465E-002
   20.919999999999732        6.2420024814187736E-002
   20.959999999999731        6.3782814238650509E-002
   20.999999999999730        6.5121057603135135E-002
   21.039999999999729        6.6428184871553331E-002
   21.079999999999728        6.7697177877324766E-002
   21.119999999999727        6.8920623280783966E-002
   21.159999999999727        7.0090783038667448E-002
   21.199999999999726        7.1199683430338223E-002
   21.239999999999725        7.2239223073437775E-002
   21.279999999999724        7.3201299581439727E-002
   21.319999999999723        7.4077953582159184E-002
   21.359999999999722        7.4861527762919433E-002
   21.399999999999721        7.5544837487894589E-002
   21.439999999999721        7.6121348418553336E-002
   21.479999999999720        7.6585355547573675E-002
   21.519999999999719        7.6932157228178005E-002
   21.559999999999718        7.7158217242943694E-002
   21.599999999999717        7.7261307795937359E-002
   21.639999999999716        7.7240626593056125E-002
   21.679999999999715        7.7096881926296879E-002
   21.719999999999715        7.6832340883579431E-002
   21.759999999999714        7.6450837405302063E-002
   21.799999999999713        7.5957738796672725E-002
   21.839999999999712        7.5359871340954676E-002
   21.879999999999711        7.4665407682890761E-002
   21.919999999999710        7.3883720501472738E-002
   21.959999999999710        7.3025208521344642E-002
   21.999999999999709        7.2101102010080353E-002
   22.039999999999708        7.1123255506796434E-002
   22.079999999999707        7.0103935608557100E-002
   22.119999999999706        6.9055611235775416E-002
   22.159999999999705        6.7990752978140501E-002
   22.199999999999704        6.6921646989218875E-002
   22.239999999999704        6.5860227566483909E-002
   22.279999999999703        6.4817931140969787E-002
   22.319999999999702        6.3805573013416828E-002
   22.359999999999701        6.2833246899174355E-002
   22.399999999999700        6.1910246246345224E-002
   22.439999999999699        6.1045005410242048E-002
   22.479999999999698        6.0245058119252182E-002
   22.519999999999698        5.9517010251090685E-002
   22.559999999999697        5.8866523738969168E-002
   22.599999999999696        5.8298308420817069E-002
   22.639999999999695        5.7816118804102423E-002
   22.679999999999694        5.7422753016802552E-002
   22.719999999999693        5.7120051627478574E-002
   22.759999999999692        5.6908894524215548E-002
   22.799999999999692        5.6789194628273698E-002
   22.839999999999691        5.6759887872390724E-002
   22.879999999999690        5.6818919586963279E-002
   22.919999999999689        5.6963228200764604E-002
   22.959999999999688        5.7188727964237795E-002
   22.999999999999687        5.7490293223712907E-002
   23.039999999999687        5.7861747584798451E-002
   23.079999999999686        5.8295862059706494E-002
   23.119999999999685        5.8784366937510768E-002
   23.159999999999684        5.9317982573150019E-002
   23.199999999999683        5.9886474471266382E-002
   23.239999999999682        6.0478737847837749E-002
   23.279999999999681        6.1082916191857350E-002
   23.319999999999681        6.1686557144805754E-002
   23.359999999999680        6.2276807227831021E-002
   23.399999999999679        6.2840644592832007E-002
   23.439999999999678        6.3365146146865392E-002
   23.479999999999677        6.3837782278605815E-002
   23.519999999999676        6.4246729266145941E-002
   23.559999999999675        6.4581186600728202E-002
   23.599999999999675        6.4831684288187752E-002
   23.639999999999674        6.4990364038235882E-002
   23.679999999999673        6.5051218393404220E-002
   23.719999999999672        6.5010273422055675E-002
   23.759999999999671        6.4865703565118338E-002
   23.799999999999670        6.4617871356151518E-002
   23.839999999999669        6.4269289631787574E-002
   23.879999999999669        6.3824509001569885E-002
   23.919999999999668        6.3289938201499973E-002
   23.959999999999667        6.2673609009712750E-002
   23.999999999999666        6.1984900273317045E-002
   24.039999999999665        6.1234237072434361E-002
   24.079999999999664        6.0432781109505784E-002
   24.119999999999663        5.9592127209240786E-002
   24.159999999999663        5.8724018625532004E-002
   24.199999999999662        5.7840091025218809E-002
   24.239999999999661        5.6951651915591261E-002
   24.279999999999660        5.6069499226609754E-002
   24.319999999999659        5.5203780003386882E-002
   24.359999999999658        5.4363887877497685E-002
   24.399999999999658        5.3558396250264817E-002
   24.439999999999657        5.2795022947477399E-002
   24.479999999999656        5.2080621448611364E-002
   24.519999999999655        5.1421193575323709E-002
   24.559999999999654        5.0821918648102038E-002
   24.599999999999653        5.0287194488842779E-002
   24.639999999999652        4.9820686171289541E-002
   24.679999999999652        4.9425379025300309E-002
   24.719999999999651        4.9103633025847415E-002
   24.759999999999650        4.8857236300976492E-002
   24.799999999999649        4.8687456046702771E-002
   24.839999999999648        4.8595085625260825E-002
   24.879999999999647        4.8580487039749265E-002
   24.919999999999646        4.8643628323303378E-002
   24.959999999999646        4.8784115659120442E-002
   24.999999999999645        4.9001220266174261E-002
   25.039999999999644        4.9293900252716405E-002
   25.079999999999643        4.9660817764221044E-002
   25.119999999999642        5.0100351842451651E-002
   25.159999999999641        5.0610607475043867E-002
   25.199999999999640        5.1189421356643283E-002
   25.239999999999640        5.1834364908289299E-002
   25.279999999999639        5.2542745115403466E-002
   25.319999999999638        5.3311603749416125E-002
   25.359999999999637        5.4137715535874431E-002
   25.399999999999636        5.5017585824137072E-002
   25.439999999999635        5.5947448301190583E-002
   25.479999999999634        5.6923263274944347E-002
   25.519999999999634        5.7940717030364297E-002
   25.559999999999633        5.8995222734583130E-002
   25.599999999999632        6.0081923334079690E-002
   25.639999999999631        6.1195696847522463E-002
   25.679999999999630        6.2331164411364881E-002
   25.719999999999629        6.3482701381325057E-002
   25.759999999999629        6.4644451731362018E-002
   25.799999999999628        6.5810345922693081E-002
   25.839999999999627        6.6974122339471975E-002
   25.879999999999626        6.8129352305678736E-002
   25.919999999999625        6.9269468611053320E-002
   25.959999999999624        7.0387797384287687E-002
   25.999999999999623        7.1477593061266553E-002
   26.039999999999623        7.2532076107479249E-002
   26.079999999999622        7.3544473069554250E-002
   26.119999999999621        7.4508058453955250E-002
   26.159999999999620        7.5416197864178081E-002
   26.199999999999619        7.6262391773887828E-002
   26.239999999999618        7.7040319274775726E-002
   26.279999999999617        7.7743881116339786E-002
   26.319999999999617        7.8367241351687156E-002
   26.359999999999616        7.8904866919417671E-002
   26.399999999999615        7.9351564526597862E-002
   26.439999999999614        7.9702514250849177E-002
   26.479999999999613        7.9953299349060813E-002
   26.519999999999612        8.0099931843806260E-002
   26.559999999999611        8.0138873553379675E-002
   26.599999999999611        8.0067052334007904E-002
   26.639999999999610        7.9881873409747506E-002
   26.679999999999609        7.9581225773067032E-002
   26.719999999999608        7.9163483743551311E-002
   26.759999999999607        7.8627503870195348E-002
   26.799999999999606        7.7972617451450787E-002
   26.839999999999606        7.7198619024113846E-002
   26.879999999999605        7.6305751235483221E-002
   26.919999999999604        7.5294686561814927E-002
   26.959999999999603        7.4166506369421015E-002
   26.999999999999602        7.2922677832919724E-002
   27.039999999999601        7.1565029228763066E-002
   27.079999999999600        6.2130895830671466     
   27.119999999999600        6.2146680723135219     
   27.159999999999599        6.6832316071324144E-002
   27.199999999999598        6.5043978122761026E-002
   27.239999999999597        6.3155461450184400E-002
   27.279999999999596        6.1170211668591906E-002
   27.319999999999595        5.9091855921143216E-002
   27.359999999999594        5.6924180627225818E-002
   27.399999999999594        5.4671110794943995E-002
   27.439999999999593        5.2336691006732994E-002
   27.479999999999592        4.9925068139278300E-002
   27.519999999999591        4.7440475835304557E-002
   27.559999999999590        4.4887220705662589E-002
   27.599999999999589        4.2269670205856535E-002
   27.639999999999588        3.9592242101903097E-002
   27.679999999999588        3.6859395416238283E-002
   27.719999999999587        3.4075622725190713E-002
   27.759999999999586        3.1245443665130546E-002
   27.799999999999585        2.8373399494515561E-002
   27.839999999999584        2.5464048553359153E-002
   27.879999999999583        2.2521962459787492E-002
   27.919999999999582        1.9551722884946332E-002
   27.959999999999582        1.6557918752170719E-002
   27.999999999999581        1.3545143713651953E-002
   28.039999999999580        1.0517993767429734E-002
   28.079999999999579        7.4810648890279441E-003
   28.119999999999578        4.4389505650641037E-003
   28.159999999999577        1.3962391303382615E-003
   28.199999999999577        1.6424891750995152E-003
   28.239999999999576        4.6726654969242998E-003
   28.279999999999575        7.6897360579316065E-003
   28.319999999999574        1.0689166286721508E-002
   28.359999999999573        1.3666445405455474E-002
   28.399999999999572        1.6617091484076196E-002
   28.439999999999571        1.9536656954922182E-002
   28.479999999999571        2.2420734569369660E-002
   28.519999999999570        2.5264963767181958E-002
   28.559999999999569        2.8065037419806926E-002
   28.599999999999568        3.0816708901055090E-002
   28.639999999999567        3.3515799432507265E-002
   28.679999999999566        3.6158205646680708E-002
   28.719999999999565        3.8739907308433186E-002
   28.759999999999565        4.1256975134263796E-002
   28.799999999999564        4.3705578649992749E-002
   28.839999999999563        4.6081994029647189E-002
   28.879999999999562        4.8382611862083202E-002
   28.919999999999561        5.0603944796737438E-002
   28.959999999999560        5.2742635025700341E-002
   28.999999999999559        5.4795461565789599E-002
   29.039999999999559        5.6759347311207436E-002
   29.079999999999558        5.8631365834420524E-002
   29.119999999999557        6.0408747919828309E-002
   29.159999999999556        6.2088887821314859E-002
   29.199999999999555        6.3669349240660117E-002
   29.239999999999554        6.5147871028779392E-002
   29.279999999999553        6.6522372615664210E-002
   29.319999999999553        6.7790959177533694E-002
   29.359999999999552        6.8951926550946008E-002
   29.399999999999551        7.0003765903365461E-002
   29.439999999999550        7.0945168167888872E-002
   29.479999999999549        7.1775028246508860E-002
   29.519999999999548        7.2492448981477081E-002
   29.559999999999548        7.3096744888133863E-002
   29.599999999999547        7.3587445635139415E-002
   29.639999999999546        7.3964299249571264E-002
   29.679999999999545        7.4227275015088634E-002
   29.719999999999544        7.4376566021585877E-002
   29.759999999999543        7.4412591314781618E-002
   29.799999999999542        7.4335997584368374E-002
   29.839999999999542        7.4147660320041331E-002
   29.879999999999541        7.3848684356322414E-002
   29.919999999999540        7.3440403719975400E-002
   29.959999999999539        7.2924380688347890E-002
   29.999999999999538        7.2302403963533268E-002
   30.039999999999537        7.1576485866135020E-002
   30.079999999999536        7.0748858453923202E-002
   30.119999999999536        6.9821968475004270E-002
   30.159999999999535        6.8798471072430867E-002
   30.199999999999534        6.7681222167519040E-002
   30.239999999999533        6.6473269462480666E-002
   30.279999999999532        6.5177842019196297E-002
   30.319999999999531        6.3798338389809195E-002
   30.359999999999530        6.2338313295986492E-002
   30.399999999999530        6.0801462876730272E-002
   30.439999999999529        5.9191608549017838E-002
   30.479999999999528        5.7512679550697610E-002
   30.519999999999527        5.5768694260324048E-002
   30.559999999999526        5.3963740413275674E-002
   30.599999999999525        5.2101954356867153E-002
   30.639999999999525        5.0187499508541622E-002
   30.679999999999524        4.8224544199956476E-002
   30.719999999999523        4.6217239105262764E-002
   30.759999999999522        4.4169694463624731E-002
   30.799999999999521        4.2085957313633515E-002
   30.839999999999520        3.9969988960471881E-002
   30.879999999999519        3.7825642895354505E-002
   30.919999999999519        3.5656643380911790E-002
   30.959999999999518        3.3466564905954899E-002
   30.999999999999517        3.1258812698752525E-002
   31.039999999999516        2.9036604469971472E-002
   31.079999999999515        2.6802953535296270E-002
   31.119999999999514        2.4560653444063663E-002
   31.159999999999513        2.2312264214666255E-002
   31.199999999999513        2.0060100250701041E-002
   31.239999999999512        1.7806219984559002E-002
   31.279999999999511        1.5552417268056118E-002
   31.319999999999510        1.3300214503426222E-002
   31.359999999999509        1.1050857483129395E-002
   31.399999999999508        8.8053118839581668E-003
   31.439999999999507        6.5642613402900896E-003
   31.479999999999507        4.3281070033402980E-003
   31.519999999999506        2.0969684781417808E-003
   31.559999999999505        1.2931398213322787E-004
   31.599999999999504        2.3511761539953824E-003
   31.639999999999503        4.5693255291754387E-003
   31.679999999999502        6.7847361466906175E-003
   31.719999999999501        8.9986427107868749E-003
   31.759999999999501        1.1212534132210017E-002
   31.799999999999500        1.3428146626151660E-002
   31.839999999999499        1.5647456494244150E-002
   31.879999999999498        1.7872672710402160E-002
   31.919999999999497        2.0106229421465116E-002
   31.959999999999496        2.2350778463769316E-002
   31.999999999999496        2.4609181986272599E-002
   32.039999999999495        2.6884505259912039E-002
   32.079999999999494        2.9180009741773816E-002
   32.119999999999493        3.1499146451572368E-002
   32.159999999999492        3.3845549707087308E-002
   32.199999999999491        3.6223031254737581E-002
   32.239999999999490        3.8635574821515029E-002
   32.279999999999490        4.1087331105152725E-002
   32.319999999999489        4.3582613210748633E-002
   32.359999999999488        4.6125892534170099E-002
   32.399999999999487        4.8721795085421071E-002
   32.439999999999486        5.1375098238845229E-002
   32.479999999999485        5.4090727891510149E-002
   32.519999999999484        5.6873756006390774E-002
   32.559999999999484        5.9729398513030940E-002
   32.599999999999483        6.2663013535167789E-002
   32.639999999999482        6.5680099912349466E-002
   32.679999999999481        6.8786295980801881E-002
   32.719999999999480        7.1987378577722083E-002
   32.759999999999479        7.5289262232688614E-002
   32.799999999999478        7.8697998510032008E-002
   32.839999999999478        8.2219775466701339E-002
   32.879999999999477        8.5860917191417752E-002
   32.919999999999476        8.9627883392661811E-002
   32.959999999999475        9.3527269005294844E-002
   32.999999999999474        9.7565803788325134E-002
   33.039999999999473       0.10175035188950199     
   33.079999999999472       0.10608791135600315     
   33.119999999999472       0.11058561357447561     
   33.159999999999471       0.11525072262808012     
   33.199999999999470       0.12009063456293978     
   33.239999999999469       0.12511287656149861     
   33.279999999999468       0.13032510602573844     
   33.319999999999467       0.13573510957894186     
   33.359999999999467       0.14135080200071970     
   33.399999999999466       0.14718022511631679     
   33.439999999999465       0.15323154666772121     
   33.479999999999464       0.15951305920081493     
   33.519999999999463       0.16603317900968406     
   33.559999999999462       0.17280044518619064     
   33.599999999999461       0.17982351882998504     
   33.639999999999461       0.18711118248124237     
   33.679999999999460       0.19467233984547638     
   33.719999999999459       0.20251601588681289     
   33.759999999999458       0.21065135737297913     
   33.799999999999457       0.21908763396197584     
   33.839999999999456       0.22783423992686336     
   33.879999999999455       0.23690069662125524     
   33.919999999999455       0.24629665579393079     
   33.959999999999454       0.25603190386636010     
   33.999999999999453       0.26611636729187227     
   34.039999999999452       0.27656011911957767     
   34.079999999999451       0.28737338688998548     
   34.119999999999450       0.29856656199243536     
   34.159999999999449       0.31015021061697912     
   34.199999999999449       0.32213508643514333     
   34.239999999999448       0.33453214514503316     
   34.279999999999447       0.34735256101648870     
   34.319999999999446       0.36060774557140363     
   34.359999999999445       0.37430936853287999     
   34.399999999999444       0.38846938117453700     
   34.439999999999444       0.40310004219803819     
   34.479999999999443       0.41821394626265684     
   34.519999999999442       0.43382405528548862     
   34.559999999999441       0.44994373262464338     
   34.599999999999440       0.46658678025038380     
   34.639999999999439       0.48376747900063233     
   34.679999999999438       0.50150063200749750     
   34.719999999999438       0.51980161137031944     
   34.759999999999437       0.53868640813810176     
   34.799999999999436       0.55817168564994057     
   34.839999999999435       0.57827483626593468     
   34.879999999999434       0.59901404150288418     
   34.919999999999433       0.62040833556853103     
   34.959999999999432       0.64247767226486774     
   34.999999999999432       0.66524299520468366     
   35.039999999999431       0.68872631125561723     
   35.079999999999430       0.71295076709196614     
   35.119999999999429       0.73794072869571847     
   35.159999999999428       0.76372186360401484     
   35.199999999999427       0.79032122564966611     
   35.239999999999426       0.81776734188348899     
   35.279999999999426       0.84609030130102969     
   35.319999999999425       0.87532184492048781     
   35.359999999999424       0.90549545667203457     
   35.399999999999423       0.93664645445975481     
   35.439999999999422       0.96881208064452862     
   35.479999999999421        1.0020315910676492     
   35.519999999999420        1.0363463415889695     
   35.559999999999420        1.0717998709480652     
   35.599999999999419        1.1084379785704113     
   35.639999999999418        1.1463087957310276     
   35.679999999999417        1.1854628482538208     
   35.719999999999416        1.2259531086644957     
   35.759999999999415        1.2678350354275438     
   35.799999999999415        1.3111665965830381     
   35.839999999999414        1.3560082747575772     
   35.879999999999413        1.4024230501575201     
   35.919999999999412        1.4504763577653770     
   35.959999999999411        1.5002360145576614     
   35.999999999999410        1.5517721121533059     
   36.039999999999409        1.6051568698980478     
   36.079999999999409        1.6604644430082831     
   36.119999999999408        1.7177706800591874     
   36.159999999999407        1.7771528238336658     
   36.199999999999406        1.8386891493848139     
   36.239999999999405        1.9024585331462398     
   36.279999999999404        1.9685399471007301     
   36.319999999999403        2.0370118724448028     
   36.359999999999403        2.1079516279280388     
   36.399999999999402        2.1814346091703758     
   36.439999999999401        2.2575334368387585     
   36.479999999999400        2.3363170136656741     
   36.519999999999399        2.4178494929769956     
   36.559999999999398        2.5021891647096499     
   36.599999999999397        2.5893872688587316     
   36.639999999999397        2.6794867508780857     
   36.679999999999396        2.7725209786954137     
   36.719999999999395        2.8685124465550249     
   36.759999999999394        2.9674714966540581     
   36.799999999999393        3.0693950951926290     
   36.839999999999392        3.1742657046308302     
   36.879999999999391        3.2820502981749295     
   36.919999999999391        3.3926995652851346     
   36.959999999999390        3.5061473577711686     
   36.999999999999389        3.6223104243126620     
   37.039999999999388        3.7410884765934256     
   37.079999999999387        3.8623646224170409     
   37.119999999999386        3.9860061901483368     
   37.159999999999386        4.1118659548563494     
   37.199999999999385        4.2397837601867723     
   37.239999999999384        4.3695885121410818     
   37.279999999999383        4.5011005027209947     
   37.319999999999382        4.6341340041160528     
   37.359999999999381        4.7685000591180549     
   37.399999999999380        4.9040093819842356     
   37.439999999999380        5.0404752770364185     
   37.479999999999379        5.1777164804965121     
   37.519999999999378        5.3155598345861561     
   37.559999999999377        5.4538427114513670     
   37.599999999999376        5.5924151172674916     
   37.639999999999375        5.7311414228518762     
   37.679999999999374        5.8699016849706371     
   37.719999999999374        6.0085925409245240     
   37.759999999999373        6.1471276766754759     
   37.799999999999372        6.2854378846713432     
   37.839999999999371        6.4234707408621823     
   37.879999999999370        6.5611899407126248     
   37.919999999999369        6.6985743411423178     
   37.959999999999368        6.8356167593789401     
   37.999999999999368        6.9723225810008929     
   38.039999999999367        7.1087082284315946     
   38.079999999999366        7.2447995383452710     
   38.119999999999365        7.3806300923856458     
   38.159999999999364        7.5162395407774643     
   38.199999999999363        7.6516719532517534     
   38.239999999999363        7.7869742265489785     
   38.279999999999362        7.9221945728586114     
   38.319999999999361        8.0573811090606320     
   38.359999999999360        8.1925805626381241     
   38.399999999999359        8.3278371066502750     
   38.439999999999358        8.4631913331625022     
   38.479999999999357        8.5986793719615129     
   38.519999999999357        8.7343321591539596     
   38.559999999999356        8.8701748582661430     
   38.599999999999355        9.0062264346390606     
   38.639999999999354        9.1424993821696443     
   38.679999999999353        9.2789995997233206     
   38.719999999999352        9.4157264127952107     
   38.759999999999351        9.5526727342112245     
   38.799999999999351        9.6898253558441425     
   38.839999999999350        3.5439800543251812     
   38.879999999999349        3.6814833422251145     
   38.919999999999348        3.8191212437614217     
   38.959999999999347        3.9568612239182714     
   38.999999999999346        4.0946676473927406     
   39.039999999999345        4.2325025937023666     
   39.079999999999345        4.3703267040797353     
   39.119999999999344        4.5081000429461699     
   39.159999999999343        4.6457829572020550     
   39.199999999999342        4.7833369174709821     
   39.239999999999341        4.9207253267594577     
   39.279999999999340        5.0579142836908186     
   39.319999999999339        5.1948732894692666     
   39.359999999999339        5.3315758899404635     
   39.399999999999338        5.4680002464430579     
   39.439999999999337        5.6041296314918485     
   39.479999999999336        5.7399528476023729     
   39.519999999999335        5.8754645696706662     
   39.559999999999334        6.0106656131858500     
   39.599999999999334        6.1455631321166200     
   39.639999999999333        6.2801707515323679     
   39.679999999999332        6.4145086408686254     
   39.719999999999331        6.5486035342136386     
   39.759999999999330        6.6824887040809804     
   39.799999999999329        6.8162038948564057     
   39.839999999999328        6.9497952214885625     
   39.879999999999328        7.0833150380622172     
   39.919999999999327        7.2168217796823608     
   39.959999999999326        7.3503797796434229     
   39.999999999999325        7.4840590621961232     
   40.039999999999324        7.6179351093919223     
   40.079999999999323        7.7520885985193608     
   40.119999999999322        7.8866051045871668     
   40.159999999999322        8.0215747601995773     
   40.199999999999321        8.1570918630601401     
   40.239999999999320        8.2932544192922339     
   40.279999999999319        8.4301636088533609     
   40.319999999999318        8.5679231576411290     
   40.359999999999317        8.7066385995621509     
   40.399999999999316        8.8464164110104608     
   40.439999999999316        8.9873630000631834     
   40.479999999999315        9.1295835334670556     
   40.519999999999314        9.2731805864132468     
   40.559999999999313        9.4182526034605338     
   40.599999999999312        9.5648921640622202     
   40.639999999999311        9.7131840532643796     
   40.679999999999310        9.8632031475100987     
   40.719999999999310        10.015012137249800     
   40.759999999999309        10.168659122208874     
   40.799999999999308        10.324175131458807     
   40.839999999999307        10.481571638331079     
   40.879999999999306        10.640838158785593     
   40.919999999999305        10.801940039762549     
   40.959999999999305        10.964816559559173     
   40.999999999999304        11.129379473285564     
   41.039999999999303        11.295512140683318     
   41.079999999999302        11.463069368814898     
   41.119999999999301        11.631878086529536     
   41.159999999999300        11.801738940150376     
   41.199999999999299        11.972428860641283     
   41.239999999999299        12.143704603185611     
   41.279999999999298        12.315307203778955     
   41.319999999999297        6.2037819314556968     
   41.359999999999296        6.3752254092384293     
   41.399999999999295        6.5461800791083231     
   41.439999999999294        6.7163819045130424     
   41.479999999999293        6.8855814373233875     
   41.519999999999293        7.0535498311159088     
   41.559999999999292        7.2200842555459728     
   41.599999999999291        7.3850125130466848     
   41.639999999999290        7.5481967099627241     
   41.679999999999289        1.4263505839233794     
   41.719999999999288        1.5857822966488828     
   41.759999999999287        1.7432831028872475     
   41.799999999999287        1.8988681009800545     
   41.839999999999286        2.0525895516563746     
   41.879999999999285        2.2045347228759269     
   41.919999999999284        2.3548230773664338     
   41.959999999999283        2.5036029259934431     
   41.999999999999282        2.6510476618954169     
   42.039999999999281        2.7973516771149929     
   42.079999999999281        2.9427260477538137     
   42.119999999999280        3.0873940577266130     
   42.159999999999279        3.2315866168769039     
   42.199999999999278        3.3755376180060321     
   42.239999999999277        3.5194792702936173     
   42.279999999999276        3.6636374442678923     
   42.319999999999276        3.8082270661353630     
   42.359999999999275        3.9534476067204070     
   42.399999999999274        4.0994787219086621     
   42.439999999999273        4.2464761163152254     
   42.479999999999272        4.3945677184412135     
   42.519999999999271        4.5438502719244616     
   42.559999999999270        4.6943864613211685     
   42.599999999999270        4.8462026995948397     
   42.639999999999269        4.9992877055072995     
   42.679999999999268        5.1535919900390263     
   42.719999999999267        5.3090283501037590     
   42.759999999999266        5.4654734345257117     
   42.799999999999265        5.6227704023078946     
   42.839999999999264        5.7807326390701794     
   42.879999999999264        5.9391484382237287     
   42.919999999999263        6.0977864943149322     
   42.959999999999262        6.2564020030333829     
   42.999999999999261       0.13155781431523625     
   43.039999999999260       0.28937221120124024     
   43.079999999999259       0.44641343210912576     
   43.119999999999258       0.60244682162692320     
   43.159999999999258       0.75725477832866095     
   43.199999999999257       0.91064116808107176     
   43.239999999999256        1.0624347793039204     
   43.279999999999255        1.2124917650883507     
   43.319999999999254        1.3606970756059689     
   43.359999999999253        1.5069649353156178     
   43.399999999999253        1.6512384598578040     
   43.439999999999252        1.7934885356192090     
   43.479999999999251        1.9337121006746085     
   43.519999999999250        2.0719299703083180     
   43.559999999999249        2.2081843455303360     
   43.599999999999248        2.3425361312817992     
   43.639999999999247        2.4750621747642256     
   43.679999999999247        2.6058525157063768     
   43.719999999999246        2.7350077212063808     
   43.759999999999245        2.8626363594184516     
   43.799999999999244        2.9888526497179613     
   43.839999999999243        3.1137743126116852     
   43.879999999999242        3.2375206307823987     
   43.919999999999241        3.3602107232550957     
   43.959999999999241        3.4819620275740419     
   43.999999999999240        3.6028889798202020     
   44.039999999999239        3.7231018789687642     
   44.079999999999238        3.8427059201713671     
   44.119999999999237        3.9618003807494340     
   44.159999999999236        4.0804779427375202     
   44.199999999999235        4.1988241364901926     
   44.239999999999235        4.3169168909733528     
   44.279999999999234        4.4348261777482660     
   44.319999999999233        4.5526137372038100     
   44.359999999999232        4.6703328772069632     
   44.399999999999231        4.7880283359530864     
   44.439999999999230        4.9057362023533777     
   44.479999999999229        5.0234838887575055     
   44.519999999999229        5.1412901521451637     
   44.559999999999228        5.2591651611083456     
   44.599999999999227        5.3771106069689187     
   44.639999999999226        5.4951198582195939     
   44.679999999999225        5.6131781581298634     
   44.719999999999224        5.7312628658141147     
   44.759999999999224        5.8493437413124374     
   44.799999999999223        5.9673832752849076     
   44.839999999999222        6.0853370637714859     
   44.879999999999221        6.2031542281313339     
   44.919999999999220        6.3207778797627974     
   44.959999999999219        6.4381456285402718     
   44.999999999999218        6.5551901331148814     
   45.039999999999218        6.6718396903465553     
   45.079999999999217        6.7880188602049785     
   45.119999999999216        6.9036491215390221     
   45.159999999999215        7.0186495532134785     
   45.199999999999214        7.1329375342927488     
   45.239999999999213        7.2464294562554805     
   45.279999999999212        7.3590414396888937     
   45.319999999999212        7.4706900475664071     
   45.359999999999211        7.5812929870779380     
   45.399999999999210        7.6907697920694620     
   45.439999999999209        7.7990424784568706     
   45.479999999999208        7.9060361654978575     
   45.519999999999207        8.0116796565137225     
   45.559999999999206        8.1159059735211549     
   45.599999999999206        8.2186528412265059     
   45.639999999999205        8.3198631169114829     
   45.679999999999204        2.1362998566780300     
   45.719999999999203        2.2342878598959794     
   45.759999999999202        2.3306020840059718     
   45.799999999999201        2.4252090741225589     
   45.839999999999200        2.5180818015019382     
   45.879999999999200        2.6091997564909128     
   45.919999999999199        2.6985489919581007     
   45.959999999999198        2.7861221208819282     
   45.999999999999197        2.8719182721144136     
   46.039999999999196        2.9559430085385943     
   46.079999999999195        3.0382082118992142     
   46.119999999999195        3.1187319385231360     
   46.159999999999194        3.1975382499726406     
   46.199999999999193        3.2746570224076192     
   46.239999999999192        3.3501237380886222     
   46.279999999999191        3.4239792620486194     
   46.319999999999190        3.4962696065133603     
   46.359999999999189        3.5670456851733512     
   46.399999999999189        3.6363630589184712     
   46.439999999999188        3.7042816741512370     
   46.479999999999187        3.7708655943075549     
   46.519999999999186        3.8361827247438098     
   46.559999999999185        3.9003045307047395     
   46.599999999999184        3.9633057476751272     
   46.639999999999183        4.0252640830467534     
   46.679999999999183        4.0862599077068875     
   46.719999999999182        4.1463759358822969     
   46.759999999999181        4.2056968913601205     
   46.799999999999180        4.2643091580610246     
   46.839999999999179        4.3223004128685574     
   46.879999999999178        4.3797592386297159     
   46.919999999999177        4.4367747153441845     
   46.959999999999177        4.4934359877625738     
   46.999999999999176        4.5498318079263296     
   47.039999999999175        4.6060500516124447     
   47.079999999999174        4.6621772082021646     
   47.119999999999173        4.7182978441801309     
   47.159999999999172        4.7744940412914421     
   47.199999999999172        4.8308448113375793     
   47.239999999999171        4.8874254906709904     
   47.279999999999170        4.9443071186390926     
   47.319999999999169        5.0015558055096125     
   47.359999999999168        5.0592320967499829     
   47.399999999999167        5.1173903418929223     
   47.439999999999166        5.1760780775471762     
   47.479999999999166        5.2353354353451973     
   47.519999999999165        5.2951945866880887     
   47.559999999999164        5.3556792369755337     
   47.599999999999163        5.4168041825145616     
   47.639999999999162        5.4785749434073701     
   47.679999999999161        5.5409874853534404     
   47.719999999999160        5.6040280424072710     
   47.759999999999160        5.6676730512728764     
   47.799999999999159        5.7318892056798196     
   47.839999999999158        5.7966336367956837     
   47.879999999999157        5.8618542225459027     
   47.919999999999156        5.9274900252309983     
   47.959999999999155        5.9934718530864801     
   47.999999999999154        6.0597229375855743     
   48.039999999999154        6.1261597145244675     
   48.079999999999153        6.1926926934484747     
   48.119999999999152        6.2592273969656738     
   48.159999999999151        6.3256653491233008     
   48.199999999999150        6.3919050904295398     
   48.239999999999149        6.4578431963829317     
   48.279999999999148        6.5233752765641695     
   48.319999999999148       0.30521162525582796     
   48.359999999999147       0.36961934673125929     
   48.399999999999146       0.43331133021166113     
   48.439999999999145       0.49618820396014646     
   48.479999999999144       0.55815365025584307     
   48.519999999999143       0.61911491750762748     
   48.559999999999143       0.67898321925512284     
   48.599999999999142       0.73767402056017151     
   48.639999999999141       0.79510721555642083     
   48.679999999999140       0.85120720276823492     
   48.719999999999139       0.90590286715973789     
   48.759999999999138       0.95912747969328549     
   48.799999999999137        1.0108185264598859     
   48.839999999999137        1.0609174802159407     
   48.879999999999136        1.1093695274667821     
   48.919999999999135        1.1561232641385628     
   48.959999999999134        1.2011303724454039     
   48.999999999999133        1.2443452908602459     
   49.039999999999132        1.2857248882053831     
   49.079999999999131        1.3252281518560478     
   49.119999999999131        1.3628158989530408     
   49.159999999999130        1.3984505183937403     
   49.199999999999129        1.4320957502497702     
   49.239999999999128        1.4637165081688217     
   49.279999999999127        1.4932787492726010     
   49.319999999999126        1.5207493950691826     
   49.359999999999125        1.5460963059556021     
   49.399999999999125        1.5692883109890297     
   49.439999999999124        1.5902952937417714     
   49.479999999999123        1.6090883342133138     
   49.519999999999122        1.6256399059368503     
   49.559999999999121        1.6399241265732440     
   49.599999999999120        1.6519170594184349     
   49.639999999999119        1.6615970623493757     
   49.679999999999119        1.6689451797908170     
   49.719999999999118        1.6739455722974563     
   49.759999999999117        1.6765859773157923     
   49.799999999999116        1.6768581936271150     
   49.839999999999115        1.6747585808948844     
   49.879999999999114        1.6702885646723766     
   49.919999999999114        1.6634551362049561     
   49.959999999999113        1.6542713354295657     
   49.999999999999112        1.6427567047840625     
   50.039999999999111        1.6289377008495678     
   50.079999999999110        1.6128480505229690     
   50.119999999999109        1.5945290384179716     
   50.159999999999108        1.5740297125821183     
   50.199999999999108        1.5514069964459978     
   50.239999999999107        1.5267256962275033     
   50.279999999999106        1.5000583948167741     
   50.319999999999105        1.4714852254597242     
   50.359999999999104        1.4410935213040756     
   50.399999999999103        1.4089773400041981     
   50.439999999999102        1.3752368660007559     
   50.479999999999102        1.3399776966700476     
   50.519999999999101        1.3033100221243894     
   50.559999999999100        1.2653477118723313     
   50.599999999999099        1.2262073246449989     
   50.639999999999098        1.1860070602993866     
   50.679999999999097        1.1448656746784469     
   50.719999999999096        1.1029013795306590     
   50.759999999999096        1.0602307499991310     
   50.799999999999095        1.0169676617601220     
   50.839999999999094       0.97322227865049105     
   50.879999999999093       0.92910010964727308     
   50.919999999999092       0.88470115146552730     
   50.959999999999091       0.84011912996916793     
   50.999999999999091       0.79544085020961375     
   51.039999999999090       0.75074566139157461     
   51.079999999999089       0.70610503958152515     
   51.119999999999088       0.66158228767358485     
   51.159999999999087       0.61723234913625302     
   51.199999999999086       0.57310172947818572     
   51.239999999999085       0.52922851725583753     
   51.279999999999085       0.48564249483180699     
   51.319999999999084       0.44236532798194816     
   51.359999999999083       0.39941082281828644     
   51.399999999999082       0.35678523830019393     
   51.439999999999081       0.31448764279086672     
   51.479999999999080       0.27251030361441697     
   51.519999999999079       0.23083909931231528     
   51.559999999999079       0.18945394521919079     
   51.599999999999078       0.14832922401450155     
   51.639999999999077       0.10743421400259612     
   51.679999999999076        6.6733508981882572E-002
   51.719999999999075        2.6187424645774726E-002
   51.759999999999074        1.4247612515734698E-002
   51.799999999999073        5.4618696895816221E-002
   51.839999999999073        9.4976098255362462E-002
   51.879999999999072       0.13537294047556081     
   51.919999999999071       0.17586490538161925     
   51.959999999999070       0.21650996187896965     
   51.999999999999069       0.25736812017452859     
   52.039999999999068       0.29850121047256595     
   52.079999999999067       0.33997268522863333     
   52.119999999999067       0.38184744380624780     
   52.159999999999066       0.42419167819970349     
   52.199999999999065       0.46707273835273178     
   52.239999999999064       0.51055901550722904     
   52.279999999999063       0.55471984195001056     
   52.319999999999062       0.59962540548020060     
   52.359999999999062       0.64534667688775338     
   52.399999999999061       0.69195534870779385     
   52.439999999999060       0.73952378348960579     
   52.479999999999059       0.78812496978752122     
   52.519999999999058       0.83783248403857113     
   52.559999999999057       0.88872045643399611     
   52.599999999999056       0.94086353881457407     
   52.639999999999056       0.99433687251972946     
   52.679999999999055        1.0492160539946549     
   52.719999999999054        1.1055770958058919     
   52.759999999999053        1.1634963805325378     
   52.799999999999052        1.2230506047867675     
   52.839999999999051        1.2843167103743443     
   52.879999999999050        1.3473717993351073     
   52.919999999999050        1.4122930293089548     
   52.959999999999049        1.4791574853606257     
   52.999999999999048        1.5480420240755230     
   53.039999999999047        1.6190230854213081     
   53.079999999999046        1.6921764675724957     
   53.119999999999045        1.7675770596392590     
   53.159999999999044        1.8452985270541831     
   53.199999999999044        1.9254129442852586     
   53.239999999999043        2.0079903696003636     
   53.279999999999042        2.0930983568554238     
   53.319999999999041        2.1808013997700160     
   53.359999999999040        2.2711603049511626     
   53.399999999999039        2.3642314910937969     
   53.439999999999038        2.4600662133916797     
   53.479999999999038        2.5587097142994271     
   53.519999999999037        2.6602003044498286     
   53.559999999999036        2.7645683807888357     
   53.599999999999035        2.8718353928546749     
   53.639999999999034        2.9820127725702599     
   53.679999999999033        3.0951008478613167     
   53.719999999999033        3.2110877657148862     
   53.759999999999032        3.3299484557388901     
   53.799999999999031        3.4516436705774272     
   53.839999999999030        3.5761191443022788     
   53.879999999999029        3.7033049136917451     
   53.919999999999028        3.8331148496270862     
   53.959999999999027        3.9654464461736985     
   53.999999999999027        4.1001809127923208     
   54.039999999999026        4.2371836101622753     
   54.079999999999025        4.3763048620706471     
   54.119999999999024        4.5173811647272633     
   54.159999999999023        4.6602368009767323     
   54.199999999999022        4.8046858507656616     
   54.239999999999021        4.9505345717461307     
   54.279999999999021        5.0975841061581582     
   54.319999999999020        5.2456334533903988     
   54.359999999999019        5.3944826331563380     
   54.399999999999018        5.5439359532197034     
   54.439999999999017        5.6938052889847590     
   54.479999999999016        5.8439132805955136     
   54.519999999999015        5.9940963565841177     
   54.559999999999015        6.1442075012366502     
   54.599999999999014        6.2941186949516226     
   54.639999999999013        6.4437229718767268     
   54.679999999999012        6.5929360557519860     
   54.719999999999011        6.7416975518418942     
   54.759999999999010        6.8899716888719356     
   54.799999999999010        7.0377476189630404     
   54.839999999999009        7.1850392949247226     
   54.879999999999008        7.3318849524787861     
   54.919999999999007        7.4783462299044414     
   54.959999999999006        7.6245069593618293     
   54.999999999999005        7.7704716631274557     
   55.039999999999004        7.9163637846889969     
   55.079999999999004        8.0623236797319837     
   55.119999999999003        8.2085063861978647     
   55.159999999999002        8.3550791865140308     
   55.199999999999001        8.5022189695005661     
   55.239999999999000        8.6501093950388785     
   55.279999999998999        8.7989378620122505     
   55.319999999998998        8.9488922799346682     
   55.359999999998998        9.1001576476608861     
   55.399999999998997        9.2529124491308927     
   55.439999999998996        9.4073248866337291     
   55.479999999998995        9.5635489867694261     
   55.519999999998994        9.7217206330390624     
   55.559999999998993        9.8819536012868952     
   55.599999999998992        10.044335699008890     
   55.639999999998992        10.208925135148558     
   55.679999999998991        10.375747271058856     
   55.719999999998990        10.544791922808693     
   55.759999999998989        10.716011396475817     
   55.799999999998988        10.889319437882520     
   55.839999999998987        11.064591263154696     
   55.879999999998986        11.241664804274134     
   55.919999999998986        11.420343253867026     
   55.959999999998985        11.600398927469154     
   55.999999999998984        11.781578383583927     
   56.039999999998983        11.963608658542656     
   56.079999999998982        5.8630190856048028     
   56.119999999998981        6.0458902494784663     
   56.159999999998981        6.2287501282713098     
   56.199999999998980        6.4113232039878607     
   56.239999999998979        6.5933525783033851     
   56.279999999998978        6.7746066161758849     
   56.319999999998977        6.9548845482936974     
   56.359999999998976        7.1340208455633602     
   56.399999999998975        7.3118882614275567     
   56.439999999998975        7.4883995191327859     
   56.479999999998974        7.6635076935733188     
   56.519999999998973        7.8372053955867562     
   56.559999999998972        8.0095229076531247     
   56.599999999998971        8.1805254433759966     
   56.639999999998970        8.3503097104196247     
   56.679999999998969        8.5189999506272898     
   56.719999999998969        8.6867436154429338     
   56.759999999998968        8.8537068132155614     
   56.799999999998967        9.0200696408930074     
   56.839999999998966        9.1860214888492759     
   56.879999999998965        9.3517563862948023     
   56.919999999998964        9.5174684373606482     
   56.959999999998963        9.6833473853697214     
   56.999999999998963        9.8495743353227461     
   57.039999999998962        10.016317662108932     
   57.079999999998961        10.183729133918519     
   57.119999999998960        4.0687549788249857     
   57.159999999998959        4.2378737810939446     
   57.199999999998958        4.4079816527279423     
   57.239999999998957        4.5791308866936404     
   57.279999999998957        4.7513425549696358     
   57.319999999998956        4.9246049699740917     
   57.359999999998955        5.0988727774192171     
   57.399999999998954        5.2740667493281164     
   57.439999999998953        5.4500743323309413     
   57.479999999998952        5.6267509853573197     
   57.519999999998952        5.8039223130060673     
   57.559999999998951        5.9813869676305931     
   57.599999999998950        6.1589202568115917     
   57.639999999998949        6.3362783563631933     
   57.679999999998948        6.5132029956771627     
   57.719999999998947        6.6894264553618417     
   57.759999999998946       0.58149139242539682     
   57.799999999998946       0.75549715223549874     
   57.839999999998945       0.92799278144124409     
   57.879999999998944        1.0987227245003313     
   57.919999999998943        1.2674454620241642     
   57.959999999998942        1.4339368337617364     
   57.999999999998941        1.5979926763626886     
   58.039999999998940        1.7594307512202216     
   58.079999999998940        1.9180919730627823     
   58.119999999998939        2.0738409803371134     
   58.159999999998938        2.2265661122366476     
   58.199999999998937        2.3761788737651184     
   58.239999999998936        2.5226129795470311     
   58.279999999998935        2.6658230698788348     
   58.319999999998934        2.8057831898432601     
   58.359999999998934        2.9424851154796601     
   58.399999999998933        3.0759366013437024     
   58.439999999998932        3.2061596125294596     
   58.479999999998931        3.3331885924096820     
   58.519999999998930        3.4570688057934671     
   58.559999999998929        3.5778547864895374     
   58.599999999998929        3.6956089087689241     
   58.639999999998928        3.8104000941330876     
   58.679999999998927        3.9223026581609504     
   58.719999999998926        4.0313952969771112     
   58.759999999998925        4.1377602089325594     
   58.799999999998924        4.2414823442594543     
   58.839999999998923        4.3426487735781159     
   58.879999999998923        4.4413481650232089     
   58.919999999998922        4.5376703592540206     
   58.959999999998921        4.6317060315751712     
   58.999999999998920        4.7235464306936708     
   59.039999999998919        4.8132831841714694     
   59.079999999998918        4.9010081613149099     
   59.119999999998917        4.9868133850069940     
   59.159999999998917        5.0707909847841650     
   59.199999999998916        5.1530331842481569     
   59.239999999998915        5.2336323166582925     
   59.279999999998914        5.3126808632515239     
   59.319999999998913        5.3902715094744575     
   59.359999999998912        5.4664972148765276     
   59.399999999998911        5.5414512929028739     
   59.439999999998911        5.6152274972386795     
   59.479999999998910        5.6879201116946163     
   59.519999999998909        5.7596240408878216     
   59.559999999998908        5.8304348991673081     
   59.599999999998907        5.9004490953599849     
   59.639999999998906        5.9697639109769174     
   59.679999999998905        6.0384775695224677     
   59.719999999998905        6.1066892944947941     
   59.759999999998904        6.1744993535586445     
   59.799999999998903        6.2420090862139972     
   59.839999999998902        6.3093209120813363     
   59.879999999998901        6.3765383166812875     
   59.919999999998900        6.4437658113091434     
   59.959999999998900        6.5111088633014056     
   59.999999999998899        6.5786737926718404     
   60.039999999998898        6.6465676307713526     
   60.079999999998897        6.7148979363153067     
   60.119999999998896        6.7837725638439625     
   60.159999999998895        6.8532993794612231     
   60.199999999998894        6.9235859185643402     
   60.239999999998894        6.9947389802687727     
   60.279999999998893        7.0668641533905419     
   60.319999999998892        7.1400652692219033     
   60.359999999998891        7.2144437769791665     
   60.399999999998890        7.2900980387726086     
   60.439999999998889        7.3671225423080191     
   60.479999999998888        7.4456070313364320     
   60.519999999998888        7.5256355561751800     
   60.559999999998887        7.6072854494687885     
   60.599999999998886        7.6906262357601163     
   60.639999999998885        7.7757184873874960     
   60.679999999998884        7.8626126436574388     
   60.719999999998883        7.9513478150576997     
   60.759999999998882        8.0419505993025702     
   60.799999999998882        8.1344339410028805     
   60.839999999998881        8.2287960714177224     
   60.879999999998880        8.3250195686985968     
   60.919999999998879        8.4230705818534730     
   60.959999999998878        8.5228982628876579     
   60.999999999998877        8.6244344507829531     
   61.039999999998876        8.7275936477790772     
   61.079999999998876        8.8322733225612140     
   61.119999999998875        8.9383545663446924     
   61.159999999998874        9.0457031166127653     
   61.199999999998873        9.1541707497886726     
   61.239999999998872        9.2635970290495848     
   61.279999999998871        9.3738113776923200     
   61.319999999998871        9.4846354329860212     
   61.359999999998870        9.5958856214240562     
   61.399999999998869        3.4241905776323933     
   61.439999999998868        3.5357351714625551     
   61.479999999998867        3.6471514532055398     
   61.519999999998866        3.7582625788224724     
   61.559999999998865        3.8689000309096131     
   61.599999999998865        3.9789059109852545     
   61.639999999998864        4.0881349407498204     
   61.679999999998863        4.1964561316911908     
   61.719999999998862        4.3037540980494322     
   61.759999999998861        4.4099300037827796     
   61.799999999998860        4.5149021487864882     
   61.839999999998859        4.6186062123995075     
   61.879999999998859        4.7209951826266785     
   61.919999999998858        4.8220390072017105     
   61.959999999998857        4.9217240075579580     
   61.999999999998856        5.0200520991056186     
   62.039999999998855        5.1170398612350709     
   62.079999999998854        5.2127174985748503     
   62.119999999998853        5.3071277316721517     
   62.159999999998853        5.4003246508770069     
   62.199999999998852        5.4923725622075761     
   62.239999999998851        5.5833448487063908     
   62.279999999998850        5.6733228655510635     
   62.319999999998849        5.7623948821726163     
   62.359999999998848        5.8506550800084032     
   62.399999999998847        5.9382026103642342     
   62.439999999998847        6.0251407132239629     
   62.479999999998846        6.1115758947297989     
   62.519999999998845        6.1976171584432116     
   62.559999999998844        6.2833752833487164     
   62.599999999998843        6.3689621398385192     
   62.639999999998842        6.4544900335719184     
   62.679999999998842        6.5400710661020636     
   62.719999999998841        6.6258165004760894     
   62.759999999998840        6.7118361196275256     
   62.799999999998839        6.7982375652916387     
   62.839999999998838        6.8851256454004623     
   62.879999999998837        6.9726015984864844     
   62.919999999998836        7.0607623045897157     
   62.959999999998836        7.1496994335834065     
   62.999999999998835        7.2394985237805978     
   63.039999999998834        7.3302379862340521     
   63.079999999998833        7.4219880333705923     
   63.119999999998832        7.5148095345702384     
   63.159999999998831        7.6087528060484821     
   63.199999999998830        7.7038563479242610     
   63.239999999998830        7.8001455475963581     
   63.279999999998829        7.8976313753709189     
   63.319999999998828        7.9963091054526707     
   63.359999999998827        8.0961571025958463     
   63.399999999998826        8.1971357214583431     
   63.439999999998825        8.2991863714584362     
   63.479999999998824        8.4022308040561544     
   63.519999999998824        8.5061706811861750     
   63.559999999998823        8.6108874823872981     
   63.599999999998822        8.7162428034334845     
   63.639999999998821        8.8220790905891420     
   63.679999999998820        8.9282208418836895     
   63.719999999998819        9.0344762902842408     
   63.759999999998819        9.1406395640062268     
   63.799999999998818        2.9633079903365500     
   63.839999999998817        3.0686263372999187     
   63.879999999998816        3.1731783154810111     
   63.919999999998815        3.2767313951486416     
   63.959999999998814        3.3790552284965401     
   63.999999999998813        3.4799254092278407     
   64.039999999998813        3.5791271495627783     
   64.079999999998819        3.6764587666788375     
   64.119999999998825        3.7717348815200529     
   64.159999999998831        3.8647892489768152     
   64.199999999998838        3.9554771581576684     
   64.239999999998844        4.0436773631132379     
   64.279999999998850        4.1292935261428099     
   64.319999999998856        4.2122551760723841     
   64.359999999998863        4.2925182012908785     
   64.399999999998869        4.3700649109125740     
   64.439999999998875        4.4449037066723500     
   64.479999999998881        4.5170684129413905     
   64.519999999998888        4.5866173128171530     
   64.559999999998894        4.6536319351116830     
   64.599999999998900        4.7182156309490466     
   64.639999999998906        4.7804919704137507     
   64.679999999998913        4.8406029801508890     
   64.719999999998919        4.8987072329036563     
   64.759999999998925        4.9549777905753807     
   64.799999999998931        5.0095999943958915     
   64.839999999998938        5.0627690900104465     
   64.879999999998944        5.1146876726205388     
   64.919999999998950        5.1655629384667279     
   64.959999999998956        5.2156037346345334     
   64.999999999998963        5.2650174098912919     
   65.039999999998969        5.3140064852447058     
   65.079999999998975        5.3627651839453128     
   65.119999999998981        5.4114758859465253     
   65.159999999998988        5.4603055998747312     
   65.199999999998994        5.5094025740242607     
   65.239999999999000        5.5588931936570072     
   65.279999999999006        5.6088793312038554     
   65.319999999999013        5.6594363248117840     
   65.359999999999019        5.7106117553097384     
   65.399999999999025        5.7624251693044251     
   65.439999999999031        5.8148688556997170     
   65.479999999999038        5.8679097257241750     
   65.519999999999044        5.9214922764559539     
   65.559999999999050        5.9755425412522820     
   65.599999999999056       0.25321245155311312     
   65.639999999999063       0.19849810437109350     
   65.679999999999069       0.14359844968204855     
   65.719999999999075        8.8609282233096720E-002
   65.759999999999081        3.3618129193377921E-002
   65.799999999999088        2.1300518467033180E-002
   65.839999999999094        7.6089191793103250E-002
   65.879999999999100       0.13071049811162871     
   65.919999999999106       0.18514916606042697     
   65.959999999999113       0.23941307209708018     
   65.999999999999119       0.29353329836247322     
   66.039999999999125       0.34756331727903866     
   66.079999999999131       0.40157742813591457     
   66.119999999999138       0.45566858539189514     
   66.159999999999144       0.50994575945678267     
   66.199999999999150       0.56453096129822367     
   66.239999999999156       0.61955604580130430     
   66.279999999999163       0.67515938873714321     
   66.319999999999169       0.73148251139692144     
   66.359999999999175       0.78866670772197534     
   66.399999999999181       0.84684971273867182     
   66.439999999999188       0.90616243928462259     
   66.479999999999194       0.96672580283988907     
   66.519999999999200        1.0286476517584857     
   66.559999999999206        1.0920198219856827     
   66.599999999999213        1.1569153408197423     
   66.639999999999219        1.2233858125762529     
   66.679999999999225        1.2914590290829060     
   66.719999999999231        1.3611368585412822     
   66.759999999999238        1.4323934760660140     
   66.799999999999244        1.5051740066869228     
   66.839999999999250        1.5793936553079817     
   66.879999999999256        1.6549373967077003     
   66.919999999999263        1.7316602910618930     
   66.959999999999269        1.8093884760438472     
   66.999999999999275        1.8879208652984238     
   67.039999999999281        1.9670315557308378     
   67.079999999999288        2.0464729141287892     
   67.119999999999294        2.1259792794162795     
   67.159999999999300        2.2052711831407965     
   67.199999999999307        2.2840599606999898     
   67.239999999999313        2.3620526022734025     
   67.279999999999319        3.8442286293092960     
   67.319999999999325        3.7687001402841696     
   67.359999999999332        3.6948242775519424     
   67.399999999999338        3.6228639318899929     
   67.439999999999344        3.5530641999872099     
   67.479999999999350        3.4856493499701831     
   67.519999999999357        3.4208204505924233     
   67.559999999999363        3.3587536823463688     
   67.599999999999369        3.2995993167187407     
   67.639999999999375        3.2434813225365779     
   67.679999999999382        3.1904975371733504     
   67.719999999999388        3.1407203258665186     
   67.759999999999394        3.0941976444203467     
   67.799999999999400        3.0509544184763442     
   67.839999999999407        3.0109941553202946     
   67.879999999999413        2.9743007106766868     
   67.919999999999419        2.9408401419154537     
   67.959999999999425        2.9105625894550240     
   67.999999999999432        2.8834041389520855     
   68.039999999999438        2.8592886273896245     
   68.079999999999444        2.8381293658880802     
   68.119999999999450        2.8198307606399693     
   68.159999999999457        2.8042898206394260     
   68.199999999999463        2.7913975468061656     
   68.239999999999469        2.7810402017427833     
   68.279999999999475        2.7731004628307931     
   68.319999999999482        2.7674584638151574     
   68.359999999999488        2.7639927316145090     
   68.399999999999494        2.7625810259897245     
   68.439999999999500        2.7631010900614563     
   68.479999999999507        2.7654313196256703     
   68.519999999999513        2.7694513588938130     
   68.559999999999519        2.7750426297792430     
   68.599999999999525        2.7820888012428413     
   68.639999999999532        2.7904762045590812     
   68.679999999999538        2.8000941997142914     
   68.719999999999544        2.8108354975328682     
   68.759999999999550        2.8225964415650586     
   68.799999999999557        2.8352772532729271     
   68.839999999999563        2.8487822436235208     
   68.879999999999569        2.8630199938391296     
   68.919999999999575        2.8779035077592625     
   68.959999999999582        2.8933503380304564     
   68.999999999999588        2.9092826881498866     
   69.039999999999594        2.9256274922379575     
   69.079999999999600        2.9423164742947501     
   69.119999999999607        2.9592861885970527     
   69.159999999999613        2.9764780428093061     
   69.199999999999619        2.9938383053067863     
   69.239999999999625        3.0113180981375822     
   69.279999999999632        3.0288733769774483     
   69.319999999999638        3.0464648993556103     
   69.359999999999644        3.0640581823483211     
   69.399999999999650        3.0816234508495741     
   69.439999999999657        3.0991355774348599     
   69.479999999999663        3.1666112924448098     
   69.519999999999669        3.1492625860478074     
   69.559999999999675        3.1320152266927717     
   69.599999999999682        3.1148764906849022     
   69.639999999999688        3.0978494050200980     
   69.679999999999694        3.0809328424033584     
   69.719999999999700        3.0641216204763531     
   69.759999999999707        3.0474066050653339     
   69.799999999999713        3.0307748173495606     
   69.839999999999719        3.0142095449312554     
   69.879999999999725        2.9976904568598943     
   69.919999999999732        2.9811937227256711     
   69.959999999999738        2.9646921359887326     
   69.999999999999744        2.9481552417521515     
   70.039999999999750        2.9315494692175053     
   70.079999999999757        2.9148382690827517     
   70.119999999999763        2.8979822561531856     
   70.159999999999769        2.8809393574383564     
   70.199999999999775        2.8636649660016853     
   70.239999999999782        2.8461121008160877     
   70.279999999999788        2.8282315728591598     
   70.319999999999794        2.8099721576565231     
   70.359999999999800        2.7912807744527570     
   70.399999999999807        2.7721026721570414     
   70.439999999999813        2.7523816221761059     
   70.479999999999819        2.7320601182111517     
   70.519999999999825        2.7110795830587922     
   70.559999999999832        2.6893805824191346     
   70.599999999999838        2.6669030456772109     
   70.639999999999844        2.6435864935870090     
   70.679999999999851        2.6193702727500758     
   70.719999999999857        2.5941937967425450     
   70.759999999999863        2.5679967937046193     
   70.799999999999869        2.5407195601639700     
   70.839999999999876        2.5123032208179357     
   70.879999999999882        2.4826899939472891     
   70.919999999999888        2.4518234620752182     
   70.959999999999894        2.4196488474172924     
   70.999999999999901        2.3861132915901191     
   71.039999999999907        2.3511661389565655     
   71.079999999999913        2.3147592228827079     
   71.119999999999919        2.2768471540651753     
   71.159999999999926        2.2373876099568726     
   71.199999999999932        2.1963416241743596     
   71.239999999999938        2.1536738746122963     
   71.279999999999944        2.1093529688208785     
   71.319999999999951        2.0633517250235651     
   71.359999999999957        2.0156474469679426     
   71.399999999999963        1.9662221906165063     
   71.439999999999969        1.9150630205015884     
   71.479999999999976        1.8621622533955338     
   71.519999999999982        1.8075176867901963     
   71.559999999999988        1.7511328095460310     
   71.599999999999994        1.6930169919680216     
   71.640000000000001        1.6331856525009318     
   71.680000000000007        1.5716603982171626     
   71.720000000000013        1.5084691363035048     
   71.760000000000019        1.4436461538438972     
   71.800000000000026        1.3772321633482314     
   71.840000000000032        1.3092743116947954     
   71.880000000000038        1.2398261504366190     
   71.920000000000044        1.1689475657679633     
   71.960000000000051        1.0967046668522840     
   72.000000000000057        1.0231696316704944     
   72.040000000000063       0.94842051004924710     
   72.080000000000069       0.87254098406207681     
   72.120000000000076       0.79562008654874095     
   72.160000000000082       0.71775187905580018     
   72.200000000000088       0.63903509104962652     
   72.240000000000094       0.55957272277680581     
   72.280000000000101       0.47947161463217880     
   72.320000000000107       0.39884198632873147     
   72.360000000000113       0.31779694953525478     
   72.400000000000119       0.23645199794858995     
   72.440000000000126       0.15492447899146933     
   72.480000000000132        7.3333051471424660E-002
   72.520000000000138        8.2028663992063100E-003
   72.560000000000144        8.9563654234984469E-002
   72.600000000000151       0.17063004765893769     
   72.640000000000157       0.25128369328313771     
   72.680000000000163       0.33140769654573071     
   72.720000000000169       0.41088715871818393     
   72.760000000000176       0.48960969969108231     
   72.800000000000182       0.56746596346989153     
   72.840000000000188       0.64435010365432499     
   72.880000000000194       0.72016024652763766     
   72.920000000000201       0.79479892973749944     
   72.960000000000207       0.86817351490125738     
   73.000000000000213       0.94019657280952240     
   73.040000000000219        1.0107862402282344     
   73.080000000000226        1.0798665476066196     
   73.120000000000232        1.1473677172834718     
   73.160000000000238        1.2132264320443102     
   73.200000000000244        1.2773860741150656     
   73.240000000000251        1.3397969348824070     
   73.280000000000257        1.4004163958054197     
   73.320000000000263        1.4592090811273368     
   73.360000000000269        1.5161469831091128     
   73.400000000000276        1.5712095605890308     
   73.440000000000282        1.6243838117250107     
   73.480000000000288        1.6756643218002913     
   73.520000000000294        1.7250532869706880     
   73.560000000000301        1.7725605148054793     
   73.600000000000307        1.8182034024274953     
   73.640000000000313        1.8620068929952016     
   73.680000000000319        1.9040034111949637     
   73.720000000000326        1.9442327783301585     
   73.760000000000332        1.9827421075104115     
   73.800000000000338        2.0195856793640954     
   73.840000000000344        2.0548247986251638     
   73.880000000000351        2.0885276318858068     
   73.920000000000357        2.1207690267629768     
   73.960000000000363        2.1516303127022969     
   74.000000000000369        2.1811990836388118     
   74.040000000000376        2.2095689627507569     
   74.080000000000382        2.2368393495788950     
   74.120000000000388        2.2631151498373323     
   74.160000000000394        2.2885064883080686     
   74.200000000000401        2.3131284052854046     
   74.240000000000407        2.3371005371111595     
   74.280000000000413        2.3605467814100161     
   74.320000000000420        2.3835949476881795     
   74.360000000000426        2.4063763939898259     
   74.400000000000432        2.4290256503068188     
   74.440000000000438        2.4516800294009209     
   74.480000000000445        2.4744792256188548     
   74.520000000000451        2.4975649021553856     
   74.560000000000457        2.5210802670470045     
   74.600000000000463        2.5451696379603983     
   74.640000000000470        2.5699779955805768     
   74.680000000000476        2.5956505251116493     
   74.720000000000482        2.6223321450908692     
   74.760000000000488        2.6501670223994740     
   74.800000000000495        2.6792980720516821     
   74.840000000000501        2.7098664400790415     
   74.880000000000507        2.7420109676275666     
   74.920000000000513        2.7758676342789399     
   74.960000000000520        2.8115689786256541     
   75.000000000000526        2.8492434943057146     
   75.040000000000532        2.8890150000675723     
   75.080000000000538        2.9310019830208960     
   75.120000000000545        2.9753169150603513     
   75.160000000000551        3.0220655435485577     
   75.200000000000557        3.0713461587225743     
   75.240000000000563        3.1232488419453155     
   75.280000000000570        3.1778547008431977     
   75.320000000000576        3.2352350995188059     
   75.360000000000582        3.2954508943446426     
   75.400000000000588        3.3585516882480029     
   75.440000000000595        3.4245751187778986     
   75.480000000000601        3.4935461974665349     
   75.520000000000607        3.5654767199004462     
   75.560000000000613        3.6403647673225596     
   75.600000000000620        3.7181943213105564     
   75.640000000000626        3.7989350129377932     
   75.680000000000632        3.8825420266604249     
   75.720000000000638        3.9689561768669162     
   75.760000000000645        4.0581041715107169     
   75.800000000000651        4.1498990725359315     
   75.840000000000657        4.2442409570011437     
   75.880000000000663        4.3410177761060194     
   75.920000000000670        4.4401064020209882     
   75.960000000000676        4.5413738448861594     
   76.000000000000682        4.6446786150142945     
   76.040000000000688        4.7498721986635637     
   76.080000000000695        4.8568006101859407     
   76.120000000000701        4.9653059793006991     
   76.160000000000707        1.2079571771869426     
   76.200000000000713        1.0967791999063752     
   76.240000000000720       0.98450569736774840     
   76.280000000000726       0.87129501703562262     
   76.320000000000732       0.75730241762199468     
   76.360000000000738       0.64267912566786012     
   76.400000000000745       0.52757160204663478     
   76.440000000000751       0.41212102865716538     
   76.480000000000757       0.29646301733857228     
   76.520000000000763       0.18072753515836060     
   76.560000000000770        6.5039033037535776E-002
   76.600000000000776        5.0483241561667946E-002
   76.640000000000782       0.16572477227962101     
   76.680000000000788       0.28057517014562428     
   76.720000000000795       0.39492746951991275     
   76.760000000000801       0.50867735623850452     
   76.800000000000807       0.62172236096040356     
   76.840000000000813       0.73396105019762548     
   76.880000000000820       0.84529224613777243     
   76.920000000000826       0.95561430426496041     
   76.960000000000832        1.0648244750588538     
   77.000000000000838        1.1728183728047064     
   77.040000000000845        1.2794895708724898     
   77.080000000000851        1.3847293388084387     
   77.120000000000857        1.4884265323159398     
   77.160000000000863        1.5904676427781979     
   77.200000000000870        1.6907370084954250     
   77.240000000000876        1.7891171853885881     
   77.280000000000882        1.8854894706848044     
   77.320000000000888        1.9797345691782302     
   77.360000000000895        2.0717333881874804     
   77.400000000000901        2.1613679444314666     
   77.440000000000907        2.2485223638281786     
   77.480000000000913        2.3330839537666135     
   77.520000000000920        2.4149443267567916     
   77.560000000000926        2.4940005545306940     
   77.600000000000932        2.5701563326075001     
   77.640000000000938        2.6433231369642964     
   77.680000000000945        2.7134213566427738     
   77.720000000000951        2.7803813887142659     
   77.760000000000957        2.8441446848373646     
   77.800000000000963        2.9046647414799116     
   77.840000000000970        2.9619080285460422     
   77.880000000000976        3.0158548534664087     
   77.920000000000982        3.0665001596146668     
   77.960000000000989        3.1138542590752163     
   78.000000000000995        3.1579435002119860     
   78.040000000001001        3.1988108701229367     
   78.080000000001007        3.2365165309007815     
   78.120000000001014        3.2711382866927599     
   78.160000000001020        3.3027719759414031     
   78.200000000001026        3.3315317800175563     
   78.240000000001032        3.3575504358911159     
   78.280000000001039        3.3809793367259076     
   78.320000000001045        3.4019885005670014     
   78.360000000001051        3.4207663838702933     
   78.400000000001057        3.4375195137789620     
   78.440000000001064        3.4524719110548490     
   78.480000000001070        3.4658642746871688     
   78.520000000001076        3.4779528996580380     
   78.560000000001082        3.4890083013279112     
   78.600000000001089        3.4993135235341031     
   78.640000000001095        3.5091621128157788     
   78.680000000001101        3.5188557481505578     
   78.720000000001107        3.5287015240920772     
   78.760000000001114        3.5390088950453520     
   78.800000000001120        3.5500862993662712     
   78.840000000001126        3.5622374937525954     
   78.880000000001132        3.5757576407292069     
   78.920000000001139        3.5909292046530212     
   78.960000000001145        3.6080177243196361     
   79.000000000001151        3.6272675426912802     
   79.040000000001157        3.6488975861971005     
   79.080000000001164        3.6730972971103149     
   79.120000000001170        3.7000228321650526     
   79.160000000001176        3.7297936481211194     
   79.200000000001182        3.7624895994689020     
   79.240000000001189        3.7981486737254277     
   79.280000000001195        3.8367654845073900     
   79.320000000001201        3.8782906304992615     
   79.360000000001207        3.9226310085315621     
   79.400000000001214        3.9696511407308592     
   79.440000000001220        4.0191755393752446     
   79.480000000001226        4.0709920899686409     
   79.520000000001232        4.1248563855108138     
   79.560000000001239        4.1804968963682416     
   79.600000000001245        2.0455644925461733     
   79.640000000001251        1.9872649334647670     
   79.680000000001257        1.9281058901033408     
   79.720000000001264        1.8684053296623904     
   79.760000000001270        1.8084766755142425     
   79.800000000001276        1.7486228939694981     
   79.840000000001282        1.6891312062848090     
   79.880000000001289        1.6302685671504320     
   79.920000000001295        1.5722780021833247     
   79.960000000001301        1.5153758468458793     
   80.000000000001307        1.4597498819675934     
   80.040000000001314        1.4055583201147177     
   80.080000000001320        1.3529295647710069     
   80.120000000001326        1.3019626418000194     
   80.160000000001332        1.2527281899840972     
   80.200000000001339        1.2052698937140041     
   80.240000000001345        1.1596062446669073     
   80.280000000001351        1.1157325287751392     
   80.320000000001357        1.0736229481095170     
   80.360000000001364        1.0332328027652693     
   80.400000000001370       0.99450067398368258     
   80.440000000001376       0.95735056541450048     
   80.480000000001382       0.92169397378234708     
   80.520000000001389       0.88743187270858126     
   80.560000000001395       0.85445660373735599     
   80.600000000001401       0.82265367658179800     
   80.640000000001407       0.79190348623373730     
   80.680000000001414       0.76208295794676717     
   80.720000000001420       0.73306713234376808     
   80.760000000001426       0.70473070219256106     
   80.800000000001432       0.67694950994692338     
   80.840000000001439       0.64960201121091377     
   80.880000000001445       0.62257070414311322     
   80.920000000001451       0.59574351881953547     
   80.960000000001457       0.56901515412796044     
   81.000000000001464       0.54228834334430154     
   81.040000000001470       0.51547502366997389     
   81.080000000001476       0.48849738024632661     
   81.120000000001482       0.46128873206085697     
   81.160000000001489       0.43379422621720920     
   81.200000000001495       0.40597130863930353     
   81.240000000001501       0.37778994362652263     
   81.280000000001507       0.34923256175154194     
   81.320000000001514       0.32029372511364151     
   81.360000000001520       0.29097951038062142     
   81.400000000001526       0.26130662258673265     
   81.440000000001532       0.23130126534560080     
   81.480000000001539       0.20099780495209263     
   81.520000000001545        6.1127480313908418     
   81.560000000001551        6.1435195255030113     
   81.600000000001558       0.10873285172537861     
   81.640000000001564        7.7689809573560253E-002
   81.680000000001570        4.6588211735946738E-002
   81.720000000001576        1.5478404497414000E-002
   81.760000000001583        1.5591759940147387E-002
   81.800000000001589        4.6578017700112495E-002
   81.840000000001595        7.7440578579215935E-002
   81.880000000001601       0.10814479415501310     
   81.920000000001608       0.13866161036444258     
   81.960000000001614       0.16896781487940638     
   82.000000000001620       0.19904609641455950     
   82.040000000001626       0.22888493794971965     
   82.080000000001633       0.25847836875800323     
   82.120000000001639       0.28782560126729506     
   82.160000000001645       0.31693057841138317     
   82.200000000001651       0.34580145556610997     
   82.240000000001658       0.37445003874792437     
   82.280000000001664       0.40289119779398219     
   82.320000000001670       0.43114227002419137     
   82.360000000001676       0.45922246663716670     
   82.400000000001683       0.48715229099176893     
   82.440000000001689       0.51495297510020999     
   82.480000000001695       0.54264593818840301     
   82.520000000001701       0.57025226910714188     
   82.560000000001708       0.59779223271728243     
   82.600000000001714       0.62528479911563273     
   82.640000000001720       0.65274719369421175     
   82.680000000001726       0.68019446550449403     
   82.720000000001733       0.70763907119765768     
   82.760000000001739       0.73509047189906251     
   82.800000000001745       0.76255474071967777     
   82.840000000001751       0.79003417918124241     
   82.880000000001758       0.81752694161087569     
   82.920000000001764       0.84502666752212852     
   82.960000000001770       0.87252212312160093     
   83.000000000001776       0.89999685434096977     
   83.040000000001783       0.92742885516883566     
   83.080000000001789       0.95479025651565452     
   83.120000000001795       0.98204704235201912     
   83.160000000001801        1.0091588013709476     
   83.200000000001808        1.0360785238839174     
   83.240000000001814        1.0627524550025651     
   83.280000000001820        1.0891200163068731     
   83.320000000001826        1.1151138090700325     
   83.360000000001833        1.1406597126064126     
   83.400000000001839        1.1656770913347991     
   83.440000000001845        1.1900791236086656     
   83.480000000001851        1.2137732641712859     
   83.520000000001858        1.2366618501748785     
   83.560000000001864        1.2586428580133657     
   83.600000000001870        1.2796108147450660     
   83.640000000001876        1.2994578636536536     
   83.680000000001883        1.3180749785901769     
   83.720000000001889        1.3353533162850759     
   83.760000000001895        1.3511856899989607     
   83.800000000001901        1.3654681419258212     
   83.840000000001908        1.3781015859453345     
   83.880000000001914        1.3889934869447780     
   83.920000000001920        1.3980595383123791     
   83.960000000001926        1.4052252956545614     
   84.000000000001933        1.4104277225959536     
   84.040000000001939        1.4136166039234235     
   84.080000000001945        1.4147557825079118     
   84.120000000001951        1.4138241794712498     
   84.160000000001958        1.4108165619535522     
   84.200000000001964        1.4057440294696411     
   84.240000000001970        1.3986341980030517     
   84.280000000001976        1.3895310703551340     
   84.320000000001983        1.3784945914376066     
   84.360000000001989        1.3655998976946258     
   84.400000000001995        1.3509362801490215     
   84.440000000002001        1.3346058901626414     
   84.480000000002008        1.3167222253863644     
   84.520000000002014        1.2974084401188135     
   84.560000000002020        1.2767955290585307     
   84.600000000002026        1.2550204360098236     
   84.640000000002033        1.2322241394142939     
   84.680000000002039        1.2085497646982724     
   84.720000000002045        1.1841407695558754     
   84.760000000002051        1.1591392427473441     
   84.800000000002058        1.1336843501862581     
   84.840000000002064        1.1079109544690826     
   84.880000000002070        1.0819484260289358     
   84.920000000002076        1.0559196562103337     
   84.960000000002083        1.0299402751465596     
   85.000000000002089        1.0041180706839818     
   85.040000000002095       0.97855259895817603     
   85.080000000002102       0.95333497271447132     
   85.120000000002108       0.92854781012460341     
   85.160000000002114       0.90426532465148268     
   85.200000000002120       0.88055353536692516     
   85.240000000002127       0.85747057690194728     
   85.280000000002133       0.83506708875030111     
   85.320000000002139       0.81338666478774191     
   85.360000000002145       0.79246634544901284     
   85.400000000002152       0.77233713687056293     
   85.440000000002158       0.75302454332668711     
   85.480000000002164       0.73454910134889873     
   85.520000000002170       0.71692690593463082     
   85.560000000002177       0.70017012115572674     
   85.600000000002183       0.68428746922375661     
   85.640000000002189       0.66928469362978227     
   85.680000000002195       0.65516499333699985     
   85.720000000002202       0.64192942616345361     
   85.760000000002208       0.62957728045493555     
   85.800000000002214       0.61810641492746354     
   85.840000000002220       0.60751356717032268     
   85.880000000002227       0.59779463176251202     
   85.920000000002233       0.58894490928617715     
   85.960000000002239       0.58095932773843328     
   86.000000000002245       0.57383263796503980     
   86.040000000002252       0.56755958478125734     
   86.080000000002258       0.56213505542073028     
   86.120000000002264       0.55755420687429957     
   86.160000000002270       0.55381257355732272     
   86.200000000002277       0.55090615658463271     
   86.240000000002283       0.54883149574337553     
   86.280000000002289       0.54758572504080805     
   86.320000000002295       0.54716661247073839     
   86.360000000002302       0.54757258439158463     
   86.400000000002308       0.54880273464321183     
   86.440000000002314       0.55085681825048116     
   86.480000000002320       0.55373522927010255     
   86.520000000002327       0.55743896203542320     
   86.560000000002333       0.56196955474279120     
   86.600000000002339       0.56732901400555225     
   86.640000000002345       0.57351971868089668     
   86.680000000002352       0.58054430095560861     
   86.720000000002358       0.58840550236614897     
   86.760000000002364       0.59710600213591913     
   86.800000000002370       0.60664821495070642     
   86.840000000002377       0.61703405507887688     
   86.880000000002383       0.62826466359716493     
   86.920000000002389       0.64034009543273207     
   86.960000000002395       0.65325896301041819     
   87.000000000002402       0.66701803354032885     
   87.040000000002408       0.68161177744162371     
   87.080000000002414       0.69703186612666190     
   87.120000000002420       0.71326661842458305     
   87.160000000002427       0.73030039636774213     
   87.200000000002433       0.74811295296193236     
   87.240000000002439       0.76667873697168942     
   87.280000000002445       0.78596616272418651     
   87.320000000002452       0.80593685649874058     
   87.360000000002458       0.82654489522226204     
   87.400000000002464       0.84773605788847206     
   87.440000000002470       0.86944711525556340     
   87.480000000002477       0.89160518877391381     
   87.520000000002483       0.91412721508481276     
   87.560000000002489       0.93691955744684785     
   87.600000000002495       0.95987780962150349     
   87.640000000002502       0.98288684052379871     
   87.680000000002508        1.0058211286880296     
   87.720000000002514        1.0285454336552280     
   87.760000000002520        1.0509158461325361     
   87.800000000002527        1.0727812496917006     
   87.840000000002533        1.0939852135548662     
   87.880000000002539        1.1143683186525952     
   87.920000000002545        1.1337708980124412     
   87.960000000002552        1.1520361484788937     
   88.000000000002558        1.1690135450805372     
   88.040000000002564        1.1845624637839722     
   88.080000000002570        1.1985558949701918     
   88.120000000002577        1.2108841109577384     
   88.160000000002583        1.2214581384289875     
   88.200000000002589        1.2302128825174452     
   88.240000000002595        1.2371097548334680     
   88.280000000002602        1.2421386733020974     
   88.320000000002608        1.2453193268934688     
   88.360000000002614        1.2467016317221249     
   88.400000000002620        1.2463653442885387     
   88.440000000002627        1.2444188398843683     
   88.480000000002633        1.2409971060687468     
   88.520000000002639        1.2362590393237298     
   88.560000000002645        1.2303841645443181     
   88.600000000002652        1.2235689196180271     
   88.640000000002658        1.2160226596133190     
   88.680000000002664        1.2079635366577044     
   88.720000000002671        1.1996144030788702     
   88.760000000002677        1.1911988683011419     
   88.800000000002683        1.1829376164581493     
   88.840000000002689        1.1750450641663541     
   88.880000000002696        1.1677264089195165     
   88.920000000002702        1.1611750904221294     
   88.960000000002708        1.1555706617946220     
   89.000000000002714        1.1510770463618030     
   89.040000000002721        1.1478411395474013     
   89.080000000002727        1.1459917046087762     
   89.120000000002733        1.1456385055054308     
   89.160000000002739        1.1468716197399265     
   89.200000000002746        1.1497608779753659     
   89.240000000002752        1.1543553849487074     
   89.280000000002758        1.1606830869569160     
   89.320000000002764        1.1687503642917196     
   89.360000000002771        1.1785416417537400     
   89.400000000002777        1.1900190261073496     
   89.440000000002783        1.2031219953374226     
   89.480000000002789        1.2177671800696523     
   89.520000000002796        1.2338482916540356     
   89.560000000002802        1.2512362632125087     
   89.600000000002808        1.2697796783430877     
   89.640000000002814        1.2893055660296562     
   89.680000000002821        1.3096206385432065     
   89.720000000002827        1.3305130408215931     
   89.760000000002833        1.3517546643969602     
   89.800000000002839        1.3731040563230854     
   89.840000000002846        1.3943099243163619     
   89.880000000002852        1.4151152047990410     
   89.920000000002858        1.4352616228268893     
   89.960000000002864        1.4544946347714571     
   90.000000000002871        1.4725686093362347     
   90.040000000002877        1.4892520733683421     
   90.080000000002883        4.7788524781080417     
   90.120000000002889        4.7655625661193026     
   90.160000000002896        4.7542233105311604     
   90.200000000002902        4.7449626461247192     
   90.240000000002908        4.7378739274118811     
   90.280000000002914        4.7330141862740422     
   90.320000000002921        4.7304034092818767     
   90.360000000002927        4.7300248437140526     
   90.400000000002933        4.7318262913187370     
   90.440000000002939        4.7357223031972735     
   90.480000000002946        4.7415971508829564     
   90.520000000002952        4.7493084199697879     
   90.560000000002958        1.5244942523851206     
   90.600000000002964        1.5136236311904545     
   90.640000000002971        1.5014623105834786     
   90.680000000002977        1.4882171316716510     
   90.720000000002983        1.4741003398228940     
   90.760000000002989        1.4593257537792423     
   90.800000000002996        1.4441053410460318     
   90.840000000003002        1.4286462580731820     
   90.880000000003008        1.4131483862976459     
   90.920000000003014        1.3978023704551656     
   90.960000000003021        1.3827881447124213     
   91.000000000003027        1.3682739156743122     
   91.040000000003033        1.3544155593261713     
   91.080000000003039        1.3413563812766434     
   91.120000000003046        1.3292271858223810     
   91.160000000003052        1.3181465987514622     
   91.200000000003058        1.3082215907564614     
   91.240000000003064        1.2995481521555345     
   91.280000000003071        1.2922120746850270     
   91.320000000003077        1.2862898018771942     
   91.360000000003083        1.2818493155190538     
   91.400000000003089        1.2789510315548618     
   91.440000000003096        1.2776486842957790     
   91.480000000003102        1.2779901827736886     
   91.520000000003108        1.2800184274319877     
   91.560000000003114        1.2837720790515563     
   91.600000000003121        1.2892862748739136     
   91.640000000003127        1.2965932893436385     
   91.680000000003133        1.3057231388041446     
   91.720000000003139        1.3167041309098182     
   91.760000000003146        1.3295633605311674     
   91.800000000003152        1.3443271545941209     
   91.840000000003158        1.3610214686714319     
   91.880000000003164        1.3796722382884830     
   91.920000000003171        1.4003056878657074     
   91.960000000003177        1.4229486000363400     
   92.000000000003183        1.4476285477853272     
   92.040000000003189        1.4743740914810672     
   92.080000000003196        1.5032149424388161     
   92.120000000003202        1.5341820941813866     
   92.160000000003208        1.5673079220639243     
   92.200000000003214        1.6026262514172056     
   92.240000000003221        1.6401723938484367     
   92.280000000003227        1.6799831508294725     
   92.320000000003233        1.7220967832089360     
   92.360000000003240        1.7665529448169295     
   92.400000000003246        1.8133925779000024     
   92.440000000003252        1.8626577677429408     
   92.480000000003258        1.9143915535184415     
   92.520000000003265        1.9686376921744153     
   92.560000000003271        2.0254403720437049     
   92.600000000003277        2.0848438728679355     
   92.640000000003283        2.1468921690953797     
   92.680000000003290        2.2116284736744949     
   92.720000000003296        2.2790947201549967     
   92.760000000003302        2.3493309817629053     
   92.800000000003308        2.4223748272697812     
   92.840000000003315        2.4982606149604853     
   92.880000000003321        2.5770187278419274     
   92.920000000003327        2.6586747554389887     
   92.960000000003333        2.7432486300874230     
   93.000000000003340        2.8307537285280313     
   93.040000000003346        2.9211959527732869     
   93.080000000003352        3.0145728075632956     
   93.120000000003358        3.1108724951192661     
   93.160000000003365        3.2100730511645814     
   93.200000000003371        3.3121415491004913     
   93.240000000003377        3.4170334015452317     
   93.280000000003383        3.5246917898988062     
   93.320000000003390        3.6350472529022011     
   93.360000000003396        3.7480174640596617     
   93.400000000003402        3.8635072250735796     
   93.440000000003408        3.9814086979704544     
   93.480000000003415        4.1016018923502076     
   93.520000000003421        4.2239554162825446     
   93.560000000003427        4.3483274900670814     
   93.600000000003433        4.4745672117853665     
   93.640000000003440        4.6025160528554130     
   93.680000000003446        4.7320095513067031     
   93.720000000003452        4.8628791609279958     
   93.760000000003458        4.9949542064882433     
   93.800000000003465        5.1280638894945607     
   93.840000000003471        5.2620392858837217     
   93.880000000003477        5.3967152768992959     
   93.920000000003483        5.5319323572111356     
   93.960000000003490        5.6675382698824954     
   94.000000000003496        5.8033894256694634     
   94.040000000003502        5.9393520737728975     
   94.080000000003508        6.0753032018800432     
   94.120000000003515        6.2111311544253898     
   94.160000000003521        6.3467359687966907     
   94.200000000003527        6.4820294391309439     
   94.240000000003533        6.6169349259343093     
   94.280000000003540        6.7513869367167025     
   94.320000000003546        6.8853305080059313     
   94.360000000003552        7.0187204224860986     
   94.400000000003558        7.1515202966944145     
   94.440000000003565        7.2837015748979841     
   94.480000000003571        7.4152424636992151     
   94.520000000003577        7.5461268398504338     
   94.560000000003583        7.6763431609589166     
   94.600000000003590        7.8058834054768411     
   94.640000000003596        7.9347420648082387     
   94.680000000003602        8.0629152067000689     
   94.720000000003608        8.1903996254505369     
   94.760000000003615        8.3171920909608943     
   94.800000000003621        8.4432887053414163     
   94.840000000003627        8.5686843726961541     
   94.880000000003633        8.6933723848739852     
   94.920000000003640        8.8173441233918979     
   94.960000000003646        8.9405888754101941     
   95.000000000003652        9.0630937595651879     
   95.040000000003658        2.9016584484607963     
   95.080000000003665        3.0226365233016268     
   95.120000000003671        3.1428238440536402     
   95.160000000003677        3.2622000687334651     
   95.200000000003683        3.3807437033311278     
   95.240000000003690        3.4984325140956534     
   95.280000000003696        3.6152439833753856     
   95.320000000003702        3.7311557973678968     
   95.360000000003708        3.8461463543739915     
   95.400000000003715        3.9601952826318012     
   95.440000000003721        4.0732839575091360     
   95.480000000003727        4.1853960087271922     
   95.520000000003733        4.2965178093425918     
   95.560000000003740        4.4066389393892091     
   95.600000000003746        4.5157526183349423     
   95.640000000003752        4.6238561017991504     
   95.680000000003758        4.7309510392622389     
   95.720000000003765        4.8370437907408510     
   95.760000000003771        4.9421457015653454     
   95.800000000003777        5.0462733354510405     
   95.840000000003783        5.1494486669774453     
   95.880000000003790        5.2516992353630929     
   95.920000000003796        5.3530582620366376     
   95.960000000003802        5.4535647349525114     
   96.000000000003809        5.5532634628816933     
   96.040000000003815        5.6522051030294200     
   96.080000000003821        5.7504461652995680     
   96.120000000003827        5.8480489963497542     
   96.160000000003834        5.9450817462731234     
   96.200000000003840        6.0416183203135079     
   96.240000000003846        6.1377383174811335     
   96.280000000003852        6.2335269572962275     
   96.320000000003859        6.3290749951560095     
   96.360000000003865        6.4244786260037143     
   96.400000000003871        6.5198393750816628     
   96.440000000003877        6.6152639735782568     
   96.480000000003884        6.7108642159347820     
   96.520000000003890        6.8067567944658336     
   96.560000000003896        6.9030631057725813     
   96.600000000003902        6.9999090221993470     
   96.640000000003909        7.0974246203145182     
   96.680000000003915        7.1957438571075016     
   96.720000000003921        7.2950041833150721     
   96.760000000003927        7.3953460820674906     
   96.800000000003934        7.4969125199384070     
   96.840000000003940        7.5998482965749785     
   96.880000000003946        7.7042992784824662     
   96.920000000003952        7.8104115023755929     
   96.960000000003959        7.9183301339517191     
   97.000000000003965        8.0281982691833722     
   97.040000000003971        8.1401555674917851     
   97.080000000003977        8.2543367096898237     
   97.120000000003984        8.3708696786176588     
   97.160000000003990        8.4898738671654197     
   97.200000000003996        8.6114580270608378     
   97.240000000004002        8.7357180824806022     
   97.280000000004009        8.8627348451594123     
   97.320000000004015        8.9925716819540149     
   97.360000000004021        9.1252722012394152     
   97.400000000004027        9.2608580402256635     
   97.440000000004034        9.3993268501006320     
   97.480000000004040        9.5406505883137598     
   97.520000000004046        9.6847742355489146     
   97.560000000004052        9.8316150571052958     
   97.600000000004059        9.9810625227267966     
   97.640000000004065        10.132978983981127     
   97.680000000004071        10.287201183366129     
   97.720000000004077        10.443542634667518     
   97.760000000004084        10.601796871155504     
   97.800000000004090        10.761741509683118     
   97.840000000004096        4.6399577212592948     
   97.880000000004102        4.8025768013758885     
   97.920000000004109        4.9661740425358163     
   97.960000000004115        5.1305158344000432     
   98.000000000004121        5.2953801522438315     
   98.040000000004127        5.4605620481111687     
   98.080000000004134        5.6258786277085964     
   98.120000000004140        5.7911733359443458     
   98.160000000004146        5.9563194168128373     
   98.200000000004152        6.1212224616802509     
   98.240000000004159        6.2858220091900865     
   98.280000000004165        6.4500922056565031     
   98.320000000004171        6.6140415735510496     
   98.360000000004177        6.7777119653272972     
   98.400000000004184        6.9411767994536291     
   98.440000000004190        7.1045386853732611     
   98.480000000004196        7.2679265453218296     
   98.520000000004202        7.4314923352428632     
   98.560000000004209        7.5954074564823948     
   98.600000000004215        7.7598589365871948     
   98.640000000004221        7.9250454432992878     
   98.680000000004227        8.0911731823885518     
   98.720000000004234        8.2584517186282067     
   98.760000000004240        8.4270897509912661     
   98.800000000004246        8.5972908687011422     
   98.840000000004252        8.7692493144709296     
   98.880000000004259        8.9431457851832974     
   98.920000000004265        9.1191433081700950     
   98.960000000004271        9.2973832426093139     
   99.000000000004277        9.4779814694917714     
   99.040000000004284        9.6610248488862265     
   99.080000000004290        9.8465680382529470     
   99.120000000004296        10.034630778400693     
   99.160000000004302        10.225195762201677     
   99.200000000004309        10.418207203169072     
   99.240000000004315        10.613570214452345     
   99.280000000004321        10.811151092214603     
   99.320000000004327        11.010778570064630     
   99.360000000004334        11.212246073712146     
   99.400000000004340        11.415314959125373     
   99.440000000004346        11.619718666374087     
   99.480000000004353        11.825167669349693     
   99.520000000004359        12.031355053651410     
   99.560000000004365        5.9547772089455222     
   99.600000000004371        6.1614812469632607     
   99.640000000004378        6.3679592964573466     
   99.680000000004384        6.5738955860289190     
   99.720000000004390        6.7789864991549527     
   99.760000000004396        6.9829452747664114     
   99.800000000004403        7.1855059240154393     
   99.840000000004409        1.1032409857403849     
   99.880000000004415        1.3023049446274435     
   99.920000000004421        1.4993237315831851     
   99.960000000004428        1.6941365152622507     
   100.00000000000443        1.8866102705462864     
   100.04000000000444        2.0766390781249306     
   100.08000000000445        2.2641429666783077     
   100.12000000000445        2.4490664153620916     
   100.16000000000446        2.6313766266058569     
   100.20000000000447        2.8110616668657844     
   100.24000000000447        2.9881285578672614     
   100.28000000000448        3.1626013847142751     
   100.32000000000448        3.3345194713613746     
   100.36000000000449        3.5039356592938748     
   100.40000000000450        3.6709147124422721     
   100.44000000000450        3.8355318606650828     
   100.48000000000451        3.9978714856321620     
   100.52000000000452        4.1580259465205041     
   100.56000000000452        4.3160945383807254     
   100.60000000000453        4.4721825730707367     
   100.64000000000453        4.6264005709894596     
   100.68000000000454        4.7788635511910105     
   100.72000000000455        4.9296904075562455     
   100.76000000000455        5.0790033593157098     
   100.80000000000456        5.2269274651655735     
   100.84000000000457        5.3735901913430624     
   100.88000000000457        5.5191210252119944     
   100.92000000000458        5.6636511270640684     
   100.96000000000458        5.8073130139046336     
   101.00000000000459        5.9502402699200712     
   101.04000000000460        6.0925672790902929     
   101.08000000000460        6.2344289759986093     
   101.12000000000461        6.3759606112943423     
   101.16000000000462        6.5172975284787515     
   101.20000000000462        6.6585749487129249     
   101.24000000000463        6.7999277601900587     
   101.28000000000463        6.9414903082785848     
   101.32000000000464        7.0833961821322440     
   101.36000000000465        7.2257779927864298     
   101.40000000000465        7.3687671369274401     
   101.44000000000466        7.5124935395482524     
   101.48000000000467        7.6570853676137594     
   101.52000000000467        7.8026687056822217     
   101.56000000000468        7.9493671832137176     
   101.60000000000468        8.0973015421026062     
   101.64000000000469        8.2465891318824198     
   101.68000000000470        8.3973433191754374     
   101.72000000000470        8.5496727974307163     
   101.76000000000471        8.7036807829788749     
   101.80000000000472        8.8594640841256300     
   101.84000000000472        9.0171120316325588     
   101.88000000000473        9.1767052617376663     
   101.92000000000473        9.3383143471018837     
   101.96000000000474        9.5019982769691467     
   102.00000000000475        9.6678027955919497     
   102.04000000000475        9.8357586177118144     
   102.08000000000476        10.005879551572370     
   102.12000000000477        10.178160573368920     
   102.16000000000477        10.352575911741765     
   102.20000000000478        10.529077216143055     
   102.24000000000478        10.707591897561425     
   102.28000000000479        10.888021742766000     
   102.32000000000480        11.070241912256684     
   102.36000000000480        11.254100435663531     
   102.40000000000481        11.439418314657477     
   102.44000000000482        11.625990331059640     
   102.48000000000482        11.813586635910990     
   102.52000000000483        12.001955163825308     
   102.56000000000483        12.190824877146428     
   102.60000000000484        12.379909798620364     
   102.64000000000485        6.2857284357573722     
   102.68000000000485       0.19116499649867907     
   102.72000000000486       0.37910445493514511     
   102.76000000000487       0.56606779651667871     
   102.80000000000487       0.75177375619034803     
   102.84000000000488       0.93595906202324608     
   102.88000000000488        1.1183835126796260     
   102.92000000000489        1.2988344032577221     
   102.96000000000490        1.4771301610447476     
   103.00000000000490        1.6531230990417169     
   103.04000000000491        1.8267012432312377     
   103.08000000000492        1.9977892351981050     
   103.12000000000492        2.1663483513410089     
   103.16000000000493        2.3323757111226007     
   103.20000000000493        2.4959027684059931     
   103.24000000000494        2.6569931918742866     
   103.28000000000495        2.8157402437120314     
   103.32000000000495        2.9722637616747756     
   103.36000000000496        3.1267068402662650     
   103.40000000000497        3.2792322939539575     
   103.44000000000497        3.4300189710458735     
   103.48000000000498        3.5792579726522193     
   103.52000000000498        3.7271488183873882     
   103.56000000000499        3.8738955901351799     
   103.60000000000500        4.0197030779981038     
   103.64000000000500        4.1647729488954850     
   103.68000000000501        4.3092999583258322     
   103.72000000000502        4.4534682294908183     
   103.76000000000502        4.5974476309829306     
   103.80000000000503        4.7413902940162380     
   103.84000000000503        4.8854273219224780     
   103.88000000000504        5.0296657572653327     
   103.92000000000505        5.1741858841008286     
   103.96000000000505        5.3190389530575581     
   104.00000000000506        5.4642454233047530     
   104.04000000000507        5.6097938163867571     
   104.08000000000507        5.7556402707803169     
   104.12000000000508        5.9017088717485624     
   104.16000000000508        6.0478928081676822     
   104.20000000000509        6.1940563769289287     
   104.24000000000510        6.3400378177437329     
   104.28000000000510        6.4856529192159167     
   104.32000000000511        6.6306992942781680     
   104.36000000000512        6.7749611834385064     
   104.40000000000512        6.9182146117156771     
   104.44000000000513       0.77704739595086858     
   104.48000000000513       0.91760564043654558     
   104.52000000000514        1.0564869130892838     
   104.56000000000515        1.1934860642829577     
   104.60000000000515        1.3284139293256456     
   104.64000000000516        1.4611006448726065     
   104.68000000000517        1.5913982023869711     
   104.72000000000517        1.7191822125738097     
   104.76000000000518        1.8443528953020363     
   104.80000000000518        1.9668353442352697     
   104.84000000000519        2.0865791423695987     
   104.88000000000520        2.2035574231102095     
   104.92000000000520        2.3177654815291779     
   104.96000000000521        2.4292190428813480     
   105.00000000000522        2.5379522916411936     
   105.04000000000522        2.6440157558189745     
   105.08000000000523        2.7474741296967258     
   105.12000000000523        2.8484041048333144     
   105.16000000000524        2.9468922654277443     
   105.20000000000525        3.0430330908273784     
   105.24000000000525        3.1369270957692024     
   105.28000000000526        3.2286791282415872     
   105.32000000000527        3.3183968358356988     
   105.36000000000527        3.4061893041440081     
   105.40000000000528        3.4921658650695546     
   105.44000000000528        3.5764350686738240     
   105.48000000000529        3.6591038092158814     
   105.52000000000530        3.7402765941110356     
   105.56000000000530        3.8200549434596209     
   105.60000000000531        3.8985369073778586     
   105.64000000000532        3.9758166884384551     
   105.68000000000532        4.0519843569589513     
   105.72000000000533        4.1271256475463831     
   105.76000000000533        4.2013218261262297     
   105.80000000000534        4.2746496175814137     
   105.84000000000535        4.3471811850504194     
   105.88000000000535        4.4189841528442253     
   105.92000000000536        4.4901216658134455     
   105.96000000000537        4.5606524788129033     
   106.00000000000537        4.6306310706610354     
   106.04000000000538        4.7001077776717679     
   106.08000000000538        4.7691289424462315     
   106.12000000000539        4.8377370741532966     
   106.16000000000540        4.9059710170054567     
   106.20000000000540        4.9738661240552524     
   106.24000000000541        5.0414544338030671     
   106.28000000000542        5.1087648474257614     
   106.32000000000542        5.1758233047130577     
   106.36000000000543        5.2426529570407308     
   106.40000000000543        5.3092743359215078     
   106.44000000000544        5.3757055158612674     
   106.48000000000545        5.4419622704136250     
   106.52000000000545        5.5080582204744424     
   106.56000000000546        5.5740049739922046     
   106.60000000000547        5.6398122563935704     
   106.64000000000547        5.7054880311379366     
   106.68000000000548        5.7710386099225790     
   106.72000000000548        5.8364687521623111     
   106.76000000000549        5.9017817534658255     
   106.80000000000550        5.9669795229259233     
   106.84000000000550        6.0320626491332074     
   106.88000000000551        6.0970304549129644     
   106.92000000000552        6.1618810408731290     
   106.96000000000552        6.2266113179373725     
   107.00000000000553        6.2912170291214924     
   107.04000000000553        6.3556927608931089     
   107.08000000000554        6.4200319445340615     
   107.12000000000555        6.4842268480013159     
   107.16000000000555        6.5482685588554368     
   107.20000000000556        6.6121469588951616     
   107.24000000000557        6.6758506912019335     
   107.28000000000557        6.7393671203589571     
   107.32000000000558        6.8026822866647390     
   107.36000000000558        6.8657808552109074     
   107.40000000000559        6.9286460607375453     
   107.44000000000560        6.9912596492159800     
   107.48000000000560        7.0536018171382899     
   107.52000000000561        7.1156511495142105     
   107.56000000000562        7.1773845575891588     
   107.60000000000562        7.2387772173012053     
   107.64000000000563        7.2998025094896697     
   107.68000000000563        7.3604319628531734     
   107.72000000000564        7.4206352006302216     
   107.76000000000565        7.4803798919406637     
   107.80000000000565        7.5396317086815232     
   107.84000000000566        7.5983542888161590     
   107.88000000000567        7.6565092068316600     
   107.92000000000567        7.7140559520666425     
   107.96000000000568        7.7709519155309241     
   108.00000000000568        7.8271523857511491     
   108.04000000000569        7.8826105540837146     
   108.08000000000570        7.9372775298400136     
   108.12000000000570        7.9911023654709901     
   108.16000000000571        8.0440320919606361     
   108.20000000000572        8.0960117644836558     
   108.24000000000572        8.1469845182938290     
   108.28000000000573        8.1968916347294005     
   108.32000000000573        8.2456726171528558     
   108.36000000000574        8.2932652765878903     
   108.40000000000575        8.3396058267786657     
   108.44000000000575        8.3846289883787897     
   108.48000000000576        2.1450827948023332     
   108.52000000000577        2.1872699425553881     
   108.56000000000577        2.2279360781508770     
   108.60000000000578        2.2670111650780198     
   108.64000000000578        2.3044243231242407     
   108.68000000000579        2.3401039832592176     
   108.72000000000580        2.3739780512025672     
   108.76000000000580        2.4059740801719398     
   108.80000000000581        2.4360194535285169     
   108.84000000000582        2.4640415782781275     
   108.88000000000582        2.4899680906438260     
   108.92000000000583        2.5137270751936769     
   108.96000000000583        2.5352472992780775     
   109.00000000000584        2.5544584647947199     
   109.04000000000585        2.5712914795448896     
   109.08000000000585        2.5856787506584595     
   109.12000000000586        2.5975545027306546     
   109.16000000000587        2.6068551234126383     
   109.20000000000587        2.6135195392088777     
   109.24000000000588        2.6174896241329835     
   109.28000000000588        2.6187106436337761     
   109.32000000000589        2.6171317357963466     
   109.36000000000590        2.6127064312191575     
   109.40000000000590        2.6053932121385364     
   109.44000000000591        2.5951561102886589     
   109.48000000000592        2.5819653416253088     
   109.52000000000592        2.5657979743896764     
   109.56000000000593        2.5466386250396216     
   109.60000000000593        2.5244801743410901     
   109.64000000000594        2.4993244934224714     
   109.68000000000595        2.4711831669051239     
   109.72000000000595        2.4400781974182100     
   109.76000000000596        2.4060426730014752     
   109.80000000000597        2.3691213762445984     
   109.84000000000597        2.3293713116864945     
   109.88000000000598        2.2868621262085798     
   109.92000000000598        2.2416763961247996     
   109.96000000000599        2.1939097546221236     
   110.00000000000600        2.1436708343447788     
   110.04000000000600        2.0910810024102902     
   110.08000000000601        2.0362738690972884     
   110.12000000000602        1.9793945568676783     
   110.16000000000602        1.9205987231846176     
   110.20000000000603        1.8600513385484190     
   110.24000000000603        1.7979252299594293     
   110.28000000000604        1.7343994091862542     
   110.32000000000605        1.6696572142438064     
   110.36000000000605        1.6038843008013177     
   110.40000000000606        1.5372665272863815     
   110.44000000000607        1.4699877827296273     
   110.48000000000607        1.4022278095210021     
   110.52000000000608        1.3341600739924933     
   110.56000000000608        1.2659497360536032     
   110.60000000000609        1.1977517651221314     
   110.64000000000610        1.1297092436242109     
   110.68000000000610        1.0619518918352551     
   110.72000000000611       0.99459483934359239     
   110.76000000000612       0.92773765952863041     
   110.80000000000612       0.86146367473097629     
   110.84000000000613       0.79583953176925304     
   110.88000000000613       0.73091504054782908     
   110.92000000000614       0.66672326300340190     
   110.96000000000615       0.60328083573125335     
   111.00000000000615       0.54058850736579034     
   111.04000000000616       0.47863187110641814     
   111.08000000000617       0.41738227352989554     
   111.12000000000617       0.35679788279559510     
   111.16000000000618       0.29682490226268454     
   111.20000000000618       0.23739891909758137     
   111.24000000000619       0.17844638133438950     
   111.28000000000620       0.11988620072378398     
   111.32000000000620        6.1631482216685018E-002
   111.36000000000621        3.5913837118992653E-003
   111.40000000000622        5.4326888634073534E-002
   111.44000000000622       0.11221594408927604     
   111.48000000000623       0.17016592637542738     
   111.52000000000623       0.22826208858188002     
   111.56000000000624       0.28658223148406803     
   111.60000000000625       0.34519402292144985     
   111.64000000000625       0.40415222940753637     
   111.68000000000626       0.46349590805893603     
   111.72000000000627       0.52324562693370158     
   111.76000000000627       0.58340080421192742     
   111.80000000000628       0.64393728002779005     
   111.84000000000628       0.70480525722840248     
   111.88000000000629       0.76592776629488579     
   111.92000000000630       0.82719982195977071     
   111.96000000000630       0.88848844121571791     
   112.00000000000631       0.94963368103759915     
   112.04000000000632        1.0104508264735630     
   112.08000000000632        1.0707338143287064     
   112.12000000000633        1.1302599149233332     
   112.16000000000633        1.1887956172197125     
   112.20000000000634        1.2461035764031845     
   112.24000000000635        4.9812349117125914     
   112.28000000000635        4.9270703745375997     
   112.32000000000636        4.8747885431542723     
   112.36000000000637        4.8245609135095409     
   112.40000000000637        4.7765225099172257     
   112.44000000000638        4.7307653949089046     
   112.48000000000638        4.6873335621716858     
   112.52000000000639        4.6462194595934037     
   112.56000000000640        4.6073622905213423     
   112.60000000000640        4.5706481360971329     
   112.64000000000641        4.5359118399846974     
   112.68000000000642        1.7802447995086337     
   112.72000000000642        1.8117069049198240     
   112.76000000000643        1.8419523361224066     
   112.80000000000643        1.8713035938980662     
   112.84000000000644        1.9001057096529725     
   112.88000000000645        1.9287185522966153     
   112.92000000000645        1.9575091018202198     
   112.96000000000646        1.9868438908606163     
   113.00000000000647        2.0170817703005479     
   113.04000000000647        2.0485671103155223     
   113.08000000000648        2.0816235082402104     
   113.12000000000648        2.1165480422413681     
   113.16000000000649        2.1536060870229292     
   113.20000000000650        2.1930266955251474     
   113.24000000000650        2.2349985486189277     
   113.28000000000651        2.2796664819529910     
   113.32000000000652        2.3271286133149531     
   113.36000000000652        2.3774341123003317     
   113.40000000000653        2.4305816733590313     
   113.44000000000653        2.4865187696857673     
   113.48000000000654        2.5451417751930689     
   113.52000000000655        2.6062970415705649     
   113.56000000000655        2.6697830046252466     
   113.60000000000656        2.7353533674287207     
   113.64000000000657        2.8027213676665732     
   113.68000000000657        2.8715650853085064     
   113.72000000000658        2.9415336885042280     
   113.76000000000658        3.0122544562028586     
   113.80000000000659        3.0833403619854818     
   113.84000000000660        3.1287873456796347     
   113.88000000000660        3.0581500060812750     
   113.92000000000661        2.9883157459796510     
   113.96000000000662        2.9196511418290001     
   114.00000000000662        2.8525001841632980     
   114.04000000000663        2.7871788806050799     
   114.08000000000663        2.7239709223185979     
   114.12000000000664        2.6631244667103005     
   114.16000000000665        2.6048500275940158     
   114.20000000000665        2.5493194107654080     
   114.24000000000666        2.4966655913926799     
   114.28000000000667        2.4469834014511442     
   114.32000000000667        2.4003308805706016     
   114.36000000000668        2.3567311407767035     
   114.40000000000668        2.3161746024794398     
   114.44000000000669        2.2786214730744048     
   114.48000000000670        2.2440043580345397     
   114.52000000000670        2.2122309149992399     
   114.56000000000671        2.1831864821581242     
   114.60000000000672        2.1567366317161580     
   114.64000000000672        2.1327296164386471     
   114.68000000000673        2.1109986916610151     
   114.72000000000673        2.0913643065085279     
   114.76000000000674        2.0736361664643224     
   114.80000000000675        2.0576151750875540     
   114.84000000000675        2.0430952659640380     
   114.88000000000676        2.0298651372716749     
   114.92000000000677        2.0177099010801185     
   114.96000000000677        2.0064126580843435     
   115.00000000000678        1.9957560062705841     
   115.04000000000678        1.9855234893646836     
   115.08000000000679        1.9755009881036494     
   115.12000000000680        1.9654780546369017     
   115.16000000000680        1.9552491878889486     
   115.20000000000681        1.9446150456345617     
   115.24000000000682        1.9333835874382377     
   115.28000000000682        1.9213711415358032     
   115.32000000000683        1.9084033881934097     
   115.36000000000683        1.8943162520420316     
   115.40000000000684        1.8789566963032991     
   115.44000000000685        4.4210018945526679     
   115.48000000000685        4.4393179058067052     
   115.52000000000686        4.4592928686682773     
   115.56000000000687        4.4810298803797135     
   115.60000000000687        4.5046186767187235     
   115.64000000000688        4.5301355130247565     
   115.68000000000688        4.5576431585948871     
   115.72000000000689        4.5871910006547685     
   115.76000000000690        4.6188152527535768     
   115.80000000000690        4.6525392611972674     
   115.84000000000691        4.6883739020328541     
   115.88000000000692        4.7263180601341652     
   115.92000000000692        4.7663591811203379     
   115.96000000000693        4.8084738861655936     
   116.00000000000693        4.8526286392362508     
   116.04000000000694        4.8987804559238279     
   116.08000000000695        4.9468776428375696     
   116.12000000000695        4.9968605564827397     
   116.16000000000696        5.0486623706889322     
   116.20000000000697        5.1022098419699118     
   116.24000000000697        5.1574240626946484     
   116.28000000000698        5.2142211926252235     
   116.32000000000698        5.2725131602231254     
   116.36000000000699        5.3322083261270299     
   116.40000000000700        5.3932121023429156     
   116.44000000000700        5.4554275219359809     
   116.48000000000701        5.5187557553436921     
   116.52000000000702        5.5830965708070845     
   116.56000000000702       0.63483656937163901     
   116.60000000000703       0.56877493341281760     
   116.64000000000703       0.50200607161441502     
   116.68000000000704       0.43463234850559246     
   116.72000000000705       0.36675605941516942     
   116.76000000000705       0.29847928355067632     
   116.80000000000706       0.22990377515914828     
   116.84000000000707       0.16113088656297986     
   116.88000000000707        9.2261516459674286E-002
   116.92000000000708        2.3396076668520449E-002
   116.96000000000708        4.5365529500230595E-002
   117.00000000000709       0.11392392389268408     
   117.04000000000710       0.18218027144607229     
   117.08000000000710       0.25003630514612396     
   117.12000000000711       0.31739436305762214     
   117.16000000000712       0.38415744166825633     
   117.20000000000712       0.45022926887556858     
   117.24000000000713       0.51551439896549855     
   117.28000000000713       0.57991833090954992     
   117.32000000000714       0.64334765027790186     
   117.36000000000715       0.70571019406001811     
   117.40000000000715       0.76691523673371642     
   117.44000000000716       0.82687369505750097     
   117.48000000000717       0.88549834830534913     
   117.52000000000717       0.94270407003998480     
   117.56000000000718       0.99840806704679941     
   117.60000000000719        1.0525301207370075     
   117.64000000000719        1.1049928261801485     
   117.68000000000720        1.1557218239411340     
   117.72000000000720        1.2046460200680320     
   117.76000000000721        1.2516977898904671     
   117.80000000000722        1.2968131617269016     
   117.84000000000722        1.3399319771404818     
   117.88000000000723        1.3809980250034202     
   117.92000000000724        1.4199591473036275     
   117.96000000000724        1.4567673153291523     
   118.00000000000725        1.4913786755717393     
   118.04000000000725        1.5237535653784859     
   118.08000000000726        1.5538564990310884     
   118.12000000000727        1.5816561255299817     
   118.16000000000727        1.6071251598940022     
   118.20000000000728        1.6302402902470794     
   118.24000000000729        1.6509820633476200     
   118.28000000000729        1.6693347515226828     
   118.32000000000730        1.6852862041996488     
   118.36000000000730        1.6988276873870141     
   118.40000000000731        1.7099537145489911     
   118.44000000000732        1.7186618723527003     
   118.48000000000732        1.7249526447492436     
   118.52000000000733        1.7288292387882112     
   118.56000000000734        1.7302974154660127     
   118.60000000000734        1.7293653287778255     
   118.64000000000735        1.7260433759856819     
   118.68000000000735        1.7203440619347341     
   118.72000000000736        1.7122818800479211     
   118.76000000000737        1.7018732124065268     
   118.80000000000737        1.6891362510792673     
   118.84000000000738        1.6740909425929962     
   118.88000000000739        1.6567589571399677     
   118.92000000000739        1.6371636837848786     
   118.96000000000740        1.6153302525638944     
   119.00000000000740        1.5912855839513633     
   119.04000000000741        1.5650584657018469     
   119.08000000000742        1.5366796565498448     
   119.12000000000742        1.5061820156627836     
   119.16000000000743        1.4736006560920158     
   119.20000000000744        1.4389731197518463     
   119.24000000000744        1.4023395706817079     
   119.28000000000745        1.3637430025195685     
   119.32000000000745        1.3232294552487018     
   119.36000000000746        1.2808482353942647     
   119.40000000000747        1.2366521329662490     
   119.44000000000747        1.1906976276036059     
   119.48000000000748        1.1430450756093440     
   119.52000000000749        1.0937588689227520     
   119.56000000000749        1.0429075566014052     
   119.60000000000750       0.99056391913363484     
   119.64000000000750       0.93680498592243699     
   119.68000000000751       0.88171198662140382     
   119.72000000000752       0.82537022770119473     
   119.76000000000752       0.76786888670828990     
   119.80000000000753       0.70930071815666773     
   119.84000000000754       0.64976166685785297     
   119.88000000000754       0.58935038671244810     
   119.92000000000755       0.52816766549916827     
   119.96000000000755       0.46631575892354327     
   120.00000000000756       0.40389764002393069     
   120.04000000000757       0.34101617285615288     
   120.08000000000757       0.27777322205816618     
   120.12000000000758       0.21426871229874067     
   120.16000000000759       0.15059965361228833     
   120.20000000000759        8.6859150105496608E-002
   120.24000000000760        2.3135410405375256E-002
   120.28000000000760        4.0489221549842358E-002
   120.32000000000761       0.10393919721140921     
   120.36000000000762       0.16714663852762834     
   120.40000000000762       0.23005214203936053     
   120.44000000000763       0.29260549870335661     
   120.48000000000764       0.35476631871763997     
   120.52000000000764       0.41650455339920534     
   120.56000000000765       0.47780090904132666     
   120.60000000000765       0.53864715051766243     
   120.64000000000766       0.59904629507609686     
   120.68000000000767       0.65901269916773575     
   120.72000000000767       0.71857204319924961     
   120.76000000000768       0.77776122071854181     
   120.80000000000769       0.83662813970887062     
   120.84000000000769       0.89523144436354429     
   120.88000000000770       0.95364016595198442     
   120.92000000000770        1.0119333111957158     
   120.96000000000771        1.0701993959906362     
   121.00000000000772        1.1285359313900081     
   121.04000000000772        1.1870488675570636     
   121.08000000000773        1.2458519999657578     
   121.12000000000774        1.3050663405325436     
   121.16000000000774        1.3648194546601391     
   121.20000000000775        1.4252447634244851     
   121.24000000000775        1.4864808083967582     
   121.28000000000776        1.5486704749231364     
   121.32000000000777        1.6119601681490145     
   121.36000000000777        1.6764989347402843     
   121.40000000000778        1.7424375221989654     
   121.44000000000779        1.8099273669812157     
   121.48000000000779        1.8791195024017522     
   121.52000000000780        1.9501633776618255     
   121.56000000000780        2.0232055803910973     
   121.60000000000781        2.0983884569777218     
   121.64000000000782        2.1758486278069387     
   121.68000000000782        2.2557153984577063     
   121.72000000000783        2.3381090730147553     
   121.76000000000784        2.4231391819893191     
   121.80000000000784        2.5109026448837861     
   121.84000000000785        2.6014818960621504     
   121.88000000000785        2.6949430120485234     
   121.92000000000786        2.7913338882635053     
   121.96000000000787        2.8906825229422544     
   122.00000000000787        2.9929954748011305     
   122.04000000000788        3.0982565680179008     
   122.08000000000789        3.2064259222427953     
   122.12000000000789        3.3174393856206823     
   122.16000000000790        3.4312084442294397     
   122.20000000000790        3.5476206712152125     
   122.24000000000791        3.6665407629123958     
   122.28000000000792        3.7878121875862725     
   122.32000000000792        3.9112594459685215     
   122.36000000000793        4.0366909129608191     
   122.40000000000794        4.1639021988309342     
   122.44000000000794        4.2926799383974510     
   122.48000000000795        1.8603794164645602     
   122.52000000000795        1.7291240951042002     
   122.56000000000796        1.5969545535108827     
   122.60000000000797        1.4640780740145765     
   122.64000000000797        1.3306901701934177     
   122.68000000000798        1.1969710808037661     
   122.72000000000799        1.0630827632785131     
   122.76000000000799       0.92916646171145501     
   122.80000000000800       0.79534089346168568     
   122.84000000000800       0.66170106796775174     
   122.88000000000801       0.52831772332667248     
   122.92000000000802       0.39523734241752040     
   122.96000000000802       0.26248269194767948     
   123.00000000000803       0.13005381523731074     
   123.04000000000804        2.0705972814050178E-003
   123.08000000000804       0.13393153755995635     
   123.12000000000805       0.26558778454314336     
   123.16000000000805       0.39711385317442804     
   123.20000000000806       0.52859784905005847     
   123.24000000000807       0.66013928073608219     
   123.28000000000807       0.79184687215600769     
   123.32000000000808       0.92383640815515800     
   123.36000000000809        1.0562286378453194     
   123.40000000000809        1.1891472529588976     
   123.44000000000810        1.3227169523810651     
   123.48000000000810        1.4570615993509886     
   123.52000000000811        1.5923024745105210     
   123.56000000000812        1.7285566259480922     
   123.60000000000812        1.8659353165104653     
   123.64000000000813        2.0045425687801197     
   123.68000000000814        2.1444738090670485     
   123.72000000000814        2.2858146133540975     
   123.76000000000815        2.4286395601690081     
   123.80000000000815        2.5730111976314127     
   123.84000000000816        2.7189791342310992     
   123.88000000000817        2.8665792650239843     
   123.92000000000817        3.0158331466746624     
   123.96000000000818        3.1667475359275064     
   124.00000000000819        3.3193141064678255     
   124.04000000000819        3.4735093585855035     
   124.08000000000820        3.6292947344638886     
   124.12000000000820        3.7866169492313699     
   124.16000000000821        3.9454085441467721     
   124.20000000000822        4.1055886635361558     
   124.24000000000822        4.2670640515342395     
   124.28000000000823        4.4297302585641987     
   124.32000000000824        4.5934730411377567     
   124.36000000000824        4.7581699323425957     
   124.40000000000825        4.9236919546941440     
   124.44000000000825        5.0899054422375709     
   124.48000000000826        5.2566739352187355     
   124.52000000000827        5.4238601085456519     
   124.56000000000827        5.5913276947759600     
   124.60000000000828        5.7589433635128060     
   124.64000000000829        5.9265785217721216     
   124.68000000000829        6.0941110038871456     
   124.72000000000830        6.2614266245397463     
   124.76000000000830        6.4284205741897775     
   124.80000000000831        6.5949986421235618     
   124.84000000000832        6.7610782581770517     
   124.88000000000832        6.9265893495619739     
   124.92000000000833        7.0914750138481315     
   124.96000000000834        7.2556920128218749     
   125.00000000000834        7.4192110945212306     
   125.04000000000835        7.5820171521946111     
   125.08000000000835        7.7441092292672744     
   125.12000000000836        7.9055003787128779     
   125.16000000000837        8.0662173836484001     
   125.20000000000837        8.2263003436639810     
   125.24000000000838        8.3858021285508748     
   125.28000000000839        8.5447876979002242     
   125.32000000000839        8.7033332817208109     
   125.36000000000840        8.8615254139825623     
   125.40000000000840        9.0194598080632939     
   125.44000000000841        9.1772400607057492     
   125.48000000000842        9.3349761695522666     
   125.52000000000842        9.4927828489179316     
   125.56000000000843        9.6507776295273544     
   125.60000000000844        9.8090787308433001     
   125.64000000000844        9.9678026997450342     
   125.68000000000845        3.8438765098711758     
   125.72000000000845        4.0037759768736745     
   125.76000000000846        4.1644109078907823     
   125.80000000000847        4.3258631718488365     
   125.84000000000847        4.4881981458507578     
   125.88000000000848        4.6514614658638589     
   125.92000000000849        4.8156758829281952     
   125.96000000000849        4.9808383558975953     
   126.00000000000850        5.1469175313705771     
   126.04000000000850        5.3138517753499164     
   126.08000000000851        5.4815479262211682     
   126.12000000000852        5.6498809318816052     
   126.16000000000852        5.8186945128695511     
   126.20000000000853        5.9878029568493378     
   126.24000000000854        6.1569940981626621     
   126.28000000000854        6.3260334717629298     
   126.32000000000855        6.4946695582413732     
   126.36000000000855       0.37945465503919534     
   126.40000000000856       0.54649299047140765     
   126.44000000000857       0.71233619104519286     
   126.48000000000857       0.87673192837326619     
   126.52000000000858        1.0394458094675807     
   126.56000000000859        1.2002680393220804     
   126.60000000000859        1.3590192724739043     
   126.64000000000860        1.5155554343446918     
   126.68000000000860        1.6697713621565418     
   126.72000000000861        1.8216031885471489     
   126.76000000000862        1.9710294612632238     
   126.80000000000862        2.1180710533904596     
   126.84000000000863        2.2627899663355642     
   126.88000000000864        2.4052871602425285     
   126.92000000000864        2.5456995637605826     
   126.96000000000865        2.6841964187586393     
   127.00000000000865        2.8209751084452752     
   127.04000000000866        2.9562566026716852     
   127.08000000000867        3.0902806352894090     
   127.12000000000867        3.2233007083399214     
   127.16000000000868        3.3555789991089591     
   127.20000000000869        3.4873812306334546     
   127.24000000000869        3.6189715554458437     
   127.28000000000870        3.7506074969444749     
   127.32000000000870        3.8825349930201472     
   127.36000000000871        4.0149835921782575     
   127.40000000000872        4.1481618626252876     
   127.44000000000872        4.2822530884170664     
   127.48000000000873        4.4174113421110395     
   127.52000000000874        4.5537580383105967     
   127.56000000000874        4.6913790845710501     
   127.60000000000875        4.8303227526933119     
   127.64000000000875        4.9705983918518308     
   127.68000000000876        5.1121760930588831     
   127.72000000000877        5.2549873907035742     
   127.76000000000877        5.3989270510359448     
   127.80000000000878        5.5438559506958303     
   127.84000000000879        5.6896049935449824     
   127.88000000000879        5.8359799555054179     
   127.92000000000880        5.9827670903160621     
   127.96000000000880        6.1297392800234585     
   128.00000000000881        6.5228290257089705E-003
   128.04000000000880       0.14011686796050826     
   128.08000000000879       0.28624430980712268     
   128.12000000000879       0.43164222209409309     
   128.16000000000878       0.57610982980705128     
   128.20000000000877       0.71946701477944841     
   128.24000000000876       0.86155751116374146     
   128.28000000000876        1.0022510994076814     
   128.32000000000875        1.1414448152847443     
   128.36000000000874        1.2790632383445752     
   128.40000000000873        1.4150579609522098     
   128.44000000000872        1.5494063637064273     
   128.48000000000872        1.6821098357227953     
   128.52000000000871        1.8131915803810266     
   128.56000000000870        1.9426941407030589     
   128.60000000000869        2.0706767658791874     
   128.64000000000868        2.1972127238993897     
   128.68000000000868        2.3223866468241217     
   128.72000000000867        2.4462919766034870     
   128.76000000000866        2.5690285617506259     
   128.80000000000865        2.6907004393995186     
   128.84000000000864        2.8114138237703261     
   128.88000000000864        2.9312753109787031     
   128.92000000000863        3.0503903014004705     
   128.96000000000862        3.1688616342421057     
   129.00000000000861        3.2867884242947842     
   129.04000000000860        3.4042650877569680     
   129.08000000000860        3.5213805421901752     
   129.12000000000859        3.6382175648391164     
   129.16000000000858        3.7548522934492672     
   129.20000000000857        3.8713538541401031     
   129.24000000000856        3.9877841016683799     
   129.28000000000856        4.1041974584080307     
   129.32000000000855        4.2206408394797412     
   129.36000000000854        4.3371536526104197     
   129.40000000000853        4.4537678624399728     
   129.44000000000852        4.5705081100876619     
   129.48000000000852        4.6873918798241068     
   129.52000000000851        4.8044297056590031     
   129.56000000000850        4.9216254115467111     
   129.60000000000849        5.0389763797340787     
   129.64000000000848        5.1564738425310486     
   129.68000000000848        5.2741031934791529     
   129.72000000000847        5.3918443145295303     
   129.76000000000846        5.5096719164227901     
   129.80000000000845        5.6275558899885132     
   129.84000000000844        5.7454616665510709     
   129.88000000000844        5.8633505860382149     
   129.92000000000843        5.9811802717357834     
   129.96000000000842        6.0989050109118610     
   130.00000000000841        6.2164761407429845     
   130.04000000000840        6.3338424391107928     
   130.08000000000840        6.4509505198986616     
   130.12000000000839        6.5677452324054553     
   130.16000000000838        6.6841700644112167     
   130.20000000000837        6.8001675482838682     
   130.24000000000837        6.9156796693160265     
   130.28000000000836        7.0306482752387680     
   130.32000000000835        7.1450154855884227     
   130.36000000000834        7.2587240993187869     
   130.40000000000833        7.3717179987706167     
   130.44000000000833        7.4839425478490078     
   130.48000000000832        7.5953449820323424     
   130.52000000000831        7.7058747876571623     
   130.56000000000830        7.8154840678023367     
   130.60000000000829        7.9241278920408718     
   130.64000000000829        8.0317646273427385     
   130.68000000000828        8.1383562474977200     
   130.72000000000827        8.2438686185803434     
   130.76000000000826        8.3482717581930252     
   130.80000000000825        8.4515400664894500     
   130.84000000000825        8.5536525272862409     
   130.88000000000824        8.6545928779042125     
   130.92000000000823        8.7543497467270051     
   130.96000000000822        2.5697314506311755     
   131.00000000000821        2.6671072950308363     
   131.04000000000821        2.7632957688145252     
   131.08000000000820        2.8583057780071632     
   131.12000000000819        2.9521513109295165     
   131.16000000000818        3.0448513785736258     
   131.20000000000817        3.1364299237764492     
   131.24000000000817        3.2269157000196649     
   131.28000000000816        3.3163421206961989     
   131.32000000000815        3.4047470796468229     
   131.36000000000814        3.4921727436885370     
   131.40000000000813        3.5786653177378147     
   131.44000000000813        3.6642747829848927     
   131.48000000000812        3.7490546084104017     
   131.52000000000811        3.8330614357639687     
   131.56000000000810        3.9163547379583377     
   131.60000000000809        3.9989964506850808     
   131.64000000000809        4.0810505769429390     
   131.68000000000808        4.1625827641015158     
   131.72000000000807        4.2436598531161227     
   131.76000000000806        4.3243493995788862     
   131.80000000000805        4.4047191664513337     
   131.84000000000805        4.4848365885886121     
   131.88000000000804        4.5647682095481787     
   131.92000000000803        4.6445790916870253     
   131.96000000000802        4.7243322011995801     
   132.00000000000801        4.8040877705373717     
   132.04000000000801        4.8839026415806090     
   132.08000000000800        4.9638295939932222     
   132.12000000000799        5.0439166643712685     
   132.16000000000798        5.1242064630647342     
   132.20000000000798        5.2047354968791382     
   132.24000000000797        5.2855335071986822     
   132.28000000000796        5.3666228343584530     
   132.32000000000795        5.4480178202592198     
   132.36000000000794        5.5297242621858054     
   132.40000000000794        5.6117389314729396     
   132.44000000000793        5.6940491709733125     
   132.48000000000792        5.7766325851368130     
   132.52000000000791        5.8594568358335746     
   132.56000000000790        5.9424795557901842     
   132.60000000000790        6.0256483896274204     
   132.64000000000789        6.1089011699911362     
   132.68000000000788        6.1921662331958149     
   132.72000000000787        6.2753628752349941     
   132.76000000000786        6.3584019450782394     
   132.80000000000786        6.4411865680327294     
   132.84000000000785        6.5236129877912123     
   132.88000000000784        6.6055715118281801     
   132.92000000000783        6.6869475412576556     
   132.96000000000782        6.7676226633317906     
   133.00000000000782        6.8474757826132802     
   133.04000000000781        6.9263842656265986     
   133.08000000000780        7.0042250735581773     
   133.12000000000779       0.79769055116751142     
   133.16000000000778       0.87303069205632655     
   133.20000000000778       0.94694225224843209     
   133.24000000000777        1.0193108385875598     
   133.28000000000776        1.0900263509454549     
   133.32000000000775        1.1589836120657817     
   133.36000000000774        1.2260828727538353     
   133.40000000000774        1.2912301913238964     
   133.44000000000773        1.3543376899461126     
   133.48000000000772        1.4153236938347344     
   133.52000000000771        1.4741127619916670     
   133.56000000000770        1.5306356204073510     
   133.60000000000770        1.5848290102078677     
   133.64000000000769        1.6366354642400660     
   133.68000000000768        1.6860030260502168     
   133.72000000000767        1.7328849252010419     
   133.76000000000766        1.7772392224641314     
   133.80000000000766        1.8190284377024040     
   133.84000000000765        1.8582191723023327     
   133.88000000000764        1.8947817369047870     
   133.92000000000763        1.9286897939844150     
   133.96000000000762        1.9599200235974925     
   134.00000000000762        1.9884518194022398     
   134.04000000000761        2.0142670208869138     
   134.08000000000760        2.0373496866412926     
   134.12000000000759        2.0576859124880236     
   134.16000000000759        2.0752636973541558     
   134.20000000000758        2.0900728589052244     
   134.24000000000757        2.1021050001736055     
   134.28000000000756        2.1113535276743551     
   134.32000000000755        2.1178137207972347     
   134.36000000000755        2.1214828515733748     
   134.40000000000754        2.1223603532190851     
   134.44000000000753        2.1204480351387858     
   134.48000000000752        2.1157503413072556     
   134.52000000000751        2.1082746481354491     
   134.56000000000751        2.0980315970459382     
   134.60000000000750        2.0850354560417386     
   134.64000000000749        2.0693045035516704     
   134.68000000000748        2.0508614267908456     
   134.72000000000747        2.0297337258105221     
   134.76000000000747        2.0059541133618612     
   134.80000000000746        1.9795608997079817     
   134.84000000000745        1.9505983506429285     
   134.88000000000744        1.9191170062780460     
   134.92000000000743        1.8851739477050748     
   134.96000000000743        1.8488329985129048     
   135.00000000000742        1.8101648483909738     
   135.04000000000741        1.7692470867587073     
   135.08000000000740        1.7261641355650599     
   135.12000000000739        1.6810070721324570     
   135.16000000000739        1.6338733351759307     
   135.20000000000738        1.5848663098799431     
   135.24000000000737        1.5340947910963842     
   135.28000000000736        1.4816723272360766     
   135.32000000000735        1.4277164511284188     
   135.36000000000735        1.3723478078579761     
   135.40000000000734        1.3156891931732737     
   135.44000000000733        1.2578645193159461     
   135.48000000000732        1.1989977278592130     
   135.52000000000731        1.1392116712163052     
   135.56000000000731        1.0786269857592139     
   135.60000000000730        1.0173609798983372     
   135.64000000000729       0.95552655998855363     
   135.68000000000728       0.89323121557560459     
   135.72000000000727       0.83057608335907007     
   135.76000000000727       0.76765510645035140     
   135.80000000000726       0.70455430220599813     
   135.84000000000725       0.64135114829981221     
   135.88000000000724       0.57811409294996507     
   135.92000000000724       0.51490219152187078     
   135.96000000000723       0.45176486824735584     
   136.00000000000722       0.38874179867163416     
   136.04000000000721       0.32586290576406474     
   136.08000000000720       0.26314846047273499     
   136.12000000000720       0.20060927589718247     
   136.16000000000719       0.13824698319619655     
   136.20000000000718        7.6054376809546076E-002
   136.24000000000717        1.4015816503435641E-002
   136.28000000000716        4.7892325915208422E-002
   136.32000000000716       0.10970118670375872     
   136.36000000000715       0.17144890767351328     
   136.40000000000714       0.23318012052349779     
   136.44000000000713       0.29494542625693176     
   136.48000000000712       0.35680087664175364     
   136.52000000000712       0.41880746339348285     
   136.56000000000711       0.48103061950950599     
   136.60000000000710       0.54353973599897687     
   136.64000000000709       0.60640769615329959     
   136.68000000000708       0.66971042850223306     
   136.72000000000708       0.73352647870706988     
   136.76000000000707       0.79793659985698606     
   136.80000000000706       0.86302335995557389     
   136.84000000000705       0.92887076480714992     
   136.88000000000704       0.99556389403056245     
   136.92000000000704        1.0631885475352232     
   136.96000000000703        1.1318308994835311     
   137.00000000000702        1.2015771565302196     
   137.04000000000701        1.2725132169683799     
   137.08000000000700        1.3447243273217859     
   137.12000000000700        1.4182947329036315     
   137.16000000000699        1.4933073189152222     
   137.20000000000698        1.5698432387892700     
   137.24000000000697        1.6479815266984328     
   137.28000000000696        1.7277986914599985     
   137.32000000000696        1.8093682894834922     
   137.36000000000695        1.8927604749422020     
   137.40000000000694        1.9780415260156032     
   137.44000000000693        2.0652733468604838     
   137.48000000000692        2.1545129459357373     
   137.52000000000692        2.2458118924375912     
   137.56000000000691        2.3392157539017213     
   137.60000000000690        2.4347635194922286     
   137.64000000000689        2.5324870151112608     
   137.68000000000688        2.6324103182014671     
   137.72000000000688        2.7345491819366003     
   137.76000000000687        2.8389104803472600     
   137.80000000000686        2.9454916877355410     
   137.84000000000685        3.0542804074033336     
   137.88000000000685        3.1652539661474308     
   137.92000000000684        3.2783790920410976     
   137.96000000000683        3.3936116936000369     
   138.00000000000682        3.5108967583952189     
   138.04000000000681        3.6301683884112155     
   138.08000000000681        3.7513499878641179     
   138.12000000000680        3.8743546167304985     
   138.16000000000679        3.9990855198877240     
   138.20000000000678        4.1254368375727077     
   138.24000000000677        4.2532944979413765     
   138.28000000000677        4.3825372870301544     
   138.32000000000676        4.5130380856198808     
   138.36000000000675        4.6446652566668751     
   138.40000000000674        4.7772841614113402     
   138.44000000000673        4.9107587773232169     
   138.48000000000673        5.0449533870038152     
   138.52000000000672        5.1797343042852759     
   138.56000000000671        5.3149716022457607     
   138.60000000000670        5.4505408077832849     
   138.64000000000669        5.5863245287634822     
   138.68000000000669        5.7222139824741527     
   138.72000000000668        5.8581103979899671     
   138.76000000000667        5.9939262698086786     
   138.80000000000666        6.1295864454513884     
   138.84000000000665        6.2650290352876175     
   138.88000000000665        6.4002061383202307     
   138.92000000000664        6.5350843827440510     
   138.96000000000663        6.6696452845221366     
   139.00000000000662        6.8038854308129331     
   139.04000000000661        6.9378164977044072     
   139.08000000000661        7.0714651133084310     
   139.12000000000660        7.2048725778415399     
   139.16000000000659        7.3380944519199636     
   139.20000000000658        7.4712000230219386     
   139.24000000000657        7.6042716580440146     
   139.28000000000657        7.7374040472472121     
   139.32000000000656        7.8707033418151902     
   139.36000000000655        8.0042861839027033     
   139.40000000000654        8.1382786246218579     
   139.44000000000653        8.2728149220916780     
   139.48000000000653        8.4080362086767035     
   139.52000000000652        8.5440890140996988     
   139.56000000000651        8.6811236294991883     
   139.60000000000650        8.8192922970171495     
   139.64000000000649        8.9587472104847699     
   139.68000000000649        9.0996383155957794     
   139.72000000000648        9.2421109030054875     
   139.76000000000647        9.3863029954467940     
   139.80000000000646        9.5323425405345983     
   139.84000000000646        9.6803444346425138     
   139.88000000000645        9.8304074200852121     
   139.92000000000644        9.9826109175339202     
   139.96000000000643        10.137011877436940     
   140.00000000000642        10.293641757020382     
   140.04000000000642        10.452503751456627     
   140.08000000000641        10.613570426703017     
   140.12000000000640        10.776781914565053     
   140.16000000000639        10.942044834724948     
   140.20000000000638        11.109232100915172     
   140.24000000000638        11.278183746821123     
   140.28000000000637        11.448708870517088     
   140.32000000000636        11.620588744769110     
   140.36000000000635        11.793581076871263     
   140.40000000000634        11.967425330381900     
   140.44000000000634        5.8586636413414492     
   140.48000000000633        6.0333889452840976     
   140.52000000000632        6.2081404275513377     
   140.56000000000631        6.3826521274346453     
   140.60000000000630        6.5566747659511222     
   140.64000000000630        6.7299823333405779     
   140.68000000000629        6.9023778605575048     
   140.72000000000628        7.0736981627785900     
   140.76000000000627        7.2438174109030182     
   140.80000000000626        7.4126494588281799     
   140.84000000000626        7.5801489227522048     
   140.88000000000625        7.7463110680162224     
   140.92000000000624        7.9111706051017592     
   140.96000000000623        8.0747995275121234     
   141.00000000000622        8.2373041405250831     
   141.04000000000622        8.3988214328989965     
   141.08000000000621        8.5595149362658152     
   141.12000000000620        8.7195702023702903     
   141.16000000000619        8.8791900097806042     
   141.20000000000618        9.0385893921853082     
   141.24000000000618        9.1979905624061900     
   141.28000000000617        9.3576177917211112     
   141.32000000000616        9.5176922943353119     
   141.36000000000615        9.6784271626205918     
   141.40000000000614        9.8400224002756609     
   141.44000000000614        10.002660107547806     
   141.48000000000613        10.166499884289053     
   141.52000000000612        10.331674531584415     
   141.56000000000611        10.498286149166578     
   141.60000000000610        10.666402741532753     
   141.64000000000610        10.836055457942816     
   141.68000000000609        11.007236597444884     
   141.72000000000608        11.179898506973519     
   141.76000000000607        11.353953486085476     
   141.80000000000607        11.529274784625871     
   141.84000000000606        11.705698739467067     
   141.88000000000605        11.883028045000508     
   141.92000000000604        12.061036092630511     
   141.96000000000603        12.239472252069405     
   142.00000000000603        12.418067907829805     
   142.04000000000602        3.0172399991441168E-002
   142.08000000000601       0.20824228410177370     
   142.12000000000600       0.38562440825311411     
   142.16000000000599       0.56204481409281226     
   142.20000000000599       0.73724399285515740     
   142.24000000000598       0.91098197355530874     
   142.28000000000597        1.0830424769834226     
   142.32000000000596        1.2532360468107602     
   142.36000000000595        1.4214021324007893     
   142.40000000000595        1.5874101555729654     
   142.44000000000594        1.7511596413820081     
   142.48000000000593        1.9125795284395153     
   142.52000000000592        2.0716267966130033     
   142.56000000000591        2.2282845597475713     
   142.60000000000591        2.3825597700907628     
   142.64000000000590        2.5344806717052735     
   142.68000000000589        2.6840941248778347     
   142.72000000000588        2.8314629048086002     
   142.76000000000587        2.9766630577901960     
   142.80000000000587        3.1197813783072315     
   142.84000000000586        3.2609130521785490     
   142.88000000000585        3.4001594947588796     
   142.92000000000584        3.5376263996772570     
   142.96000000000583        3.6734220026954287     
   143.00000000000583        3.8076555568993600     
   143.04000000000582        3.9404360093437281     
   143.08000000000581        4.0718708651405535     
   143.12000000000580        4.2020652224851425     
   143.16000000000579        4.3311209609214174     
   143.20000000000579        4.4591360649686766     
   143.24000000000578        4.5862040658052523     
   143.28000000000577        4.7124135848146604     
   143.32000000000576        4.8378479642701020     
   143.36000000000575        4.9625849721229587     
   143.40000000000575        5.0866965696610587     
   143.44000000000574        5.2102487326291849     
   143.48000000000573        5.3333013181948550     
   143.52000000000572        5.4559079718494274     
   143.56000000000572        5.5781160699230803     
   143.60000000000571        5.6999666948356502     
   143.64000000000570        5.8214946414836248     
   143.68000000000569        5.9427284542612027     
   143.72000000000568        6.0636904951184061     
   143.76000000000568        6.1843970437626847     
   143.80000000000567        6.3048584316063980     
   143.84000000000566        6.4250792113480193     
   143.88000000000565        6.5450583641507158     
   143.92000000000564        6.6647895462531572     
   143.96000000000564        6.7842613765236273     
   144.00000000000563        6.9034577659651006     
   144.04000000000562        7.0223582895163252     
   144.08000000000561        7.1409385996983623     
   144.12000000000560        7.2591708807588962     
   144.16000000000560        7.3770243410033336     
   144.20000000000559        7.4944657400113774     
   144.24000000000558        7.6114599464606219     
   144.28000000000557        7.7279705213552239     
   144.32000000000556        7.8439603206259605     
   144.36000000000556        7.9593921103621303     
   144.40000000000555        8.0742291873839012     
   144.44000000000554        8.1884359974864740     
   144.48000000000553        8.3019787434968695     
   144.52000000000552        8.4148259752828274     
   144.56000000000552        8.5269491540347477     
   144.60000000000551        8.6383231834903071     
   144.64000000000550        8.7489269012642268     
   144.68000000000549        8.8587435240535743     
   144.72000000000548        8.9677610411781430     
   144.76000000000548        2.7927872444710502     
   144.80000000000547        2.9001912335369568     
   144.84000000000546        3.0067917853459241     
   144.88000000000545        3.1125987290852013     
   144.92000000000544        3.2176277164974549     
   144.96000000000544        3.3219002292024817     
   145.00000000000543        3.4254435146353868     
   145.04000000000542        3.5282904497012075     
   145.08000000000541        3.6304793314346040     
   145.12000000000540        3.7320535940584278     
   145.16000000000540        3.8330614518801642     
   145.20000000000539        3.9335554674815882     
   145.24000000000538        4.0335920446826696     
   145.28000000000537        4.1332308458405373     
   145.32000000000536        4.2325341332280484     
   145.36000000000536        4.3315660345783336     
   145.40000000000535        4.4303917334380971     
   145.44000000000534        4.5290765857999888     
   145.48000000000533        4.6276851656369047     
   145.52000000000533        4.7262802434857569     
   145.56000000000532        4.8249217041608699     
   145.60000000000531        4.9236654120363754     
   145.64000000000530        5.0225620351175477     
   145.68000000000529        5.1216558422870513     
   145.72000000000529        5.2209834915888713     
   145.76000000000528        5.3205728310815612     
   145.80000000000527        5.4204417374844089     
   145.84000000000526        5.5205970213362106     
   145.88000000000525        5.6210334304190548     
   145.92000000000525        5.7217327854636011     
   145.96000000000524        5.8226632833203267     
   146.00000000000523        5.9237790025281329     
   146.04000000000522        6.0250196442464263     
   146.08000000000521        6.1263105376185720     
   146.12000000000521        6.2275629326915372     
   146.16000000000520        6.3286745960612141     
   146.20000000000519        6.4295307146489638     
   146.24000000000518        6.5300051018290137     
   146.28000000000517        6.6299616880806447     
   146.32000000000517        6.7292562661404034     
   146.36000000000516        6.8277384490766364     
   146.40000000000515        6.9252537896211335     
   146.44000000000514       0.73846069404976877     
   146.48000000000513       0.83357390913858231     
   146.52000000000513       0.92725490817354739     
   146.56000000000512        1.0193552548924565     
   146.60000000000511        1.1097332778277507     
   146.64000000000510        1.1982558460365274     
   146.68000000000509        1.2847998969567946     
   146.72000000000509        1.3692536858292681     
   146.76000000000508        1.4515177383364986     
   146.80000000000507        1.5315055002125253     
   146.84000000000506        1.6091436888515820     
   146.88000000000505        1.6843723618205768     
   146.92000000000505        1.7571447252577417     
   146.96000000000504        1.8274267112024756     
   147.00000000000503        1.8951963569043140     
   147.04000000000502        1.9604430212035360     
   147.08000000000501        2.0231664733745323     
   147.12000000000501        2.0833758886608305     
   147.16000000000500        2.1410887824288967     
   147.20000000000499        2.1963299117523016     
   147.24000000000498        2.2491301696143915     
   147.28000000000497        2.2995254930554010     
   147.32000000000497        2.3475558027117107     
   147.36000000000496        2.3932639874738837     
   147.40000000000495        2.4366949445509554     
   147.44000000000494        2.4778946821524244     
   147.48000000000494        2.5169094893304242     
   147.52000000000493        2.5537851752768579     
   147.56000000000492        2.5885663785353903     
   147.60000000000491        2.6212959451417897     
   147.64000000000490        2.6520143736135955     
   147.68000000000490        2.6807593239314658     
   147.72000000000489        2.7075651871477562     
   147.76000000000488        2.7324627119816713     
   147.80000000000487        2.7554786846759725     
   147.84000000000486        2.7766356584625864     
   147.88000000000486        2.7959517291826010     
   147.92000000000485        2.8134403539035482     
   147.96000000000484        2.8291102097511596     
   148.00000000000483        2.8429650906055675     
   148.04000000000482        2.8550038397882438     
   148.08000000000482        2.8652203173737605     
   148.12000000000481        2.8736034012901057     
   148.16000000000480        2.8801370219148561     
   148.20000000000479        2.8848002304253213     
   148.24000000000478        2.8875673017126005     
   148.28000000000478        2.8884078732161340     
   148.32000000000477        2.8872871215697460     
   148.36000000000476        2.8841659794639143     
   148.40000000000475        2.8790013956115192     
   148.44000000000474        2.8717466411420673     
   148.48000000000474        2.8623516661252220     
   148.52000000000473        2.8507635102168201     
   148.56000000000472        2.8369267716026583     
   148.60000000000471        2.8207841384549104     
   148.64000000000470        2.8022769869746047     
   148.68000000000470        2.7813460497268800     
   148.72000000000469        2.7579321573339266     
   148.76000000000468        2.7319770556198044     
   148.80000000000467        2.7034242989459445     
   148.84000000000466        2.6722202186820856     
   148.88000000000466        2.6383149634770304     
   148.92000000000465        2.6016636051923605     
   148.96000000000464        2.5622273010264278     
   149.00000000000463        2.5199744985023722     
   149.04000000000462        2.4748821656801478     
   149.08000000000462        2.4269370242876289     
   149.12000000000461        2.3761367586194653     
   149.16000000000460        2.3224911682616103     
   149.20000000000459        2.2660232282703401     
   149.24000000000458        2.2067700167365363     
   149.28000000000458        2.1447834671169250     
   149.32000000000457        2.0801309017541683     
   149.36000000000456        2.0128953040629582     
   149.40000000000455        1.9431752902931145     
   149.44000000000455        1.8710847478408128     
   149.48000000000454        1.7967521158427373     
   149.52000000000453        1.7203192951146729     
   149.56000000000452        1.6419401879969930     
   149.60000000000451        1.5617788837017621     
   149.64000000000451        1.4800075204490917     
   149.68000000000450        1.3968038709957826     
   149.72000000000449        1.3123487119825972     
   149.76000000000448        1.2268230487795730     
   149.80000000000447        1.1404052752692433     
   149.84000000000447        1.0532683516179451     
   149.88000000000446       0.96557708223383998     
   149.92000000000445       0.87748557087040557     
   149.96000000000444       0.78913492065638302     
   150.00000000000443       0.70065123448920175     
   150.04000000000443       0.61214395671902166     
   150.08000000000442       0.52370458148849841     
   150.12000000000441       0.43540573758675749     
   150.16000000000440       0.34730064521920712     
   150.20000000000439       0.25942292748712581     
   150.24000000000439       0.17178674916809111     
   150.28000000000438        8.4387247887455885E-002
   150.32000000000437        2.7987819737931297E-003
   150.36000000000436        8.9811994429729314E-002
   150.40000000000435       0.17670942773499143     
   150.44000000000435       0.26356331050815363     
   150.48000000000434       0.35045977421891950     
   150.52000000000433       0.43749750363660711     
   150.56000000000432       0.52478635177832444     
   150.60000000000431       0.61244594063282953     
   150.64000000000431       0.70060426377257956     
   150.68000000000430       0.78939630213666945     
   150.72000000000429       0.87896265994235323     
   150.76000000000428       0.96944822397808261     
   150.80000000000427        1.0610008465162224     
   150.84000000000427        1.1537700497934118     
   150.88000000000426        1.2479057484497020     
   150.92000000000425        1.3435569854852143     
   150.96000000000424        1.4408706771640896     
   151.00000000000423        1.5399903628404181     
   151.04000000000423        1.6410549568625310     
   151.08000000000422        1.7441975014849378     
   151.12000000000421        1.8495439220242496     
   151.16000000000420        1.9572117882637854     
   151.20000000000420        2.0673090892475203     
   151.24000000000419        2.1799330319876336     
   151.28000000000418        2.2951688780907564     
   151.32000000000417        2.4130888357025748     
   151.36000000000416        2.5337510272628823     
   151.40000000000416        2.6571985561100364     
   151.44000000000415        2.7834586967141313     
   151.48000000000414        2.9125422339895088     
   151.52000000000413        3.0444429764968750     
   151.56000000000412        3.1791374661968641     
   151.60000000000412        3.3165849036392654     
   151.64000000000411        3.4567273020479607     
   151.68000000000410        3.5994898768016190     
   151.72000000000409        3.7447816685683755     
   151.76000000000408        3.8924963892286808     
   151.80000000000408        4.0425134702452699     
   151.84000000000407        4.1946992839436739     
   151.88000000000406        4.3489084999336107     
   151.92000000000405        4.5049855323051400     
   151.96000000000404        4.6627660288731141     
   152.00000000000404        4.8220783520802168     
   152.04000000000403        1.3004403047076003     
   152.08000000000402        1.1386013672099662     
   152.12000000000401       0.97577554188701998     
   152.16000000000400       0.81215057377746880     
   152.20000000000400       0.64791572504110984     
   152.24000000000399       0.48326113562091710     
   152.28000000000398       0.31837736515085024     
   152.32000000000397       0.15345509612957986     
   152.36000000000396        1.1315032149190274E-002
   152.40000000000396       0.17574249788109086     
   152.44000000000395       0.33963692409248269     
   152.48000000000394       0.50280810681328603     
   152.52000000000393       0.66506609169164554     
   152.56000000000392       0.82622134343924380     
   152.60000000000392       0.98608504644564632     
   152.64000000000391        1.1444695664252038     
   152.68000000000390        1.3011890926171028     
   152.72000000000389        1.4560604685233152     
   152.76000000000388        1.6089042071922115     
   152.80000000000388        1.7595456754156291     
   152.84000000000387        1.9078164206531389     
   152.88000000000386        2.0535556056923410     
   152.92000000000385        2.1966115095233518     
   152.96000000000384        2.3368430489945622     
   153.00000000000384        2.4741212746646544     
   153.04000000000383        2.6083307957995610     
   153.08000000000382        2.7393710934107389     
   153.12000000000381        2.8671576861551822     
   153.16000000000381        2.9916231212620223     
   153.20000000000380        3.1127177707967668     
   153.24000000000379        3.2304104218979943     
   153.28000000000378        3.3446886575445838     
   153.32000000000377        3.4555590314434794     
   153.36000000000377        3.5630470463923394     
   153.40000000000376        3.6671969497193424     
   153.44000000000375        3.7680713620120292     
   153.48000000000374        3.8657507563119990     
   153.52000000000373        3.9603328043640174     
   153.56000000000373        4.0519316045345697     
   153.60000000000372        4.1406768028800665     
   153.64000000000371        4.2267126148113396     
   153.68000000000370        4.3101967501576084     
   153.72000000000369        4.3912992394883519     
   153.76000000000369        4.4702011546331111     
   153.80000000000368        4.5470932117972573     
   153.84000000000367        4.6221742418853990     
   153.88000000000366        4.6956495100278577     
   153.92000000000365        4.7677288653121703     
   153.96000000000365        4.8386247028374996     
   154.00000000000364        4.9085497239384663     
   154.04000000000363        4.9777144872531167     
   154.08000000000362        5.0463247536524758     
   154.12000000000361        5.1145786421704091     
   154.16000000000361        5.1826636319828721     
   154.20000000000360        5.2507534668215845     
   154.24000000000359        5.3190050421068547     
   154.28000000000358        5.3875553800812863     
   154.32000000000357        5.4565188221937087     
   154.36000000000357        5.5259845881664811     
   154.40000000000356        5.5960148643575502     
   154.44000000000355        5.6666435868252805     
   154.48000000000354        5.7378760738586667     
   154.52000000000353        5.8096896364892183     
   154.56000000000353        5.8820352530142221     
   154.60000000000352        5.9548403362327802     
   154.64000000000351        6.0280125536300986     
   154.68000000000350        6.1014445870314695     
   154.72000000000349       0.10816566039723788     
   154.76000000000349        3.4567812782850482E-002
   154.80000000000348        3.8935377110978830E-002
   154.84000000000347       0.11223540799204801     
   154.88000000000346       0.18523848025792966     
   154.92000000000345       0.25787058647861560     
   154.96000000000345       0.33008171357588734     
   155.00000000000344       0.40184900103566956     
   155.04000000000343       0.47317877147845522     
   155.08000000000342       0.54410742025156211     
   155.12000000000342       0.61470121265282396     
   155.16000000000341       0.68505508617885447     
   155.20000000000340       0.75529058836138896     
   155.24000000000339       0.82555309809355171     
   155.28000000000338       0.89600848145833001     
   155.32000000000338       0.96683932479904122     
   155.36000000000337        1.0382408715904234     
   155.40000000000336        1.1104167691490221     
   155.44000000000335        1.1835747096320124     
   155.48000000000334        1.2579220298381202     
   155.52000000000334        1.3336613181087464     
   155.56000000000333        1.4109860655236597     
   155.60000000000332        1.4900763933506038     
   155.64000000000331        1.5710948895220183     
   155.68000000000330        1.6541825934307632     
   155.72000000000330        1.7394551797272504     
   155.76000000000329        1.8269994067596418     
   155.80000000000328        1.9168699120696195     
   155.84000000000327        2.0090864537626176     
   155.88000000000326        2.1036317100993349     
   155.92000000000326        2.2004497576060609     
   155.96000000000325        2.2994453477324850     
   156.00000000000324        2.4004840913402776     
   156.04000000000323        2.5033936376017718     
   156.08000000000322        2.6079658989127479     
   156.12000000000322        2.7139603273510535     
   156.16000000000321        2.8211081938537141     
   156.20000000000320        2.9291177629828131     
   156.24000000000319        3.0376801993860818     
   156.28000000000318        3.1464759927827624     
   156.32000000000318        3.0280036550876734     
   156.36000000000317        2.9197089066883741     
   156.40000000000316        2.8121367030758124     
   156.44000000000315        2.7055836195366334     
   156.48000000000314        2.6003259788577759     
   156.52000000000314        2.4966155368541409     
   156.56000000000313        2.3946761465863324     
   156.60000000000312        2.2947014405305692     
   156.64000000000311        2.1968535138657996     
   156.68000000000310        2.1012625441433368     
   156.72000000000310        2.0080272456959687     
   156.76000000000309        1.9172160324265439     
   156.80000000000308        1.8288687498606879     
   156.84000000000307        1.7429988352242825     
   156.88000000000306        1.6595957707852129     
   156.92000000000306        1.5786277084460485     
   156.96000000000305        1.5000441602759400     
   157.00000000000304        1.4237786682648443     
   157.04000000000303        1.3497513853968224     
   157.08000000000303        1.2778715179327653     
   157.12000000000302        1.2080395947486111     
   157.16000000000301        1.1401495432409545     
   157.20000000000300        1.0740905625273469     
   157.24000000000299        1.0097487934856773     
   157.28000000000299       0.94700879178859942     
   157.32000000000298       0.88575481476798412     
   157.36000000000297       0.82587193599770314     
   157.40000000000296       0.76724700321825834     
   157.44000000000295       0.70976945593085228     
   157.48000000000295       0.65333201891560932     
   157.52000000000294       0.59783128729491652     
   157.56000000000293       0.54316821774568602     
   157.60000000000292       0.48924853920500411     
   157.64000000000291       0.43598309502122756     
   157.68000000000291       0.38328812705895299     
   157.72000000000290       0.33108551083081039     
   157.76000000000289       0.27930294934324884     
   157.80000000000288       0.22787413203523865     
   157.84000000000287       0.17673886397556959     
   157.88000000000287       0.12584316937624518     
   157.92000000000286        7.5139372481221933E-002
   157.96000000000285        2.4586158002917635E-002
   158.00000000000284        2.5851387497215050E-002
   158.04000000000283        7.6201752554927005E-002
   158.08000000000283       0.12648699590780321     
   158.12000000000282       0.17672276004665477     
   158.16000000000281       0.22691830385761413     
   158.20000000000280       0.27707655525592756     
   158.24000000000279       0.32719418487389706     
   158.28000000000279       0.37726170193452457     
   158.32000000000278       0.42726357342309562     
   158.36000000000277       0.47717836756598686     
   158.40000000000276       0.52697892244533229     
   158.44000000000275       0.57663254032713773     
   158.48000000000275       0.62610120796778634     
   158.52000000000274       0.67534184279996534     
   158.56000000000273       0.72430656449569142     
   158.60000000000272       0.77294299097455976     
   158.64000000000271       0.82119455748373671     
   158.68000000000271       0.86900085693761309     
   158.72000000000270       0.91629799928447042     
   158.76000000000269       0.96301898727988355     
   158.80000000000268        1.0090941057057581     
   158.84000000000268        1.0544513207923965     
   158.88000000000267        1.0990166863891746     
   158.92000000000266        1.1427147532953059     
   158.96000000000265        1.1854689781109364     
   159.00000000000264        1.2272021280025127     
   159.04000000000264        1.2678366778940200     
   159.08000000000263        1.3072951967932269     
   159.12000000000262        1.3455007202326472     
   159.16000000000261        1.3823771061392396     
   159.20000000000260        1.4178493718336718     
   159.24000000000260        1.4518440102865373     
   159.28000000000259        1.4842892842118118     
   159.32000000000258        4.7680698101363523     
   159.36000000000257        4.7389300668757510     
   159.40000000000256        4.7115416898496907     
   159.44000000000256        4.6859668634428058     
   159.48000000000255        4.6622648817739520     
   159.52000000000254        4.6404919920608743     
   159.56000000000253        4.6207012579086832     
   159.60000000000252        4.6029424408480279     
   159.64000000000252        4.5872618982582933     
   159.68000000000251        4.5737024956774217     
   159.72000000000250        4.5623035314227582     
   159.76000000000249        4.5531006714249269     
   159.80000000000248        4.5461258922067715     
   159.84000000000248        4.5414074300185341     
   159.88000000000247        4.5389697342650699     
   159.92000000000246        4.5388334235270218     
   159.96000000000245        4.5410152426815120     
   160.00000000000244        4.5455280198647632     
   160.04000000000244        4.5523806222853098     
   160.08000000000243        4.5615779101877560     
   160.12000000000242        4.5731206885796789     
   160.16000000000241        4.5870056566638695     
   160.20000000000240        4.6032253552605980     
   160.24000000000240        4.6217681128553929     
   160.28000000000239        4.6426179912619867     
   160.32000000000238        4.6657547322421271     
   160.36000000000237        4.6911537067678850     
   160.40000000000236        4.7187858689409099     
   160.44000000000236        4.7486177168893668     
   160.48000000000235        4.7806112632385798     
   160.52000000000234        4.8147240179868138     
   160.56000000000233        4.8509089868036108     
   160.60000000000232        4.8891146878950433     
   160.64000000000232        4.9292851906385069     
   160.68000000000231        4.9713601791702970     
   160.72000000000230        5.0152750440042881     
   160.76000000000229        5.0609610045631088     
   160.80000000000229        5.1083452652103540     
   160.84000000000228        5.1573512069822147     
   160.88000000000227        5.2078986167314119     
   160.92000000000226        5.2599039548213593     
   160.96000000000225        5.3132806618537609     
   161.00000000000225        5.3679395041921785     
   161.04000000000224       0.85939634990417413     
   161.08000000000223       0.80244968226070035     
   161.12000000000222       0.74450061517563493     
   161.16000000000221       0.68564489999957901     
   161.20000000000221       0.62597871570016406     
   161.24000000000220       0.56559813908278733     
   161.28000000000219       0.50459859914299632     
   161.32000000000218       0.44307432127174406     
   161.36000000000217       0.38111776732065739     
   161.40000000000217       0.31881907766938189     
   161.44000000000216       0.25626552141530434     
   161.48000000000215       0.19354096062823223     
   161.52000000000214       0.13072533428597599     
   161.56000000000213        6.7894167044284193E-002
   161.60000000000213        5.1181074144822647E-003
   161.64000000000212        5.7537500753034543E-002
   161.68000000000211       0.12001301032610934     
   161.72000000000210       0.18225482412279592     
   161.76000000000209       0.24421570775395407     
   161.80000000000209       0.30585506130275886     
   161.84000000000208       0.36713914982139695     
   161.88000000000207       0.42804129332112795     
   161.92000000000206       0.48854201755154414     
   161.96000000000205       0.54862916739399126     
   162.00000000000205       0.60829798512242272     
   162.04000000000204       0.66755115610602522     
   162.08000000000203       0.72639882473886763     
   162.12000000000202       0.78485858348270265     
   162.16000000000201       0.84295543790244676     
   162.20000000000201       0.90072175046411740     
   162.24000000000200       0.95819716565758584     
   162.28000000000199        1.0154285187074239     
   162.32000000000198        1.0724697297503372     
   162.36000000000197        1.1293816848927052     
   162.40000000000197        1.1862321050212967     
   162.44000000000196        1.2430954026280066     
   162.48000000000195        1.3000525262281599     
   162.52000000000194        1.3571907912033270     
   162.56000000000193        1.4146036950848349     
   162.60000000000193        1.4723907144143420     
   162.64000000000192        1.5306570793745811     
   162.68000000000191        1.5895135213799885     
   162.72000000000190        1.6490759877595083     
   162.76000000000190        1.7094653165629465     
   162.80000000000189        1.7708068633948206     
   162.84000000000188        1.8332300710512570     
   162.88000000000187        1.8968679716432069     
   162.92000000000186        1.9618566098843790     
   162.96000000000186        2.0283343753738556     
   163.00000000000185        2.0964412311011849     
   163.04000000000184        2.1663178251594379     
   163.08000000000183        2.2381044729087325     
   163.12000000000182        2.3119399977549397     
   163.16000000000182        2.3879604204858973     
   163.20000000000181        2.4662974899494396     
   163.24000000000180        2.5470770519806996     
   163.28000000000179        2.6304172590976860     
   163.32000000000178        2.7164266307564184     
   163.36000000000178        2.8052019829932160     
   163.40000000000177        2.8968262570738927     
   163.44000000000176        2.9913662891484991     
   163.48000000000175        3.0888705764947240     
   163.52000000000174        3.1893671100830341     
   163.56000000000174        3.2928613569821508     
   163.60000000000173        3.3993344883220171     
   163.64000000000172        3.5087419576681063     
   163.68000000000171        3.6210125391042007     
   163.72000000000170        3.7360479324406057     
   163.76000000000170        3.8537230333497101     
   163.80000000000169        3.9738869479459069     
   163.84000000000168        4.0963648041771297     
   163.88000000000167        4.2209603771450173     
   163.92000000000166        4.3474595039620150     
   163.96000000000166        4.4756342188712148     
   164.00000000000165        1.6779378123725577     
   164.04000000000164        1.5471268696831895     
   164.08000000000163        1.4153575605587609     
   164.12000000000162        1.2828620683512988     
   164.16000000000162        1.1498600855237429     
   164.20000000000161        1.0165537908647189     
   164.24000000000160       0.88312335740292447     
   164.28000000000159       0.74972313700372539     
   164.32000000000158       0.61647862654111352     
   164.36000000000158       0.48348427606574518     
   164.40000000000157       0.35080215562706907     
   164.44000000000156       0.21846145790478322     
   164.48000000000155        8.6458781208580415E-002
   164.52000000000155        4.5240886718460827E-002
   164.56000000000154       0.17670257881932305     
   164.60000000000153       0.30801925413396547     
   164.64000000000152       0.43930929913186967     
   164.68000000000151       0.57071371904750423     
   164.72000000000151       0.70239310269137745     
   164.76000000000150       0.83452443126760079     
   164.80000000000149       0.96729778801238542     
   164.84000000000148        1.1009130122830260     
   164.88000000000147        1.2355763300953628     
   164.92000000000147        1.3714969837700555     
   164.96000000000146        1.5088838767890671     
   165.00000000000145        1.6479422464452134     
   165.04000000000144        1.7888703764582807     
   165.08000000000143        1.9318563643277353     
   165.12000000000143        2.0770749635278003     
   165.16000000000142        2.2246845282931007     
   165.20000000000141        2.3748240980838382     
   165.24000000000140        2.5276106690643179     
   165.28000000000139        2.6831367100962042     
   165.32000000000139        2.8414679896875965     
   165.36000000000138        3.0026417867789901     
   165.40000000000137        3.1666655608791849     
   165.44000000000136        3.3335161546682306     
   165.48000000000135        3.5031395937878820     
   165.52000000000135        3.6754515335946594     
   165.56000000000134        3.8503383812024490     
   165.60000000000133        4.0276590939587056     
   165.64000000000132        4.2072476241206145     
   165.68000000000131        4.3889159461781899     
   165.72000000000131        4.5724575707957893     
   165.76000000000130        4.7576514207350096     
   165.80000000000129        1.3389193849113274     
   165.84000000000128        1.1511221543256562     
   165.88000000000127       0.96238242346782754     
   165.92000000000127       0.77293894237330762     
   165.96000000000126       0.58302558832607310     
   166.00000000000125       0.39286846868131065     
   166.04000000000124       0.20268359301315553     
   166.08000000000123        1.2675150928777468E-002
   166.12000000000123       0.17696560399793726     
   166.16000000000122       0.36606089659512508     
   166.20000000000121       0.55444645888368937     
   166.24000000000120       0.74197112649393315     
   166.28000000000119       0.92849609770678965     
   166.32000000000119        1.1138939566386186     
   166.36000000000118        1.2980475619059808     
   166.40000000000117        1.4808488961851203     
   166.44000000000116        1.6621979616106353     
   166.48000000000116        1.8420017922130658     
   166.52000000000115        2.0201736388229783     
   166.56000000000114        2.1966323652144646     
   166.60000000000113        2.3713020777220364     
   166.64000000000112        2.5441119949725115     
   166.68000000000112        2.7149965503852793     
   166.72000000000111        2.8838957081978327     
   166.76000000000110        3.0507554642926484     
   166.80000000000109        3.2155284962056103     
   166.84000000000108        3.3781749224094657     
   166.88000000000108        3.5386631291802391     
   166.92000000000107        3.6969706238457007     
   166.96000000000106        3.8530848756626277     
   167.00000000000105        4.0070041095824047     
   167.04000000000104        4.1587380233080431     
   167.08000000000104        4.3083084038717967     
   167.12000000000103        4.4557496260375906     
   167.16000000000102        4.6011090207623360     
   167.20000000000101        4.7444471073995444     
   167.24000000000100        4.8858376880343970     
   167.28000000000100        5.0253678061158897     
   167.32000000000099        5.1631375742909391     
   167.36000000000098        5.2992598780104618     
   167.40000000000097        5.4338599620935435     
   167.44000000000096        5.5670749070776555     
   167.48000000000096        5.6990530009637581     
   167.52000000000095        5.8299530100251413     
   167.56000000000094        5.9599433498473875     
   167.60000000000093        6.0892011548764042     
   167.64000000000092        6.2179112416559175     
   167.68000000000092        6.3462649578312025     
   167.72000000000091        6.4744589060945135     
   167.76000000000090        6.6026935297836342     
   167.80000000000089        6.7311715450809793     
   167.84000000000088        6.8600962039936633     
   167.88000000000088        6.9896693728591028     
   167.92000000000087        7.1200894133851920     
   167.96000000000086        7.2515488575916232     
   168.00000000000085        7.3842318748631026     
   168.04000000000084        7.5183115390113429     
   168.08000000000084        7.6539469160310798     
   168.12000000000083        7.7912800092138568     
   168.16000000000082        7.9304326172731567     
   168.20000000000081        8.0715031825851131     
   168.24000000000080        8.2145637295356870     
   168.28000000000080        8.3596570157118979     
   168.32000000000079        8.5067940391299786     
   168.36000000000078        8.6559520601933002     
   168.40000000000077        8.8070733046220671     
   168.44000000000077        8.9600645101842638     
   168.48000000000076        9.1147974631054627     
   168.52000000000075        9.2711106379339299     
   168.56000000000074        9.4288120072866981     
   168.60000000000073        9.5876830271377482     
   168.64000000000073        9.7474837330836142     
   168.68000000000072        3.6247735020446958     
   168.72000000000071        3.7856591139874403     
   168.76000000000070        3.9466902386519389     
   168.80000000000069        4.1076081828883213     
   168.84000000000069        4.2681679653551994     
   168.88000000000068        4.4281452437839803     
   168.92000000000067        4.5873425016312748     
   168.96000000000066        4.7455942601448911     
   169.00000000000065        4.9027711477154527     
   169.04000000000065        5.0587827305372155     
   169.08000000000064        5.2135790795437496     
   169.12000000000063        5.3671511118665336     
   169.16000000000062        5.5195297960387073     
   169.20000000000061        5.6707843463176690     
   169.24000000000061        5.8210195523927162     
   169.28000000000060        5.9703723976697320     
   169.32000000000059        6.1190081147924342     
   169.36000000000058        6.2671158142434225     
   169.40000000000057        6.4149038041193478     
   169.44000000000057        6.5625946996463052     
   169.48000000000056        6.7104204024061023     
   169.52000000000055        6.8586170137252305     
   169.56000000000054        7.0074197357715757     
   169.60000000000053        7.1570578085452929     
   169.64000000000053        7.3077495315048413     
   169.68000000000052        7.4596974248544123     
   169.72000000000051        7.6130835968139170     
   169.76000000000050        7.7680653982350547     
   169.80000000000049        7.9247714629136876     
   169.84000000000049        8.0832982485638141     
   169.88000000000048        8.2437072069195541     
   169.92000000000047        8.4060227188247048     
   169.96000000000046        8.5702309284896696     
   170.00000000000045        8.7362795977947449     
   170.04000000000045        8.9040790749242955     
   170.08000000000044        9.0735044313978506     
   170.12000000000043        9.2443987691060059     
   170.16000000000042        9.4165776375298886     
   170.20000000000041        9.5898344359444536     
   170.24000000000041        9.7639466123715799     
   170.28000000000040        3.6554971099463254     
   170.32000000000039        3.8306226230438156     
   170.36000000000038        4.0059087562193909     
   170.40000000000038        4.1811379341785919     
   170.44000000000037        4.3561101855793183     
   170.48000000000036        4.5306484190075818     
   170.52000000000035        4.7046027176382825     
   170.56000000000034        4.8778535518680011     
   170.60000000000034        5.0503138752547159     
   170.64000000000033        5.2219301296077845     
   170.68000000000032        5.3926822354797057     
   170.72000000000031        5.5625826818575215     
   170.76000000000030        5.7316748526002979     
   170.80000000000030        5.9000307377624512     
   170.84000000000029        6.0677481771847095     
   170.88000000000028        6.2349477741154686     
   170.92000000000027        6.4017696008788469     
   170.96000000000026        6.5683697993571899     
   171.00000000000026        6.7349171585857714     
   171.04000000000025        6.9015897318783210     
   171.08000000000024        7.0685715379267799     
   171.12000000000023        7.2360493750947308     
   171.16000000000022        7.4042097661041213     
   171.20000000000022        7.5732360416424402     
   171.24000000000021        7.7433055660084626     
   171.28000000000020        7.9145871055276498     
   171.32000000000019        8.0872383407563930     
   171.36000000000018        8.2614035260399152     
   171.40000000000018        8.4372113043221546     
   171.44000000000017        8.6147726907133730     
   171.48000000000016        8.7941792446457789     
   171.52000000000015        8.9755014568900719     
   171.56000000000014        9.1587873836305782     
   171.60000000000014        9.3440615645452638     
   171.64000000000013        9.5313242647563214     
   171.68000000000012        9.7205510810007052     
   171.72000000000011        9.9116929499131707     
   171.76000000000010        10.104676590576982     
   171.80000000000010        10.299405404368825     
   171.84000000000009        10.495760842778239     
   171.88000000000008        10.693604238808629     
   171.92000000000007        4.6095937733957202     
   171.96000000000006        4.8099283807114173     
   172.00000000000006        5.0112389280694556     
   172.04000000000005        5.2133327418486584     
   172.08000000000004        5.4160117870474300     
   172.12000000000003        5.6190762504592389     
   172.16000000000003        5.8223281236269750     
   172.20000000000002        6.0255746904161009     
   172.24000000000001        6.2286318304089452     
   172.28000000000000        6.4313270598832650     
   172.31999999999999        6.6335022458784128     
   172.35999999999999        6.8350159445244376     
   172.39999999999998        7.0357453310861793     
   172.43999999999997        7.2355877047949200     
   172.47999999999996        7.4344615654326862     
   172.51999999999995        7.6323072700015180     
   172.55999999999995        7.8290872861711822     
   172.59999999999994        8.0247860643916695     
   172.63999999999993        8.2194095527056295     
   172.67999999999992        8.4129843777593436     
   172.71999999999991        8.6055567128200590     
   172.75999999999991        8.7971908494063804     
   172.79999999999990        8.9879674841330157     
   172.83999999999989        9.1779817272926998     
   172.87999999999988        3.0841555280998536     
   172.91999999999987        3.2729763587407579     
   172.95999999999987        3.4613825476528639     
   172.99999999999986        3.6495014055541937     
   173.03999999999985        3.8374605416677090     
   173.07999999999984        4.0253842275147926     
   173.11999999999983        4.2133895289108931     
   173.15999999999983        4.4015822520265937     
   173.19999999999982        4.5900527717857935     
   173.23999999999981        4.7788718369676175     
   173.27999999999980        4.9680864748498026     
   173.31999999999979        5.1577161470124011     
   173.35999999999979        5.3477493341430300     
   173.39999999999978        5.5381407477520579     
   173.43999999999977        5.7288093765380053     
   173.47999999999976        5.9196375706219078     
   173.51999999999975        6.1104713444785821     
   173.55999999999975        6.3011220369907326     
   173.59999999999974        6.4913694046474744     
   173.63999999999973        6.6809661442587913     
   173.67999999999972        6.8696437503814654     
   173.71999999999971        7.0571195183015094     
   173.75999999999971       0.95991910875655528     
   173.79999999999970        1.1441261705081460     
   173.83999999999969        1.3262790217378062     
   173.87999999999968        1.5061201298824609     
   173.91999999999967        1.6834183989199754     
   173.95999999999967        1.8579757750334425     
   173.99999999999966        2.0296326061668206     
   174.03999999999965        2.1982715872859684     
   174.07999999999964        2.3638202161746449     
   174.11999999999964        2.5262517718201334     
   174.15999999999963        2.6855849012312065     
   174.19999999999962        2.8418819560506825     
   174.23999999999961        2.9952462557309927     
   174.27999999999960        3.1458184701364553     
   174.31999999999960        3.2937723140027888     
   174.35999999999959        3.4393097326911590     
   174.39999999999958        3.5826557375246884     
   174.43999999999957        3.7240530239309457     
   174.47999999999956        3.8637564803103741     
   174.51999999999956        4.0020276729043296     
   174.55999999999955        4.1391293739985322     
   174.59999999999954        4.2753201888040762     
   174.63999999999953        4.4108493308066574     
   174.67999999999952        4.5459515961111565     
   174.71999999999952        4.6808425936014935     
   174.75999999999951        4.8157142983305539     
   174.79999999999950        4.9507310087222507     
   174.83999999999949        5.0860258017578888     
   174.87999999999948        5.2216975918538164     
   174.91999999999948        5.3578089059616572     
   174.95999999999947        5.4943844869325575     
   174.99999999999946        5.6314108271377199     
   175.03999999999945        5.7688367132058875     
   175.07999999999944        5.9065748300923824     
   175.11999999999944        6.0445044294957970     
   175.15999999999943        6.1824750163934139     
   175.19999999999942        6.3203109521462650     
   175.23999999999941        6.4578168183161884     
   175.27999999999940        6.5947833376357412     
   175.31999999999940       0.44780830561858542     
   175.35999999999939       0.58304411693446090     
   175.39999999999938       0.71709201887130769     
   175.43999999999937       0.84974899328993847     
   175.47999999999936       0.98082745181517206     
   175.51999999999936        1.1101594273345881     
   175.55999999999935        1.2375998499644081     
   175.59999999999934        1.3630288603706728     
   175.63999999999933        1.4863531678521682     
   175.67999999999932        1.6075065078353790     
   175.71999999999932        1.7264492905400128     
   175.75999999999931        1.8431675581857156     
   175.79999999999930        1.9576713822449141     
   175.83999999999929        2.0699928360116711     
   175.87999999999928        2.1801836729809612     
   175.91999999999928        2.2883128303937634     
   175.95999999999927        2.3944638620075827     
   175.99999999999926        2.4987323867021969     
   176.03999999999925        2.6012236215836739     
   176.07999999999925        2.7020500510576482     
   176.11999999999924        2.8013292677553512     
   176.15999999999923        2.8991820077063082     
   176.19999999999922        2.9957303909638293     
   176.23999999999921        3.0910963699915390     
   176.27999999999921        3.1854003813526388     
   176.31999999999920        3.2787601913625002     
   176.35999999999919        3.3712899230826050     
   176.39999999999918        3.4630992500557318     
   176.43999999999917        3.5542927412299097     
   176.47999999999917        3.6449693413421671     
   176.51999999999916        3.7352219714177397     
   176.55999999999915        3.8251372348085240     
   176.59999999999914        3.9147952152037218     
   176.63999999999913        4.0042693541853467     
   176.67999999999913        4.0936263970888893     
   176.71999999999912        4.1829263971053212     
   176.75999999999911        4.2722227686841396     
   176.79999999999910        4.3615623823424938     
   176.83999999999909        4.4509856939384544     
   176.87999999999909        4.5405269023215711     
   176.91999999999908        4.6302141300318409     
   176.95999999999907        4.7200696223841554     
   176.99999999999906        4.8101099608573188     
   177.03999999999905        4.9003462872143908     
   177.07999999999905        4.9907845352250222     
   177.11999999999904        5.0814256672508433     
   177.15999999999903        5.1722659133020237     
   177.19999999999902        5.2632970104856760     
   177.23999999999901        5.3545064410528038     
   177.27999999999901        5.4458776675163811     
   177.31999999999900        5.5373903635639357     
   177.35999999999899        5.6290206397271110     
   177.39999999999898        5.7207412630002539     
   177.43999999999897        5.8125218698205874     
   177.47999999999897        5.9043291720336528     
   177.51999999999896        5.9961271556676738     
   177.55999999999895        6.0878772725270380     
   177.59999999999894        6.1795386247852644     
   177.63999999999893        6.2710681429083817     
   177.67999999999893        6.3624207573673068     
   177.71999999999892        6.4535495646996841     
   177.75999999999891        6.5444059885549777     
   177.79999999999890        6.6349399363996566     
   177.83999999999889        6.7250999525709698     
   177.87999999999889        6.8148333683479123     
   177.91999999999888        6.9040864496575658     
   177.95999999999887        6.9928045429559527     
   177.99999999999886        7.0809322197178597     
   178.03999999999886        7.1684134198437510     
   178.07999999999885        7.2551915941484850     
   178.11999999999884        7.3412098459415027     
   178.15999999999883        7.4264110715471396     
   178.19999999999882        7.5107380994526496     
   178.23999999999882        7.5941338276163277     
   178.27999999999881        7.6765413583243340     
   178.31999999999880        7.7579041298575442     
   178.35999999999879        7.8381660441234686     
   178.39999999999878        7.9172715893263934     
   178.43999999999878        7.9951659566941995     
   178.47999999999877        8.0717951502541503     
   178.51999999999876        8.1471060886529791     
   178.55999999999875        8.2210466980482426     
   178.59999999999874        8.2935659951565803     
   178.63999999999874        8.3646141596280614     
   178.67999999999873        2.1509572878413525     
   178.71999999999872        2.2189186705948467     
   178.75999999999871        2.2852669865349844     
   178.79999999999870        2.3499575545959352     
   178.83999999999870        2.4129470375925051     
   178.87999999999869        2.4741934400345169     
   178.91999999999868        2.5336560931270369     
   178.95999999999867        2.5912956272485341     
   178.99999999999866        2.6470739323393540     
   179.03999999999866        2.7009541067632536     
   179.07999999999865        2.7529003953236146     
   179.11999999999864        2.8028781172225576     
   179.15999999999863        2.8508535848452148     
   179.19999999999862        2.8967940143333286     
   179.23999999999862        2.9406674289830672     
   179.27999999999861        2.9824425565628641     
   179.31999999999860        3.0220887217001922     
   179.35999999999859        3.0595757345335701     
   179.39999999999858        3.0948737768704513     
   179.43999999999858        3.1279532871355658     
   179.47999999999857        3.1587848454407927     
   179.51999999999856        3.1873390601596387     
   179.55999999999855        3.2135864574498574     
   179.59999999999854        3.2374973752396556     
   179.63999999999854        3.2590418632789371     
   179.67999999999853        3.2781895909598164     
   179.71999999999852        3.2949097647322771     
   179.75999999999851        3.3091710570832018     
   179.79999999999851        3.3209415492111782     
   179.83999999999850        3.3301886897159454     
   179.87999999999849        3.3368792718294458     
   179.91999999999848        3.3409794319434285     
   179.95999999999847        3.3424546724329653     
   179.99999999999847        3.3412699120308309     
   180.03999999999846        3.3373895672667571     
   180.07999999999845        3.3307776687375439     
   180.11999999999844        3.3213980162051131     
   180.15999999999843        3.3092143767118287     
   180.19999999999843        3.2941907300336331     
   180.23999999999842        3.2762915658343843     
   180.27999999999841        3.2554822368066336     
   180.31999999999840        3.2317293718469116     
   180.35999999999839        3.2050013528740049     
   180.39999999999839        3.1752688582088267     
   180.43999999999838        3.1425054744433050     
   180.47999999999837        3.1066883773812535     
   180.51999999999836        3.0677990808870836     
   180.55999999999835        3.0258242502860702     
   180.59999999999835        2.9807565742935163     
   180.63999999999834        2.9325956863007061     
   180.67999999999833        2.8813491222331726     
   180.71999999999832        2.8270332981798361     
   180.75999999999831        2.7696744866757230     
   180.79999999999831        2.7093097660673222     
   180.83999999999830        2.6459879130199067     
   180.87999999999829        2.5797702042234532     
   180.91999999999828        2.5107310900568081     
   180.95999999999827        2.4389587007585587     
   180.99999999999827        2.3645551449253381     
   181.03999999999826        2.2876365612956673     
   181.07999999999825        2.2083328881029951     
   181.11999999999824        2.1267873200123830     
   181.15999999999823        2.0431554308539899     
   181.19999999999823        1.9576039509004937     
   181.23999999999822        1.8703091999500268     
   181.27999999999821        1.7814551913897656     
   181.31999999999820        1.6912314369437038     
   181.35999999999819        1.5998304960172285     
   181.39999999999819        1.5074453264376682     
   181.43999999999818        1.4142665039809763     
   181.47999999999817        1.3204793855336223     
   181.51999999999816        1.2262612944628226     
   181.55999999999815        1.1317788064622545     
   181.59999999999815        1.0371852098545480     
   181.63999999999814       0.94261820645752481     
   181.67999999999813       0.84819790834515452     
   181.71999999999812       0.75402517305889072     
   181.75999999999812       0.66018030606729861     
   181.79999999999811       0.56672214555583089     
   181.83999999999810       0.47368753188749979     
   181.87999999999809       0.38109115307383257     
   181.91999999999808       0.28892574888048594     
   181.95999999999808       0.19716265007141098     
   181.99999999999807       0.10575262584560852     
   182.03999999999806        1.4627011611958451E-002
   182.07999999999805        7.6300909415474738E-002
   182.11999999999804       0.16713429415579784     
   182.15999999999804       0.25799091599859736     
   182.19999999999803       0.34900114314062103     
   182.23999999999802       0.44030572705460935     
   182.27999999999801       0.53205340413480195     
   182.31999999999800       0.62439830943871533     
   182.35999999999800       0.71749719886588004     
   182.39999999999799       0.81150647565930623     
   182.43999999999798       0.90657901934802165     
   182.47999999999797        1.0028608206963923     
   182.51999999999796        1.1004874353392808     
   182.55999999999796        1.1995802818738834     
   182.59999999999795        1.3002428273354592     
   182.63999999999794        1.4025567239545724     
   182.67999999999793        1.5065779851660901     
   182.71999999999792        1.6123333147214884     
   182.75999999999792        1.7198167284817134     
   182.79999999999791        1.8289866313830028     
   182.83999999999790        1.9397635289188218     
   182.87999999999789        2.0520285596559567     
   182.91999999999788        2.1656230292449679     
   182.95999999999788        2.2803491041621879     
   182.99999999999787        2.3959717833903267     
   183.03999999999786        2.5122222087046979     
   183.07999999999785        2.6288023018923177     
   183.11999999999784        2.7453906353476305     
   183.15999999999784        3.4215359486543773     
   183.19999999999783        3.3059533816677842     
   183.23999999999782        3.1913939997480321     
   183.27999999999781        3.0781969720938420     
   183.31999999999780        2.9666855001566255     
   183.35999999999780        2.8571592897703431     
   183.39999999999779        2.7498879031302463     
   183.43999999999778        2.6451052234141263     
   183.47999999999777        2.5430051853278393     
   183.51999999999776        2.4437388417699890     
   183.55999999999776        2.3474127586660409     
   183.59999999999775        2.2540886636226207     
   183.63999999999774        2.1637842237992224     
   183.67999999999773        2.0764747961076155     
   183.71999999999773        1.9920959780280909     
   183.75999999999772        1.9105467877016125     
   183.79999999999771        1.8316933141387004     
   183.83999999999770        1.7553726985406275     
   183.87999999999769        1.6813973320839315     
   183.91999999999769        1.6095591807317446     
   183.95999999999768        1.5396341709918726     
   183.99999999999767        1.4713865900293319     
   184.03999999999766        1.4045734678298709     
   184.07999999999765        1.3389489174886928     
   184.11999999999765        1.2742684119952434     
   184.15999999999764        1.2102929724073204     
   184.19999999999763        1.1467932337938862     
   184.23999999999762        1.0835533429166286     
   184.27999999999761        1.0203746268364604     
   184.31999999999761       0.95707895633810214     
   184.35999999999760       0.89351171440325405     
   184.39999999999759       0.82954427022095523     
   184.43999999999758       0.76507585565414082     
   184.47999999999757       0.70003474564452794     
   184.51999999999757       0.63437865810612148     
   184.55999999999756       0.56809431291648504     
   184.59999999999755       0.50119612301887084     
   184.63999999999754       0.43372403149745242     
   184.67999999999753       0.36574055368258840     
   184.71999999999753        5.9858581783303428     
   184.75999999999752        6.0546053797949480     
   184.79999999999751       0.15960529204985135     
   184.83999999999750        9.0515012547968760E-002
   184.87999999999749        2.1421638771197793E-002
   184.91999999999749        4.7565970754429587E-002
   184.95999999999748       0.11634669140368536     
   184.99999999999747       0.18483062596710509     
   185.03999999999746       0.25294195030123390     
   185.07999999999745       0.32062105646526995     
   185.11999999999745       0.38782598177039662     
   185.15999999999744       0.45453315060232236     
   185.19999999999743       0.52073748714021506     
   185.23999999999742       0.58645197978869568     
   185.27999999999741       0.65170679195476078     
   185.31999999999741       0.71654801933296763     
   185.35999999999740       0.78103619234384047     
   185.39999999999739       0.84524461539254525     
   185.43999999999738       0.90925762386896292     
   185.47999999999737       0.97316882689064088     
   185.51999999999737        1.0370793900627733     
   185.55999999999736        1.1010963990655731     
   185.59999999999735        1.1653313324416166     
   185.63999999999734        1.2298986610209381     
   185.67999999999734        1.2949145822266346     
   185.71999999999733        1.3604958900996269     
   185.75999999999732        1.4267589761878139     
   185.79999999999731        1.4938189522991925     
   185.83999999999730        1.5617888833142473     
   185.87999999999730        1.6307791165703338     
   185.91999999999729        1.7008966935575018     
   185.95999999999728        1.7722448296092161     
   185.99999999999727        1.8449224477680808     
   186.03999999999726        1.9190237539209614     
   186.07999999999726        1.9946378415237993     
   186.11999999999725        2.0718483156940390     
   186.15999999999724        2.1507329280801817     
   186.19999999999723        2.2313632156833063     
   186.23999999999722        2.3138041386768986     
   186.27999999999722        2.3981137142292592     
   186.31999999999721        2.4843426453605968     
   186.35999999999720        2.5725339459469594     
   186.39999999999719        2.6627225650925439     
   186.43999999999718        2.7549350161993100     
   186.47999999999718        2.8491890181254780     
   186.51999999999717        2.9454931577865686     
   186.55999999999716        3.0438465853444963     
   186.59999999999715        3.1442387546691259     
   186.63999999999714        3.2466492229491939     
   186.67999999999714        3.3510475240759492     
   186.71999999999713        3.4573931306232946     
   186.75999999999712        3.5656355188106743     
   186.79999999999711        3.6757143496847160     
   186.83999999999710        3.7875597778453445     
   186.87999999999710        3.9010928963618317     
   186.91999999999709        4.0162263231099118     
   186.95999999999708        4.1328649297004265     
   186.99999999999707        4.2509067096043527     
   187.03999999999706        4.3702437772007556     
   187.07999999999706        4.4907634845176414     
   187.11999999999705        4.6123496376640336     
   187.15999999999704        4.7348837906381389     
   187.19999999999703        4.8582465906035130     
   187.23999999999702        4.9823191460819203     
   187.27999999999702        5.1069843879938635     
   187.31999999999701        5.2321283931914619     
   187.35999999999700        5.3576416410997521     
   187.39999999999699        5.4834201762551702     
   187.43999999999699        5.6093666527707065     
   187.47999999999698        5.7353912408676448     
   187.51999999999697        5.8614123803490745     
   187.55999999999696        5.9873573709801260     
   187.59999999999695        6.1131627949106653     
   187.63999999999695        6.2387747712718911     
   187.67999999999694        6.3641490476775520     
   187.71999999999693        6.4892509373884648     
   187.75999999999692        6.6140551142343202     
   187.79999999999691        6.7385452799624836     
   187.83999999999691        6.8627137204839581     
   187.87999999999690        6.9865607685402100     
   187.91999999999689        7.1100941906843760     
   187.95999999999688        7.2333285162442209     
   187.99999999999687        7.3562843252141494     
   188.03999999999687        7.4789875109168911     
   188.07999999999686        7.6014685318870852     
   188.11999999999685        7.7237616658554131     
   188.15999999999684        7.8459042770379543     
   188.19999999999683        7.9679361062311838     
   188.23999999999683        8.0898985915343413     
   188.27999999999682        8.2118342259087562     
   188.31999999999681        8.3337859562667731     
   188.35999999999680        8.4557966273784366     
   188.39999999999679        8.5779084726010204     
   188.43999999999679        8.7001626522768678     
   188.47999999999678        8.8225988396071475     
   188.51999999999677        8.9452548528882776     
   188.55999999999676        9.0681663321891701     
   188.59999999999675        9.1913664578460761     
   188.63999999999675        9.3148857075549145     
   188.67999999999674        9.4387516483469547     
   188.71999999999673        9.5629887593441971     
   188.75999999999672        9.6876182809084934     
   188.79999999999671        9.8126580856291117     
   188.83999999999671        3.6549372593634364     
   188.87999999999670        3.7808372308784093     
   188.91999999999669        3.9071798380774125     
   188.95999999999668        4.0339684704292509     
   188.99999999999667        4.1612026764174832     
   189.03999999999667        4.2888780762269505     
   189.07999999999666        4.4169862703895477     
   189.11999999999665        4.5455147431779075     
   189.15999999999664        4.6744467605308930     
   189.19999999999663        4.8037612633754971     
   189.23999999999663        4.9334327583461350     
   189.27999999999662        5.0634312090583764     
   189.31999999999661        5.1937219322276116     
   189.35999999999660        5.3242655039868803     
   189.39999999999660        5.4550176827013219     
   189.43999999999659        5.5859293553472797     
   189.47999999999658        5.7169465150706085     
   189.51999999999657        5.8480102778138985     
   189.55999999999656        5.9790569458655272     
   189.59999999999656        6.1100181258048583     
   189.63999999999655        6.2408209075808658     
   189.67999999999654        6.3713881103661052     
   189.71999999999653        6.5016385993925914     
   189.75999999999652        6.6314876762391055     
   189.79999999999652        6.7608475430582500     
   189.83999999999651        6.8896278390818528     
   189.87999999999650        7.0177362455152483     
   189.91999999999649        7.1450791527249669     
   189.95999999999648        7.2715623815449693     
   189.99999999999648        7.3970919486760662     
   190.03999999999647        7.5215748646245526     
   190.07999999999646        7.6449199514964814     
   190.11999999999645        7.7670386672892224     
   190.15999999999644        7.8878459231323399     
   190.19999999999644        8.0072608802281042     
   190.23999999999643        8.1252077140031957     
   190.27999999999642        8.2416163341571984     
   190.31999999999641        2.0732377436286349     
   190.35999999999640        2.1863858715241742     
   190.39999999999640        2.2978262662083098     
   190.43999999999639        2.4075177880139282     
   190.47999999999638        2.5154276916831817     
   190.51999999999637        2.6215319412219409     
   190.55999999999636        2.7258154511884700     
   190.59999999999636        2.8282722569425625     
   190.63999999999635        2.9289056173956776     
   190.67999999999634        3.0277280544790477     
   190.71999999999633        3.1247613338752682     
   190.75999999999632        3.2200363915436969     
   190.79999999999632        3.3135932102271157     
   190.83999999999631        3.4054806494820031     
   190.87999999999630        3.4957562318599700     
   190.91999999999629        3.5844858867212013     
   190.95999999999628        3.6717436518238702     
   190.99999999999628        3.7576113313516029     
   191.03999999999627        3.8421781074630843     
   191.07999999999626        3.9255401008274506     
   191.11999999999625        4.0077998740065324     
   191.15999999999624        4.0890658700295015     
   191.19999999999624        4.1694517771583035     
   191.23999999999623        4.2490758097592574     
   191.27999999999622        4.3280598944909752     
   191.31999999999621        4.4065287508239628     
   191.35999999999621        4.4846088553753987     
   191.39999999999620        4.5624272808434556     
   191.43999999999619        4.6401104026408051     
   191.47999999999618        4.7177824698396327     
   191.51999999999617        4.7955640419189436     
   191.55999999999617        4.8735702991796721     
   191.59999999999616        4.9519092426268614     
   191.63999999999615        5.0306798085693494     
   191.67999999999614        5.1099699339687898     
   191.71999999999613        5.1898546203078988     
   191.75999999999613        5.2703940558471283     
   191.79999999999612        5.3516318677630137     
   191.83999999999611        5.4335935857382864     
   191.87999999999610        5.5162854058398008     
   191.91999999999609        5.5996933466086247     
   191.95999999999609        5.6837828868668430     
   191.99999999999608        5.7684991657065012     
   192.03999999999607        5.8537678087869836     
   192.07999999999606        5.9394964213853534     
   192.11999999999605        6.0255767583813151     
   192.15999999999605        6.1118875461571340     
   192.19999999999604        6.1982978937292783     
   192.23999999999603        1.4858862374780152E-003
   192.27999999999602        8.7684071233506411E-002
   192.31999999999601       0.17357207186181939     
   192.35999999999601       0.25902229679335759     
   192.39999999999600       0.34391896173982278     
   192.43999999999599       0.42816209660837046     
   192.47999999999598       0.51167108187454557     
   192.51999999999597       0.59438759392136020     
   192.55999999999597       0.67627787431565223     
   192.59999999999596       0.75733427601577852     
   192.63999999999595       0.83757607690970992     
   192.67999999999594       0.91704958488232358     
   192.71999999999593       0.99582758654840631     
   192.75999999999593        1.0740082124922909     
   192.79999999999592        1.1517133048501904     
   192.83999999999591        1.2290863786685093     
   192.87999999999590        1.3062902675851173     
   192.91999999999589        1.3835045383124949     
   192.95999999999589        1.4609227486321634     
   192.99999999999588        1.5387496116227182     
   193.03999999999587        1.6171981159987685     
   193.07999999999586        1.6964866398924658     
   193.11999999999585        1.7768360840835440     
   193.15999999999585        1.8584670412598088     
   193.19999999999584        1.9415970108304870     
   193.23999999999583        2.0264376643919588     
   193.27999999999582        2.1131921652700685     
   193.31999999999582        2.2020525466081633     
   193.35999999999581        2.2931971560831395     
   193.39999999999580        2.3867881812390204     
   193.43999999999579        2.4829692772264114     
   193.47999999999578        2.5818633278842489     
   193.51999999999578        2.6835703809045981     
   193.55999999999577        2.7881658074354272     
   193.59999999999576        2.8956987449146032     
   193.63999999999575        3.0061908881043333     
   193.67999999999574        3.1196356960907239     
   193.71999999999574        3.2359980813804805     
   193.75999999999573        3.3552146403184913     
   193.79999999999572        3.4771944713651548     
   193.83999999999571        3.6018206092972660     
   193.87999999999570        3.7289520797147047     
   193.91999999999570        3.8584265505770539     
   193.95999999999569        3.9900635276989584     
   193.99999999999568        4.1236680115139608     
   194.03999999999567        4.2590345055313383     
   194.07999999999566        4.3959512452622453     
   194.11999999999566        1.7489808050740130     
   194.15999999999565        1.6096024959638222     
   194.19999999999564        1.4693043308779361     
   194.23999999999563        1.3282815899345888     
   194.27999999999562        1.1867164600824953     
   194.31999999999562        1.0447754157617206     
   194.35999999999561       0.90260721453767501     
   194.39999999999560       0.76034153452148967     
   194.43999999999559       0.61808825143972745     
   194.47999999999558       0.47593732771528519     
   194.51999999999558       0.33395926517939301     
   194.55999999999557       0.19220605772498778     
   194.59999999999556        5.0712570410125002E-002
   194.63999999999555        9.0501733190265998E-002
   194.67999999999554       0.23143079397252975     
   194.71999999999554       0.37207976625021666     
   194.75999999999553       0.51246270297612351     
   194.79999999999552       0.65260018090606065     
   194.83999999999551       0.79251692220857484     
   194.87999999999550       0.93223946201991348     
   194.91999999999550        1.0717939050609453     
   194.95999999999549        1.2112038089411543     
   194.99999999999548        1.3504882272624050     
   195.03999999999547        1.4896599420362215     
   195.07999999999547        1.6287239120550150     
   195.11999999999546        1.7676759614344697     
   195.15999999999545        1.9065017302433451     
   195.19999999999544        2.0451759066138466     
   195.23999999999543        2.1836617566547973     
   195.27999999999543        2.3219109645981613     
   195.31999999999542        2.4598637907080572     
   195.35999999999541        2.5974495484916753     
   195.39999999999540        2.7345873957235463     
   195.43999999999539        2.8711874259155152     
   195.47999999999539        3.0071520384531003     
   195.51999999999538        3.1423775571050183     
   195.55999999999537        3.2767560585046938     
   195.59999999999536        3.4101773650401324     
   195.63999999999535        3.5425311508893400     
   195.67999999999535        3.6737091061433680     
   195.71999999999534        3.8036071023827969     
   195.75999999999533        3.9321273038680342     
   195.79999999999532        4.0591801716391949     
   195.83999999999531        4.1846863130867220     
   195.87999999999531        4.3085781365790670     
   195.91999999999530        4.4308012790268521     
   195.95999999999529        4.5513157832603106     
   195.99999999999528        4.6700970112162663     
   196.03999999999527        4.7871362876233627     
   196.07999999999527        4.9024412766664929     
   196.11999999999526        5.0160361006363150     
   196.15999999999525        5.1279612145834612     
   196.19999999999524        5.2382730543809100     
   196.23999999999523        5.3470434773505602     
   196.27999999999523        5.4543590148298904     
   196.31999999999522        5.5603199549192102     
   196.35999999999521        5.6650392713935389     
   196.39999999999520        5.7686414116561915     
   196.43999999999519        5.8712609529444331     
   196.47999999999519        5.9730411320705592     
   196.51999999999518        6.0741322500970512     
   196.55999999999517        6.1746899498053969     
   196.59999999999516        6.2748733609313954     
   196.63999999999515        6.3748431062176909     
   196.67999999999515        6.4747591606975536     
   196.71999999999514        6.5747785576004842     
   196.75999999999513        6.6750529371873322     
   196.79999999999512        6.7757259399907284     
   196.83999999999511        6.8769304536199494     
   196.87999999999511        6.9787857326633329     
   196.91999999999510        7.0813944243148192     
   196.95999999999509        7.1848395479755958     
   196.99999999999508        7.2891814947539855     
   197.03999999999508        7.3944551316536495     
   197.07999999999507        7.5006671140248233     
   197.11999999999506        7.6077935268385533     
   197.15999999999505        7.7157779884228139     
   197.19999999999504        7.8245303571098033     
   197.23999999999504        7.9339261794033273     
   197.27999999999503        8.0438070057124911     
   197.31999999999502        8.1539816750494811     
   197.35999999999501        8.2642286331078800     
   197.39999999999500        8.3742993000271486     
   197.43999999999500        8.4839224477290145     
   197.47999999999499        8.5928094863345628     
   197.51999999999498        2.4174751931580118     
   197.55999999999497        2.5239855167274174     
   197.59999999999496        2.6288525993634231     
   197.63999999999496        2.7317828925190679     
   197.67999999999495        2.8324984871230008     
   197.71999999999494        2.9307432512158020     
   197.75999999999493        3.0262882537573543     
   197.79999999999492        3.1189363107107386     
   197.83999999999492        3.2085255471352774     
   197.87999999999491        3.2949319282307954     
   197.91999999999490        3.3780707675507449     
   197.95999999999489        3.4578972675780957     
   197.99999999999488        3.5344061837107699     
   198.03999999999488        3.6076307262434004     
   198.07999999999487        3.6776408264420279     
   198.11999999999486        3.7445408937101474     
   198.15999999999485        3.8084671832906523     
   198.19999999999484        3.8695848804192838     
   198.23999999999484        3.9280849898133523     
   198.27999999999483        3.9841811010662704     
   198.31999999999482        4.0381060827509945     
   198.35999999999481        4.0901087421886348     
   198.39999999999480        4.1404504748406383     
   198.43999999999480        4.1894019176615895     
   198.47999999999479        4.2372396146973754     
   198.51999999999478        4.2842427006562316     
   198.55999999999477        4.3306896088411326     
   198.59999999999476        4.3768548132821268     
   198.63999999999476        4.4230056206050072     
   198.67999999999475        4.4693990344920715     
   198.71999999999474        4.5162787238410411     
   198.75999999999473        4.5638721341712847     
   198.79999999999472        4.6123877896933347     
   198.83999999999472        4.6620128399702629     
   198.87999999999471        4.7129109095011028     
   198.91999999999470        4.7652203101514123     
   198.95999999999469        4.8190526745610764     
   198.99999999999469        4.8744920630624984     
   199.03999999999468        4.9315945870649358     
   199.07999999999467        4.9903885784145707     
   199.11999999999466        5.0508753173672485     
   199.15999999999465        5.1130303122974663     
   199.19999999999465        5.1768051032181779     
   199.23999999999464        5.2421295399574026     
   199.27999999999463        5.3089144659274421     
   199.31999999999462        5.3770547213273439     
   199.35999999999461        5.4464323666760581     
   199.39999999999461        5.5169200198075670     
   199.43999999999460       0.69480110971820652     
   199.47999999999459       0.62249675072044841     
   199.51999999999458       0.54948836843389270     
   199.55999999999457       0.47590916876810435     
   199.59999999999457       0.40188698119856214     
   199.63999999999456       0.32754222284424461     
   199.67999999999455       0.25298627699313170     
   199.71999999999454       0.17832029347116252     
   199.75999999999453       0.10363440152644587     
   199.79999999999453        2.9007311930358881E-002
   199.83999999999452        4.5493725763567250E-002
   199.87999999999451       0.11981265227873528     
   199.91999999999450       0.19390405968128599     
   199.95999999999449       0.26773243150041148     
   199.99999999999449       0.34127120794212118     
   200.03999999999448       0.41450171941107827     
   200.07999999999447       0.48741202747448154     
   200.11999999999446       0.55999570758551886     
   200.15999999999445       0.63225060278342116     
   200.19999999999445       0.70417757256941105     
   200.23999999999444       0.77577925650018442     
   200.27999999999443       0.84705886793455254     
   200.31999999999442       0.91801902992951667     
   200.35999999999441       0.98866066255964158     
   200.39999999999441        1.0589819289263340     
   200.43999999999440        1.1289772457893914     
   200.47999999999439        1.1986363640200099     
   200.51999999999438        1.2679435238489829     
   200.55999999999437        1.3368766900583093     
   200.59999999999437        1.4054068727219495     
   200.63999999999436        1.4734975397204115     
   200.67999999999435        1.5411041279117064     
   200.71999999999434        1.6081736604183328     
   200.75999999999433        1.6746444778733516     
   200.79999999999433        1.7404460915566338     
   200.83999999999432        1.8054991660590740     
   200.87999999999431        1.8697156383732876     
   200.91999999999430        1.9329989790853104     
   200.95999999999430        1.9952445996249113     
   200.99999999999429        2.0563404073478169     
   201.03999999999428        2.1161675076318862     
   201.07999999999427        2.1746010492653713     
   201.11999999999426        2.2315112063128799     
   201.15999999999426        2.2867642865102398     
   201.19999999999425        2.3402239532226976     
   201.23999999999424        2.3917525452622024     
   201.27999999999423        2.4412124765470948     
   201.31999999999422        2.4884676958243572     
   201.35999999999422        2.5333851855470044     
   201.39999999999421        2.5758364785484211     
   201.43999999999420        2.6156991713727988     
   201.47999999999419        2.6528584139480356     
   201.51999999999418        2.6872083566213112     
   201.55999999999418        2.7186535372793297     
   201.59999999999417        2.7471101931836346     
   201.63999999999416        2.7725074840976083     
   201.67999999999415        2.7947886151056389     
   201.71999999999414        2.8139118490903470     
   201.75999999999414        2.8298514000420076     
   201.79999999999413        2.8425981991742777     
   201.83999999999412        2.8521605262146128     
   201.87999999999411        2.8585644982842373     
   201.91999999999410        2.8618544085910127     
   201.95999999999410        2.8620929068828036     
   201.99999999999409        2.8593610134343241     
   202.03999999999408        2.8537579584676260     
   202.07999999999407        2.8454008395324406     
   202.11999999999406        2.8344240906703400     
   202.15999999999406        2.8209787592843178     
   202.19999999999405        2.8052315895976059     
   202.23999999999404        2.7873639153993572     
   202.27999999999403        2.7675703693406821     
   202.31999999999402        2.7460574211761024     
   202.35999999999402        2.7230417627777528     
   202.39999999999401        2.6987485631567809     
   202.43999999999400        2.6734096217471457     
   202.47999999999399        2.6472614524769487     
   202.51999999999398        2.6205433343379112     
   202.55999999999398        2.5934953659951896     
   202.59999999999397        2.5663565622797995     
   202.63999999999396        2.5393630291073155     
   202.67999999999395        2.5127462505200406     
   202.71999999999395        2.4867315173188951     
   202.75999999999394        2.4615365213955158     
   202.79999999999393        2.4373701337245226     
   202.83999999999392        2.4144313773995076     
   202.87999999999391        2.3929086004689850     
   202.91999999999391        2.3729788470001494     
   202.95999999999390        2.3548074190686972     
   202.99999999999389        2.3385476174739197     
   203.03999999999388        2.3243406450646349     
   203.07999999999387        2.3123156537100034     
   203.11999999999387        2.3025899141645221     
   203.15999999999386        2.2952690873022354     
   203.19999999999385        2.2904475753283355     
   203.23999999999384        2.2882089324820969     
   203.27999999999383        2.2886263162717988     
   203.31999999999383        2.2917629622739000     
   203.35999999999382        2.2976726678352124     
   203.39999999999381        2.3064002725012553     
   203.43999999999380        2.3179821255374131     
   203.47999999999379        2.3324465334127211     
   203.51999999999379        2.3498141825000181     
   203.55999999999378        2.3700985344503862     
   203.59999999999377        2.3933061936804161     
   203.63999999999376        2.4194372481379087     
   203.67999999999375        2.4484855859663766     
   203.71999999999375        2.4804391918609654     
   203.75999999999374        2.5152804277946492     
   203.79999999999373        2.5529863033950408     
   203.83999999999372        2.5935287415740720     
   203.87999999999371        2.6368748450634678     
   203.91999999999371        2.6829871692996852     
   203.95999999999370        2.7318240066471908     
   203.99999999999369        2.7833396862665452     
   204.03999999999368        2.8374848930452816     
   204.07999999999367        2.8942070079407998     
   204.11999999999367        2.9534504708654703     
   204.15999999999366        3.0151571659089158     
   204.19999999999365        3.0792668272789898     
   204.23999999999364        3.1457174628920375     
   204.27999999999363        3.2144457910974196     
   204.31999999999363        3.2853876846243151     
   204.35999999999362        3.3584786145330701     
   204.39999999999361        3.4336540857791102     
   204.43999999999360        3.5108500549915758     
   204.47999999999359        3.5900033202636830     
   204.51999999999359        3.6710518721748975     
   204.55999999999358        3.7539351949387383     
   204.59999999999357        3.8385945065125409     
   204.63999999999356        3.9249729267316220     
   204.67999999999356        4.0130155630529494     
   204.71999999999355        4.1026695043256423     
   204.75999999999354        4.1938837141620287     
   204.79999999999353        4.2866088169812349     
   204.83999999999352        4.3807967716589360     
   204.87999999999352        4.4764004299667741     
   204.91999999999351        1.7098123275299610     
   204.95999999999350        1.6115180320867755     
   204.99999999999349        1.5119502450880824     
   205.03999999999348        1.4111591999269955     
   205.07999999999348        1.3091980601676299     
   205.11999999999347        1.2061239311011460     
   205.15999999999346        1.1019989069666809     
   205.19999999999345       0.99689112372766153     
   205.23999999999344       0.89087578222074237     
   205.27999999999344       0.78403610185090866     
   205.31999999999343       0.67646416115994934     
   205.35999999999342       0.56826157896680707     
   205.39999999999341       0.45953998881473801     
   205.43999999999340       0.35042126059900314     
   205.47999999999340       0.24103742686848750     
   205.51999999999339       0.13153027765881914     
   205.55999999999338        2.2050596914281073E-002
   205.59999999999337        8.7242974541492158E-002
   205.63999999999336       0.19618545031114312     
   205.67999999999336       0.30460736896128249     
   205.71999999999335       0.41233699212431679     
   205.75999999999334       0.51920278220049643     
   205.79999999999333       0.62503609689770012     
   205.83999999999332       0.72967402568506667     
   205.87999999999332       0.83296228469562994     
   205.91999999999331       0.93475808240297820     
   205.95999999999330        1.0349328688671493     
   205.99999999999329        1.1333748864394744     
   206.03999999999328        1.2299914490796711     
   206.07999999999328        1.3247108900729776     
   206.11999999999327        1.4174841328960841     
   206.15999999999326        1.5082858560984507     
   206.19999999999325        1.5971152391721948     
   206.23999999999324        1.6839962914265234     
   206.27999999999324        1.7689777790120580     
   206.31999999999323        1.8521327758624953     
   206.35999999999322        1.9335578721145812     
   206.39999999999321        2.0133720784686098     
   206.43999999999320        2.0917154671157236     
   206.47999999999320        2.1687475896066042     
   206.51999999999319        2.2446457097993702     
   206.55999999999318        2.3196028862891835     
   206.59999999999317        2.3938259339857888     
   206.63999999999317        2.4675332892439679     
   206.67999999999316        2.5409527975989357     
   206.71999999999315        2.6143194380948303     
   206.75999999999314        2.6878729937464838     
   206.79999999999313        2.7618556741193108     
   206.83999999999313        2.8365096935825242     
   206.87999999999312        2.9120748076822389     
   206.91999999999311        2.9887858104534684     
   206.95999999999310        3.0668699974662941     
   206.99999999999309        3.1465446030578144     
   207.03999999999309        3.2280142255516830     
   207.07999999999308        3.3114682612393365     
   207.11999999999307        3.3970783763057488     
   207.15999999999306        3.4849960553977235     
   207.19999999999305        3.5753502756521742     
   207.23999999999305        3.6682453650331039     
   207.27999999999304        3.7637591128858103     
   207.31999999999303        3.8619412076574231     
   207.35999999999302        3.9628120806021636     
   207.39999999999301        4.0663622338308594     
   207.43999999999301        4.1725521252511877     
   207.47999999999300        4.2813126710466776     
   207.51999999999299        4.3925464080921923     
   207.55999999999298        4.5061293344497830     
   207.59999999999297        4.6219134168888303     
   207.63999999999297        4.7397297220014023     
   207.67999999999296        4.8593920943237130     
   207.71999999999295        4.9807012737070648     
   207.75999999999294        1.1797359893124590     
   207.79999999999293        1.0557611300263103     
   207.83999999999293       0.93077104812678024     
   207.87999999999292       0.80497248639246677     
   207.91999999999291       0.67856326767635022     
   207.95999999999290       0.55172867729483288     
   207.99999999999289       0.42463840070212389     
   208.03999999999289       0.29744408715846571     
   208.07999999999288       0.17027757644408781     
   208.11999999999287        4.3249793096667322E-002
   208.15999999999286        8.3549716524168760E-002
   208.19999999999285       0.21005265312843835     
   208.23999999999285       0.33621130615628503     
   208.27999999999284       0.46199744672212506     
   208.31999999999283       0.58740085605622139     
   208.35999999999282       0.71242757411931157     
   208.39999999999281       0.83709794932625714     
   208.43999999999281       0.96144456351746799     
   208.47999999999280        1.0855100975817220     
   208.51999999999279        1.2093451934609101     
   208.55999999999278        1.3330063584794489     
   208.59999999999278        1.4565539486616379     
   208.63999999999277        1.5800502593539458     
   208.67999999999276        1.7035577443024323     
   208.71999999999275        1.8271373784449298     
   208.75999999999274        1.9508471750429683     
   208.79999999999274        2.0747408642940557     
   208.83999999999273        2.1988667380682689     
   208.87999999999272        2.3232666637084920     
   208.91999999999271        2.4479752687115530     
   208.95999999999270        2.5730192973597399     
   208.99999999999270        2.6984171398033330     
   209.03999999999269        2.8241785335314642     
   209.07999999999268        2.9503044364662125     
   209.11999999999267        3.0767870699629980     
   209.15999999999266        3.2036101287269569     
   209.19999999999266        3.3307491530285342     
   209.23999999999265        3.4581720566318825     
   209.27999999999264        3.5858398015867246     
   209.31999999999263        3.7137072085644620     
   209.35999999999262        3.8417238888591076     
   209.39999999999262        3.9698352816615943     
   209.43999999999261        4.0979837779020158     
   209.47999999999260        4.2261099099877235     
   209.51999999999259        4.3541535852826003     
   209.55999999999258        4.4820553402866512     
   209.59999999999258        4.6097575922634366     
   209.63999999999257        4.7372058655632463     
   209.67999999999256        4.8643499710947378     
   209.71999999999255        4.9911451192557150     
   209.75999999999254        5.1175529490534153     
   209.79999999999254        5.2435424590021595     
   209.83999999999253        5.3690908285351497     
   209.87999999999252        5.4941841219495053     
   209.91999999999251        5.6188178701616103     
   209.95999999999250        5.7429975286355113     
   209.99999999999250        5.8667388126320237     
   210.03999999999249        5.9900679133064898     
   210.07999999999248        6.1130216000838935     
   210.11999999999247        6.2356472161158250     
   210.15999999999246        6.3580025744574566     
   210.19999999999246        6.4801557629024575     
   210.23999999999245        6.6021848652088551     
   210.27999999999244        6.7241776057849325     
   210.31999999999243        6.8462309238388599     
   210.35999999999243        6.9684504815941359     
   210.39999999999242        7.0909501095049148     
   210.43999999999241        7.2138511895433535     
   210.47999999999240        7.3372819756493222     
   210.51999999999239        7.4613768484076033     
   210.55999999999239        7.5862754990290657     
   210.59999999999238        7.7121220358465905     
   210.63999999999237        7.8390640048894991     
   210.67999999999236        7.9672513147807873     
   210.71999999999235        8.0968350553344912     
   210.75999999999235        8.2279661989603206     
   210.79999999999234        8.3607941744731082     
   210.83999999999233        8.4954653043378698     
   210.87999999999232        8.6321210989528154     
   210.91999999999231        8.7708964054797143     
   210.95999999999231        8.9119174141568962     
   210.99999999999230        9.0552995321184540     
   211.03999999999229        9.2011451435658174     
   211.07999999999228        9.3495412856540412     
   211.11999999999227        9.5005572814660351     
   211.15999999999227        9.6542423845488443     
   211.19999999999226        9.8106235030258873     
   211.23999999999225        9.9697030843552952     
   211.27999999999224        10.131457253186166     
   211.31999999999223        10.295834303057742     
   211.35999999999223        10.462753646350681     
   211.39999999999222        10.632105324422536     
   211.43999999999221        10.803750169964287     
   211.47999999999220        10.977520695499550     
   211.51999999999219        11.153222755528255     
   211.55999999999219        11.330637995915897     
   211.59999999999218        11.509527064577313     
   211.63999999999217        11.689633515083290     
   211.67999999999216        11.870688293047881     
   211.71999999999215        5.7692293507273051     
   211.75999999999215        5.9513480565255730     
   211.79999999999214        6.1335825976524809     
   211.83999999999213        6.3156643210277323     
   211.87999999999212        6.4973372155293330     
   211.91999999999211        6.6783622114434751     
   211.95999999999211        6.8585208550181145     
   211.99999999999210        7.0376182624522707     
   212.03999999999209        7.2154853000017294     
   212.07999999999208        7.3919799785246507     
   212.11999999999207        7.5669880884324208     
   212.15999999999207        7.7404231321927028     
   212.19999999999206        7.9122256347886726     
   212.23999999999205        8.0823619273950360     
   212.27999999999204        8.2508225063647931     
   212.31999999999204        8.4176200694443502     
   212.35999999999203        2.2996020181727137     
   212.39999999999202        2.4631893558516289     
   212.43999999999201        2.6252624473625508     
   212.47999999999200        2.7858998449022288     
   212.51999999999200        2.9451906189028962     
   212.55999999999199        3.1032320714696620     
   212.59999999999198        3.2601275481022030     
   212.63999999999197        3.4159843610823697     
   212.67999999999196        3.5709118302440808     
   212.71999999999196        3.7250194410890303     
   212.75999999999195        3.8784151162826479     
   212.79999999999194        4.0312035943056257     
   212.83999999999193        4.1834849082555996     
   212.87999999999192        4.3353529582810220     
   212.91999999999192        4.4868941726672196     
   212.95999999999191        4.6381862549637232     
   212.99999999999190        4.7892970175217986     
   213.03999999999189        4.9402833051791637     
   213.07999999999188        5.0911900163575847     
   213.11999999999188        5.2420492322946712     
   213.15999999999187        5.3928794682734651     
   213.19999999999186        5.5436850632997672     
   213.23999999999185        5.6944557264696201     
   213.27999999999184        5.8451662590465912     
   213.31999999999184        5.9957764708413439     
   213.35999999999183        6.1462313077157091     
   213.39999999999182        6.2964612038513232     
   213.43999999999181        6.4463826678482334     
   213.47999999999180        6.5958991058722081     
   213.51999999999180        6.7449018781792454     
   213.55999999999179        6.8932715777441365     
   213.59999999999178        7.0408795118272947     
   213.63999999999177        7.1875893596124509     
   213.67999999999176        7.3332589720430157     
   213.71999999999176        7.4777422741632904     
   213.75999999999175        7.6208912260532786     
   213.79999999999174        7.7625577961471297     
   213.83999999999173        7.9025959005210051     
   213.87999999999172        1.7576779564663700     
   213.91999999999172        1.8940378528073551     
   213.95999999999171        2.0283606942305239     
   213.99999999999170        2.1605254350647058     
   214.03999999999169        2.2904207743851228     
   214.07999999999168        2.4179461431559366     
   214.11999999999168        2.5430124718082707     
   214.15999999999167        2.6655427412212331     
   214.19999999999166        2.7854723265771879     
   214.23999999999165        2.9027491489399546     
   214.27999999999165        3.0173336535204038     
   214.31999999999164        3.1291986364107185     
   214.35999999999163        3.2383289431336593     
   214.39999999999162        3.3447210627797812     
   214.43999999999161        3.4483826409524072     
   214.47999999999161        3.5493319333912647     
   214.51999999999160        3.6475972201921287     
   214.55999999999159        3.7432161981656504     
   214.59999999999158        3.8362353662497979     
   214.63999999999157        3.9267094161486384     
   214.67999999999157        4.0147006376294545     
   214.71999999999156        4.1002783452563829     
   214.75999999999155        4.1835183308316832     
   214.79999999999154        4.2645023434924703     
   214.83999999999153        4.3433175972895910     
   214.87999999999153        4.4200563041608190     
   214.91999999999152        4.4948152284973659     
   214.95999999999151        4.5676952579810601     
   214.99999999999150        4.6388009840282702     
   215.03999999999149        4.7082402840078696     
   215.07999999999149        4.7761238964026198     
   215.11999999999148        4.8425649792639911     
   215.15999999999147        4.9076786416896896     
   215.19999999999146        4.9715814376652592     
   215.23999999999145        5.0343908115064018     
   215.27999999999145        5.0962244843844218     
   215.31999999999144        5.1571997720972007     
   215.35999999999143        5.2174328254606266     
   215.39999999999142        5.2770377865494478     
   215.43999999999141        5.3361258566239815     
   215.47999999999141        5.3948042750452005     
   215.51999999999140        5.4531752128887652     
   215.55999999999139        5.5113345903616642     
   215.59999999999138        5.5693708334836840     
   215.63999999999137        5.6273635927126566     
   215.67999999999137        5.6853824540468931     
   215.71999999999136        5.7434856812752413     
   215.75999999999135        5.8017190359610007     
   215.79999999999134        5.8601147287887567     
   215.83999999999133        5.9186905612950120     
   215.87999999999133        5.9774493198867562     
   215.91999999999132        6.0363784835666241     
   215.95999999999131        6.0954503021696516     
   215.99999999999130        6.1546222926397069     
   216.03999999999129        6.2138381867514445     
   216.07999999999129        6.2730293449992454     
   216.11999999999128        6.3321166289481194     
   216.15999999999127        6.3910126995361747     
   216.19999999999126        6.4496246834645055     
   216.23999999999126       0.22467181886429943     
   216.27999999999125       0.28242982171489051     
   216.31999999999124       0.33962224953418224     
   216.35999999999123       0.39616488327742538     
   216.39999999999122       0.45198339834780843     
   216.43999999999122       0.50701605575315822     
   216.47999999999121       0.56121601079645189     
   216.51999999999120       0.61455316615171984     
   216.55999999999119       0.66701552205389814     
   216.59999999999118       0.71861000349376702     
   216.63999999999118       0.76936277051253421     
   216.67999999999117       0.81931904100380604     
   216.71999999999116       0.86854247441551313     
   216.75999999999115       0.91711417854562438     
   216.79999999999114       0.96513140997246638     
   216.83999999999114        1.0127060417959612     
   216.87999999999113        1.0599628709274040     
   216.91999999999112        1.1070378320439536     
   216.95999999999111        1.1540761775274948     
   216.99999999999110        1.2012306732414622     
   217.03999999999110        1.2486598497780763     
   217.07999999999109        1.2965263385990604     
   217.11999999999108        1.3449953128877137     
   217.15999999999107        1.3942330443448081     
   217.19999999999106        1.4444055798489104     
   217.23999999999106        1.4956775359804555     
   217.27999999999105        1.5482110048885933     
   217.31999999999104        1.6021645617938831     
   217.35999999999103        1.6576923624517463     
   217.39999999999102        1.7149433180068749     
   217.43999999999102        1.7740603346924400     
   217.47999999999101        1.8351796066159167     
   217.51999999999100        1.8984299512797891     
   217.55999999999099        1.9639321793759486     
   217.59999999999098        2.0317984926447403     
   217.63999999999098        2.1021319060908539     
   217.67999999999097        2.1750256934931511     
   217.71999999999096        2.2505628578320778     
   217.75999999999095        2.3288156308846206     
   217.79999999999094        2.4098450086983414     
   217.83999999999094        2.4937003318445150     
   217.87999999999093        2.5804189211538482     
   217.91999999999092        2.6700257809437380     
   217.95999999999091        2.7625333824440252     
   217.99999999999091        2.8579415401195125     
   218.03999999999090        2.9562373927917642     
   218.07999999999089        3.0573954998280009     
   218.11999999999088        3.1613780601779711     
   218.15999999999087        3.2681352587346497     
   218.19999999999087        3.3776057404602282     
   218.23999999999086        3.4897172081013088     
   218.27999999999085        3.6043871343189977     
   218.31999999999084        3.7215235739324859     
   218.35999999999083        3.8410260570073778     
   218.39999999999083        3.9627865390206822     
   218.43999999999082        4.0866903806097099     
   218.47999999999081        4.2126173267447609     
   218.51999999999080        4.3404424537917095     
   218.55999999999079        4.4700370530215965     
   218.59999999999079        4.6012694207720903     
   218.63999999999078        4.7340055286753513     
   218.67999999999077        1.4150757551231599     
   218.71999999999076        1.2797410665673346     
   218.75999999999075        1.1433141846099983     
   218.79999999999075        1.0059347657789321     
   218.83999999999074       0.86774377466284103     
   218.87999999999073       0.72888375137374561     
   218.91999999999072       0.58949919911942850     
   218.95999999999071       0.44973706029792448     
   218.99999999999071       0.30974724298716894     
   219.03999999999070       0.16968315451684668     
   219.07999999999069        2.9702195300184142E-002
   219.11999999999068       0.11003383544408141     
   219.15999999999067       0.24935846980627052     
   219.19999999999067       0.38810048187930718     
   219.23999999999066       0.52608401840020980     
   219.27999999999065       0.66312898102536644     
   219.31999999999064       0.79905168216007705     
   219.35999999999063       0.93366578480171247     
   219.39999999999063        1.0667835242411530     
   219.43999999999062        1.1982171963755819     
   219.47999999999061        1.3277808845875736     
   219.51999999999060        1.4552923854463897     
   219.55999999999059        1.5805752836576517     
   219.59999999999059        1.7034611193869957     
   219.63999999999058        1.8237915867927210     
   219.67999999999057        1.9414207015708493     
   219.71999999999056        2.0562168775325116     
   219.75999999999055        2.1680648574283108     
   219.79999999999055        2.2768674509086662     
   219.83999999999054        2.3825470419909673     
   219.87999999999053        2.4850468389194811     
   219.91999999999052        2.5843318500545820     
   219.95999999999052        2.6803895796662918     
   219.99999999999051        2.7732304465972790     
   220.03999999999050        2.8628879362202673     
   220.07999999999049        2.9494185016379308     
   220.11999999999048        3.0329012335305601     
   220.15999999999048        3.1134373194811924     
   220.19999999999047        3.1911493131682982     
   220.23999999999046        3.2661802317848672     
   220.27999999999045        3.3386924967621154     
   220.31999999999044        3.4088667287282437     
   220.35999999999044        3.4769004030146569     
   220.39999999999043        3.5430063673276173     
   220.43999999999042        3.6074112188113037     
   220.47999999999041        3.6703535339966269     
   220.51999999999040        3.7320819423938332     
   220.55999999999040        3.7928530330572374     
   220.59999999999039        3.8529290836147490     
   220.63999999999038        3.9125756032727326     
   220.67999999999037        3.9720586854021041     
   220.71999999999036        4.0316421716571575     
   220.75999999999036        4.0915846382729866     
   220.79999999999035        4.1521362262220878     
   220.83999999999034        4.2135353501296393     
   220.87999999999033        4.2760053358994714     
   220.91999999999032        4.3397510532960117     
   220.95999999999032        4.4049556263869265     
   220.99999999999031        4.4717773205994753     
   221.03999999999030        4.5403467187138462     
   221.07999999999029        4.6107643077134455     
   221.11999999999028        4.6830986022331409     
   221.15999999999028        4.7573849266701993     
   221.19999999999027        4.8336249654533026     
   221.23999999999026        4.9117871687122401     
   221.27999999999025        4.9918080687406006     
   221.31999999999024        5.0735945223662426     
   221.35999999999024        5.1570268479749597     
   221.39999999999023        5.2419627768788084     
   221.43999999999022        5.3282420911659498     
   221.47999999999021       0.86749352858118023     
   221.51999999999020       0.77905380345117980     
   221.55999999999020       0.68980613071050412     
   221.59999999999019       0.59992891042391983     
   221.63999999999018       0.50959174034461063     
   221.67999999999017       0.41895081762032871     
   221.71999999999016       0.32814499838148459     
   221.75999999999016       0.23729261448983596     
   221.79999999999015       0.14648909966826462     
   221.83999999999014        5.5805431930090021E-002
   221.87999999999013        3.4712640823431729E-002
   221.91999999999013       0.12504465750218308     
   221.95999999999012       0.21519487159310957     
   221.99999999999011       0.30519115282041853     
   222.03999999999010       0.39508347101118302     
   222.07999999999009       0.48494206868961620     
   222.11999999999009       0.57485542150972346     
   222.15999999999008       0.66492807433400358     
   222.19999999999007       0.75527842720870453     
   222.23999999999006       0.84603653107497467     
   222.27999999999005       0.93734193889419615     
   222.31999999999005        1.0293416447485393     
   222.35999999999004        1.1221881319107989     
   222.39999999999003        1.2160375411244952     
   222.43999999999002        1.3110479624705662     
   222.47999999999001        1.4073778481595283     
   222.51999999999001        1.5051845392284688     
   222.55999999999000        1.6046228962424014     
   222.59999999998999        1.7058440224813722     
   222.63999999998998        1.8089940675212588     
   222.67999999998997        1.9142130993840927     
   222.71999999998997        2.0216340343601833     
   222.75999999998996        2.1313816150294800     
   222.79999999998995        2.2435714287959656     
   222.83999999998994        2.3583089612789374     
   222.87999999998993        2.4756886810781875     
   222.91999999998993        2.5957931546594839     
   222.95999999998992        2.7186921923164569     
   222.99999999998991        2.8444420282882299     
   223.03999999998990        2.9730845400903361     
   223.07999999998989        3.1046465138991231     
   223.11999999998989        3.2391389643758135     
   223.15999999998988        3.3765565185949526     
   223.19999999998987        3.5168768747345398     
   223.23999999998986        3.6600603468867932     
   223.27999999998985        3.8060495077675141     
   223.31999999998985        3.9547689412593332     
   223.35999999998984        4.1061251166495687     
   223.39999999998983        4.2600063961506116     
   223.43999999998982        4.4162831868500341     
   223.47999999998981        4.5748082476473311     
   223.51999999998981        4.7354171609928484     
   223.55999999998980        4.8979289783230620     
   223.59999999998979        5.0621470469255119     
   223.63999999998978        5.2278600244771001     
   223.67999999998978        5.3948430855701632     
   223.71999999998977        5.5628593220525788     
   223.75999999998976        5.7316613358548256     
   223.79999999998975        5.9009930190885136     
   223.83999999998974        6.0705915115697566     
   223.87999999998974        4.2995986556826862E-002
   223.91999999998973       0.12633127504836172     
   223.95999999998972       0.29511812938877768     
   223.99999999998971       0.46309717797938588     
   224.03999999998970       0.63000598425774779     
   224.07999999998970       0.79558957521266527     
   224.11999999998969       0.95960289874347615     
   224.15999999998968        1.1218131903124164     
   224.19999999998967        1.2820022032898271     
   224.23999999998966        1.4399682602578334     
   224.27999999998966        1.5955280873266284     
   224.31999999998965        1.7485183999624789     
   224.35999999998964        1.8987972165271150     
   224.39999999998963        2.0462448841889183     
   224.43999999998962        2.1907648105473316     
   224.47999999998962        2.3322839026798654     
   224.51999999998961        2.4707527228962300     
   224.55999999998960        2.6061453768768823     
   224.59999999998959        2.7384591548075656     
   224.63999999998958        2.8677139494441306     
   224.67999999998958        2.9939514767191406     
   224.71999999998957        3.1172343246053482     
   224.75999999998956        3.2376448546382561     
   224.79999999998955        3.3552839779904597     
   224.83999999998954        3.4702698245441574     
   224.87999999998954        3.5827363193057362     
   224.91999999998953        3.6928316760344240     
   224.95999999998952        3.8007168133989664     
   224.99999999998951        3.9065636946078741     
   225.03999999998950        4.0105535875477623     
   225.07999999998950        4.1128752392733086     
   225.11999999998949        4.2137229564824876     
   225.15999999998948        4.3132945826441187     
   225.19999999998947        4.4117893629840959     
   225.23999999998946        4.5094056908390465     
   225.27999999998946        4.6063387331888972     
   225.31999999998945        4.7027779396768601     
   225.35999999998944        4.7989044482319310     
   225.39999999998943        4.8948884115156313     
   225.43999999998942        4.9908862816314956     
   225.47999999998942        5.0870381054328240     
   225.51999999998941        5.1834648986153375     
   225.55999999998940        5.2802661825256925     
   225.59999999998939        5.3775177818512034     
   225.63999999998939        5.4752699923788741     
   225.67999999998938        5.5735462339313484     
   225.71999999998937        5.6723423025059327     
   225.75999999998936        5.7716263259111420     
   225.79999999998935        5.8713395077170976     
   225.83999999998935        5.9713977148789921     
   225.87999999998934        6.0716939258463443     
   225.91999999998933        6.1721015104807782     
   225.95999999998932        6.2724782640238921     
   225.99999999998931        6.3726710689717132     
   226.03999999998931       0.18933570858254925     
   226.07999999998930       0.28868347304298425     
   226.11999999998929       0.38737472927316391     
   226.15999999998928       0.48526537330082842     
   226.19999999998927       0.58222634587509314     
   226.23999999998927       0.67814787068895610     
   226.27999999998926       0.77294296403189022     
   226.31999999998925       0.86655011909852309     
   226.35999999998924       0.95893511815626176     
   226.39999999998923        1.0500919739147241     
   226.43999999998923        1.1400430438953988     
   226.47999999998922        1.2288383956398792     
   226.51999999998921        1.3165545247557779     
   226.55999999998920        1.4032925418295432     
   226.59999999998919        1.4891759488847693     
   226.63999999998919        1.5743481227880753     
   226.67999999998918        1.6589696136454988     
   226.71999999998917        1.7432153527384402     
   226.75999999998916        1.8272718487513004     
   226.79999999998915        1.9113344345139467     
   226.83999999998915        1.9956046104575098     
   226.87999999998914        2.0802875163488328     
   226.91999999998913        2.1655895501909113     
   226.95999999998912        2.2517161427444274     
   226.99999999998911        2.3388696880163220     
   227.03999999998911        2.4272476241989276     
   227.07999999998910        2.5170406557499962     
   227.11999999998909        2.6084311053434717     
   227.15999999998908        2.7015913840287036     
   227.19999999998907        2.7966825688404002     
   227.23999999998907        2.8938530790362464     
   227.27999999998906        2.9932374448471086     
   227.31999999998905        3.0949551658604220     
   227.35999999998904        3.1991096596840523     
   227.39999999998903        3.3057873051257740     
   227.43999999998903        3.4150565875475065     
   227.47999999998902        3.5269673570942484     
   227.51999999998901        3.6415502129444857     
   227.55999999998900        3.7588160283867862     
   227.59999999998900        3.8787556322269223     
   227.63999999998899        4.0013396616404560     
   227.67999999998898        4.1265186000293772     
   227.71999999998897        4.2542230107071948     
   227.75999999998896        4.3843639733922775     
   227.79999999998896        4.5168337256868840     
   227.83999999998895        4.6515065061963066     
   227.87999999998894        4.7882395900112957     
   227.91999999998893        4.9268745013066582     
   227.95999999998892        5.0672383821982079     
   227.99999999998892        5.2091454921435725     
   228.03999999998891        5.3523988084231169     
   228.07999999998890        5.4967916958725000     
   228.11999999998889        5.6421096132294579     
   228.15999999998888        5.7881318242504376     
   228.19999999998888       0.34855222311691475     
   228.23999999998887       0.20180003234378480     
   228.27999999998886        5.5026337705316619E-002
   228.31999999998885        9.1539600087957418E-002
   228.35999999998884       0.23767006369988514     
   228.39999999998884       0.38314015212994301     
   228.43999999998883       0.52772894898362710     
   228.47999999998882       0.67122058926899686     
   228.51999999998881       0.81340523080998062     
   228.55999999998880       0.95407993815747616     
   228.59999999998880        1.0930494876108736     
   228.63999999998879        1.2301271017481912     
   228.67999999998878        1.3651351208836755     
   228.71999999998877        1.4979056173523937     
   228.75999999998876        1.6282809567049372     
   228.79999999998876        1.7561143080184751     
   228.83999999998875        1.8812701038026156     
   228.87999999998874        2.0036244485670895     
   228.91999999998873        2.1230654741384853     
   228.95999999998872        2.2394936393253309     
   228.99999999998872        2.3528219715417089     
   229.03999999998871        2.4629762484698174     
   229.07999999998870        2.5698951186951553     
   229.11999999998869        2.6735301613825717     
   229.15999999998868        2.7738458863622819     
   229.19999999998868        2.8708196773443850     
   229.23999999998867        2.9644416822679212     
   229.27999999998866        3.0547146559194474     
   229.31999999998865        3.1416537608487065     
   229.35999999998864        3.2252863332084454     
   229.39999999998864        3.3056516204161763     
   229.43999999998863        3.3828004974619192     
   229.47999999998862        3.4567951682688758     
   229.51999999998861        3.5277088577689479     
   229.55999999998861        3.5956254993077139     
   229.59999999998860        3.6606394206774970     
   229.63999999998859        3.7228550305308565     
   229.67999999998858        3.7823865051921963     
   229.71999999998857        3.8393574740063801     
   229.75999999998857        3.8939006993869656     
   229.79999999998856        3.9461577457023918     
   229.83999999998855        3.9962786291199857     
   229.87999999998854        4.0444214385744797     
   229.91999999998853        4.0907519162070392     
   229.95999999998853        4.1354429840092104     
   229.99999999998852        4.1786742020909715     
   230.03999999998851        4.2206311430721710     
   230.07999999998850        4.2615046666821481     
   230.11999999998849        4.3014900788629093     
   230.15999999998849        4.3407861606329057     
   230.19999999998848        4.3795940538076836     
   230.23999999998847        4.4181159935098293     
   230.27999999998846        4.4565538813351600     
   230.31999999998845        4.4951076981450981     
   230.35999999998845        4.5339737617496123     
   230.39999999998844        4.5733428421887172     
   230.43999999998843        4.6133981557869381     
   230.47999999998842        4.6543132684156641     
   230.51999999998841        4.6962499481068605     
   230.55999999998841        4.7393560168459876     
   230.59999999998840        4.7837632604353955     
   230.63999999998839        4.8295854630560093     
   230.67999999998838        4.8769166387832721     
   230.71999999998837        4.9258295350297763     
   230.75999999998837        4.9763744819403772     
   230.79999999998836        5.0285786565472845     
   230.83999999998835        5.0824458206360408     
   230.87999999998834        5.1379565767490813     
   230.91999999998833        5.1950691679456948     
   230.95999999998833        5.2537208246803973     
   230.99999999998832        5.3138296377271859     
   231.03999999998831        5.3752969110949014     
   231.07999999998830        5.4380099251992640     
   231.11999999998829       0.78134028711811809     
   231.15999999998829       0.71651441448885667     
   231.19999999998828       0.65083331379124010     
   231.23999999998827       0.58443340394164034     
   231.27999999998826       0.51744872755552507     
   231.31999999998826       0.45000793948551998     
   231.35999999998825       0.38223161506540460     
   231.39999999998824       0.31422994346648070     
   231.43999999998823       0.24610084930116372     
   231.47999999998822       0.17792856309774496     
   231.51999999998822       0.10978264012992089     
   231.55999999998821        4.1717408601264827E-002
   231.59999999998820        2.6228186762243810E-002
   231.63999999998819        9.4030390617892756E-002
   231.67999999998818       0.16168014423255261     
   231.71999999998818       0.22918234899442491     
   231.75999999998817       0.29655494104621427     
   231.79999999998816       0.36382782911575484     
   231.83999999998815       0.43104174291898611     
   231.87999999998814       0.49824703353727906     
   231.91999999998814       0.56550246052535003     
   231.95999999998813       0.63287399368598196     
   231.99999999998812       0.70043365083992493     
   232.03999999998811       0.76825838679953629     
   232.07999999998810       0.83642904329927981     
   232.11999999998810       0.90502936493818931     
   232.15999999998809       0.97414508227695107     
   232.19999999998808        1.0438630600865944     
   232.23999999998807        1.1142705063174039     
   232.27999999998806        1.1854542355788789     
   232.31999999998806        1.2574999797211641     
   232.35999999998805        1.3304917374133702     
   232.39999999998804        1.4045111543591517     
   232.43999999998803        1.4796369259190547     
   232.47999999998802        1.5559442143776410     
   232.51999999998802        1.6335040738673916     
   232.55999999998801        1.7123828770167155     
   232.59999999998800        1.7926417387095066     
   232.63999999998799        1.8743359339168346     
   232.67999999998798        1.9575143083771318     
   232.71999999998798        2.0422186829466336     
   232.75999999998797        2.1284832546970245     
   232.79999999998796        2.2163340002710799     
   232.83999999998795        2.3057880895729115     
   232.87999999998794        2.3968533205009064     
   232.91999999998794        2.4895275880400520     
   232.95999999998793        2.5837984035033230     
   232.99999999998792        2.6796424819133184     
   233.03999999998791        2.7770254172892201     
   233.07999999998790        2.8759014667807783     
   233.11999999998790        2.9762134649971483     
   233.15999999998789        3.0778928893505269     
   233.19999999998788        3.1808600956353370     
   233.23999999998787        3.2850247403000998     
   233.27999999998787        3.3902864019102483     
   233.31999999998786        3.4965354091933882     
   233.35999999998785        3.6036538769404647     
   233.39999999998784        3.7115169441366791     
   233.43999999998783        3.8199942013321095     
   233.47999999998783        3.9289512868228758     
   233.51999999998782        4.0382516241342099     
   233.55999999998781        4.1477582670233195     
   233.59999999998780        4.2573358131712142     
   233.63999999998779        4.3668523442599154     
   233.67999999998779        4.4761813484834025     
   233.71999999998778        4.5852035818371251     
   233.75999999998777        4.6938088267501614     
   233.79999999998776        4.8018975106041690     
   233.83999999998775        4.9093821521381198     
   233.87999999998775        5.0161886102863171     
   233.91999999998774        5.1222571171991991     
   233.95999999998773        5.2275430845941040     
   233.99999999998772        5.3320176797389429     
   234.03999999998771        5.4356681739023021     
   234.07999999998771        5.5384980717034367     
   234.11999999998770        5.6405270342520613     
   234.15999999998769        5.7417906121635474     
   234.19999999998768        5.8423398064440661     
   234.23999999998767        5.9422404759149403     
   234.27999999998767        6.0415726094017135     
   234.31999999998766        6.1404294795122381     
   234.35999999998765        6.2389166926590196     
   234.39999999998764        6.3371511472477149     
   234.43999999998763        6.4352599088626778     
   234.47999999998763        6.5333790080336946     
   234.51999999998762        6.6316521629596021     
   234.55999999998761        6.7302294265795650     
   234.59999999998760        6.8292657547999136     
   234.63999999998759        6.9289194906785632     
   234.67999999998759        7.0293507581147985     
   234.71999999998758        7.1307197582663058     
   234.75999999998757        7.2331849626962565     
   234.79999999998756        7.3369011993173672     
   234.83999999998755        7.4420176307118604     
   234.87999999998755        7.5486756295039168     
   234.91999999998754        7.6570065622320040     
   234.95999999998753        7.7671295016194470     
   234.99999999998752        7.8791488971626968     
   235.03999999998751        7.9931522452802568     
   235.07999999998751        8.1092078124267619     
   235.11999999998750        8.2273624768843074     
   235.15999999998749        8.3476397664642974     
   235.19999999998748        8.4700381789310217     
   235.23999999998748        8.5945298782670640     
   235.27999999998747        8.7210598615490760     
   235.31999999998746        8.8495456868859570     
   235.35999999998745        8.9798778415649458     
   235.39999999998744        9.1119208107235234     
   235.43999999998744        9.2455148806792540     
   235.47999999998743        9.3804786785095970     
   235.51999999998742        9.5166124124711704     
   235.55999999998741        9.6537017390765829     
   235.59999999998740        9.7915221453696120     
   235.63999999998740        3.6466583954425689     
   235.67999999998739        3.7852507163619884     
   235.71999999998738        3.9238879344679147     
   235.75999999998737        4.0623535230185182     
   235.79999999998736        4.2004447818819894     
   235.83999999998736        4.3379768428797600     
   235.87999999998735        4.4747860750536423     
   235.91999999998734        4.6107328079192786     
   235.95999999998733        4.7457033296086939     
   235.99999999998732        4.8796111545333369     
   236.03999999998732        5.0123975889736574     
   236.07999999998731        5.1440316507436457     
   236.11999999998730        5.2745094195916327     
   236.15999999998729        5.4038529079441551     
   236.19999999998728        5.5321085473709593     
   236.23999999998728        5.6593453856768372     
   236.27999999998727        5.7856530840640730     
   236.31999999998726        5.9111397947354094     
   236.35999999998725        6.0359299879604595     
   236.39999999998724        6.1601622851946960     
   236.43999999998724        6.2839873422878636     
   236.47999999998723        6.4075658148750350     
   236.51999999998722        6.5310664272023207     
   236.55999999998721        6.6546641561896784     
   236.59999999998720        6.7785385345984919     
   236.63999999998720        6.9028720707515383     
   236.67999999998719        7.0278487772626690     
   236.71999999998718        7.1536527975386210     
   236.75999999998717        7.2804671162581345     
   236.79999999998716        7.4084723384545423     
   236.83999999998716        7.5378455210794915     
   236.87999999998715        7.6687590408810280     
   236.91999999998714        7.8013794829885184     
   236.95999999998713        7.9358665356867846     
   236.99999999998712        8.0723718784366429     
   237.03999999998712        8.2110380522367716     
   237.07999999998711        8.3519973039208733     
   237.11999999998710        8.4953703989570055     
   237.15999999998709        8.6412654007825971     
   237.19999999998709        8.7897764186879854     
   237.23999999998708        8.9409823307607308     
   237.27999999998707        9.0949454934072858     
   237.31999999998706        9.2517104544269699     
   237.35999999998705        9.4113026924256964     
   237.39999999998705        9.5737274113616717     
   237.43999999998704        9.7389684249775783     
   237.47999999998703        9.9069871714794893     
   237.51999999998702        10.077721903678764     
   237.55999999998701        10.251087103457490     
   237.59999999998701        10.426973171342464     
   237.63999999998700        10.605246441658959     
   237.67999999998699        10.785749570706402     
   237.71999999998698        10.968302339278800     
   237.75999999998697        11.152702901439557     
   237.79999999998697        11.338729498785529     
   237.83999999998696        11.526142643820222     
   237.87999999998695        11.714687758137350     
   237.91999999998694        5.6209129246569827     
   237.95999999998693        5.8109135439711759     
   237.99999999998693        6.0012242158361726     
   238.03999999998692        6.1915639024655320     
   238.07999999998691        6.3816546671697090     
   238.11999999998690        6.5712257256742266     
   238.15999999998689        6.7600173956432492     
   238.19999999998689        6.9477848411264569     
   238.23999999998688        7.1343015178471996     
   238.27999999998687        7.3193622388172423     
   238.31999999998686        7.5027857965262683     
   238.35999999998685        7.6844170965292626     
   238.39999999998685        1.5809434690231317     
   238.43999999998684        1.7586369932351387     
   238.47999999998683        1.9342432345432212     
   238.51999999998682        2.1077225584637285     
   238.55999999998681        2.2790644438509129     
   238.59999999998681        2.4482866743205483     
   238.63999999998680        2.6154341390907554     
   238.67999999998679        2.7805772809762130     
   238.71999999998678        2.9438102261286030     
   238.75999999998677        3.1052486251553439     
   238.79999999998677        3.2650272292300255     
   238.83999999998676        3.4232972185222499     
   238.87999999998675        3.5802232945183432     
   238.91999999998674        3.7359805433638091     
   238.95999999998674        3.8907510749987511     
   238.99999999998673        4.0447204433099273     
   239.03999999998672        4.1980738564618685     
   239.07999999998671        4.3509921945709271     
   239.11999999998670        4.5036478643635522     
   239.15999999998670        4.6562005375701840     
   239.19999999998669        4.8087928413280041     
   239.23999999998668        4.9615460940621325     
   239.27999999998667        5.1145562077940516     
   239.31999999998666        5.2678899054370900     
   239.35999999998666        5.4215814264416879     
   239.39999999998665        5.5756299125151445     
   239.43999999998664        5.7299976730033375     
   239.47999999998663        5.8846095228671143     
   239.51999999998662        6.0393533616847934     
   239.55999999998662        6.1940821178900975     
   239.59999999998661        6.3486171188386464     
   239.63999999998660        6.5027528673593542     
   239.67999999998659        6.6562631151569471     
   239.71999999998658       0.52572272406877329     
   239.75999999998658       0.67725687232039533     
   239.79999999998657       0.82743764609897563     
   239.83999999998656       0.97603376840700773     
   239.87999999998655        1.1228334578360479     
   239.91999999998654        1.2676518852865830     
   239.95999999998654        1.4103376003700556     
   239.99999999998653        1.5507776827090105     
   240.03999999998652        1.6889014625526380     
   240.07999999998651        1.8246827470321625     
   240.11999999998650        1.9581405736510571     
   240.15999999998650        2.0893385840008918     
   240.19999999998649        2.2183831637761209     
   240.23999999998648        2.3454205283994680     
   240.27999999998647        2.4706329479667626     
   240.31999999998646        2.5942343036394409     
   240.35999999998646        2.7164651540002756     
   240.39999999998645        2.8375874685501365     
   240.43999999998644        2.9578791605623058     
   240.47999999998643        3.0776285264494523     
   240.51999999998642        3.1971286763898452     
   240.55999999998642        3.3166720231359368     
   240.59999999998641        3.4365448838401749     
   240.63999999998640        3.5570222438296422     
   240.67999999998639        3.6783627313806013     
   240.71999999998638        3.8008038579868910     
   240.75999999998638        3.9245575882011914     
   240.79999999998637        4.0498063152374995     
   240.83999999998636        4.1766993311528706     
   240.87999999998635        4.3053498912684480     
   240.91999999998635        4.4358329790665634     
   240.95999999998634        4.5681838776702310     
   240.99999999998633        4.7023976450447762     
   241.03999999998632        4.8384295707736173     
   241.07999999998631        4.9761966621520699     
   241.11999999998631        5.1155801671875256     
   241.15999999998630        5.2564290940915166     
   241.19999999998629        5.3985646345773173     
   241.23999999998628        5.5417853463968925     
   241.27999999998627        5.6858729042721778     
   241.31999999998627       0.45258711443292388     
   241.35999999998626       0.30745781354794366     
   241.39999999998625       0.16215678998866567     
   241.43999999998624        1.6909266645450005E-002
   241.47999999998623       0.12807164013290567     
   241.51999999998623       0.27258919916147439     
   241.55999999998622       0.41646647136785886     
   241.59999999998621       0.55954878928210494     
   241.63999999998620       0.70170530613307758     
   241.67999999998619       0.84282965832229062     
   241.71999999998619       0.98283982266016490     
   241.75999999998618        1.1216772767139569     
   241.79999999998617        1.2593055866905010     
   241.83999999998616        1.3957085532962359     
   241.87999999998615        1.5308880435627250     
   241.91999999998615        1.6648616276761474     
   241.95999999998614        1.7976601264711933     
   241.99999999998613        1.9293251593647098     
   242.03999999998612        2.0599067657370700     
   242.07999999998611        2.1894611563755850     
   242.11999999998611        2.3180486364524575     
   242.15999999998610        2.4457317281538664     
   242.19999999998609        2.5725735097555451     
   242.23999999998608        2.6986361786851183     
   242.27999999998607        2.8239798388028921     
   242.31999999998607        2.9486615065586350     
   242.35999999998606        3.0727343265842983     
   242.39999999998605        3.1962469843932970     
   242.43999999998604        3.3192433019213476     
   242.47999999998603        3.4417620004358955     
   242.51999999998603        3.5638366146711964     
   242.55999999998602        3.6854955417628714     
   242.59999999998601        3.8067622085452841     
   242.63999999998600        3.9276553409563659     
   242.67999999998599        4.0481893196149006     
   242.71999999998599        4.1683746060640203     
   242.75999999998598        4.2882182246976273     
   242.79999999998597        4.4077242860001746     
   242.83999999998596        4.5268945374373013     
   242.87999999998596        4.6457289291395298     
   242.91999999998595        4.7642261824266052     
   242.95999999998594        4.8823843502252338     
   242.99999999998593        5.0002013595320740     
   243.03999999998592        5.1176755272552832     
   243.07999999998592        5.2348060420145579     
   243.11999999998591        5.3515934057696617     
   243.15999999998590        5.4680398304555986     
   243.19999999998589        5.5841495861015256     
   243.23999999998588        5.6999292981725205     
   243.27999999998588        5.8153881930718141     
   243.31999999998587        5.9305382918520024     
   243.35999999998586        6.0453945531865738     
   243.39999999998585        6.1599749675316104     
   243.43999999998584        6.2743006051505610     
   243.47999999998584        6.3883956212758228     
   243.51999999998583        6.5022872221378485     
   243.55999999998582        6.6160055959078399     
   243.59999999998581        6.7295838127797376     
   243.63999999998580        6.8430576984698455     
   243.67999999998580        6.9564656853487836     
   243.71999999998579        7.0698486452525442     
   243.75999999998578        7.1832497077597637     
   243.79999999998577        7.2967140673836060     
   243.83999999998576        7.4102887827208086     
   243.87999999998576        7.5240225701389694     
   243.91999999998575        7.6379655940762650     
   243.95999999998574        7.7521692554849864     
   243.99999999998573        7.8666859793798780     
   244.03999999998572        7.9815690018621028     
   244.07999999998572        8.0968721563871462     
   244.11999999998571        8.2126496584372362     
   244.15999999998570        8.3289558871538443     
   244.19999999998569        8.4458451618920769     
   244.23999999998568        8.5633715110862969     
   244.27999999998568        8.6815884302771806     
   244.31999999998567        8.8005486256589762     
   244.35999999998566        8.9203037390793423     
   244.39999999998565        9.0409040500833697     
   244.43999999998564        9.1623981503623799     
   244.47999999998564        9.2848325858746747     
   244.51999999998563        9.4082514619807540     
   244.55999999998562        9.5326960072139855     
   244.59999999998561        9.6582040918254499     
   244.63999999998560        9.7848096980359216     
   244.67999999998560        9.9125423400338679     
   244.71999999998559        10.041426433207475     
   244.75999999998558        10.171480613914339     
   244.79999999998557        10.302717013285642     
   244.83999999998557        10.435140491126255     
   244.87999999998556        4.2855625316992878     
   244.91999999998555        4.4203416566315719     
   244.95999999998554        4.5562707627880119     
   244.99999999998553        4.6933175476931845     
   245.03999999998553        4.8314384371295374     
   245.07999999998552        4.9705778833325720     
   245.11999999998551        5.1106677544073991     
   245.15999999998550        5.2516268444098078     
   245.19999999998549        5.3933605340837341     
   245.23999999998549        5.5357606314543455     
   245.27999999998548        5.6787054191354196     
   245.31999999998547        5.8220599311888623     
   245.35999999998546        5.9656764766438002     
   245.39999999998545        6.1093954194403555     
   245.43999999998545        6.2530462158488742     
   245.47999999998544        6.3964487007127575     
   245.51999999998543        6.5394146036847083     
   245.55999999998542        6.6817492665820684     
   245.59999999998541        6.8232535237357528     
   245.63999999998541        6.9637256993979015     
   245.67999999998540        7.1029636704802881     
   245.71999999998539       0.95758163237944438     
   245.75999999998538        1.0937533552794600     
   245.79999999998537        1.2281022696910089     
   245.83999999998537        1.3604444760012948     
   245.87999999998536        1.4906050284801400     
   245.91999999998535        1.6184193036184404     
   245.95999999998534        1.7437341221598388     
   245.99999999998533        1.8664086115319400     
   246.03999999998533        1.9863148053411062     
   246.07999999998532        2.1033379857904517     
   246.11999999998531        2.2173767828771984     
   246.15999999998530        2.3283430507246106     
   246.19999999998529        2.4361615462500228     
   246.23999999998529        2.5407694385418633     
   246.27999999998528        2.6421156789051397     
   246.31999999998527        2.7401602617117660     
   246.35999999998526        2.8348734051901152     
   246.39999999998525        2.9262346793654848     
   246.43999999998525        3.0142321057814536     
   246.47999999998524        3.0988612506373991     
   246.51999999998523        3.1801243297873025     
   246.55999999998522        3.2580293408407077     
   246.59999999998522        3.3325892345307251     
   246.63999999998521        3.4038211346702605     
   246.67999999998520        3.4717456134755462     
   246.71999999998519        3.5363860268345739     
   246.75999999998518        3.5977679122520660     
   246.79999999998518        3.6559184507078664     
   246.83999999998517        3.7108659925044805     
   246.87999999998516        3.7626396463248772     
   246.91999999998515        3.8112689301413880     
   246.95999999998514        3.8567834822756346     
   246.99999999998514        3.8992128307727070     
   247.03999999998513        3.9385862192858818     
   247.07999999998512        3.9749324878386094     
   247.11999999998511        4.0082800071078566     
   247.15999999998510        4.0386566652288938     
   247.19999999998510        4.0660899065297356     
   247.23999999998509        4.0906068220384117     
   247.27999999998508        4.1122342920432544     
   247.31999999998507        4.1309991814006892     
   247.35999999998506        4.1469285886507414     
   247.39999999998506        4.1600501502902034     
   247.43999999998505        4.1703924017376570     
   247.47999999998504        4.1779851965709156     
   247.51999999998503        4.1828601854910392     
   247.55999999998502        4.1850513561301073     
   247.59999999998502        4.1845956342329131     
   247.63999999998501        4.1815335458654266     
   247.67999999998500        4.1759099390963721     
   247.71999999998499        4.1677747620279533     
   247.75999999998498        4.1571838920910036     
   247.79999999998498        4.1442000091548215     
   247.83999999998497        4.1288935022370952     
   247.87999999998496        4.1113433964639210     
   247.91999999998495        4.0916382834842135     
   247.95999999998494        4.0698772348843040     
   247.99999999998494        4.0461706744169144     
   248.03999999998493        4.0206411812377274     
   248.07999999998492        3.9934241930598979     
   248.11999999998491        3.9646685754561410     
   248.15999999998490        3.9345370217490867     
   248.19999999998490        3.9032062473292828     
   248.23999999998489        3.8708669431044758     
   248.27999999998488        3.8377234553431299     
   248.31999999998487        3.8039931635788120     
   248.35999999998486        3.7699055345272137     
   248.39999999998486        3.7357008380340799     
   248.43999999998485        3.7016285206680948     
   248.47999999998484        3.6679452432945503     
   248.51999999998483        3.6349126002786925     
   248.55999999998483        3.6027945492443885     
   248.59999999998482        3.5718545908897616     
   248.63999999998481        3.5423527476019041     
   248.67999999998480        3.5145423969821845     
   248.71999999998479        3.4886670215175046     
   248.75999999998479        3.4649569383416319     
   248.79999999998478        3.4436260733789124     
   248.83999999998477        3.4248688424167963     
   248.87999999998476        3.4088571982517046     
   248.91999999998475        3.3957378985382527     
   248.95999999998475        3.3856300439123599     
   248.99999999998474        3.3786229308608751     
   249.03999999998473        3.3747742590425647     
   249.07999999998472        3.3741087285008744     
   249.11999999998471        3.3766170583969997     
   249.15999999998471        3.3822554552622632     
   249.19999999998470        3.3909455548717204     
   249.23999999998469        3.4025748571171830     
   249.27999999998468        3.4169976671342837     
   249.31999999998467        3.4340365479345767     
   249.35999999998467        3.4534842796287144     
   249.39999999998466        3.4751063080061808     
   249.43999999998465        3.4986436511086758     
   249.47999999998464        3.5238162171967495     
   249.51999999998463        3.5503264721679164     
   249.55999999998463        3.5778633802540694     
   249.59999999998462        2.6770787771879916     
   249.63999999998461        2.6484549579687364     
   249.67999999998460        2.6197769981104160     
   249.71999999998459        2.5913682886798313     
   249.75999999998459        2.5635451902391049     
   249.79999999998458        2.5366134227575641     
   249.83999999998457        2.5108648040096320     
   249.87999999998456        2.4865743845686334     
   249.91999999998455        2.4639980085009974     
   249.95999999998455        2.4433703100091479     
   249.99999999998454        2.4249031388631352     
   250.03999999998453        2.4087843925593289     
   250.07999999998452        2.3951772214920686     
   250.11999999998451        2.3842195654184994     
   250.15999999998451        2.3760239752031040     
   250.19999999998450        2.3706776730248760     
   250.23999999998449        2.3682428064728001     
   250.27999999998448        2.3687568566505721     
   250.31999999998447        2.3722331668855370     
   250.35999999998447        2.3786615661951704     
   250.39999999998446        2.3880090696394687     
   250.43999999998445        2.4002206454714017     
   250.47999999998444        2.4152200460646500     
   250.51999999998444        2.4329107055175494     
   250.55999999998443        2.4531767112770160     
   250.59999999998442        2.4758838598754860     
   250.63999999998441        2.5008808078165186     
   250.67999999998440        2.5280003277803655     
   250.71999999998440        2.5570606777589822     
   250.75999999998439        2.5878670866858795     
   250.79999999998438        2.6202133549113720     
   250.83999999998437        2.6538835618801699     
   250.87999999998436        2.6886538670452236     
   250.91999999998436        2.7242943838762828     
   250.95999999998435        2.7605711012634937     
   250.99999999998434        2.7972478221012702     
   251.03999999998433        2.8340880857123758     
   251.07999999998432        2.8708570392754327     
   251.11999999998432        3.3758620835170978     
   251.15999999998431        3.3399250661255695     
   251.19999999998430        3.3047370319536249     
   251.23999999998429        3.2705098669429531     
   251.27999999998428        3.2374463681406636     
   251.31999999998428        3.2057392872624217     
   251.35999999998427        3.1755705819798559     
   251.39999999998426        3.1471108741264104     
   251.43999999998425        3.1205191081814130     
   251.47999999998424        3.0959423983303216     
   251.51999999998424        3.0735160482808128     
   251.55999999998423        3.0533637249276353     
   251.59999999998422        3.0355977649154742     
   251.63999999998421        3.0203195920950576     
   251.67999999998420        3.0076202237005072     
   251.71999999998420        2.9975808436590450     
   251.75999999998419        2.9902734226238650     
   251.79999999998418        2.9857613659394548     
   251.83999999998417        2.9841001726555207     
   251.87999999998416        2.9853380907656955     
   251.91999999998416        2.9895167559455489     
   251.95999999998415        2.9966718031088178     
   251.99999999998414        3.0068334420222032     
   252.03999999998413        3.0200269899700682     
   252.07999999998412        3.0362733560130728     
   252.11999999998412        3.0555894727279473     
   252.15999999998411        3.0779886724515624     
   252.19999999998410        3.1034810059941531     
   252.23999999998409        3.1320735025549906     
   252.27999999998408        3.1637703701954525     
   252.31999999998408        3.1985731367295305     
   252.35999999998407        3.2364807313126516     
   252.39999999998406        3.2774895073792480     
   252.43999999998405        3.3215932079307637     
   252.47999999998405        3.3687828745403321     
   252.51999999998404        3.4190467018480968     
   252.55999999998403        3.4723698397990850     
   252.59999999998402        3.5287341464471709     
   252.63999999998401        3.5881178948326484     
   252.67999999998401        3.6504954382502053     
   252.71999999998400        3.7158368391642176     
   252.75999999998399        3.7841074680960665     
   252.79999999998398        3.8552675799901621     
   252.83999999998397        3.9292718768361148     
   252.87999999998397        4.0060690666456109     
   252.91999999998396        4.0856014302016925     
   252.95999999998395        4.1678044082489993     
   252.99999999998394        4.2526062228969597     
   253.03999999998393        4.3399275478739296     
   253.07999999998393        4.4296812428020802     
   253.11999999998392        4.5217721667619708     
   253.15999999998391        4.6160970859892778     
   253.19999999998390        4.7125446895146421     
   253.23999999998389        4.8109957248644832     
   253.27999999998389        4.9113232635609698     
   253.31999999998388        5.0133931031083003     
   253.35999999998387        5.1170643084911154     
   253.39999999998386        5.2221898920494194     
   253.43999999998385        5.3286176260906659     
   253.47999999998385        5.4361909779533777     
   253.51999999998384        5.5447501526783798     
   253.55999999998383        5.6541332242197999     
   253.59999999998382        5.7641773324821859     
   253.63999999998381        5.8747199206235798     
   253.67999999998381        5.9855999851969779     
   253.71999999998380        6.0966593109360501     
   253.75999999998379        6.2077436623780367     
   253.79999999998378        6.3187039060356902     
   253.83999999998377        6.4293970393869948     
   253.87999999998377        6.5396871063883406     
   253.91999999998376        6.6494459833264621     
   253.95999999998375        6.7585540233679273     
   253.99999999998374        6.8669005528919227     
   254.03999999998373        6.9743842173598170     
   254.07999999998373        7.0809131788657629     
   254.11999999998372        7.1864051714462587     
   254.15999999998371        7.2907874235693226     
   254.19999999998370        7.3939964598913184     
   254.23999999998370        7.4959777963256258     
   254.27999999998369        7.5966855437200334     
   254.31999999998368        7.6960819360327886     
   254.35999999998367        7.7941367989021781     
   254.39999999998366        7.8908269740105483     
   254.43999999998366        7.9861357137496665     
   254.47999999998365        8.0800520595006198     
   254.51999999998364        8.1725702154438782     
   254.55999999998363        8.2636889283006312     
   254.59999999998362        8.3534108818500652     
   254.63999999998362        8.4417421135303492     
   254.67999999998361        8.5286914589620721     
   254.71999999998360        2.3310847216868140     
   254.75999999998359        2.4153054144304393     
   254.79999999998358        2.4981824663283962     
   254.83999999998358        2.5797310408792398     
   254.87999999998357        2.6599668572931492     
   254.91999999998356        2.7389058579959253     
   254.95999999998355        2.8165639142407777     
   254.99999999998354        2.8929565685233403     
   255.03999999998354        2.9680988121605667     
   255.07999999998353        3.0420048961478057     
   255.11999999998352        3.1146881732374938     
   255.15999999998351        3.1861609690754262     
   255.19999999998350        3.2564344801752458     
   255.23999999998350        3.3255186964987429     
   255.27999999998349        3.3934223464299018     
   255.31999999998348        3.4601528619769844     
   255.35999999998347        3.5257163621027736     
   255.39999999998346        3.5901176521632370     
   255.43999999998346        3.6533602375248875     
   255.47999999998345        3.7154463495275833     
   255.51999999998344        3.7763769820596562     
   255.55999999998343        3.8361519371139408     
   255.59999999998342        3.8947698777949475     
   255.63999999998342        3.9522283873478519     
   255.67999999998341        4.0085240328783609     
   255.71999999998340        4.0636524325283245     
   255.75999999998339        4.1176083249648281     
   255.79999999998338        4.1703856401302772     
   255.83999999998338        4.2219775702876117     
   255.87999999998337        4.2723766404783587     
   255.91999999998336        4.3215747775918114     
   255.95999999998335        4.3695633773214375     
   255.99999999998334        4.4163333683598847     
   256.03999999998337        4.4618752732568856     
   256.07999999998339        4.5061792654353212     
   256.11999999998341        4.5492352219299121     
   256.15999999998343        4.5910327714809123     
   256.19999999998345        4.6315613376821041     
   256.23999999998347        4.6708101769488026     
   256.27999999998349        4.7087684111379184     
   256.31999999998351        4.7454250547190249     
   256.35999999998353        4.7807690364632922     
   256.39999999998355        4.8147892156869512     
   256.43999999998357        4.8474743931582260     
   256.47999999998359        4.8788133168524084     
   256.51999999998361        4.9087946828198348     
   256.55999999998363        4.9374071315170704     
   256.59999999998365        4.9646392400437174     
   256.63999999998367        4.9904795108273436     
   256.67999999998369        5.0149163574083513     
   256.71999999998371        5.0379380880967872     
   256.75999999998373        5.0595328884056787     
   256.79999999998375        5.0796888033121874     
   256.83999999998377        5.0983937205603453     
   256.87999999998380        5.1156353563992072     
   256.91999999998382        5.1314012453494069     
   256.95999999998384        5.1456787358108844     
   256.99999999998386        5.1584549935660746     
   257.03999999998388        5.1697170154967340     
   257.07999999998390        5.1794516561189035     
   257.11999999998392        5.1876456698481519     
   257.15999999998394        5.1942857722339371     
   257.19999999998396        5.1993587237436554     
   257.23999999998398        5.2028514400272368     
   257.27999999998400        5.2047511329429383     
   257.31999999998402        5.2050454869613851     
   257.35999999998404        5.2037228758707261     
   257.39999999998406        5.2007726249586632     
   257.43999999998408        5.1961853240183498     
   257.47999999998410        5.1899531965792329     
   257.51999999998412        5.1820705306573256     
   257.55999999998414        5.1725341760005072     
   257.59999999998416        5.1613441122131638     
   257.63999999998418        5.1485040912130726     
   257.67999999998420        5.1340223561278506     
   257.71999999998422        5.1179124369013449     
   257.75999999998425        5.1001940204759251     
   257.79999999998427        5.0808938903763634     
   257.83999999998429        5.0600469267931452     
   257.87999999998431        5.0376971538235438     
   257.91999999998433        5.0138988153949882     
   257.95999999998435        4.9887174556409200     
   257.99999999998437        4.9622309732708745     
   258.03999999998439        4.9345306130072331     
   258.07999999998441        4.9057218507829674     
   258.11999999998443        4.8759251235421308     
   258.15999999998445        4.8452763496894740     
   258.19999999998447        4.8139271831060464     
   258.23999999998449        4.7820449428340570     
   258.27999999998451        4.7498121626741945     
   258.31999999998453        4.7174257105874933     
   258.35999999998455        4.6850954373446791     
   258.39999999998457        4.6530423274655934     
   258.43999999998459        4.6214961429677377     
   258.47999999998461        4.5906925712544560     
   258.51999999998463        4.5608699116952698     
   258.55999999998465        4.5322653598090756     
   258.59999999998468        4.5051109719136697     
   258.63999999998470        4.4796294149718090     
   258.67999999998472        4.4560296244826301     
   258.71999999998474        4.4345025061625005     
   258.75999999998476        4.4152168236952205     
   258.79999999998478        4.3983154143259382     
   258.83999999998480        4.3839118663593233     
   258.87999999998482        4.3720877780501430     
   258.91999999998484        4.3628906967568586     
   258.95999999998486        4.3563328117502946     
   258.99999999998488        4.3523904451710802     
   259.03999999998490        4.3510043548927273     
   259.07999999998492        4.3520808320883440     
   259.11999999998494        4.3554935466813332     
   259.15999999998496        4.3610860670235976     
   259.19999999998498        4.3686749573457506     
   259.23999999998500        4.3780533387851293     
   259.27999999998502        1.8941905193214257     
   259.31999999998504        1.8819278666634243     
   259.35999999998506        1.8685971367187260     
   259.39999999998508        1.8544585903002186     
   259.43999999998510        1.8397756586658938     
   259.47999999998513        1.8248112401536227     
   259.51999999998515        1.8098243354303847     
   259.55999999998517        1.7950670783867750     
   259.59999999998519        1.7807821984186136     
   259.63999999998521        1.7672009293788520     
   259.67999999998523        1.7545413619013948     
   259.71999999998525        1.7430072198831725     
   259.75999999998527        1.7327870291629990     
   259.79999999998529        1.7240536370705370     
   259.83999999998531        1.7169640354948967     
   259.87999999998533        1.7116594371915164     
   259.91999999998535        1.7082655548114891     
   259.95999999998537        1.7068930341153259     
   259.99999999998539        1.7076379965067170     
   260.03999999998541        1.7105826508871487     
   260.07999999998543        1.7157959404304384     
   260.11999999998545        1.7233341958141759     
   260.15999999998547        1.7332417724044893     
   260.19999999998549        1.7455516546287488     
   260.23999999998551        1.7602860161146037     
   260.27999999998553        1.7774567290098937     
   260.31999999998555        1.7970658201614191     
   260.35999999998558        1.8191058754927441     
   260.39999999998560        1.8435603969791559     
   260.43999999998562        1.8704041190850229     
   260.47999999998564        1.8996032934276474     
   260.51999999998566        1.9311159517891268     
   260.55999999998568        1.9648921584414980     
   260.59999999998570        2.0008742631083059     
   260.63999999998572        2.0389971657852963     
   260.67999999998574        2.0791886041131642     
   260.71999999998576        2.1213694730681554     
   260.75999999998578        2.1654541854492164     
   260.79999999998580        2.2113510800379790     
   260.83999999998582        2.2589628824436772     
   260.87999999998584        2.3081872215823207     
   260.91999999998586        2.3589172025503866     
   260.95999999998588        2.4110420344182626     
   260.99999999998590        2.4644477092728994     
   261.03999999998592        2.5190177267695715     
   261.07999999998594        2.5746338565933078     
   261.11999999998596        2.6311769296578009     
   261.15999999998598        2.6885276476475761     
   261.19999999998601        2.7465673996855324     
   261.23999999998603        2.8051790745106584     
   261.27999999998605        2.8642478565863043     
   261.31999999998607        2.9236619950124783     
   261.35999999998609        2.9833135349502351     
   261.39999999998611        3.0430990024283724     
   261.43999999998613        3.1029200348242649     
   261.47999999998615        3.1205013562652666     
   261.51999999998617        3.0608810510861426     
   261.55999999998619        3.0014842270935351     
   261.59999999998621        2.9423837610418557     
   261.63999999998623        2.8836452349596344     
   261.67999999998625        2.8253267010344296     
   261.71999999998627        2.7674785095449890     
   261.75999999998629        2.7101431959009110     
   261.79999999998631        2.6533554222144611     
   261.83999999998633        2.5971419684573274     
   261.87999999998635        2.5415217681383089     
   261.91999999998637        2.4865059835591294     
   261.95999999998639        2.4320981160414732     
   261.99999999998641        2.3782941470413790     
   262.03999999998643        2.3250827067474056     
   262.07999999998646        2.2724452675656961     
   262.11999999998648        2.2203563607974903     
   262.15999999998650        2.1687838157826942     
   262.19999999998652        2.1176890217877435     
   262.23999999998654        2.0670272139284953     
   262.27999999998656        2.0167477854108293     
   262.31999999998658        1.9667946293136449     
   262.35999999998660        1.9171065139999264     
   262.39999999998662        1.8676174969875485     
   262.43999999998664        1.8182573827046449     
   262.47999999998666        1.7689522299522080     
   262.51999999998668        1.7196249150513836     
   262.55999999998670        1.6701957565119807     
   262.59999999998672        1.6205832065649635     
   262.63999999998674        1.5707046139956480     
   262.67999999998676        1.5204770613370666     
   262.71999999998678        1.4698182775805182     
   262.75999999998680        1.4186476250898132     
   262.79999999998682        1.3668871563429541     
   262.83999999998684        1.3144627324736540     
   262.87999999998686        1.2613051913870279     
   262.91999999998689        1.2073515485695263     
   262.95999999998691        1.1525462087517961     
   262.99999999998693        1.0968421615295871     
   263.03999999998695        1.0402021291859254     
   263.07999999998697       0.98259963063683586     
   263.11999999998699       0.92401992204531080     
   263.15999999998701       0.86446077264709498     
   263.19999999998703       0.80393303413734607     
   263.23999999998705       0.74246096396282157     
   263.27999999998707       0.68008226733591881     
   263.31999999998709       0.61684782987002740     
   263.35999999998711       0.55282112236713921     
   263.39999999998713       0.48807727117273941     
   263.43999999998715       0.42270180110909661     
   263.47999999998717       0.35678907253786157     
   263.51999999998719       0.29044044863946838     
   263.55999999998721       0.22376224248446902     
   263.59999999998723       0.15686350486875000     
   263.63999999998725        8.9853722265425484E-002
   263.67999999998727        2.2840498909730500E-002
   263.71999999998729        4.4072702413591625E-002
   263.75999999998731       0.11078868990452739     
   263.79999999998734       0.17721847904412447     
   263.83999999998736       0.24328298268900506     
   263.87999999998738       0.30891441489126537     
   263.91999999998740       0.37405738253744758     
   263.95999999998742       0.43866965329822627     
   263.99999999998744       0.50272260204698016     
   264.03999999998746       0.56620135004228900     
   264.07999999998748       0.62910462119715571     
   264.11999999998750       0.69144434733781446     
   264.15999999998752       0.75324505938194708     
   264.19999999998754       0.81454310393710705     
   264.23999999998756       0.87538572518899327     
   264.27999999998758       0.93583005047459644     
   264.31999999998760       0.99594201502973123     
   264.35999999998762        1.0557952574861360     
   264.39999999998764        1.1154700131671402     
   264.43999999998766        1.1750520274408707     
   264.47999999998768        1.2346315066217546     
   264.51999999998770        1.2943021193834523     
   264.55999999998772        1.3541600575132640     
   264.59999999998774        1.4143031611955710     
   264.63999999998777        1.4748301109074073     
   264.67999999998779        1.5358396854520577     
   264.71999999998781        1.5974300836278439     
   264.75999999998783        1.6596983054913996     
   264.79999999998785        1.7227395880790908     
   264.83999999998787        1.7866468897434267     
   264.87999999998789        1.8515104168897223     
   264.91999999998791        1.9174171868115393     
   264.95999999998793        1.9844506204762589     
   264.99999999998795        2.0526901594655564     
   265.03999999998797        2.1222109017970019     
   265.07999999998799        2.1930832520162005     
   265.11999999998801        2.2653725817328305     
   265.15999999998803        2.3391388976620044     
   265.19999999998805        2.4144365152108431     
   265.23999999998807        2.4913137367068487     
   265.27999999998809        2.5698125344872769     
   265.31999999998811        2.6499682402433828     
   265.35999999998813        2.7318092432231156     
   265.39999999998815        2.8153567011190610     
   265.43999999998817        2.9006242686780190     
   265.47999999998819        2.9876178502311039     
   265.51999999998822        3.0763353834183698     
   265.55999999998824        3.1667666623232105     
   265.59999999998826        3.2588932089872116     
   265.63999999998828        3.3526882027903526     
   265.67999999998830        3.4481164773984694     
   265.71999999998832        3.5451345948463375     
   265.75999999998834        3.6436910057946457     
   265.79999999998836        3.7437263040382400     
   265.83999999998838        3.8451735819340720     
   265.87999999998840        3.9479588915642139     
   265.91999999998842        4.0520018141813603     
   265.95999999998844        4.1572161378577617     
   265.99999999998846        4.2635106403577412     
   266.03999999998848        4.3707899711885521     
   266.07999999998850        4.4789556236851906     
   266.11999999998852        4.5879069849968834     
   266.15999999998854        4.6975424491163000     
   266.19999999998856        4.8077605757718995     
   266.23999999998858        4.9184612762177400     
   266.27999999998860        5.0295470058058154     
   266.31999999998862        5.1409239427810336     
   266.35999999998864        5.2525031330250291     
   266.39999999998867        5.3642015814759771     
   266.43999999998869        5.4759432726089283     
   266.47999999998871        5.5876601045794647     
   266.51999999998873        5.6992927242870586     
   266.55999999998875        5.8107912535579525     
   266.59999999998877        5.9221158997258545     
   266.63999999998879        6.0332374469490038     
   266.67999999998881        6.1441376275021948     
   266.71999999998883        6.2548093748995122     
   266.75999999998885        6.3652569629398430     
   266.79999999998887        6.4754960365529444     
   266.83999999998889        6.5855535416174531     
   266.87999999998891        6.6954675617096431     
   266.91999999998893        6.8052870700325805     
   266.95999999998895        6.9150716045992606     
   266.99999999998897        7.0248908741450302     
   267.03999999998899        7.1348243012796120     
   267.07999999998901        7.2449605081192461     
   267.11999999998903        7.3553967481304170     
   267.15999999998905        7.4662382862346259     
   267.19999999998907        7.5775977274353856     
   267.23999999998910        7.6895942924003755     
   267.27999999998912        7.8023530366308798     
   267.31999999998914        7.9160040081472758     
   267.35999999998916        8.0306813370884740     
   267.39999999998918        8.1465222493478890     
   267.43999999998920        8.2636659954422189     
   267.47999999998922        8.3822526853385995     
   267.51999999998924        8.5024220200712932     
   267.55999999998926        8.6243119117957718     
   267.59999999998928        8.7480569856017656     
   267.63999999998930        8.8737869590887808     
   267.67999999998932        9.0016248995433799     
   267.71999999998934        9.1316853636724211     
   267.75999999998936        9.2640724313232603     
   267.79999999998938        9.3988776524744129     
   267.83999999998940        9.5361779359212093     
   267.87999999998942        9.6760334182876306     
   267.91999999998944        9.8184853628762561     
   267.95999999998946        9.9635541488370016     
   267.99999999998948        10.111237421400340     
   268.03999999998950        10.261508482497923     
   268.07999999998952        10.414315006851709     
   268.11999999998955        10.569578170358906     
   268.15999999998957        10.727192274204045     
   268.19999999998959        10.887024938684885     
   268.23999999998961        11.048917924740238     
   268.27999999998963        11.212688618683220     
   268.31999999998965        11.378132187442404     
   268.35999999998967        11.545024379220845     
   268.39999999998969        11.713124910123312     
   268.43999999998971        11.882181343723762     
   268.47999999998973        5.7687480335514527     
   268.51999999998975        5.9389318255336123     
   268.55999999998977        6.1092847524136253     
   268.59999999998979        6.2795496996325504     
   268.63999999998981        6.4494792778943708     
   268.67999999998983        6.6188396055271204     
   268.71999999998985        6.7874135789578691     
   268.75999999998987        6.9550035480791079     
   268.79999999998989        7.1214333474475522     
   268.83999999998991        7.2865496683495463     
   268.87999999998993        7.4502227881652434     
   268.91999999998995        7.6123467001295193     
   268.95999999998998        7.7728387072134790     
   268.99999999999000        7.9316385578791309     
   269.03999999999002        8.0887072090068060     
   269.07999999999004        8.2440253030024451     
   269.11999999999006        2.1144061357728674     
   269.15999999999008        2.2662350356954994     
   269.19999999999010        2.4163556136298396     
   269.23999999999012        2.5648090846061606     
   269.27999999999014        2.7116470993897850     
   269.31999999999016        2.8569299640198724     
   269.35999999999018        3.0007249651046664     
   269.39999999999020        3.1431048169264990     
   269.43999999999022        3.2841462388331912     
   269.47999999999024        3.4239286652010090     
   269.51999999999026        3.5625330854089787     
   269.55999999999028        3.7000410076644914     
   269.59999999999030        3.8365335380289283     
   269.63999999999032        3.9720905644564031     
   269.67999999999034        4.1067900349236410     
   269.71999999999036        4.2407073186467779     
   269.75999999999038        4.3739146398169719     
   269.79999999999040        4.5064805741220084     
   269.83999999999043        4.6384695994523506     
   269.87999999999045        4.7699416935291969     
   269.91999999999047        4.9009519726636510     
   269.95999999999049        5.0315503673958242     
   269.99999999999051        5.1617813323146873     
   270.03999999999053        5.2916835888743963     
   270.07999999999055        5.4212899014561104     
   270.11999999999057        5.5506268882348078     
   270.15999999999059        5.6797148695602431     
   270.19999999999061        5.8085677575140728     
   270.23999999999063        5.9371929910290673     
   270.27999999999065        6.0655915214223359     
   270.31999999999067        6.1937578533795605     
   270.35999999999069        6.3216801463147867     
   270.39999999999071        6.4493403806129290     
   270.43999999999073        6.5767145925423733     
   270.47999999999075        6.7037731806179002     
   270.51999999999077        6.8304812849269023     
   270.55999999999079        6.9567992394454716     
   270.59999999999081        7.0826830957184113     
   270.63999999999083        7.2080852145226721     
   270.67999999999086        7.3329549203494011     
   270.71999999999088        7.4572392118027304     
   270.75999999999090        7.5808835194011284     
   270.79999999999092        7.7038325008528430     
   270.83999999999094        7.8260308627253377     
   270.87999999999096        7.9474241965909291     
   270.91999999999098        8.0679598172418032     
   270.95999999999100        8.1875875904428703     
   270.99999999999102        8.3062607379258377     
   271.03999999999104        8.4239366078981224     
   271.07999999999106        8.5405774002031905     
   271.11999999999108        8.6561508363673951     
   271.15999999999110        8.7706307660337544     
   271.19999999999112        2.6008123954610891     
   271.23999999999114        2.7130539753974978     
   271.27999999999116        2.8241653361817711     
   271.31999999999118        2.9341494104041916     
   271.35999999999120        3.0430171331859097     
   271.39999999999122        3.1507875616992056     
   271.43999999999124        3.2574879058367316     
   271.47999999999126        3.3631534693997240     
   271.51999999999128        3.4678275012012150     
   271.55999999999131        3.5715609552703786     
   271.59999999999133        3.6744121589339054     
   271.63999999999135        3.7764463869905422     
   271.67999999999137        3.8777353395508793     
   271.71999999999139        3.9783565204657232     
   271.75999999999141        4.0783925127067500     
   271.79999999999143        4.1779301467000778     
   271.83999999999145        4.2770595575677133     
   271.87999999999147        4.3758731276359732     
   271.91999999999149        4.4744643115651233     
   271.95999999999151        4.5729263431858538     
   271.99999999999153        4.6713508257368730     
   272.03999999999155        4.7698262108097307     
   272.07999999999157        4.8684361760169770     
   272.11999999999159        4.9672579172520432     
   272.15999999999161        5.0663603783732780     
   272.19999999999163        5.1658024490886820     
   272.23999999999165        5.2656311704820808     
   272.27999999999167        5.3658799965950204     
   272.31999999999169        5.4665671691856623     
   272.35999999999171        5.5676942704875891     
   272.39999999999173        5.6692450246098893     
   272.43999999999176        5.7711844211913350     
   272.47999999999178        5.8734582340804664     
   272.51999999999180        5.9759930023070185     
   272.55999999999182        6.0786965298342963     
   272.59999999999184        6.1814589443229799     
   272.63999999999186        6.2841543336951853     
   272.67999999999188        6.3866429535581668     
   272.71999999999190        6.4887739700271228     
   272.75999999999192        6.5903886731949104     
   272.79999999999194       0.40813876161756296     
   272.83999999999196       0.50823142478883543     
   272.87999999999198       0.60732148244134287     
   272.91999999999200       0.70525658145076298     
   272.95999999999202       0.80189569947743189     
   272.99999999999204       0.89711266395643963     
   273.03999999999206       0.99079926171746191     
   273.07999999999208        1.0828678452115157     
   273.11999999999210        1.1732533692318845     
   273.15999999999212        1.2619148218567260     
   273.19999999999214        1.3488360426866692     
   273.23999999999216        1.4340259481848499     
   273.27999999999219        1.5175182064330244     
   273.31999999999221        1.5993704208801338     
   273.35999999999223        1.6796628942718228     
   273.39999999999225        1.7584970500440420     
   273.43999999999227        1.8359935895957589     
   273.47999999999229        1.9122904608604645     
   273.51999999999231        1.9875407074501599     
   273.55999999999233        2.0619102593462824     
   273.59999999999235        2.1355757165865281     
   273.63999999999237        2.2087221674418154     
   273.67999999999239        2.2815410728310992     
   273.71999999999241        2.3542282396549923     
   273.75999999999243        2.4269818976593545     
   273.79999999999245        2.5000008875513626     
   273.83999999999247        2.5734829624606212     
   273.87999999999249        2.6476232004643210     
   273.91999999999251        2.7226125227203979     
   273.95999999999253        2.7986363096830811     
   273.99999999999255        2.8758731067985561     
   274.03999999999257        2.9544934108739040     
   274.07999999999259        3.0346585288578178     
   274.11999999999261        3.1165195019469643     
   274.15999999999264        3.2002160896207084     
   274.19999999999266        3.2858758102949115     
   274.23999999999268        3.3736130376587958     
   274.27999999999270        3.4635281543014562     
   274.31999999999272        3.5557067668262716     
   274.35999999999274        3.6502189891666270     
   274.39999999999276        3.7471188031239286     
   274.43999999999278        3.8464435071145315     
   274.47999999999280        3.9482132656020963     
   274.51999999999282        4.0524307725792799     
   274.55999999999284        4.1590810426359548     
   274.59999999999286        4.2681313425236640     
   274.63999999999288        4.3795312746467596     
   274.67999999999290        4.4932130215737720     
   274.71999999999292        4.6090917575161061     
   274.75999999999294        4.7270662288713661     
   274.79999999999296        4.8470195015402844     
   274.83999999999298        4.9688198680172846     
   274.87999999999300        5.0923219024841746     
   274.91999999999302        5.2173676475877748     
   274.95999999999304        5.3437879125408605     
   274.99999999999307        5.4714036589157118     
   275.03999999999309        5.6000274482187899     
   275.07999999999311        5.7294649241954207     
   275.11999999999313        5.8595163028848596     
   275.15999999999315        5.9899778447099905     
   275.19999999999317       0.16254202194369208     
   275.23999999999319        3.1880102694977625E-002
   275.27999999999321        9.8571011427294186E-002
   275.31999999999323       0.22860537482780841     
   275.35999999999325       0.35801948522906518     
   275.39999999999327       0.48661328836670475     
   275.43999999999329       0.61419108279806978     
   275.47999999999331       0.74056232849205739     
   275.51999999999333       0.86554236533133277     
   275.55999999999335       0.98895304934406236     
   275.59999999999337        1.1106233154014797     
   275.63999999999339        1.2303896753349883     
   275.67999999999341        1.3480966600501889     
   275.71999999999343        1.4635972133817428     
   275.75999999999345        1.5767530442925084     
   275.79999999999347        1.6874349427228059     
   275.83999999999349        1.7955230630787042     
   275.87999999999352        1.9009071781283893     
   275.91999999999354        2.0034869050421906     
   275.95999999999356        2.1031719045238559     
   275.99999999999358        2.1998820534670447     
   276.03999999999360        2.2935475913328078     
   276.07999999999362        2.3841092404581974     
   276.11999999999364        2.4715183007316877     
   276.15999999999366        2.5557367194534661     
   276.19999999999368        2.6367371376763575     
   276.23999999999370        2.7145029148327469     
   276.27999999999372        2.7890281339333596     
   276.31999999999374        2.8603175900202409     
   276.35999999999376        2.9283867648221760     
   276.39999999999378        2.9932617906596239     
   276.43999999999380        3.0549794065519613     
   276.47999999999382        3.1135869091771102     
   276.51999999999384        3.1691421008169938     
   276.55999999999386        3.2217132356956251     
   276.59999999999388        3.2713789651921004     
   276.63999999999390        3.3182282813079427     
   276.67999999999392        3.3623604565133585     
   276.71999999999395        3.4038849767223400     
   276.75999999999397        3.4429214626900704     
   276.79999999999399        3.4795995736309084     
   276.83999999999401        3.5140588853695149     
   276.87999999999403        3.5464487339140227     
   276.91999999999405        3.5769280140352309     
   276.95999999999407        3.6056649213094314     
   276.99999999999409        3.6328366251963282     
   277.03999999999411        3.6586288601398120     
   277.07999999999413        3.6832354214586429     
   277.11999999999415        3.7068575529933017     
   277.15999999999417        3.7297032141452178     
   277.19999999999419        3.7519862151277223     
   277.23999999999421        3.7739252109764347     
   277.27999999999423        3.7957425471602084     
   277.31999999999425        3.8176629524988215     
   277.35999999999427        3.8399120785227194     
   277.39999999999429        3.8627148883816260     
   277.43999999999431        3.8862939028861940     
   277.47999999999433        3.9108673161985301     
   277.51999999999435        3.9366469990048936     
   277.55999999999437        3.9638364126187513     
   277.59999999999440        3.9926284632616764     
   277.63999999999442        4.0232033316085998     
   277.67999999999444        4.0557263183788708     
   277.71999999999446        4.0903457520738371     
   277.75999999999448        4.1271910096204190     
   277.79999999999450        4.1663707043384628     
   277.83999999999452        4.2079710979190859     
   277.87999999999454        4.2520547935616992     
   277.91999999999456        4.2986597656472600     
   277.95999999999458        4.3477987769444555     
   277.99999999999460        4.3994592270703716     
   278.03999999999462        4.4536034656312253     
   278.07999999999464        4.5101695902425085     
   278.11999999999466        4.5690727338251289     
   278.15999999999468        4.6302068278357940     
   278.19999999999470        4.6934468093325412     
   278.23999999999472        4.7586512211419709     
   278.27999999999474        4.8256651371591284     
   278.31999999999476        4.8943233302606330     
   278.35999999999478        1.3187317175768987     
   278.39999999999480        1.2473052190831866     
   278.43999999999482        1.1747586070681049     
   278.47999999999485        1.1012651331636705     
   278.51999999999487        1.0269922335650035     
   278.55999999999489       0.95209889108579093     
   278.59999999999491       0.87673335659092944     
   278.63999999999493       0.80103126751554887     
   278.67999999999495       0.72511418267759353     
   278.71999999999497       0.64908853499429520     
   278.75999999999499       0.57304498804319204     
   278.79999999999501       0.49705816940615977     
   278.83999999999503       0.42118674383112253     
   278.87999999999505       0.34547378257292394     
   278.91999999999507       0.26994738170683674     
   278.95999999999509       0.19462148142220470     
   278.99999999999511       0.11949683984623194     
   279.03999999999513        4.4562118300321529E-002
   279.07999999999515        3.0204960474041975E-002
   279.11999999999517       0.10483641415977529     
   279.15999999999519       0.17937279003835593     
   279.19999999999521       0.25386196296772279     
   279.23999999999523       0.32835795811859980     
   279.27999999999525       0.40291980936255745     
   279.31999999999528       0.47761045972513050     
   279.35999999999530       0.55249570648562352     
   279.39999999999532       0.62764319034570715     
   279.43999999999534       0.70312142559504220     
   279.47999999999536       0.77899886634837290     
   279.51999999999538       0.85534300267931185     
   279.55999999999540       0.93221947979309872     
   279.59999999999542        1.0096912332275607     
   279.63999999999544        1.0878176334167100     
   279.67999999999546        1.1666536337687898     
   279.71999999999548        1.2462489176787539     
   279.75999999999550        1.3266470415951364     
   279.79999999999552        1.4078845733726775     
   279.83999999999554        1.4899902276384931     
   279.87999999999556        1.5729840027427944     
   279.91999999999558        1.6568763269991924     
   279.95999999999560        1.7416672252645284     
   279.99999999999562        1.8273455203547881     
   280.03999999999564        1.9138880871996165     
   280.07999999999566        2.0012591808264109     
   280.11999999999568        2.0894098620266250     
   280.15999999999570        2.1782775466567883     
   280.19999999999573        2.2677857057160233     
   280.23999999999575        2.3578437433753727     
   280.27999999999577        2.4483470787932293     
   280.31999999999579        2.5391774546694563     
   280.35999999999581        2.6302034909829186     
   280.39999999999583        2.7212814962442073     
   280.43999999999585        2.8122565410252971     
   280.47999999999587        2.9029637897854772     
   280.51999999999589        2.9932300775162108     
   280.55999999999591        3.0828757080082094     
   280.59999999999593        3.1717164412111205     
   280.63999999999595        3.2595656288466910     
   280.67999999999597        3.3462364507554341     
   280.71999999999599        3.4315441999177101     
   280.75999999999601        3.5153085620581761     
   280.79999999999603        3.5973558363946836     
   280.83999999999605        3.6775210473960884     
   280.87999999999607        3.7556499031277042     
   280.91999999999609        3.8316005634651225     
   280.95999999999611        3.9052451905852013     
   280.99999999999613        3.9764712640532385     
   281.03999999999616        4.0451826528528434     
   281.07999999999618        4.1113004462214233     
   281.11999999999620        4.1747635536151169     
   281.15999999999622        4.2355290911050378     
   281.19999999999624        4.2935725767079553     
   281.23999999999626        4.3488879604201038     
   281.27999999999628        4.4014875160170934     
   281.31999999999630        4.4514016210743055     
   281.35999999999632        4.4986784492987368     
   281.39999999999634        4.5433835953497752     
   281.43999999999636        4.5855996471040168     
   281.47999999999638        4.6254257140520165     
   281.51999999999640        4.6629769134829715     
   281.55999999999642        4.6983838086138210     
   281.59999999999644        4.7317917851727289     
   281.63999999999646        4.7633603455090308     
   281.67999999999648        4.7932622924755783     
   281.71999999999650        4.8216827695767570     
   281.75999999999652        4.8488181197211109     
   281.79999999999654        4.8748745229441104     
   281.83999999999656        4.9000663742933055     
   281.87999999999658        4.9246143673106735     
   281.91999999999661        4.9487432567559049     
   281.95999999999663        4.9726792867904308     
   281.99999999999665        4.9966472879340014     
   282.03999999999667        5.0208674674976193     
   282.07999999999669        5.0455519432001683     
   282.11999999999671        5.0709010970467965     
   282.15999999999673        5.0970998544508941     
   282.19999999999675        5.1243140196354222     
   282.23999999999677        5.1526868197588165     
   282.27999999999679        5.1823358240146797     
   282.31999999999681        5.2133504073705037     
   282.35999999999683        5.2457899194506696     
   282.39999999999685        5.2796826961695524     
   282.43999999999687        5.3150260153109405     
   282.47999999999689        5.3517870491730326     
   282.51999999999691        5.3899048111064660     
   282.55999999999693        5.4292930330579070     
   282.59999999999695       0.81334145348831977     
   282.63999999999697       0.77175316020927631     
   282.67999999999699       0.72926502297204621     
   282.71999999999701       0.68602220515092527     
   282.75999999999704       0.64217246114099968     
   282.79999999999706       0.59786143253171564     
   282.83999999999708       0.55322837015972315     
   282.87999999999710       0.50840242773326949     
   282.91999999999712       0.46349962631322184     
   282.95999999999714       0.41862054133619320     
   282.99999999999716       0.37384871938376163     
   283.03999999999718       0.32924979383761932     
   283.07999999999720       0.28487123897608546     
   283.11999999999722       0.24074268178389180     
   283.15999999999724       0.19687667951277943     
   283.19999999999726       0.15326986779400276     
   283.23999999999728       0.10990438732358454     
   283.27999999999730        6.6749505073825155E-002
   283.31999999999732        2.3763356918164114E-002
   283.35999999999734        1.9105249028587235E-002
   283.39999999999736        6.1915016393353284E-002
   283.43999999999738       0.10473036791038082     
   283.47999999999740       0.14761970155240700     
   283.51999999999742       0.19065371180164226     
   283.55999999999744       0.23390378524855349     
   283.59999999999746       0.27744047434427532     
   283.63999999999749       0.32133204949070171     
   283.67999999999751       0.36564312756206263     
   283.71999999999753       0.41043337420915416     
   283.75999999999755       0.45575627768367255     
   283.79999999999757       0.50165799321403481     
   283.83999999999759       0.54817625894759647     
   283.87999999999761       0.59533938693383082     
   283.91999999999763       0.64316533534885645     
   283.95999999999765       0.69166087094531337     
   283.99999999999767       0.74082083334510740     
   284.03999999999769       0.79062751506907292     
   284.07999999999771       0.84105017291500683     
   284.11999999999773       0.89204468726269814     
   284.15999999999775       0.94355338593186211     
   284.19999999999777       0.99550504821037356     
   284.23999999999779        1.0478151025184723     
   284.27999999999781        1.1003860278549666     
   284.31999999999783        1.1531079647345290     
   284.35999999999785        1.2058595359051569     
   284.39999999999787        1.2585088709511716     
   284.43999999999789        1.3109148222382796     
   284.47999999999791        1.3629283529051923     
   284.51999999999794        1.4143940711529694     
   284.55999999999796        1.4651518793390883     
   284.59999999999798        1.5150387017326752     
   284.63999999999800        1.5638902515537589     
   284.67999999999802        1.6115427963342350     
   284.71999999999804        1.6578348808185517     
   284.75999999999806        1.7026089685593346     
   284.79999999999808        4.5374723402549977     
   284.83999999999810        4.4961837020035471     
   284.87999999999812        4.4568476659047533     
   284.91999999999814        4.4195924274394871     
   284.95999999999816        4.3845363173511389     
   284.99999999999818        4.3517871870446978     
   285.03999999999820        4.3214419950808942     
   285.07999999999822        4.2935865866209006     
   285.11999999999824        4.2682956529326006     
   285.15999999999826        4.2456328543532722     
   285.19999999999828        4.2256510874494824     
   285.23999999999830        4.2083928754891087     
   285.27999999999832        4.1938908606549310     
   285.31999999999834        4.1821683765586695     
   285.35999999999837        4.1732400804114631     
   285.39999999999839        4.1671126255162116     
   285.43999999999841        4.1637853564179030     
   285.47999999999843        4.1632510109414147     
   285.51999999999845        4.1654964153422327     
   285.55999999999847        4.1705031607956204     
   285.59999999999849        4.1782482513777666     
   285.63999999999851        4.1887047154937873     
   285.67999999999853        4.2018421743470080     
   285.71999999999855        4.2176273625032241     
   285.75999999999857        4.2360245968781207     
   285.79999999999859        4.2569961915716652     
   285.83999999999861        4.2805028169041828     
   285.87999999999863        4.3065038017943582     
   285.91999999999865        4.3349573792824687     
   285.95999999999867        4.3658208755671684     
   285.99999999999869        4.3990508434159157     
   286.03999999999871        4.4346031412515936     
   286.07999999999873        4.4724329596335455     
   286.11999999999875        4.5124947972600449     
   286.15999999999877        4.5547423890387737     
   286.19999999999879        4.5991285892158924     
   286.23999999999882        4.6456052130333259     
   286.27999999999884        4.6941228409038445     
   286.31999999999886        4.7446305896558858     
   286.35999999999888        4.7970758560011255     
   286.39999999999890        4.8514040380084262     
   286.43999999999892        4.9075582410129579     
   286.47999999999894        4.9654789750282067     
   286.51999999999896        5.0251038513345767     
   286.55999999999898        5.0863672864593559     
   286.59999999999900        5.1492002222025057     
   286.63999999999902        5.2135298706613566     
   286.67999999999904        5.2792794933237968     
   286.71999999999906        5.3463682231940295     
   286.75999999999908        5.4147109385510133     
   286.79999999999910        5.4842181962881744     
   286.83999999999912        5.5547962318245130     
   286.87999999999914        5.6263470313061177     
   286.91999999999916        5.6987684802433520     
   286.95999999999918        5.7719545908808030     
   286.99999999999920        5.8457958085213422     
   287.03999999999922        5.9201793947875645     
   287.07999999999925        5.9949898834850091     
   287.11999999999927        6.0701096024259114     
   287.15999999999929        6.1454192523815143     
   287.19999999999931        6.2207985323581694     
   287.23999999999933        6.2961267987349974     
   287.27999999999935        6.3712837445437653     
   287.31999999999937        6.4461500843811601     
   287.35999999999939        6.5206082301619972     
   287.39999999999941        6.5945429431644040     
   287.43999999999943        6.6678419485711604     
   287.47999999999945        6.7403964999346275     
   287.51999999999947        6.8121018826210191     
   287.55999999999949       0.59967254005950621     
   287.59999999999951       0.66938365905185460     
   287.63999999999953       0.73795960192079069     
   287.67999999999955       0.80531532687287299     
   287.71999999999957       0.87137118890133547     
   287.75999999999959       0.93605296640115232     
   287.79999999999961       0.99929181026051916     
   287.83999999999963        1.0610241209467473     
   287.87999999999965        1.1211913603745183     
   287.91999999999967        1.1797398062989235     
   287.95999999999970        1.2366202576198000     
   287.99999999999972        1.2917876993364144     
   288.03999999999974        1.3452009359818562     
   288.07999999999976        1.3968222022312584     
   288.11999999999978        1.4466167590580068     
   288.15999999999980        1.4945524833495805     
   288.19999999999982        1.5405994583307840     
   288.23999999999984        1.5847295715152092     
   288.27999999999986        1.6269161262499496     
   288.31999999999988        1.6671334722630604     
   288.35999999999990        1.7053566599917278     
   288.39999999999992        1.7415611228798928     
   288.43999999999994        1.7757223913001126     
   288.47999999999996        1.8078158412838115     
   288.51999999999998        1.8378164808403801     
   288.56000000000000        1.8656987763083992     
   288.60000000000002        1.8914365209077915     
   288.64000000000004        1.9150027474429749     
   288.68000000000006        1.9363696869345273     
   288.72000000000008        1.9555087748184916     
   288.76000000000010        1.9723907062340842     
   288.80000000000013        1.9869855418060618     
   288.84000000000015        1.9992628651992939     
   288.88000000000017        2.0091919935603517     
   288.92000000000019        2.0167422417427305     
   288.96000000000021        2.0218832409158320     
   289.00000000000023        2.0245853117592350     
   289.04000000000025        2.0248198919188116     
   289.08000000000027        2.0225600167261133     
   289.12000000000029        2.0177808513348716     
   289.16000000000031        2.0104602713894870     
   289.20000000000033        2.0005794880960539     
   289.24000000000035        1.9881237121105539     
   289.28000000000037        1.9730828489954160     
   289.32000000000039        1.9554522171422621     
   289.36000000000041        1.9352332770494827     
   289.40000000000043        1.9124343587320813     
   289.44000000000045        1.8870713719036210     
   289.48000000000047        1.8591684815049572     
   289.52000000000049        1.8287587292833876     
   289.56000000000051        1.7958845805907315     
   289.60000000000053        1.7605983745264677     
   289.64000000000055        1.7229626551656403     
   289.68000000000058        1.6830503620390540     
   289.72000000000060        1.6409448594142027     
   289.76000000000062        1.5967397863626767     
   289.80000000000064        1.5505387131442880     
   289.84000000000066        1.5024545940726561     
   289.88000000000068        1.4526090126544844     
   289.92000000000070        1.4011312212322709     
   289.96000000000072        1.3481569843406669     
   290.00000000000074        1.2938272421702326     
   290.04000000000076        1.2382866175265235     
   290.08000000000078        1.1816817960615009     
   290.12000000000080        1.1241598149336298     
   290.16000000000082        1.0658662990662680     
   290.20000000000084        1.0069436865473749     
   290.24000000000086       0.94752948528387371     
   290.28000000000088       0.88775460175573917     
   290.32000000000090       0.82774177970444995     
   290.36000000000092       0.76760418205699965     
   290.40000000000094       0.70744414365025343     
   290.44000000000096       0.64735211577117946     
   290.48000000000098       0.58740581659021540     
   290.52000000000100       0.52766959465855034     
   290.56000000000103       0.46819400614974915     
   290.60000000000105       0.40901560077355237     
   290.64000000000107       0.35015690651619025     
   290.68000000000109       0.29162659972041283     
   290.72000000000111       0.23341984457571474     
   290.76000000000113       0.17551878483196859     
   290.80000000000115       0.11789317039894787     
   290.84000000000117        6.0501102320862810E-002
   290.88000000000119        3.2898812556174661E-003
   290.92000000000121        5.3803053140063728E-002
   290.96000000000123       0.11084910180697927     
   291.00000000000125       0.16792741178697046     
   291.04000000000127       0.22512371153142707     
   291.08000000000129       0.28252907699450702     
   291.12000000000131       0.34023862685125650     
   291.16000000000133       0.39835014298400884     
   291.20000000000135       0.45696261078910849     
   291.24000000000137       0.51617467303467901     
   291.28000000000139       0.57608299111666827     
   291.32000000000141       0.63678050878485148     
   291.36000000000143       0.69835461590992010     
   291.40000000000146       0.76088521379107643     
   291.44000000000148       0.82444268898419626     
   291.48000000000150       0.88908580973316775     
   291.52000000000152       0.95485956779612025     
   291.56000000000154        1.0217929986371983     
   291.60000000000156        1.0898970243060226     
   291.64000000000158        1.1591623753563374     
   291.68000000000160        1.2295576601432630     
   291.72000000000162        1.3010276608334053     
   291.76000000000164        1.3734919443013918     
   291.80000000000166        1.4468438814589586     
   291.84000000000168        1.5209501691163019     
   291.88000000000170        1.5956509429715746     
   291.92000000000172        1.6707605578296265     
   291.96000000000174        1.7460690912428887     
   292.00000000000176        1.8213445997219568     
   292.04000000000178        1.8963361235837208     
   292.08000000000180        1.9707773993475191     
   292.12000000000182        2.0443912000605255     
   292.16000000000184        2.1168941872425746     
   292.20000000000186        4.0951831805432315     
   292.24000000000188        4.0257500104960657     
   292.28000000000191        3.9582614012338899     
   292.32000000000193        3.8929719723742240     
   292.36000000000195        3.8301162794698849     
   292.40000000000197        3.7699044234762429     
   292.44000000000199        3.7125182844540010     
   292.48000000000201        3.6581084670609494     
   292.52000000000203        3.6067920084441463     
   292.56000000000205        3.5586508633348259     
   292.60000000000207        3.5137311490540939     
   292.64000000000209        3.4720431065867094     
   292.68000000000211        3.4335617138592847     
   292.72000000000213        3.3982278740536445     
   292.76000000000215        3.3659500947217786     
   292.80000000000217        3.3366065717086633     
   292.84000000000219        3.3100475942446774     
   292.88000000000221        3.2860981927929576     
   292.92000000000223        3.2645609581736545     
   292.96000000000225        3.2452189681748531     
   293.00000000000227        3.2278387655805258     
   293.04000000000229        3.2121733388320348     
   293.08000000000231        3.1979650631502685     
   293.12000000000234        3.1849485658205792     
   293.16000000000236        3.1728534845492167     
   293.20000000000238        3.1614070924772113     
   293.24000000000240        3.1503367677489784     
   293.28000000000242        3.1438130175517647     
   293.32000000000244        3.1549373600401762     
   293.36000000000246        3.1664808570144207     
   293.40000000000248        3.1786946703756285     
   293.44000000000250        3.1918203325511199     
   293.48000000000252        3.2060884500769320     
   293.52000000000254        3.2217176073794658     
   293.56000000000256        3.2389134631124596     
   293.60000000000258        3.2578680288625095     
   293.64000000000260        3.2787591180242890     
   293.68000000000262        3.3017499512060273     
   293.72000000000264        3.3269889036649358     
   293.76000000000266        3.3546093799672660     
   293.80000000000268        3.3847298012662228     
   293.84000000000270        3.4174536912176712     
   293.88000000000272        3.4528698475169453     
   293.92000000000274        3.4910525872393965     
   293.96000000000276        3.5320620554999342     
   294.00000000000279        3.5759445883139920     
   294.04000000000281        3.6227331218547669     
   294.08000000000283        3.6724476414832963     
   294.12000000000285        3.7250956649193174     
   294.16000000000287        3.7806727546806789     
   294.20000000000289        3.8391630554249740     
   294.24000000000291        3.9005398520761005     
   294.28000000000293        3.9647661446256182     
   294.32000000000295        4.0317952352960145     
   294.36000000000297        4.1015713233865689     
   294.40000000000299        4.1740301026503763     
   294.44000000000301        4.2490993555395260     
   294.48000000000303        4.3266995381752897     
   294.52000000000305        4.4067443495229828     
   294.56000000000307        4.4891412780450368     
   294.60000000000309        4.5737921191314435     
   294.64000000000311        4.6605934569139720     
   294.68000000000313        4.7494371046947936     
   294.72000000000315        4.8402104991802775     
   294.76000000000317        4.9327970450068248     
   294.80000000000319        5.0270764076583374     
   294.84000000000322        5.1229247547649654     
   294.88000000000324        5.2202149478819448     
   294.92000000000326        5.3188166890994957     
   294.96000000000328        5.4185966291387455     
   295.00000000000330       0.76376686133908533     
   295.04000000000332       0.66204240313825602     
   295.08000000000334       0.55955739754132450     
   295.12000000000336       0.45645673512524221     
   295.16000000000338       0.35288801695518363     
   295.20000000000340       0.24900142965022262     
   295.24000000000342       0.14494956643447632     
   295.28000000000344        4.0887180187357208E-002
   295.32000000000346        6.3029143684883493E-002
   295.36000000000348       0.16664140422408863     
   295.40000000000350       0.26979069826755275     
   295.44000000000352       0.37231783303269395     
   295.48000000000354       0.47406403677611914     
   295.52000000000356       0.57487176215559499     
   295.56000000000358       0.67458557274357167     
   295.60000000000360       0.77305309920955190     
   295.64000000000362       0.87012604822062434     
   295.68000000000364       0.96566124429882916     
   295.72000000000367        1.0595216828784308     
   295.76000000000369        1.1515775717345214     
   295.80000000000371        1.2417073378578123     
   295.84000000000373        1.3297985777186576     
   295.88000000000375        1.4157489306260524     
   295.92000000000377        1.4994668574213101     
   295.96000000000379        1.5808723098863857     
   296.00000000000381        1.6598972798010587     
   296.04000000000383        1.7364862203476032     
   296.08000000000385        1.8105963363364728     
   296.12000000000387        1.8821977433301247     
   296.16000000000389        1.9512734990215601     
   296.20000000000391        2.0178195130627206     
   296.24000000000393        2.0818443438583603     
   296.28000000000395        2.1433688926056638     
   296.32000000000397        2.2024260060669079     
   296.36000000000399        2.2590600002407792     
   296.40000000000401        2.3133261173001016     
   296.44000000000403        2.3652899279584796     
   296.48000000000405        2.4150266908936375     
   296.52000000000407        2.4626206800714354     
   296.56000000000409        2.5081644898593374     
   296.60000000000412        2.5517583267623332     
   296.64000000000414        2.5935092955191488     
   296.68000000000416        2.6335306862121137     
   296.72000000000418        2.6719412680087835     
   296.76000000000420        2.7088645941944662     
   296.80000000000422        2.7444283222892456     
   296.84000000000424        2.7787635522788663     
   296.88000000000426        2.8120041853268019     
   296.92000000000428        2.8442863047701761     
   296.96000000000430        2.8757475807261472     
   297.00000000000432        2.9065266992367458     
   297.04000000000434        2.9367628165465787     
   297.08000000000436        2.9665950388269380     
   297.12000000000438        2.9961619274199940     
   297.16000000000440        3.0256010294677917     
   297.20000000000442        3.0550484336042993     
   297.24000000000444        3.0846383502184684     
   297.28000000000446        3.1145027156378697     
   297.32000000000448        3.1447708194337367     
   297.36000000000450        3.1755689539086411     
   297.40000000000452        3.2070200846985761     
   297.44000000000455        3.2392435413041545     
   297.48000000000457        3.2723547262639512     
   297.52000000000459        3.3064648416003486     
   297.56000000000461        3.3416806311082712     
   297.60000000000463        3.3781041370236360     
   297.64000000000465        3.4158324696045099     
   297.68000000000467        3.4549575881865842     
   297.72000000000469        3.4955660923378340     
   297.76000000000471        3.5377390218363516     
   297.80000000000473        3.5815516643308047     
   297.84000000000475        3.6270733697143260     
   297.88000000000477        3.6743673704485111     
   297.92000000000479        3.7234906073124217     
   297.96000000000481        3.7744935603188932     
   298.00000000000483        3.8274200848332853     
   298.04000000000485        3.8823072532433400     
   298.08000000000487        3.9391852028577228     
   298.12000000000489        3.9980769910492038     
   298.16000000000491        4.0589984589995405     
   298.20000000000493        4.1219581057400028     
   298.24000000000495        4.1869569745063977     
   298.28000000000497        4.2539885537325555     
   298.32000000000500        4.3230386952831665     
   298.36000000000502        4.3940855527672822     
   298.40000000000504        4.4670995429691178     
   298.44000000000506        4.5420433335748855     
   298.48000000000508        4.6188718604549557     
   298.52000000000510        4.6975323777725544     
   298.56000000000512        4.7779645441264345     
   298.60000000000514        4.8601005477902248     
   298.64000000000516        4.9438652738809017     
   298.68000000000518        5.0291765159706747     
   298.72000000000520        5.1159452342497831     
   298.76000000000522        5.2040758618538714     
   298.80000000000524        5.2934666603930332     
   298.84000000000526        5.3840101250670287     
   298.88000000000528        5.4755934390325542     
   298.92000000000530        5.5680989759163779     
   298.96000000000532        5.6614048485584325     
   299.00000000000534        5.7553855012397461     
   299.04000000000536        5.8499123418220975     
   299.08000000000538        5.9448544094218105     
   299.12000000000540        6.0400790724826905     
   299.16000000000543        6.1354527514262989     
   299.20000000000545        6.2308416594646499     
   299.24000000000547        6.3261125546820693     
   299.28000000000549        6.4211334961477444     
   299.32000000000551        6.5157745966230456     
   299.36000000000553        6.6099087643877192     
   299.40000000000555        6.7034124268312265     
   299.44000000000557        6.7961662287384206     
   299.48000000000559        6.8880556986352657     
   299.52000000000561        6.9789718771375977     
   299.56000000000563        7.0688119019457751     
   299.60000000000565        7.1574795449281394     
   299.64000000000567        7.2448856976105294     
   299.68000000000569        7.3309488023097993     
   299.72000000000571        7.4155952270875041     
   299.76000000000573        7.4987595836272911     
   299.80000000000575        7.5803849880294401     
   299.84000000000577        7.6604232653444448     
   299.88000000000579        7.7388350994142669     
   299.92000000000581        7.8155901302387125     
   299.96000000000583        7.8906670016237745     
   300.00000000000585        7.9640533622917467     
   300.04000000000588        8.0357458239368871     
   300.08000000000590        8.1057498798970364     
   300.12000000000592        8.1740797881859741     
   300.16000000000594        1.9575731154219413     
   300.20000000000596        2.0226317883212710     
   300.24000000000598        2.0861100484492749     
   300.28000000000600        2.1480554569314885     
   300.32000000000602        2.2085233442122445     
   300.36000000000604        2.2675765503450909     
   300.40000000000606        2.3252851506377024     
   300.44000000000608        2.3817261682288962     
   300.48000000000610        2.4369832747408702     
   300.52000000000612        2.4911464797139904     
   300.56000000000614        2.5443118091016506     
   300.60000000000616        2.5965809726847873     
   300.64000000000618        2.6480610198644436     
   300.68000000000620        2.6988639829101104     
   300.72000000000622        2.7491065063846465     
   300.76000000000624        2.7989094611362715     
   300.80000000000626        2.8483975409472522     
   300.84000000000628        2.8976988396608916     
   300.88000000000631        2.9469444063774173     
   300.92000000000633        2.9962677761209604     
   300.96000000000635        3.0458044732413407     
   301.00000000000637        3.0956914847353176     
   301.04000000000639        3.1460667006644916     
   301.08000000000641        3.1970683189259579     
   301.12000000000643        3.2488342118150038     
   301.16000000000645        3.3015012521272524     
   301.20000000000647        3.3552045970038025     
   301.24000000000649        3.4100769283519652     
   301.28000000000651        3.4662476495016286     
   301.32000000000653        3.5238420388073970     
   301.36000000000655        3.5829803622005447     
   301.40000000000657        3.6437769482472757     
   301.44000000000659        3.7063392310860124     
   301.48000000000661        3.7707667686881421     
   301.52000000000663        3.8371502461875315     
   301.56000000000665        3.9055704765060786     
   301.60000000000667        3.9760974130912956     
   301.64000000000669        4.0487891921747545     
   301.68000000000671        4.1236912244245261     
   301.72000000000673        4.2008353580397069     
   301.76000000000676        4.2802391370364647     
   301.80000000000678        4.3619051795031423     
   301.84000000000680        4.4458207007554407     
   301.88000000000682        4.5319572054141091     
   301.92000000000684        4.6202703703044499     
   301.96000000000686        4.7107001366424068     
   302.00000000000688        4.8031710252068782     
   302.04000000000690        4.8975926821773417     
   302.08000000000692        4.9938606562216732     
   302.12000000000694        5.0918573995403476     
   302.16000000000696        5.1914534772976717     
   302.20000000000698        5.2925089616616763     
   302.24000000000700        5.3948749790374508     
   302.28000000000702        5.4983953725194441     
   302.32000000000704        5.6029084365650998     
   302.36000000000706        5.7082486777715813     
   302.40000000000708       0.46893675252395706     
   302.44000000000710       0.36244515660429216     
   302.48000000000712       0.25562856987042148     
   302.52000000000714       0.14865111509328871     
   302.56000000000716        4.1673069508167015E-002
   302.60000000000719        6.5150175816069245E-002
   302.64000000000721       0.17166894309706976     
   302.68000000000723       0.27773987590676830     
   302.72000000000725       0.38322633075436402     
   302.76000000000727       0.48799856206549919     
   302.80000000000729       0.59193371666183436     
   302.84000000000731       0.69491565879052808     
   302.88000000000733       0.79683465033743084     
   302.92000000000735       0.89758691309178873     
   302.96000000000737       0.99707410090108184     
   303.00000000000739        1.0952027094054539     
   303.04000000000741        1.1918834499502702     
   303.08000000000743        1.2870306124367454     
   303.12000000000745        1.3805614394783465     
   303.16000000000747        1.4723955314667265     
   303.20000000000749        1.5624542991772001     
   303.24000000000751        1.6506604774979057     
   303.28000000000753        1.7369377108610489     
   303.32000000000755        1.8212102180769330     
   303.36000000000757        1.9034025415878693     
   303.40000000000759        1.9834393837170914     
   303.44000000000761        2.0612455303197494     
   303.48000000000764        2.1367458603692340     
   303.52000000000766        2.2098654384432317     
   303.56000000000768        2.2805296858132866     
   303.60000000000770        2.3486646248860401     
   303.64000000000772        2.4141971910849396     
   303.68000000000774        2.4770556058835540     
   303.72000000000776        2.5371698045856492     
   303.76000000000778        2.5944719125666835     
   303.80000000000780        2.6488967640140979     
   303.84000000000782        2.7003824576909539     
   303.88000000000784        2.7488709448542834     
   303.92000000000786        2.7943086451352301     
   303.96000000000788        2.8366470868772362     
   304.00000000000790        2.8758435690717379     
   304.04000000000792        2.9118618425666356     
   304.08000000000794        2.9446728085894551     
   304.12000000000796        2.9742552327648473     
   304.16000000000798        3.0005964726599985     
   304.20000000000800        3.0236932164144497     
   304.24000000000802        3.0435522291669321     
   304.28000000000804        3.0601911027604127     
   304.32000000000806        3.0736390025861242     
   304.36000000000809        3.0839374034398768     
   304.40000000000811        3.0911408039588872     
   304.44000000000813        3.0953174066650089     
   304.48000000000815        3.0965497479741346     
   304.52000000000817        3.0949352598887527     
   304.56000000000819        3.0905867426495237     
   304.60000000000821        3.0836327255864608     
   304.64000000000823        3.0742176920008761     
   304.68000000000825        3.0625021433477824     
   304.72000000000827        3.0486624784808392     
   304.76000000000829        3.0328906654364962     
   304.80000000000831        3.0153936862783977     
   304.84000000000833        2.9963927399222907     
   304.88000000000835        2.9761221935394322     
   304.92000000000837        2.9548282799046239     
   304.96000000000839        2.9327675456125566     
   305.00000000000841        2.9102050630317264     
   305.04000000000843        2.8874124267222561     
   305.08000000000845        2.8646655622991042     
   305.12000000000847        2.8422423818722211     
   305.16000000000849        2.8204203247987354     
   305.20000000000852        2.7994738252087989     
   305.24000000000854        2.7796717484372664     
   305.28000000000856        2.7612748371063218     
   305.32000000000858        2.7445332043425932     
   305.36000000000860        2.7296839068312182     
   305.40000000000862        2.7169486246045418     
   305.44000000000864        2.7065314682246369     
   305.48000000000866        2.6986169279755821     
   305.52000000000868        2.6933679744420997     
   305.56000000000870        2.6909243159480640     
   305.60000000000872        2.6914008161685974     
   305.64000000000874        2.6948860750558894     
   305.68000000000876        2.7014411780845329     
   305.72000000000878        2.7110986225760030     
   305.76000000000880        2.7238614351486410     
   305.80000000000882        2.7397025006119096     
   305.84000000000884        2.7585641291689833     
   305.88000000000886        2.7803578947732723     
   305.92000000000888        2.8049647819991952     
   305.96000000000890        2.8322356809403022     
   306.00000000000892        2.8619922686400825     
   306.04000000000894        2.8940283107877991     
   306.08000000000897        2.9281114085604161     
   306.12000000000899        2.9639852026238711     
   306.16000000000901        3.0013720299138176     
   306.20000000000903        3.0399760098270634     
   306.24000000000905        3.0794865161913134     
   306.28000000000907        3.1195819714469679     
   306.32000000000909        3.1232514255820556     
   306.36000000000911        3.0829742908623361     
   306.40000000000913        3.0431016776594424     
   306.44000000000915        3.0039576945692312     
   306.48000000000917        2.9658568312931597     
   306.52000000000919        2.9291002443071004     
   306.56000000000921        2.8939723903553629     
   306.60000000000923        2.8607380702110543     
   306.64000000000925        2.8296399246242196     
   306.68000000000927        2.8008964033652495     
   306.72000000000929        2.7747002083692633     
   306.76000000000931        2.7512171945355219     
   306.80000000000933        2.7305856976966538     
   306.84000000000935        2.7129162491854144     
   306.88000000000937        2.6982916304179789     
   306.92000000000940        2.6867672187490088     
   306.96000000000942        2.6783715770234573     
   307.00000000000944        2.6731072430582605     
   307.04000000000946        2.6709516809472418     
   307.08000000000948        2.6718583627978596     
   307.12000000000950        2.6757579565356826     
   307.16000000000952        2.6825596021079559     
   307.20000000000954        2.6921522642656193     
   307.24000000000956        2.7044061547304601     
   307.28000000000958        2.7191742197327518     
   307.32000000000960        2.7362936905471642     
   307.36000000000962        2.7555876948019269     
   307.40000000000964        2.7768669251420102     
   307.44000000000966        2.7999313595378110     
   307.48000000000968        2.8245720244620474     
   307.52000000000970        2.8505727886679946     
   307.56000000000972        2.8777121717652903     
   307.60000000000974        2.9057651485655809     
   307.64000000000976        2.9345049275788071     
   307.68000000000978        2.9637046803377114     
   307.72000000000980        2.9931391975872335     
   307.76000000000982        3.0225864488789025     
   307.80000000000985        3.2313562834334220     
   307.84000000000987        3.2025298718741668     
   307.88000000000989        3.1743240365231813     
   307.92000000000991        3.1469351305618432     
   307.96000000000993        3.1205506333081576     
   308.00000000000995        3.0953485099404574     
   308.04000000000997        3.0714967428561852     
   308.08000000000999        3.0491530282784818     
   308.12000000001001        3.0284646280970793     
   308.16000000001003        3.0095683639510495     
   308.20000000001005        2.9925907382947070     
   308.24000000001007        2.9776481656493132     
   308.28000000001009        2.9648472964033612     
   308.32000000001011        2.9542854153201228     
   308.36000000001013        2.9460508972556365     
   308.40000000001015        2.9402237033822729     
   308.44000000001017        2.9368759023466522     
   308.48000000001019        2.9360722021627508     
   308.52000000001021        2.9378704801571285     
   308.56000000001023        2.9423222998611376     
   308.60000000001025        2.9494734053174652     
   308.64000000001028        2.9593641847834053     
   308.68000000001030        2.9720300972341778     
   308.72000000001032        2.9875020563734678     
   308.76000000001034        3.0058067680347333     
   308.80000000001036        3.0269670179054433     
   308.84000000001038        3.0510019074355403     
   308.88000000001040        3.0779270366155833     
   308.92000000001042        3.1077546330483345     
   308.96000000001044        3.1404936274120803     
   309.00000000001046        3.1761496760480474     
   309.04000000001048        3.2147251320214276     
   309.08000000001050        3.2562189666278805     
   309.12000000001052        3.3006266439649332     
   309.16000000001054        3.3479399518766728     
   309.20000000001056        3.3981467933222902     
   309.24000000001058        3.4512309430203589     
   309.28000000001060        3.5071717750803124     
   309.32000000001062        3.5659439682416587     
   309.36000000001064        3.6275171962826938     
   309.40000000001066        3.6918558121068825     
   309.44000000001068        3.7589185349304488     
   309.48000000001070        3.8286581508332840     
   309.52000000001073        3.9010212376431692     
   309.56000000001075        3.9759479256401149     
   309.60000000001077        4.0533717058292060     
   309.64000000001079        4.1332192974726780     
   309.68000000001081        4.2154105861354685     
   309.72000000001083        4.2998586426337173     
   309.76000000001085        4.3864698319486797     
   309.80000000001087        4.4751440193665175     
   309.84000000001089        4.5657748788410242     
   309.88000000001091        4.6582503058947040     
   309.92000000001093        4.7524529343486472     
   309.96000000001095        4.8482607529087236     
   310.00000000001097        4.9455478142673677     
   310.04000000001099        5.0441850260596803     
   310.08000000001101        5.1440410099041456     
   310.12000000001103        5.2449830120265206     
   310.16000000001105        5.3468778467629257     
   310.20000000001107        5.4495928526933239     
   310.24000000001109        5.5529968403630745     
   310.28000000001111        5.6569610105591064     
   310.32000000001113        5.7613598229221399     
   310.36000000001115        5.8660717962532916     
   310.40000000001118        5.9709802241244523     
   310.44000000001120        6.0759737922023094     
   310.48000000001122        6.1809470868949239     
   310.52000000001124        6.2858009883618173     
   310.56000000001126        6.3904429444258408     
   310.60000000001128        6.4947871253294149     
   310.64000000001130        6.5987544624495635     
   310.68000000001132        6.7022725769123719     
   310.72000000001134        6.8052756064452531     
   310.76000000001136        6.9077039407236862     
   310.80000000001138        7.0095038768874360     
   310.84000000001140        7.1106272078264938     
   310.88000000001142        7.2110307562983831     
   310.92000000001144        7.3106758679824360     
   310.96000000001146        7.4095278762607402     
   311.00000000001148        7.5075555509033265     
   311.04000000001150        7.6047305419915601     
   311.08000000001152        7.7010268294009432     
   311.12000000001154        7.7964201870395193     
   311.16000000001156        7.8908876698506836     
   311.20000000001158        7.9844071303810269     
   311.24000000001161        8.0769567705185725     
   311.28000000001163        8.1685147328497756     
   311.32000000001165        8.2590587349837232     
   311.36000000001167        8.3485657491614038     
   311.40000000001169        8.4370117285145323     
   311.44000000001171        8.5243713804658210     
   311.48000000001173        8.6106179869723078     
   311.52000000001175        8.6957232706045104     
   311.56000000001177        2.4964719976458074     
   311.60000000001179        2.5792031591028493     
   311.64000000001181        2.6606981192717205     
   311.68000000001183        2.7409218723896598     
   311.72000000001185        2.8198377962888217     
   311.76000000001187        2.8974077424835567     
   311.80000000001189        2.9735921516796187     
   311.84000000001191        3.0483501907564881     
   311.88000000001193        3.1216399072251031     
   311.92000000001195        3.1934183971804240     
   311.96000000001197        3.2636419828492258     
   312.00000000001199        3.3322663959752297     
   312.04000000001201        3.3992469634824332     
   312.08000000001203        3.4645387921088493     
   312.12000000001206        3.5280969490015779     
   312.16000000001208        3.5898766356045471     
   312.20000000001210        3.6498333525462927     
   312.24000000001212        3.7079230536404486     
   312.28000000001214        3.7641022875400121     
   312.32000000001216        3.8183283260319518     
   312.36000000001218        3.8705592784158385     
   312.40000000001220        3.9207541918741806     
   312.44000000001222        3.9688731382090396     
   312.48000000001224        4.0148772877863523     
   312.52000000001226        4.0587289719941859     
   312.56000000001228        4.1003917359829272     
   312.60000000001230        4.1398303839140391     
   312.64000000001232        4.1770110194001298     
   312.68000000001234        4.2119010842738547     
   312.72000000001236        4.2444693992777776     
   312.76000000001238        4.2746862107229715     
   312.80000000001240        4.3025232476208934     
   312.84000000001242        4.3279537942500959     
   312.88000000001244        4.3509527835732404     
   312.92000000001246        4.3714969173647074     
   312.96000000001249        4.3895648193348791     
   313.00000000001251        4.4051372279289556     
   313.04000000001253        4.4181972358150201     
   313.08000000001255        4.4287305833297026     
   313.12000000001257        4.4367260132833231     
   313.16000000001259        4.4421756944933017     
   313.20000000001261        4.4450757211578846     
   313.24000000001263        4.4454266946336833     
   313.28000000001265        4.4432343932613811     
   313.32000000001267        4.4385105345058911     
   313.36000000001269        4.4312736317454258     
   313.40000000001271        4.4215499454612974     
   313.44000000001273        4.4093745252552115     
   313.48000000001275        4.3947923349762670     
   313.52000000001277        4.3778594482269622     
   313.56000000001279        4.3586442956307891     
   313.60000000001281        4.3372289385399396     
   313.64000000001283        4.3137103364782776     
   313.68000000001285        4.2882015677899847     
   313.72000000001287        4.2608329550513204     
   313.76000000001289        4.2317530392774003     
   313.80000000001291        4.2011293404117360     
   313.84000000001294        4.1691488367149985     
   313.88000000001296        4.1360180932201569     
   313.92000000001298        4.1019629701389784     
   313.96000000001300        4.0672278466510088     
   314.00000000001302        4.0320743043642775     
   314.04000000001304        3.9967792281182719     
   314.08000000001306        3.9616322995608613     
   314.12000000001308        3.9269328805221626     
   314.16000000001310        3.8929863076685316     
   314.20000000001312        3.8600996459277637     
   314.24000000001314        3.8285769741616500     
   314.28000000001316        3.7987143008633053     
   314.32000000001318        3.7707942287083940     
   314.36000000001320        3.7450805033014927     
   314.40000000001322        3.7218125925592993     
   314.44000000001324        3.7012004484820027     
   314.48000000001326        3.6834196026867367     
   314.52000000001328        3.6686067415080905     
   314.56000000001330        3.6568558964411322     
   314.60000000001332        3.6482153719964994     
   314.64000000001334        3.6426855163228482     
   314.68000000001337        3.6402174206686833     
   314.72000000001339        3.6407126120853230     
   314.76000000001341        3.6440237797073509     
   314.80000000001343        3.6499565484380567     
   314.84000000001345        3.6582722850267135     
   314.88000000001347        3.6686918908242512     
   314.92000000001349        3.6809005039234726     
   314.96000000001351        3.6945530024604927     
   315.00000000001353        2.5739051346085446     
   315.04000000001355        2.5584899260808052     
   315.08000000001357        2.5427837303730727     
   315.12000000001359        2.5271868709109757     
   315.16000000001361        2.5120958344041888     
   315.20000000001363        2.4978963687711473     
   315.24000000001365        2.4849569373511815     
   315.28000000001367        2.4736226520142468     
   315.32000000001369        2.4642097772593443     
   315.36000000001371        2.4570008663318426     
   315.40000000001373        2.4522405618388019     
   315.44000000001375        2.4501320698903433     
   315.48000000001377        2.4508343002723412     
   315.52000000001379        2.4544596564428027     
   315.56000000001382        2.4610724581164352     
   315.60000000001384        2.4706879847829510     
   315.64000000001386        2.4832721388155088     
   315.68000000001388        2.4987417394023987     
   315.72000000001390        2.5169654705953852     
   315.76000000001392        2.5377655155091370     
   315.80000000001394        2.5609199116170256     
   315.84000000001396        2.5861656572586451     
   315.88000000001398        2.6132025858697294     
   315.92000000001400        2.6416980021163852     
   315.96000000001402        2.6712920442959338     
   316.00000000001404        2.7016037024219552     
   316.04000000001406        2.7322373846196153     
   316.08000000001408        2.7627898896275314     
   316.12000000001410        3.4903276930086382     
   316.16000000001412        3.4611415031218082     
   316.20000000001414        3.4332196578128240     
   316.24000000001416        3.4069242791694725     
   316.28000000001418        3.3825905894235633     
   316.32000000001420        3.3605213845435102     
   316.36000000001422        3.3409823145047057     
   316.40000000001424        3.3241980545102763     
   316.44000000001427        3.3103494142691563     
   316.48000000001429        3.2995713978389523     
   316.52000000001431        3.2919521966544276     
   316.56000000001433        3.2875330743787825     
   316.60000000001435        3.2863090843826983     
   316.64000000001437        3.2882305484411045     
   316.68000000001439        3.2932052175749726     
   316.72000000001441        3.3011010315477196     
   316.76000000001443        3.3117493910738438     
   316.80000000001445        3.3249488552754225     
   316.84000000001447        3.3404691756722409     
   316.88000000001449        3.3580555767818785     
   316.92000000001451        3.3774331923978482     
   316.96000000001453        3.3983115662631311     
   317.00000000001455        3.4203891267772306     
   317.04000000001457        3.4433575481879566     
   317.08000000001459        2.8162793912664972     
   317.12000000001461        2.7924606857165832     
   317.16000000001463        2.7686763843307296     
   317.20000000001465        2.7452231881628686     
   317.24000000001467        2.7223870060372466     
   317.28000000001470        2.7004406484084389     
   317.32000000001472        2.6796419732492187     
   317.36000000001474        2.6602324765456880     
   317.40000000001476        2.6424363072648251     
   317.44000000001478        2.6264596760802470     
   317.48000000001480        2.6124906190427746     
   317.52000000001482        2.6006990718926977     
   317.56000000001484        2.5912372077633208     
   317.60000000001486        2.5842399903937383     
   317.64000000001488        2.5798258963130327     
   317.68000000001490        2.5780977623735404     
   317.72000000001492        2.5791437190722437     
   317.76000000001494        2.5830381748968003     
   317.80000000001496        2.5898428220979670     
   317.84000000001498        2.5996076395127714     
   317.88000000001500        2.6123718730971497     
   317.92000000001502        2.6281649794925270     
   317.96000000001504        2.6470075221274563     
   318.00000000001506        2.6689120129743724     
   318.04000000001508        2.6938836961164392     
   318.08000000001510        2.7219212717362522     
   318.12000000001512        2.7530175610463292     
   318.16000000001515        2.7871601140853679     
   318.20000000001517        2.8243317632580016     
   318.24000000001519        2.8645111260567955     
   318.28000000001521        2.9076730606316712     
   318.32000000001523        2.9537890778200042     
   318.36000000001525        3.0028277129730570     
   318.40000000001527        3.0547548604601791     
   318.44000000001529        3.1095340731458818     
   318.48000000001531        3.1671268284574983     
   318.52000000001533        3.2274927619300637     
   318.56000000001535        3.2905898683650996     
   318.60000000001537        3.3563746700036656     
   318.64000000001539        3.4248023504224170     
   318.68000000001541        3.4958268522443792     
   318.72000000001543        3.5694009362430270     
   318.76000000001545        3.6454761990378977     
   318.80000000001547        3.7240030463608331     
   318.84000000001549        3.8049306188420591     
   318.88000000001551        3.8882066674516342     
   318.92000000001553        3.9737773761598061     
   318.96000000001555        4.0615871300720396     
   319.00000000001558        4.1515782282694333     
   319.04000000001560        4.2436905418551154     
   319.08000000001562        4.3378611192757619     
   319.12000000001564        4.4340237428469420     
   319.16000000001566        4.5321084425393847     
   319.20000000001568        4.6320409754406029     
   319.24000000001570        4.7337422818316091     
   319.28000000001572        4.8371279314274087     
   319.32000000001574        4.9421075759128392     
   319.36000000001576        5.0485844263277571     
   319.40000000001578        5.1564547759602695     
   319.44000000001580        5.2656075910192408     
   319.48000000001582       0.90726111488516537     
   319.52000000001584       0.79590725608502544     
   319.56000000001586       0.68365058536004819     
   319.60000000001588       0.57063337573238448     
   319.64000000001590       0.45700546425010768     
   319.68000000001592       0.34292380218169466     
   319.72000000001594       0.22855181191459994     
   319.76000000001596       0.11405855022130834     
   319.80000000001598        3.8231523409476553E-004
   319.84000000001600       0.11459370176537090     
   319.88000000001603       0.22839645813517986     
   319.92000000001605       0.34161083303251588     
   319.96000000001607       0.45405803115412008     
   320.00000000001609       0.56556181808970596     
   320.04000000001611       0.67595013253230396     
   320.08000000001613       0.78505666356818615     
   320.12000000001615       0.89272235200086514     
   320.16000000001617       0.99879677774280562     
   320.20000000001619        1.1031394000452566     
   320.24000000001621        1.2056206233988815     
   320.28000000001623        1.3061226689162124     
   320.32000000001625        1.4045402384541514     
   320.36000000001627        1.5007809662058371     
   320.40000000001629        1.5947656595799440     
   320.44000000001631        1.6864283375529163     
   320.48000000001633        1.7757160800729677     
   320.52000000001635        1.8625887063553404     
   320.56000000001637        1.9470183029704888     
   320.60000000001639        2.0289886245076398     
   320.64000000001641        2.1084943903805415     
   320.68000000001643        2.1855405011647298     
   320.72000000001646        2.2601411968818828     
   320.76000000001648        2.3323191780559491     
   320.80000000001650        2.4021047083359734     
   320.84000000001652        2.4695347151776939     
   320.88000000001654        2.5346519026460590     
   320.92000000001656        2.5975038879652104     
   320.96000000001658        2.6581423710968100     
   321.00000000001660        2.7166223444420412     
   321.04000000001662        2.7730013477842337     
   321.08000000001664        2.8273387718448570     
   321.12000000001666        2.8796952123262129     
   321.16000000001668        2.9301318750571865     
   321.20000000001670        2.9787100318322386     
   321.24000000001672        3.0254905257202971     
   321.28000000001674        3.0705333239973491     
   321.32000000001676        3.1138971164005049     
   321.36000000001678        3.1556389560880236     
   321.40000000001680        3.1958139404959880     
   321.44000000001682        3.2344749291863493     
   321.48000000001684        3.2716722957634299     
   321.52000000001686        3.3074537109794018     
   321.56000000001688        3.3418639542389044     
   321.60000000001691        3.3749447508362915     
   321.64000000001693        3.4067346324055920     
   321.68000000001695        3.4372688182247115     
   321.72000000001697        3.4665791151849947     
   321.76000000001699        3.4946938344098526     
   321.80000000001701        3.5216377226778075     
   321.84000000001703        3.5474319069733000     
   321.88000000001705        3.5720938506510107     
   321.92000000001707        3.5956373198551557     
   321.96000000001709        3.6180723589837731     
   322.00000000001711        3.6394052741293805     
   322.04000000001713        3.6596386235620102     
   322.08000000001715        3.6787712144493461     
   322.12000000001717        3.6967981051325247     
   322.16000000001719        3.7137106123965506     
   322.20000000001721        3.7294963232927767     
   322.24000000001723        3.7441391111893507     
   322.28000000001725        3.7576191558460175     
   322.32000000001727        3.7699129674343705     
   322.36000000001729        3.7809934145561384     
   322.40000000001731        3.7908297564529381     
   322.44000000001733        3.7993876797540280     
   322.48000000001736        3.8066293402769498     
   322.52000000001738        3.8125134105826533     
   322.56000000001740        3.8169951341949684     
   322.60000000001742        3.8200263876272329     
   322.64000000001744        3.8215557516195444     
   322.68000000001746        3.8215285932811316     
   322.72000000001748        3.8198871611559202     
   322.76000000001750        3.8165706955868268     
   322.80000000001752        3.8115155571459018     
   322.84000000001754        3.8046553763217039     
   322.88000000001756        3.7959212281087868     
   322.92000000001758        3.7852418356205604     
   322.96000000001760        3.7725438073362909     
   323.00000000001762        3.7577519130814268     
   323.04000000001764        3.7407894043081740     
   323.08000000001766        3.7215783846643600     
   323.12000000001768        3.7000402371796191     
   323.16000000001770        3.6760961146168514     
   323.20000000001772        3.6496674995824732     
   323.24000000001774        3.6206768408001100     
   323.28000000001776        3.5890482714582879     
   323.32000000001779        3.5547084146639847     
   323.36000000001781        3.5175872796846455     
   323.40000000001783        3.4776192507530386     
   323.44000000001785        3.4347441676570458     
   323.48000000001787        3.3889084940666954     
   323.52000000001789        3.3400665655129154     
   323.56000000001791        3.2881819041122897     
   323.60000000001793        3.2332285815677064     
   323.64000000001795        3.1751926057739452     
   323.68000000001797        3.1140732997141001     
   323.72000000001799        3.0498846345419883     
   323.76000000001801        2.9826564722103024     
   323.80000000001803        2.9124356672334333     
   323.84000000001805        2.8392869727667773     
   323.88000000001807        2.7632936937964820     
   323.92000000001809        2.6845580305240024     
   323.96000000001811        2.6032010585897121     
   324.00000000001813        2.5193623000475349     
   324.04000000001815        2.4331988501738984     
   324.08000000001817        2.3448840401409288     
   324.12000000001819        2.2546056337957574     
   324.16000000001821        2.1625635773558698     
   324.20000000001824        2.0689673424808230     
   324.24000000001826        1.9740329243675963     
   324.28000000001828        1.8779795755678201     
   324.32000000001830        1.7810263715238723     
   324.36000000001832        1.6833887140013888     
   324.40000000001834        1.5852748827176719     
   324.44000000001836        1.4868827431395069     
   324.48000000001838        1.3883967098653347     
   324.52000000001840        1.2899850510071109     
   324.56000000001842        1.1917976008088065     
   324.60000000001844        1.0939639269514938     
   324.64000000001846       0.99659197728479487     
   324.68000000001848       0.89976720970211166     
   324.72000000001850       0.80355218991881627     
   324.76000000001852       0.70798662604964124     
   324.80000000001854       0.61308779674700409     
   324.84000000001856       0.51885132149323776     
   324.88000000001858       0.42525221732514007     
   324.92000000001860       0.33224618542447137     
   324.96000000001862       0.23977107306507461     
   325.00000000001864       0.14774846070265824     
   325.04000000001867        5.6085329844595577E-002
   325.08000000001869        3.5324225897799266E-002
   325.12000000001871       0.12659727705552948     
   325.16000000001873       0.21786034532102461     
   325.20000000001875       0.30924771827180209     
   325.24000000001877       0.40089980290435534     
   325.28000000001879       0.49296152413772187     
   325.32000000001881       0.58558077046983081     
   325.36000000001883       0.67890688599674309     
   325.40000000001885       0.77308920602777187     
   325.44000000001887       0.86827563251219164     
   325.48000000001889       0.96461124538086951     
   325.52000000001891        1.0622369466305819     
   325.56000000001893        1.1612881354612981     
   325.60000000001895        1.2618934149277004     
   325.64000000001897        1.3641733332823804     
   325.68000000001899        1.4682391663483951     
   325.72000000001901        1.5741917507193985     
   325.76000000001903        1.6821203811757068     
   325.80000000001905        1.7921017892238691     
   325.84000000001907        1.9041992228856746     
   325.88000000001909        2.0184616505246664     
   325.92000000001912        2.1349231133328961     
   325.96000000001914        2.2536022518354502     
   326.00000000001916        2.3745020311524909     
   326.04000000001918        2.4976096875800629     
   326.08000000001920        2.6228969151764976     
   326.12000000001922        2.7503203054359049     
   326.16000000001924        2.8798220458829387     
   326.20000000001926        3.0113308747617271     
   326.24000000001928        3.1447632792862281     
   326.28000000001930        3.2800249146680169     
   326.32000000001932        3.4170122109389771     
   326.36000000001934        3.5556141250940874     
   326.40000000001936        3.6957139879461938     
   326.44000000001938        3.8371913889013802     
   326.48000000001940        3.9799240381017391     
   326.52000000001942        2.1593957628328249     
   326.56000000001944        2.0145182581752348     
   326.60000000001946        1.8687466465151914     
   326.64000000001948        1.7221946648870325     
   326.68000000001950        1.5749709954983164     
   326.72000000001952        1.4271786806369187     
   326.76000000001955        1.2789148701012090     
   326.80000000001957        1.1302709064349989     
   326.84000000001959       0.98133274145976856     
   326.88000000001961       0.83218166629504753     
   326.92000000001963       0.68289532653077178     
   326.96000000001965       0.53354898464894207     
   327.00000000001967       0.38421698329207676     
   327.04000000001969       0.23497435560126179     
   327.08000000001971        8.5898522645588393E-002
   327.12000000001973        6.2928986987391466E-002
   327.16000000001975       0.21142086394260140     
   327.20000000001977       0.35948246168025921     
   327.24000000001979       0.50701042750938841     
   327.28000000001981       0.65389158963210436     
   327.32000000001983       0.80000216417484504     
   327.36000000001985       0.94520733878254282     
   327.40000000001987        1.0893612789608518     
   327.44000000001989        1.2323075899838338     
   327.48000000001991        1.3738802511042798     
   327.52000000001993        1.5139050205653839     
   327.56000000001995        1.6522012903648218     
   327.60000000001997        1.7885843499712610     
   327.64000000002000        1.9228679995186253     
   327.68000000002002        2.0548674367372142     
   327.72000000002004        2.1844023292616090     
   327.76000000002006        2.3112999759790771     
   327.80000000002008        2.4353984583731858     
   327.84000000002010        2.5565496855417913     
   327.88000000002012        2.6746222444062218     
   327.92000000002014        2.7895039788072191     
   327.96000000002016        2.9011042365715269     
   328.00000000002018        3.0093557408736693     
   328.04000000002020        3.1142160598813700     
   328.08000000002022        3.2156686654086739     
   328.12000000002024        3.3137235859598606     
   328.16000000002026        3.4084176712713612     
   328.20000000002028        3.4998144937239255     
   328.24000000002030        3.5880039166148130     
   328.28000000002032        3.6731013603668492     
   328.32000000002034        3.7552467956777971     
   328.36000000002036        3.8346034879414113     
   328.40000000002038        3.9113565106942749     
   328.44000000002040        3.9857110381339096     
   328.48000000002042        4.0578904187294800     
   328.52000000002045        4.1281340244382996     
   328.56000000002047        4.1966948638807331     
   328.60000000002049        4.2638369438330059     
   328.64000000002051        4.3298323623668686     
   328.68000000002053        4.3949581196439489     
   328.72000000002055        4.4594926394196364     
   328.76000000002057        4.5237120062341578     
   328.80000000002059        4.5878859403334156     
   328.84000000002061        4.6522735544796365     
   328.88000000002063        4.7171189634030375     
   328.92000000002065        4.7826468465083316     
   328.96000000002067        4.8490580956507303     
   329.00000000002069        4.9165257096255219     
   329.04000000002071        4.9851911220508027     
   329.08000000002073        5.0551611656404258     
   329.12000000002075        5.1265058794288683     
   329.16000000002077        5.1992573527399095     
   329.20000000002079        5.2734097681488690     
   329.24000000002081        5.3489207547896740     
   329.28000000002083        5.4257140949506333     
   329.32000000002085        5.5036837455338130     
   329.36000000002088        5.5826990486777568     
   329.40000000002090       0.62057438567758849     
   329.44000000002092       0.53992656423116936     
   329.48000000002094       0.45870770258494653     
   329.52000000002096       0.37707973891464674     
   329.56000000002098       0.29519472820970893     
   329.60000000002100       0.21318859124436673     
   329.64000000002102       0.13117578484572245     
   329.68000000002104        4.9245078994123226E-002
   329.72000000002106        3.2543454580913123E-002
   329.76000000002108       0.11416021669560705     
   329.80000000002110       0.19560666207560784     
   329.84000000002112       0.27691478731489849     
   329.88000000002114       0.35814566325140929     
   329.92000000002116       0.43938717063631727     
   329.96000000002118       0.52075110353863430     
   330.00000000002120       0.60236979802630986     
   330.04000000002122       0.68439242793414756     
   330.08000000002124       0.76698108864340231     
   330.12000000002126       0.85030676706839881     
   330.16000000002128       0.93454527417844302     
   330.20000000002130        1.0198731973882382     
   330.24000000002133        1.1064639153506488     
   330.28000000002135        1.1944837077913757     
   330.32000000002137        1.2840879882258891     
   330.36000000002139        1.3754176874570603     
   330.40000000002141        1.4685958200755196     
   330.44000000002143        1.5637242738806618     
   330.48000000002145        1.6608808720499084     
   330.52000000002147        1.7601167686156072     
   330.56000000002149        1.8614542477801028     
   330.60000000002151        1.9648850051056970     
   330.64000000002153        2.0703689919391604     
   330.68000000002155        2.1778339019913004     
   330.72000000002157        2.2871753695434669     
   330.76000000002159        2.3982579315924424     
   330.80000000002161        2.5109167814172646     
   330.84000000002163        2.6249603094940652     
   330.88000000002165        2.7401733912771733     
   330.92000000002167        2.8563213428375622     
   330.96000000002169        2.9731544280454147     
   331.00000000002171        3.0904127684780276     
   331.04000000002173        3.2078314828726149     
   331.08000000002176        2.9580394378135075     
   331.12000000002178        2.8410888646693824     
   331.16000000002180        2.7247516588559955     
   331.20000000002182        2.6092632039020791     
   331.24000000002184        2.4948410724125547     
   331.28000000002186        2.3816820690549450     
   331.32000000002188        2.2699600021183097     
   331.36000000002190        2.1598241900311459     
   331.40000000002192        2.0513986745082162     
   331.44000000002194        1.9447820834229357     
   331.48000000002196        1.8400480652996982     
   331.52000000002198        1.7372462038358549     
   331.56000000002200        1.6364033146936361     
   331.60000000002202        1.5375250269955412     
   331.64000000002204        1.4405975572301706     
   331.68000000002206        1.3455895922220451     
   331.72000000002208        1.2524542090732091     
   331.76000000002210        1.1611307723388822     
   331.80000000002212        1.0715467611711964     
   331.84000000002214       0.98361949101919599     
   331.88000000002216       0.89725770521433956     
   331.92000000002218       0.81236302111351177     
   331.96000000002221       0.72883122330117889     
   332.00000000002223       0.64655340268176698     
   332.04000000002225       0.56541694522355579     
   332.08000000002227       0.48530637780094699     
   332.12000000002229       0.40610408120402663     
   332.16000000002231       0.32769088213039321     
   332.20000000002233       0.24994653702417580     
   332.24000000002235       0.17275012114481436     
   332.28000000002237        9.5980336376504827E-002
   332.32000000002239        1.9515751148699856E-002
   332.36000000002241        5.6765014473049380E-002
   332.40000000002243       0.13298314587098714     
   332.44000000002245       0.20925952091800237     
   332.48000000002247       0.28571461519582941     
   332.52000000002249       0.36246841400321950     
   332.56000000002251       0.43964032011887744     
   332.60000000002253       0.51734904658368386     
   332.64000000002255       0.59571248402419297     
   332.68000000002257       0.67484753227293881     
   332.72000000002259       0.75486988627886609     
   332.76000000002261       0.83589376658132508     
   332.80000000002264       0.91803158499155524     
   332.84000000002266        1.0013935366445419     
   332.88000000002268        1.0860871103193688     
   332.92000000002270        1.1722165099544593     
   332.96000000002272        1.2598819816892566     
   333.00000000002274        1.3491790426337875     
   333.04000000002276        1.4401976099893821     
   333.08000000002278        1.5330210321970159     
   333.12000000002280        1.6277250275368960     
   333.16000000002282        1.7243765400778215     
   333.20000000002284        1.8230325280684256     
   333.24000000002286        1.9237387057067576     
   333.28000000002288        2.0265282655768564     
   333.32000000002290        2.1314206156681079     
   333.36000000002292        2.2384201714618932     
   333.40000000002294        2.3475152496434957     
   333.44000000002296        2.4586771150436344     
   333.48000000002298        2.5718592358299590     
   333.52000000002300        2.6869968031204046     
   333.56000000002302        2.8040065694720298     
   333.60000000002304        2.9227870556085191     
   333.64000000002306        3.0432191659715739     
   333.68000000002309        3.1651672411706047     
   333.72000000002311        3.2884805594537356     
   333.76000000002313        3.4129952805994725     
   333.80000000002315        3.5385368051709540     
   333.84000000002317        3.6649225012338169     
   333.88000000002319        3.7919647309647635     
   333.92000000002321        3.9194740926651375     
   333.96000000002323        4.0472627809992803     
   334.00000000002325        4.1751479609420254     
   334.04000000002327        4.3029550496202589     
   334.08000000002329        4.4305208050922973     
   334.12000000002331        4.5576961316767282     
   334.16000000002333        4.6843485267579661     
   334.20000000002335        4.8103641127120502     
   334.24000000002337        4.9356492181485123     
   334.28000000002339        5.0601314934555566     
   334.32000000002341        5.1837605652066507     
   334.36000000002343        5.3065082511485988     
   334.40000000002345        5.4283683714094471     
   334.44000000002347        5.5493562017863178     
   334.48000000002349        5.6695076214070381     
   334.52000000002351        5.7888780099182382     
   334.56000000002354        5.9075409490753490     
   334.60000000002356        6.0255867807761163     
   334.64000000002358        6.1431210688288207     
   334.68000000002360        6.2602630057128792     
   334.72000000002362        6.3771437988510185     
   334.76000000002364        6.4939050639602822     
   334.80000000002366        6.6106972462743592     
   334.84000000002368        6.7276780841201891     
   334.88000000002370        6.8450111236812825     
   334.92000000002372        6.9628642889015131     
   334.96000000002374        7.0814085064248715     
   335.00000000002376        7.2008163822292239     
   335.04000000002378        7.3212609241632354     
   335.08000000002380        7.4429143028832723     
   335.12000000002382        7.5659466426496991     
   335.16000000002384        7.6905248330159948     
   335.20000000002386        7.8168113525690845     
   335.24000000002388        7.9449630965008762     
   335.28000000002390        8.0751302008617731     
   335.32000000002392        8.2074548578263098     
   335.36000000002394        8.3420701181533534     
   335.40000000002397        8.4790986792160403     
   335.44000000002399        8.6186516594768872     
   335.48000000002401        8.7608273630555082     
   335.52000000002403        8.9057100410378105     
   335.56000000002405        9.0533686593543372     
   335.60000000002407        9.2038556863477012     
   335.64000000002409        9.3572059164756176     
   335.68000000002411        9.5134353498624655     
   335.72000000002413        9.6725401505065616     
   335.76000000002415        9.8344957087449245     
   335.80000000002417        9.9992558359295174     
   335.84000000002419        10.166752121024764     
   335.88000000002421        10.336893479834210     
   335.92000000002423        10.509565927642388     
   335.96000000002425        10.684632605060852     
   336.00000000002427        10.861934084656546     
   336.04000000002429        11.041288982406883     
   336.08000000002431        11.222494893101434     
   336.12000000002433        11.405329662486455     
   336.16000000002435        11.589553001288072     
   336.20000000002437        11.774908437404200     
   336.24000000002439        11.961125592770781     
   336.28000000002442        12.147922761033906     
   336.32000000002444        12.335009751639429     
   336.36000000002446        6.2389056486291867     
   336.40000000002448        6.4256832734964737     
   336.44000000002450       0.32867537583846712     
   336.48000000002452       0.51396047148989998     
   336.52000000002454       0.69806904268083458     
   336.56000000002456       0.88072801654240496     
   336.60000000002458        1.0616785393872168     
   336.64000000002460        1.2406788276132781     
   336.68000000002462        1.4175067338165550     
   336.72000000002464        1.5919619839019226     
   336.76000000002466        1.7638680524051491     
   336.80000000002468        1.9330736553390933     
   336.84000000002470        2.0994538519142285     
   336.88000000002472        2.2629107577583460     
   336.92000000002474        2.4233738821715800     
   336.96000000002476        2.5808001100372486     
   337.00000000002478        2.7351733549631589     
   337.04000000002480        2.8865039139139252     
   337.08000000002482        3.0348275550295045     
   337.12000000002485        3.1802043696589659     
   337.16000000002487        3.3227174171280622     
   337.20000000002489        3.4624711867379943     
   337.24000000002491        3.5995898963454342     
   337.28000000002493        3.7342156410156635     
   337.32000000002495        3.8665063991040975     
   337.36000000002497        3.9966338971509980     
   337.40000000002499        4.1247813296265248     
   337.44000000002501        4.2511409253125052     
   337.48000000002503        4.3759113494502229     
   337.52000000002505        4.4992949302425593     
   337.56000000002507        4.6214947004155444     
   337.60000000002509        4.7427112498602728     
   337.64000000002511        4.8631393943923094     
   337.68000000002513        4.9829646787781527     
   337.72000000002515        5.1023597495840365     
   337.76000000002517        5.2214806549781301     
   337.80000000002519        5.3404631537772511     
   337.84000000002521        5.4594191435796313     
   337.88000000002523        5.5784333458435453     
   337.92000000002525        5.6975604115508567     
   337.96000000002527        5.8168226312024656     
   338.00000000002530        5.9362084433921218     
   338.04000000002532        6.0556719330690569     
   338.08000000002534        6.1751334903196096     
   338.12000000002536        6.2944817608278818     
   338.16000000002538        6.4135769598985268     
   338.20000000002540        6.5322555454631539     
   338.24000000002542        6.6503361571651247     
   338.28000000002544       0.48444132920078231     
   338.32000000002546       0.60074654843873643     
   338.36000000002548       0.71587670811567850     
   338.40000000002550       0.82965571308437736     
   338.44000000002552       0.94192922657301592     
   338.48000000002554        1.0525720173751481     
   338.52000000002556        1.1614942648874467     
   338.56000000002558        1.2686465596048311     
   338.60000000002560        1.3740234248645058     
   338.64000000002562        1.4776652787248639     
   338.68000000002564        1.5796588431175245     
   338.72000000002566        1.6801360829441858     
   338.76000000002568        1.7792718154557234     
   338.80000000002570        1.8772801678836364     
   338.84000000002573        1.9744100794468742     
   338.88000000002575        2.0709400451876352     
   338.92000000002577        2.1671722875902835     
   338.96000000002579        2.2634265221832801     
   339.00000000002581        2.3600334598501025     
   339.04000000002583        2.4573281654326502     
   339.08000000002585        2.5556433726971921     
   339.12000000002587        2.6553028422597933     
   339.16000000002589        2.7566148431137671     
   339.20000000002591        2.8598658405029864     
   339.24000000002593        2.9653144826353279     
   339.28000000002595        3.0731859947725289     
   339.32000000002597        3.1836671092579611     
   339.36000000002599        3.2969016808336931     
   339.40000000002601        3.4129871541542771     
   339.44000000002603        3.5319720602197835     
   339.48000000002605        3.6538547159583326     
   339.52000000002607        3.7785832823953758     
   339.56000000002609        3.9060572990948170     
   339.60000000002611        4.0361307552997676     
   339.64000000002613        4.1686166836226004     
   339.68000000002615        4.3032931754091557     
   339.72000000002618        4.4399106259265144     
   339.76000000002620        4.5781999320454894     
   339.80000000002622        1.5653040118673287     
   339.84000000002624        1.4245120689752502     
   339.88000000002626        1.2828838801015954     
   339.92000000002628        1.1406783932124922     
   339.96000000002630       0.99813184847991332     
   340.00000000002632       0.85545164068712976     
   340.04000000002634       0.71281154197957508     
   340.08000000002636       0.57034836669495470     
   340.12000000002638       0.42816007060551553     
   340.16000000002640       0.28630520009836213     
   340.20000000002642       0.14480354781739391     
   340.24000000002644        3.6378323719277184E-003
   340.28000000002646       0.13724379948697174     
   340.32000000002648       0.27792465169718361     
   340.36000000002650       0.41851593036986978     
   340.40000000002652       0.55915293815312794     
   340.44000000002654       0.69999115467657624     
   340.48000000002656       0.84120231710886029     
   340.52000000002658       0.98297058625564349     
   340.56000000002660        1.1254888574984134     
   340.60000000002663        1.2689552533990855     
   340.64000000002665        1.4135698165348600     
   340.68000000002667        1.5595314071830557     
   340.72000000002669        1.7070348006307436     
   340.76000000002671        1.8562679727302700     
   340.80000000002673        2.0074095593537131     
   340.84000000002675        2.1606264750820294     
   340.88000000002677        2.3160716782756596     
   340.92000000002679        2.4738820731244617     
   340.96000000002681        2.6341765439194162     
   341.00000000002683        2.7970541222193761     
   341.04000000002685        2.9625922934284046     
   341.08000000002687        3.1308454552022580     
   341.12000000002689        3.3018435457322894     
   341.16000000002691        3.4755908649905867     
   341.20000000002693        3.6520651161534854     
   341.24000000002695        3.8312166973620183     
   341.28000000002697        4.0129682754651848     
   341.32000000002699        4.1972146732039413     
   341.36000000002701        4.3838230992660296     
   341.40000000002703        4.5726337466830227     
   341.44000000002706        4.7634607791489305     
   341.48000000002708        4.9560937171133572     
   341.52000000002710        5.1502992261493414     
   341.56000000002712        5.3458232994343655     
   341.60000000002714        5.5423938146336891     
   341.64000000002716        5.7397234335482885     
   341.68000000002718        5.9375128011612581     
   341.72000000002720        6.1354539897984477     
   341.76000000002722        6.3332341246220567     
   341.80000000002724       0.24735381198904818     
   341.84000000002726       0.44387213742964160     
   341.88000000002728       0.63929854702834055     
   341.92000000002730       0.83333767810512638     
   341.96000000002732        1.0257074576851648     
   342.00000000002734        1.2161422447620673     
   342.04000000002736        1.4043956513539351     
   342.08000000002738        1.5902429957639019     
   342.12000000002740        1.7734833540261321     
   342.16000000002742        1.9539411887093303     
   342.20000000002744        2.1314675473365168     
   342.24000000002746        2.3059408349807402     
   342.28000000002748        2.4772671765244607     
   342.32000000002751        2.6453803931699222     
   342.36000000002753        2.8102416247566486     
   342.40000000002755        2.9718386341370491     
   342.44000000002757        3.1301848322892329     
   342.48000000002759        3.2853180631449428     
   342.52000000002761        3.4372991855203341     
   342.56000000002763        3.5862104863709399     
   342.60000000002765        3.7321539552055372     
   342.64000000002767        3.8752494442606285     
   342.68000000002769        4.0156327333302171     
   342.72000000002771        4.1534535123228320     
   342.76000000002773        4.2888732890176922     
   342.80000000002775        4.4220632244323435     
   342.84000000002777        4.5532018939960830     
   342.88000000002779        4.6824729696362786     
   342.92000000002781        4.8100628162109142     
   342.96000000002783        4.9361579957376929     
   343.00000000002785        5.0609426748459656     
   343.04000000002787        5.1845959350586348     
   343.08000000002789        5.3072889920977513     
   343.12000000002791        5.4291823395186682     
   343.16000000002794        5.5504228436019627     
   343.20000000002796        5.6711408303678095     
   343.24000000002798        5.7914472213657069     
   343.28000000002800        5.9114307917555298     
   343.32000000002802        6.0311556409903329     
   343.36000000002804        6.1506589816160471     
   343.40000000002806        6.2699493634618308     
   343.44000000002808        6.3890054567308896     
   343.48000000002810        6.5077755161176212     
   343.52000000002812        6.6261776372350392     
   343.56000000002814        6.7441008950971622     
   343.60000000002816        6.8614074218738095     
   343.64000000002818        6.9779354385722012     
   343.68000000002820        7.0935032050538940     
   343.72000000002822        7.2079137985709565     
   343.76000000002824        7.3209605775575941     
   343.80000000002826        1.1492478328293965     
   343.84000000002828        1.2589382423021056     
   343.88000000002830        1.3666472734793818     
   343.92000000002832        1.4721904258352856     
   343.96000000002834        1.5754034686431848     
   344.00000000002836        1.6761473117343486     
   344.04000000002839        1.7743120405207531     
   344.08000000002841        1.8698200060969237     
   344.12000000002843        1.9626279164559834     
   344.16000000002845        2.0527279279548063     
   344.20000000002847        2.1401477829564173     
   344.24000000002849        2.2249500771343822     
   344.28000000002851        2.3072307667178391     
   344.32000000002853        2.3871170417839500     
   344.36000000002855        2.4647646974393052     
   344.40000000002857        2.5403551319853785     
   344.44000000002859        2.6140920919387454     
   344.48000000002861        2.6861982701617335     
   344.52000000002863        2.7569118472934995     
   344.56000000002865        2.8264830498005611     
   344.60000000002867        2.8951707815718617     
   344.64000000002869        2.9632393709784184     
   344.68000000002871        3.0309554622778525     
   344.72000000002873        3.0985850694677910     
   344.76000000002875        3.1663908022640763     
   344.80000000002877        3.2346292677330513     
   344.84000000002879        3.3035486470752429     
   344.88000000002882        3.3733864449136126     
   344.92000000002884        3.4443674079231399     
   344.96000000002886        3.5167016104725435     
   345.00000000002888        3.5905827068464560     
   345.04000000002890        3.6661863522823164     
   345.08000000002892        3.7436687981864671     
   345.12000000002894        3.8231656701737036     
   345.16000000002896        3.9047909406795576     
   345.20000000002898        3.9886361104957957     
   345.24000000002900        4.0747696153536488     
   345.28000000002902        4.1632364743246111     
   345.32000000002904        4.2540581960671622     
   345.36000000002906        4.3472329566304584     
   345.40000000002908        4.4427360585395883     
   345.44000000002910        4.5405206752579215     
   345.48000000002912        4.6405188780148192     
   345.52000000002914        4.7426429337096927     
   345.56000000002916        4.8467868536009906     
   345.60000000002918        4.9528281633177311     
   345.64000000002920        5.0606298560198990     
   345.68000000002922        5.1700424829286540     
   345.72000000002924        5.2809063295508176     
   345.76000000002927        5.3930536222331913     
   345.80000000002929        5.5063107085421317     
   345.84000000002931       0.66268515066093236     
   345.88000000002933       0.54774258513513696     
   345.92000000002935       0.43222616707841710     
   345.96000000002937       0.31631360300774503     
   346.00000000002939       0.20017969932884089     
   346.04000000002941        8.3995273919863722E-002
   346.08000000002943        3.2073674291139276E-002
   346.12000000002945       0.14786654303124058     
   346.16000000002947       0.26322846599445276     
   346.20000000002949       0.37801043572373916     
   346.24000000002951       0.49206923801067459     
   346.28000000002953       0.60526722997668703     
   346.32000000002955       0.71747199645530002     
   346.36000000002957       0.82855592009350909     
   346.40000000002959       0.93839569990855254     
   346.44000000002961        1.0468718510963722     
   346.48000000002963        1.1538682159356071     
   346.52000000002965        1.2592715119159632     
   346.56000000002967        1.3629709389825819     
   346.60000000002970        1.4648578632503462     
   346.64000000002972        1.5648255899020294     
   346.68000000002974        1.6627692334145019     
   346.72000000002976        1.7585856889050613     
   346.76000000002978        1.8521737043781039     
   346.80000000002980        1.9434340500803220     
   346.84000000002982        2.0322697781174970     
   346.88000000002984        2.1185865630029954     
   346.92000000002986        2.2022931119305591     
   346.96000000002988        2.2833016323032314     
   347.00000000002990        2.3615283433955505     
   347.04000000002992        2.4368940189453356     
   347.08000000002994        2.5093245479120228     
   347.12000000002996        2.5787515015303066     
   347.16000000002998        2.6451126960454938     
   347.20000000003000        2.7083527420444562     
   347.24000000003002        2.7684235729910616     
   347.28000000003004        2.8252849473336665     
   347.32000000003006        2.8789049202744845     
   347.36000000003008        2.9292602828839511     
   347.40000000003010        2.9763369676270308     
   347.44000000003012        3.0201304204769048     
   347.48000000003015        3.0606459405757303     
   347.52000000003017        3.0978989888315849     
   347.56000000003019        3.1319154669032079     
   347.60000000003021        3.1627319677263532     
   347.64000000003023        3.1903959981016570     
   347.68000000003025        3.2149661729348704     
   347.72000000003027        3.2365123795521828     
   347.76000000003029        3.2551159091756552     
   347.80000000003031        3.2708695512174608     
   347.84000000003033        3.2838776446264095     
   347.88000000003035        3.2942560791919524     
   347.92000000003037        3.3021322385775687     
   347.96000000003039        3.3076448760133190     
   348.00000000003041        3.3109439131156235     
   348.04000000003043        3.3121901522976263     
   348.08000000003045        3.3115548937440979     
   348.12000000003047        3.3092194489845470     
   348.16000000003049        3.3053745447113618     
   348.20000000003051        3.3002196126272580     
   348.24000000003053        3.2939619637032505     
   348.28000000003055        3.2868158481852512     
   348.32000000003057        3.2790014058730681     
   348.36000000003060        3.2707435144544443     
   348.40000000003062        3.2622705468380708     
   348.44000000003064        3.2538130513196357     
   348.48000000003066        3.2456023708706789     
   348.52000000003068        3.2378692197219157     
   348.56000000003070        3.2308422366174319     
   348.60000000003072        3.2247465345857655     
   348.64000000003074        3.2198022668015458     
   348.68000000003076        3.2162232271423687     
   348.72000000003078        3.2142155024736931     
   348.76000000003080        3.2139761916540310     
   348.80000000003082        3.2156922039065363     
   348.84000000003084        3.2195391467290868     
   348.88000000003086        3.2256803110907288     
   348.92000000003088        3.2342657594508339     
   348.96000000003090        3.2454315202739883     
   349.00000000003092        3.2592988912963596     
   349.04000000003094        3.2759738528816178     
   349.08000000003096        3.2955465923923546     
   349.12000000003098        3.3180911405552154     
   349.16000000003100        3.3436651212300683     
   349.20000000003103        3.3723096166841531     
   349.24000000003105        3.4040491512725048     
   349.28000000003107        3.4388917971706032     
   349.32000000003109        3.4768294063248959     
   349.36000000003111        3.5178379729213916     
   349.40000000003113        3.5618781302844225     
   349.44000000003115        3.6088957851045365     
   349.48000000003117        3.6588228902000068     
   349.52000000003119        3.7115783546388164     
   349.56000000003121        3.7670690870441503     
   349.60000000003123        3.8251911643925594     
   349.64000000003125        3.8858311147598350     
   349.68000000003127        3.9488672984886142     
   349.72000000003129        4.0141713683852700     
   349.76000000003131        4.0816097860525469     
   349.80000000003133        4.1510453685676705     
   349.84000000003135        4.2223388376297599     
   349.88000000003137        4.2953503421807246     
   349.92000000003139        4.3699409254405808     
   349.96000000003141        1.8372113988707888     
   350.00000000003143        1.7598691440680265     
   350.04000000003145        1.6813460525823234     
   350.08000000003148        1.6017648784583740     
   350.12000000003150        1.5212418732793991     
   350.16000000003152        1.4398861433537464     
   350.20000000003154        1.3577991918062660     
   350.24000000003156        1.2750746477597317     
   350.28000000003158        1.1917981808543994     
   350.32000000003160        1.1080475958833340     
   350.36000000003162        1.0238930993913777     
   350.40000000003164       0.93939772771842855     
   350.44000000003166       0.85461792413682136     
   350.48000000003168       0.76960425137077493     
   350.52000000003170       0.68440222479436019     
   350.56000000003172       0.59905325086373518     
   350.60000000003174       0.51359565472046653     
   350.64000000003176       0.42806578027817266     
   350.68000000003178       0.34249914535915460     
   350.72000000003180       0.25693163348775494     
   350.76000000003182       0.17140070271034213     
   350.80000000003184        8.5946590274252888E-002
   350.84000000003186        6.1349018131395816E-004
   350.88000000003188        8.4549321392342724E-002
   350.92000000003191       0.16948643992441825     
   350.96000000003193       0.25413539474687408     
   351.00000000003195       0.33842585043080831     
   351.04000000003197       0.42227897926813884     
   351.08000000003199       0.50560703698591358     
   351.12000000003201       0.58831317288438223     
   351.16000000003203       0.67029150321048014     
   351.20000000003205       0.75142747255349851     
   351.24000000003207       0.83159852225781217     
   351.28000000003209       0.91067507728658148     
   351.32000000003211       0.98852185378195567     
   351.36000000003213        1.0649994790492061     
   351.40000000003215        1.1399664042951134     
   351.44000000003217        1.2132810787571560     
   351.48000000003219        1.2848043425436988     
   351.52000000003221        1.3544019852769180     
   351.56000000003223        1.4219474091708517     
   351.60000000003225        1.4873243290714406     
   351.64000000003227        1.5504294386616555     
   351.68000000003229        1.6111749717197323     
   351.72000000003231        1.6694910900163356     
   351.76000000003233        1.7253280349322635     
   351.80000000003236        1.7786579877665589     
   351.84000000003238        1.8294765934372792     
   351.88000000003240        1.8778041132226846     
   351.92000000003242        1.9236861836980956     
   351.96000000003244        1.9671941704791418     
   352.00000000003246        2.0084251162529587     
   352.04000000003248        2.0475012924420737     
   352.08000000003250        2.0845693723986889     
   352.12000000003252        2.1197992510837089     
   352.16000000003254        2.1533825416605774     
   352.20000000003256        2.1855307833249968     
   352.24000000003258        2.2164733970534058     
   352.28000000003260        2.2464554268820245     
   352.32000000003262        2.2757351039489717     
   352.36000000003264        2.3045812689911749     
   352.40000000003266        2.3332706864545298     
   352.44000000003268        2.3620852800455392     
   352.48000000003270        2.3913093156537819     
   352.52000000003272        2.4212265533737756     
   352.56000000003274        2.4521173861598107     
   352.60000000003276        2.4842559788044536     
   352.64000000003279        2.5179074178167591     
   352.68000000003281        2.5533248807795612     
   352.72000000003283        2.5907468332665387     
   352.76000000003285        2.6303942627378984     
   352.80000000003287        2.6724679622678353     
   352.84000000003289        2.7171458826231611     
   352.88000000003291        2.7645805790743805     
   352.92000000003293        2.8148967891217698     
   352.96000000003295        2.8681891885407875     
   353.00000000003297        2.9245203849832038     
   353.04000000003299        2.9839192197071926     
   353.08000000003301        3.0463794574824492     
   353.12000000003303        3.1118589507728238     
   353.16000000003305        3.1802793653366983     
   353.20000000003307        3.2515265489403804     
   353.24000000003309        3.3254516118546107     
   353.28000000003311        3.4018727667110347     
   353.32000000003313        3.4805779464721547     
   353.36000000003315        3.5613281840193269     
   353.40000000003317        3.6438616974763276     
   353.44000000003319        3.7278985849898376     
   353.48000000003321        3.8131459949465047     
   353.52000000003324        2.3838817009050230     
   353.56000000003326        2.2971160752891224     
   353.60000000003328        2.2100409582520051     
   353.64000000003330        2.1229459439242189     
   353.68000000003332        2.0361068745551845     
   353.72000000003334        1.9497816063781777     
   353.76000000003336        1.8642064757848913     
   353.80000000003338        1.7795935360590465     
   353.84000000003340        1.6961285929370142     
   353.88000000003342        1.6139700278319125     
   353.92000000003344        1.5332483634728546     
   353.96000000003346        1.4540664998544761     
   354.00000000003348        1.3765005296646091     
   354.04000000003350        1.3006010317596264     
   354.08000000003352        1.2263947380655500     
   354.12000000003354        1.1538864722863740     
   354.16000000003356        1.0830612665326433     
   354.20000000003358        1.0138865729288282     
   354.24000000003360       0.94631450001209005     
   354.28000000003362       0.88028401710254078     
   354.32000000003364       0.81572308287056217     
   354.36000000003366       0.75255066638187973     
   354.40000000003369       0.69067863954341924     
   354.44000000003371       0.63001352888721573     
   354.48000000003373       0.57045812196195733     
   354.52000000003375       0.51191292931448995     
   354.56000000003377       0.45427750727473404     
   354.60000000003379       0.39745164968719937     
   354.64000000003381       0.34133645855781181     
   354.68000000003383       0.28583530450207650     
   354.72000000003385       0.23085468807306642     
   354.76000000003387       0.17630501267945142     
   354.80000000003389       0.12210127901696888     
   354.84000000003391        6.8163709851721155E-002
   354.88000000003393        1.4418312710436254E-002
   354.92000000003395        3.9202613366247974E-002
   354.96000000003397        9.2760022298682632E-002
   355.00000000003399       0.14630771340191195     
   355.04000000003401       0.19989196989339142     
   355.08000000003403       0.25355124287935027     
   355.12000000003405       0.30731588138349863     
   355.16000000003407       0.36120790997904884     
   355.20000000003409       0.41524085639265529     
   355.24000000003412       0.46941963204233250     
   355.28000000003414       0.52374046883024405     
   355.32000000003416       0.57819091562003067     
   355.36000000003418       0.63274989767774059     
   355.40000000003420       0.68738784194382152     
   355.44000000003422       0.74206687033818852     
   355.48000000003424       0.79674106239825981     
   355.52000000003426       0.85135678743874266     
   355.56000000003428       0.90585310514017436     
   355.60000000003430       0.96016223206898932     
   355.64000000003432        1.0142100701618046     
   355.68000000003434        1.0679167917335359     
   355.72000000003436        1.1211974741587669     
   355.76000000003438        1.1739627760942568     
   355.80000000003440        1.2261196460191242     
   355.84000000003442        1.2775720530219816     
   355.88000000003444        1.3282217292037100     
   355.92000000003446        1.3779689128194104     
   355.96000000003448        1.4267130813663673     
   356.00000000003450        1.4743536642330479     
   356.04000000003452        1.5207907252377231     
   356.08000000003454        1.5659256063701186     
   356.12000000003457        1.6096615252593365     
   356.16000000003459        1.6519041202711726     
   356.20000000003461        4.5906233685519835     
   356.24000000003463        4.5516384427005638     
   356.28000000003465        4.5144108217933656     
   356.32000000003467        4.4790209100497105     
   356.36000000003469        4.4455448590655768     
   356.40000000003471        4.4140543813503053     
   356.44000000003473        4.3846166183141140     
   356.48000000003475        4.3572940583858424     
   356.52000000003477        4.3321445003077610     
   356.56000000003479        4.3092210562178366     
   356.60000000003481        4.2885721888796002     
   356.64000000003483        4.2702417773400629     
   356.68000000003485        4.2542692053671347     
   356.72000000003487        4.2406894672174262     
   356.76000000003489        4.2295332855899455     
   356.80000000003491        4.2208272370078888     
   356.84000000003493        4.2145938803177225     
   356.88000000003495        4.2108518844820413     
   356.92000000003497        4.2096161523527398     
   356.96000000003500        4.2108979376288973     
   357.00000000003502        4.2147049527170504     
   357.04000000003504        4.2210414657104520     
   357.08000000003506        4.2299083851809263     
   357.12000000003508        4.2413033319265319     
   357.16000000003510        4.2552206972366040     
   357.20000000003512        4.2716516876202970     
   357.24000000003514        4.2905843562940884     
   357.28000000003516        4.3120036220369791     
   357.32000000003518        4.3358912762990451     
   357.36000000003520        4.3622259796895158     
   357.40000000003522        4.3909832491747656     
   357.44000000003524        4.4221354374845321     
   357.48000000003526        4.4556517063565249     
   357.52000000003528        4.4914979953453118     
   357.56000000003530        4.5296369879813332     
   357.60000000003532        4.5700280770901562     
   357.64000000003534        4.6126273310715522     
   357.68000000003536        4.6573874628934071     
   357.72000000003538        4.7042578034786242     
   357.76000000003540        4.7531842810562335     
   357.80000000003542        4.8041094079139262     
   357.84000000003545        4.8569722758321250     
   357.88000000003547        4.9117085613042244     
   357.92000000003549        4.9682505414593940     
   357.96000000003551        5.0265271214097016     
   358.00000000003553        5.0864638735490573     
   358.04000000003555        5.1479830891449527     
   358.08000000003557        5.2110038423921754     
   358.12000000003559        5.2754420669476820     
   358.16000000003561        5.3412106448436356     
   358.20000000003563        5.4082195075864119     
   358.24000000003565        5.4763757491968308     
   358.28000000003567        5.5455837509328072     
   358.32000000003569        5.6157453174600258     
   358.36000000003571        5.6867598242968773     
   358.40000000003573        5.7585243764523462     
   358.44000000003575        5.8309339782933849     
   358.48000000003577        5.9038817148131617     
   358.52000000003579        5.9772589446136992     
   358.56000000003581        6.0509555050548398     
   358.60000000003583        6.1248599301450026     
   358.64000000003585        6.1988596818464679     
   358.68000000003588        6.2728413955287046     
   358.72000000003590        6.3466911403184252     
   358.76000000003592        6.4202946950577511     
   358.80000000003594        6.4935378404876190     
   358.84000000003596        6.5663066681207320     
   358.88000000003598        6.6384879060584767     
   358.92000000003600       0.42678395456424828     
   358.96000000003602       0.49745447415528410     
   359.00000000003604       0.56720491786135951     
   359.04000000003606       0.63592815021889837     
   359.08000000003608       0.70351954390873250     
   359.12000000003610       0.76987739534694510     
   359.16000000003612       0.83490334992957194     
   359.20000000003614       0.89850283449145762     
   359.24000000003616       0.96058549426219519     
   359.28000000003618        1.0210656313762212     
   359.32000000003620        1.0798626418258279     
   359.36000000003622        1.1369014476379398     
   359.40000000003624        1.1921129210077317     
   359.44000000003626        1.2454342971311894     
   359.48000000003628        1.2968095725385438     
   359.52000000003630        1.3461898858330326     
   359.56000000003633        1.3935338778750082     
   359.60000000003635        1.4388080286098306     
   359.64000000003637        1.4819869679089934     
   359.68000000003639        1.5230537579683814     
   359.72000000003641        1.5620001449777532     
   359.76000000003643        1.5988267779361305     
   359.80000000003645        1.6335433926359340     
   359.84000000003647        1.6661689589745552     
   359.88000000003649        1.6967317898784848     
   359.92000000003651        1.7252696102476801     
   359.96000000003653        1.7518295844542315     
   360.00000000003655        1.7764683010687601     
   360.04000000003657        1.7992517136501376     
   360.08000000003659        1.8202550366285462     
   360.12000000003661        1.8395625955466828     
   360.16000000003663        1.8572676312046346     
   360.20000000003665        1.8734720575827908     
   360.24000000003667        1.8882861737918737     
   360.28000000003669        1.9018283307125752     
   360.32000000003671        1.9142245534267426     
   360.36000000003673        1.9256081209895619     
   360.40000000003675        1.9361191055245819     
   360.44000000003678        1.9459038730132543     
   360.48000000003680        1.9551145484672405     
   360.52000000003682        1.9639084483826670     
   360.56000000003684        1.9724474834484589     
   360.60000000003686        1.9808975343856559     
   360.64000000003688        1.9894278035051918     
   360.68000000003690        1.9982101440684541     
   360.72000000003692        2.0074183688069489     
   360.76000000003694        2.0172275380040476     
   360.80000000003696        2.0278132263748772     
   360.84000000003698        2.0393507666257364     
   360.88000000003700        2.0520144660731896     
   360.92000000003702        2.0659767911134255     
   360.96000000003704        2.0814075127306664     
   361.00000000003706        2.0984728047149508     
   361.04000000003708        2.1173342849401129     
   361.08000000003710        2.1381479890687713     
   361.12000000003712        2.1610632655597009     
   361.16000000003714        2.1862215810304786     
   361.20000000003716        2.2137552260669389     
   361.24000000003718        2.2437859136720997     
   361.28000000003721        2.2764232659111756     
   361.32000000003723        2.3117631891188344     
   361.36000000003725        2.3498861444334027     
   361.40000000003727        2.3908553284845961     
   361.44000000003729        2.4347147887559566     
   361.48000000003731        2.4814875092942628     
   361.52000000003733        2.5311735146817593     
   361.56000000003735        2.5837480529347872     
   361.60000000003737        2.6391599304083337     
   361.64000000003739        2.6973300827883353     
   361.68000000003741        2.7581504745520800     
   361.72000000003743        2.8214834234569319     
   361.76000000003745        2.8871614452741969     
   361.80000000003747        2.9549877059066483     
   361.84000000003749        3.0247371524113604     
   361.88000000003751        3.0961583711176850     
   361.92000000003753        3.1689761906168696     
   361.96000000003755        3.2428950114483208     
   362.00000000003757        3.3176028052466160     
   362.04000000003759        2.8904096200971923     
   362.08000000003761        2.8151023779237141     
   362.12000000003763        2.7399930508169050     
   362.16000000003766        2.6654100641810374     
   362.20000000003768        2.5916726781928823     
   362.24000000003770        2.5190859339697105     
   362.28000000003772        2.4479360218519686     
   362.32000000003774        2.3784862042867498     
   362.36000000003776        2.3109733904848744     
   362.40000000003778        2.2456054211392660     
   362.44000000003780        2.1825590826162440     
   362.48000000003782        2.1219788343760659     
   362.52000000003784        2.0639762034536298     
   362.56000000003786        2.0086297772551385     
   362.60000000003788        1.9559857113979355     
   362.64000000003790        1.9060586627015592     
   362.68000000003792        1.8588330579338459     
   362.72000000003794        1.8142646152891024     
   362.76000000003796        1.7722820463573852     
   362.80000000003798        1.7327888800159559     
   362.84000000003800        1.6956653648005107     
   362.88000000003802        1.6607704216258297     
   362.92000000003804        1.6279436331598345     
   362.96000000003806        1.5970072688590395     
   363.00000000003809        1.5677683549903279     
   363.04000000003811        1.5400208064087622     
   363.08000000003813        1.5135476410983997     
   363.12000000003815        1.4881232993122433     
   363.16000000003817        1.4635160865002228     
   363.20000000003819        1.4394907531628114     
   363.24000000003821        1.4158112155433678     
   363.28000000003823        1.3922434090857081     
   363.32000000003825        1.3685582524455651     
   363.36000000003827        1.3445346843753194     
   363.40000000003829        1.3199627200209818     
   363.44000000003831        1.2946464582672021     
   363.48000000003833        1.2684069590353690     
   363.52000000003835        1.2410849001941999     
   363.56000000003837        1.2125429191959185     
   363.60000000003839        5.1005177614899404     
   363.64000000003841        5.1318146683701169     
   363.68000000003843        5.1645950504493365     
   363.72000000003845        5.1988944011704072     
   363.76000000003847        5.2347221640044612     
   363.80000000003849        5.2720627777493281     
   363.84000000003851        5.3108773379862591     
   363.88000000003854        5.3511058148896176     
   363.92000000003856        5.3926697415724103     
   363.96000000003858        5.4354752662547838     
   364.00000000003860       0.80376885982191326     
   364.04000000003862       0.75880664307004553     
   364.08000000003864       0.71294329054284566     
   364.12000000003866       0.66630070889992599     
   364.16000000003868       0.61899976929140132     
   364.20000000003870       0.57115757769896147     
   364.24000000003872       0.52288511815626770     
   364.28000000003874       0.47428530588326556     
   364.32000000003876       0.42545146506189546     
   364.36000000003878       0.37646622598711499     
   364.40000000003880       0.32740081964599765     
   364.44000000003882       0.27831473496848624     
   364.48000000003884       0.22925569520569322     
   364.52000000003886       0.18025990493408517     
   364.56000000003888       0.13135251761495681     
   364.60000000003890        8.2548274862906279E-002
   364.64000000003892        3.3852271933448863E-002
   364.68000000003894        1.4739191226083026E-002
   364.72000000003897        6.3237708302595896E-002
   364.76000000003899       0.11166184316857630     
   364.80000000003901       0.16003620743908153     
   364.84000000003903       0.20839055606528989     
   364.88000000003905       0.25675891276238794     
   364.92000000003907       0.30517873246838323     
   364.96000000003909       0.35369010411162582     
   365.00000000003911       0.40233499373077408     
   365.04000000003913       0.45115652541148754     
   365.08000000003915       0.50019829552994266     
   365.12000000003917       0.54950371436638501     
   365.16000000003919       0.59911536821385236     
   365.20000000003921       0.64907439460440375     
   365.24000000003923       0.69941986316274440     
   365.28000000003925       0.75018815484047585     
   365.32000000003927       0.80141233285960700     
   365.36000000003929       0.85312149958772920     
   365.40000000003931       0.90534013477402597     
   365.44000000003933       0.95808741209540904     
   365.48000000003935        1.0113764927982363     
   365.52000000003937        1.0652137973741407     
   365.56000000003939        1.1195982586728259     
   365.60000000003942        1.1745205626126876     
   365.64000000003944        1.2299623856667856     
   365.68000000003946        1.2858956415189680     
   365.72000000003948        1.3422817526166833     
   365.76000000003950        1.3990709656752820     
   365.80000000003952        1.4562017333616601     
   365.84000000003954        1.5136001872187750     
   365.88000000003956        1.5711797291749117     
   365.92000000003958        1.6288407704824661     
   365.96000000003960        1.6864706474163729     
   366.00000000003962        1.7439437423132045     
   366.04000000003964        1.8011218363673993     
   366.08000000003966        1.8578547169028108     
   366.12000000003968        1.9139810565744280     
   366.16000000003970        1.9693295752021993     
   366.20000000003972        2.0237204868911434     
   366.24000000003974        2.0769672260645042     
   366.28000000003976        2.1288784364528874     
   366.32000000003978        2.1792601974468000     
   366.36000000003980        2.2279184530795066     
   366.40000000003982        2.2746616008011777     
   366.44000000003984        2.3193031906143413     
   366.48000000003987        2.3616646804366028     
   366.52000000003989        2.4015781909648912     
   366.56000000003991        2.4388892028931819     
   366.60000000003993        2.4734591409702302     
   366.64000000003995        2.5051677928129159     
   366.68000000003997        2.5339155152401025     
   366.72000000003999        2.5596251867264090     
   366.76000000004001        2.5822438709550313     
   366.80000000004003        2.6017441629827047     
   366.84000000004005        2.6181251959184362     
   366.88000000004007        2.6314132920799880     
   366.92000000004009        2.6416622482736916     
   366.96000000004011        2.6489532502038133     
   367.00000000004013        2.6533944162025569     
   367.04000000004015        2.6551199756692103     
   367.08000000004017        2.6542890930006937     
   367.12000000004019        2.6510843535170254     
   367.16000000004021        2.6457099339729107     
   367.20000000004023        2.6383894866209192     
   367.24000000004025        2.6293637722457186     
   367.28000000004027        2.6188880838003463     
   367.32000000004030        2.6072295078377818     
   367.36000000004032        2.5946640753991699     
   367.40000000004034        2.5814738569661104     
   367.44000000004036        2.5679440571549903     
   367.48000000004038        2.5543601637969848     
   367.52000000004040        2.5410052028386629     
   367.56000000004042        2.5281571452216296     
   367.60000000004044        2.5160865048323751     
   367.64000000004046        2.5050541581769390     
   367.68000000004048        2.4953094071528525     
   367.72000000004050        2.4870882967372427     
   367.76000000004052        2.4806121901553535     
   367.80000000004054        2.4760865956553202     
   367.84000000004056        2.4737002318175234     
   367.88000000004058        2.4736243126769479     
   367.92000000004060        2.4760120300116091     
   367.96000000004062        2.4809982079989581     
   368.00000000004064        2.4886991049996503     
   368.04000000004066        2.4992123383333888     
   368.08000000004068        2.5126169103316318     
   368.12000000004070        2.5289733174049394     
   368.16000000004072        2.5483237280397066     
   368.20000000004075        2.5706922202221421     
   368.24000000004077        2.5960850734648702     
   368.28000000004079        2.6244911150889201     
   368.32000000004081        2.6558821244228041     
   368.36000000004083        2.6902133018862666     
   368.40000000004085        2.7274238123344059     
   368.44000000004087        2.7674374134005748     
   368.48000000004089        2.8101631797993929     
   368.52000000004091        2.8554963335998060     
   368.56000000004093        2.9033191883831533     
   368.60000000004095        2.9535022120614896     
   368.64000000004097        3.0059052091137430     
   368.68000000004099        3.0603786183310100     
   368.72000000004101        3.1167649171289180     
   368.76000000004103        3.1749001184018582     
   368.80000000004105        3.2346153410932312     
   368.84000000004107        3.2957384314602471     
   368.88000000004109        3.3580956087089788     
   368.92000000004111        3.4215131064941553     
   368.96000000004113        3.4858187808694345     
   369.00000000004115        3.5508436556980181     
   369.04000000004118        2.6667619289233286     
   369.08000000004120        2.6007857465189863     
   369.12000000004122        2.5345643205588342     
   369.16000000004124        2.4682406395670142     
   369.20000000004126        2.4019485695959877     
   369.24000000004128        2.3358121267241843     
   369.28000000004130        2.2699449174904638     
   369.32000000004132        2.2044497433912129     
   369.36000000004134        2.1394183615479516     
   369.40000000004136        2.0749313903629267     
   369.44000000004138        2.0110583464954579     
   369.48000000004140        1.9478577978345288     
   369.52000000004142        1.8853776162865035     
   369.56000000004144        1.8236553140752803     
   369.60000000004146        1.7627184477727074     
   369.64000000004148        1.7025850753301748     
   369.68000000004150        1.6432642528520527     
   369.72000000004152        1.5847565596236646     
   369.76000000004154        1.5270546418741815     
   369.80000000004156        1.4701437678230691     
   369.84000000004158        1.4140023886460047     
   369.88000000004160        1.3586027020346132     
   369.92000000004163        1.3039112169586500     
   369.96000000004165        1.2498893200244943     
   370.00000000004167        1.1964938454227338     
   370.04000000004169        1.1436776518375045     
   370.08000000004171        1.0913902108198197     
   370.12000000004173        1.0395782119736687     
   370.16000000004175       0.98818619083059134     
   370.20000000004177       0.93715718545367577     
   370.24000000004179       0.88643342756717991     
   370.28000000004181       0.83595707329931290     
   370.32000000004183       0.78567097739589409     
   370.36000000004185       0.73551951295506401     
   370.40000000004187       0.68544943629863919     
   370.44000000004189       0.63541079350069940     
   370.48000000004191       0.58535786133247480     
   370.52000000004193       0.53525011098906705     
   370.56000000004195       0.48505317802782577     
   370.60000000004197       0.43473981663001537     
   370.64000000004199       0.38429081083885963     
   370.68000000004201       0.33369581016008310     
   370.72000000004203       0.28295405225674353     
   370.76000000004206       0.23207493192609008     
   370.80000000004208       0.18107837365926782     
   370.84000000004210       0.12999496540701949     
   370.88000000004212        7.8865814203463835E-002
   370.92000000004214        2.7742090405518227E-002
   370.96000000004216        2.3315763347303564E-002
   371.00000000004218        7.4239169870515043E-002
   371.04000000004220       0.12495289811935800     
   371.08000000004222       0.17537686599750607     
   371.12000000004224       0.22542822659463285     
   371.16000000004226       0.27502368183258741     
   371.20000000004228       0.32408195218280089     
   371.24000000004230       0.37252631922303292     
   371.28000000004232       0.42028715052336041     
   371.32000000004234       0.46730431450225063     
   371.36000000004236       0.51352939678765253     
   371.40000000004238       0.55892763901669196     
   371.44000000004240       0.60347953514071928     
   371.48000000004242       0.64718203796218088     
   371.52000000004244       0.69004934832016784     
   371.56000000004246       0.73211327945948068     
   371.60000000004248       0.77342320813572241     
   371.64000000004251       0.81404564062993079     
   371.68000000004253       0.85406343511646587     
   371.72000000004255       0.89357473119058106     
   371.76000000004257       0.93269164265829485     
   371.80000000004259       0.97153877111410059     
   371.84000000004261        1.0102515958505363     
   371.88000000004263        1.0489747909103773     
   371.92000000004265        1.0878605133514665     
   371.96000000004267        1.1270666988008038     
   372.00000000004269        1.1667553918302893     
   372.04000000004271        1.2070911301981033     
   372.08000000004273        1.2482393940557526     
   372.12000000004275        1.2903651241867919     
   372.16000000004277        1.3336313074687265     
   372.20000000004279        1.3781976231838517     
   372.24000000004281        1.4242191406163578     
   372.28000000004283        1.4718450565696641     
   372.32000000004285        1.5212174609845381     
   372.36000000004287        1.5724701196709145     
   372.40000000004289        1.6257272652002954     
   372.44000000004291        1.6811023901407256     
   372.48000000004293        1.7386970409347198     
   372.52000000004296        1.7985996156813941     
   372.56000000004298        1.8608841747151557     
   372.60000000004300        1.9256092789607666     
   372.64000000004302        1.9928168773233921     
   372.68000000004304        2.0625312705192975     
   372.72000000004306        2.1347581843860279     
   372.76000000004308        2.2094839903957859     
   372.80000000004310        2.2866751143634345     
   372.84000000004312        2.3662776757171393     
   372.88000000004314        2.4482173987477425     
   372.92000000004316        2.5323998336229878     
   372.96000000004318        2.6187109184396573     
   373.00000000004320        2.7070179041844913     
   373.04000000004322        2.7971706524206170     
   373.08000000004324        2.8890033013132923     
   373.12000000004326        2.9823362800207560     
   373.16000000004328        3.0769786354859887     
   373.20000000004330        3.1727306204001300     
   373.24000000004332        3.2693864777335340     
   373.28000000004334        3.3667373468273691     
   373.32000000004336        2.8186110976976213     
   373.36000000004339        2.7204945148485096     
   373.40000000004341        2.6222989629426672     
   373.44000000004343        2.5242170929200283     
   373.48000000004345        2.4264311408271277     
   373.52000000004347        2.3291109267591539     
   373.56000000004349        2.2324122025177893     
   373.60000000004351        2.1364753671301457     
   373.64000000004353        2.0414245538954532     
   373.68000000004355        1.9473670785500004     
   373.72000000004357        1.8543932261906511     
   373.76000000004359        1.7625763452367249     
   373.80000000004361        1.6719732101409057     
   373.84000000004363        1.5826246107494357     
   373.88000000004365        1.4945561249385633     
   373.92000000004367        1.4077790320637236     
   373.96000000004369        1.3222913274198629     
   374.00000000004371        1.2380788018702993     
   374.04000000004373        1.1551161556183898     
   374.08000000004375        1.0733681203773211     
   374.12000000004377       0.99279056960790313     
   374.16000000004379       0.91333160178202166     
   374.20000000004381       0.83493258659964709     
   374.24000000004384       0.75752916861225761     
   374.28000000004386       0.68105222671048282     
   374.32000000004388       0.60542879138527117     
   374.36000000004390       0.53058292456598677     
   374.40000000004392       0.45643656918988151     
   374.44000000004394       0.38291037748820367     
   374.48000000004396       0.30992452830789219     
   374.52000000004398       0.23739954464109880     
   374.56000000004400       0.16525712291325423     
   374.60000000004402        9.3420985475117568E-002
   374.64000000004404        2.1817767130181132E-002
   374.68000000004406        4.9622054635147794E-002
   374.72000000004408       0.12096317782014365     
   374.76000000004410       0.19226443701784479     
   374.80000000004412       0.26357770518115831     
   374.84000000004414       0.33494673774446593     
   374.88000000004416       0.40640596562210618     
   374.92000000004418       0.47797924928359814     
   374.96000000004420       0.54967861259550888     
   375.00000000004422       0.62150298230563816     
   375.04000000004424       0.69343696671774291     
   375.08000000004427       0.76544971494471592     
   375.12000000004429       0.83749390569314874     
   375.16000000004431       0.90950492125788096     
   375.20000000004433       0.98140026761845611     
   375.24000000004435        1.0530793044832354     
   375.28000000004437        1.1244233490563391     
   375.32000000004439        1.1952962135030780     
   375.36000000004441        1.2655452280125710     
   375.40000000004443        1.3350027887126616     
   375.44000000004445        1.4034884525490359     
   375.48000000004447        1.4708115800931887     
   375.52000000004449        1.5367745030461046     
   375.56000000004451        1.6011761673390346     
   375.60000000004453        1.6638161769175981     
   375.64000000004455        1.7244991394283287     
   375.68000000004457        1.7830391949852102     
   375.72000000004459        1.8392645946188801     
   375.76000000004461        1.8930221871103359     
   375.80000000004463        1.9441816723130487     
   375.84000000004465        1.9926394857564169     
   375.88000000004467        2.0383221926617741     
   375.92000000004469        2.0811892883361574     
   375.96000000004472        2.1212353247357800     
   376.00000000004474        2.1584913081527390     
   376.04000000004476        2.1930253388500232     
   376.08000000004478        2.2249424886105675     
   376.12000000004480        2.2543839354165067     
   376.16000000004482        2.2815253949941470     
   376.20000000004484        2.3065749062127572     
   376.24000000004486        2.3297700410316784     
   376.28000000004488        2.3513746197635537     
   376.32000000004490        2.3716750189074087     
   376.36000000004492        2.3909761618384597     
   376.40000000004494        2.4095972824244045     
   376.44000000004496        2.4278675484404597     
   376.48000000004498        2.4461216258287268     
   376.52000000004500        2.4646952568413254     
   376.56000000004502        2.4839209154807382     
   376.60000000004504        2.5041235930714878     
   376.64000000004506        2.5256167560163489     
   376.68000000004508        2.5486985076046880     
   376.72000000004510        2.5736479769360630     
   376.76000000004512        2.6007219513084068     
   376.80000000004515        2.6301517643609014     
   376.84000000004517        2.6621404512101003     
   376.88000000004519        2.6968601838599326     
   376.92000000004521        2.7344500050788714     
   376.96000000004523        2.7750138861662101     
   377.00000000004525        2.8186191426895819     
   377.04000000004527        2.8652952511846244     
   377.08000000004529        2.9150331175505633     
   377.12000000004531        2.9677848529126796     
   377.16000000004533        3.0234641135361482     
   377.20000000004535        3.0819470566501344     
   377.24000000004537        3.1430739528642548     
   377.28000000004539        3.2066514779178288     
   377.32000000004541        3.2724556822360782     
   377.36000000004543        3.3402356074499662     
   377.40000000004545        3.4097174867430633     
   377.44000000004547        3.4806094333369413     
   377.48000000004549        3.5526064916900735     
   377.52000000004551        2.6577894050635584     
   377.56000000004553        2.5845228930395225     
   377.60000000004555        2.5110918283704997     
   377.64000000004557        2.4378011511162430     
   377.68000000004560        2.3649437174874479     
   377.72000000004562        2.2927963794420565     
   377.76000000004564        2.2216167091645187     
   377.80000000004566        2.1516404234655995     
   377.84000000004568        2.0830795274375467     
   377.88000000004570        2.0161211633896263     
   377.92000000004572        1.9509271224045364     
   377.96000000004574        1.8876339532870288     
   378.00000000004576        1.8263535879253519     
   378.04000000004578        1.7671743931360500     
   378.08000000004580        1.7101625563177845     
   378.12000000004582        1.6553637147095825     
   378.16000000004584        1.6028047445340889     
   378.20000000004586        1.5524956355631319     
   378.24000000004588        1.5044313875091246     
   378.28000000004590        1.4585938761239206     
   378.32000000004592        1.4149536481862914     
   378.36000000004594        1.3734716151059518     
   378.40000000004596        1.3341006242933608     
   378.44000000004598        1.2967868955403130     
   378.48000000004600        1.2614713163632958     
   378.52000000004602        1.2280905956169974     
   378.56000000004605        1.1965782787939094     
   378.60000000004607        1.1668656314319530     
   378.64000000004609        1.1388823991176058     
   378.68000000004611        1.1125574538612977     
   378.72000000004613        1.0878193372902194     
   378.76000000004615        1.0645967112913639     
   378.80000000004617        1.0428187265663529     
   378.84000000004619        1.0224153191317105     
   378.88000000004621        1.0033174441974011     
   378.92000000004623       0.98545725614913193     
   378.96000000004625       0.96876824259753969     
   379.00000000004627       0.95318531967860132     
   379.04000000004629       0.93864489502241577     
   379.08000000004631       0.92508490407143196     
   379.12000000004633       0.91244482473698874     
   379.16000000004635       0.90066567474228698     
   379.20000000004637       0.88968999541432536     
   379.24000000004639       0.87946182515780036     
   379.28000000004641       0.86992666536935914     
   379.32000000004643       0.86103144112844499     
   379.36000000004645       0.85272445862801449     
   379.40000000004648       0.84495536098084489     
   379.44000000004650       0.83767508375104205     
   379.48000000004652       0.83083581131174045     
   379.52000000004654       0.82439093491500870     
   379.56000000004656       0.81829501317504416     
   379.60000000004658       0.81250373550742871     
   379.64000000004660       0.80697388893251620     
   379.68000000004662       0.80166332853706646     
   379.72000000004664       0.79653095179251299     
   379.76000000004666       0.79153667684856011     
   379.80000000004668       0.78664142485502175     
   379.84000000004670       0.78180710631123507     
   379.88000000004672       0.77699661139932896     
   379.92000000004674       0.77217380422374049     
   379.96000000004676       0.76730352085327880     
   380.00000000004678       0.76235157104265916     
   380.04000000004680       0.75728474349666719     
   380.08000000004682       0.75207081453106017     
   380.12000000004684       0.74667855997903487     
   380.16000000004686       0.74107777018986187     
   380.20000000004688       0.73523926796628736     
   380.24000000004690       0.72913492928887091     
   380.28000000004693       0.72273770667791659     
   380.32000000004695       0.71602165504641757     
   380.36000000004697       0.70896195989991195     
   380.40000000004699       0.70153496774078494     
   380.44000000004701       0.69371821853481919     
   380.48000000004703       0.68549048009625224     
   380.52000000004705       0.67683178424373569     
   380.56000000004707       0.66772346457305254     
   380.60000000004709       0.65814819568285721     
   380.64000000004711       0.64809003367673146     
   380.68000000004713       0.63753445774826378     
   380.72000000004715       0.62646841263547071     
   380.76000000004717       0.61488035170653976     
   380.80000000004719       0.60276028041063601     
   380.84000000004721       0.59009979979534055     
   380.88000000004723       0.57689214975647563     
   380.92000000004725       0.56313225164683445     
   380.96000000004727       0.54881674982813067     
   381.00000000004729       0.53394405170594439     
   381.04000000004731       0.51851436574119170     
   381.08000000004733       0.50252973688467861     
   381.12000000004736       0.48599407883460000     
   381.16000000004738       0.46891320247161783     
   381.20000000004740       0.45129483978381391     
   381.24000000004742       0.43314866255578366     
   381.28000000004744       0.41448629506410040     
   381.32000000004746       0.39532131999702091     
   381.36000000004748       0.37566927680136164     
   381.40000000004750       0.35554765165580005     
   381.44000000004752       0.33497585827908694     
   381.48000000004754       0.31397520880549568     
   381.52000000004756       0.29256887399970122     
   381.56000000004758       0.27078183214040230     
   381.60000000004760       0.24864080597726979     
   381.64000000004762       0.22617418725968808     
   381.68000000004764       0.20341194844838562     
   381.72000000004766       0.18038554135181428     
   381.76000000004768       0.15712778257712667     
   381.80000000004770       0.13367272584901979     
   381.84000000004772       0.11005552142643005     
   381.88000000004774        8.6312263034129977E-002
   381.92000000004776        6.2479822920258776E-002
   381.96000000004778        3.8595675847878930E-002
   382.00000000004781        1.4697713024342640E-002
   382.04000000004783        6.2740093543416489     
   382.08000000004785        3.2987189956621962E-002
   382.12000000004787        5.6698055874130612E-002
   382.16000000004789        8.0271010131903353E-002
   382.20000000004791       0.10366912942491677     
   382.24000000004793       0.12685632334581476     
   382.28000000004795       0.14979754876781853     
   382.32000000004797       0.17245902088881904     
   382.36000000004799       0.19480841896717277     
   382.40000000004801       0.21681508482321354     
   382.44000000004803       0.23845021225888186     
   382.48000000004805       0.25968702565973406     
   382.52000000004807       0.28050094618657218     
   382.56000000004809       0.30086974413487239     
   382.60000000004811       0.32077367623520081     
   382.64000000004813       0.34019560688244771     
   382.68000000004815       0.35912111251112255     
   382.72000000004817       0.37753856857303625     
   382.76000000004819       0.39543921881726990     
   382.80000000004821       0.41281722681530519     
   382.84000000004824       0.42966970991170561     
   382.88000000004826       0.44599675600830679     
   382.92000000004828       0.46180142380345579     
   382.96000000004830       0.47708972730398380     
   383.00000000004832       0.49187060560340568     
   383.04000000004834       0.50615587907310267     
   383.08000000004836       0.51996019324233222     
   383.12000000004838       0.53330095174684511     
   383.16000000004840       0.54619823980425541     
   383.20000000004842       0.55867473972719395     
   383.24000000004844       0.57075564001325152     
   383.28000000004846       0.58246853955470335     
   383.32000000004848       0.59384334849223108     
   383.36000000004850       0.60491218719676776     
   383.40000000004852       0.61570928480376019     
   383.44000000004854       0.62627087864619946     
   383.48000000004856       0.63663511583832877     
   383.52000000004858       0.64684195815251910     
   383.56000000004860       0.65693309120877252     
   383.60000000004862       0.66695183886083886     
   383.64000000004864       0.67694308351590049     
   383.68000000004866       0.68695319296679025     
   383.72000000004869       0.69702995414700575     
   383.76000000004871       0.70722251403922987     
   383.80000000004873       0.71758132777713346     
   383.84000000004875       0.72815811377694750     
   383.88000000004877       0.73900581551825772     
   383.92000000004879       0.75017856936084493     
   383.96000000004881       0.76173167753390181     
   384.00000000004883       0.77372158516292089     
   384.04000000004885       0.78620585990492708     
   384.08000000004887       0.79924317244120924     
   384.12000000004889       0.81289327572475090     
   384.16000000004891       0.82721698049367132     
   384.20000000004893       0.84227612413879482     
   384.24000000004895       0.85813352955009559     
   384.28000000004897       0.87485295006121078     
   384.32000000004899       0.89249899606280358     
   384.36000000004901       0.91113703826562542     
   384.40000000004903       0.93083308196679804     
   384.44000000004905       0.95165360601604210     
   384.48000000004907       0.97366535950519939     
   384.52000000004909       0.99693510853380785     
   384.56000000004911        1.0215293247630384     
   384.60000000004914        1.0475138068972933     
   384.64000000004916        1.0749532257762842     
   384.68000000004918        1.1039105834832705     
   384.72000000004920        1.1344465768556740     
   384.76000000004922        1.1666188561173465     
   384.80000000004924        1.2004811701492035     
   384.84000000004926        1.2360823913041354     
   384.88000000004928        1.2734654147928137     
   384.92000000004930        1.3126659306647448     
   384.96000000004932        1.3537110704251236     
   385.00000000004934        1.3966179354850299     
   385.04000000004936        1.4413920210240270     
   385.08000000004938        1.4880255564702121     
   385.12000000004940        1.5364957926002649     
   385.16000000004942        1.5867632750334657     
   385.20000000004944        1.6387701542862052     
   385.24000000004946        1.6924385930351113     
   385.28000000004948        1.7476693410848934     
   385.32000000004950        1.8043405568484259     
   385.36000000004952        1.8623069598771278     
   385.40000000004954        1.9213994010175783     
   385.44000000004957        1.9814249340474430     
   385.48000000004959        2.0421674642781813     
   385.52000000004961        2.1033890350693474     
   385.56000000004963        2.1648317924500868     
   385.60000000004965        2.2262206416867918     
   385.64000000004967        2.2872665789573512     
   385.68000000004969        2.3476706482281853     
   385.72000000004971        3.8760568667564730     
   385.76000000004973        3.8178502854547656     
   385.80000000004975        3.7611951541808559     
   385.84000000004977        3.7063816620772432     
   385.88000000004979        3.6536846204355662     
   385.92000000004981        3.6033583240323064     
   385.96000000004983        3.5556317525720171     
   386.00000000004985        3.5107042444691343     
   386.04000000004987        3.4687417507683280     
   386.08000000004989        3.4298737493198597     
   386.12000000004991        3.3941908709276052     
   386.16000000004993        3.3617432623219621     
   386.20000000004995        3.3325396871900579     
   386.24000000004997        3.3065473471589377     
   386.28000000004999        3.2836923899165864     
   386.32000000005002        3.2638610613024346     
   386.36000000005004        3.2469014514820032     
   386.40000000005006        3.2326257812618380     
   386.44000000005008        3.2208131721665327     
   386.48000000005010        3.2112128421726474     
   386.52000000005012        3.2035476673024701     
   386.56000000005014        3.1975180472663594     
   386.60000000005016        3.1928060109736074     
   386.64000000005018        3.1890794952592558     
   386.68000000005020        3.1859967280488233     
   386.72000000005022        3.0999746612321433     
   386.76000000005024        3.1028120307639209     
   386.80000000005026        3.1060452905015037     
   386.84000000005028        3.1100115616799697     
   386.88000000005030        3.1150365972651635     
   386.92000000005032        3.1214311705581226     
   386.96000000005034        3.1294877805941823     
   387.00000000005036        3.1394777063945569     
   387.04000000005038        3.1516484328108705     
   387.08000000005040        3.1662214620972842     
   387.12000000005042        3.1833905179574655     
   387.16000000005045        3.2033201429738019     
   387.20000000005047        3.2261446861520691     
   387.24000000005049        3.2519676747080482     
   387.28000000005051        3.2808615628900042     
   387.32000000005053        3.3128678501276161     
   387.36000000005055        3.3479975605872210     
   387.40000000005057        3.3862320757356508     
   387.44000000005059        3.4275243102591157     
   387.48000000005061        3.4718002192522714     
   387.52000000005063        3.5189606207562485     
   387.56000000005065        3.5688833124576265     
   387.60000000005067        3.6214254548552445     
   387.64000000005069        3.6764261858566751     
   387.68000000005071        3.7337094241484401     
   387.72000000005073        3.7930868114705882     
   387.76000000005075        3.8543607378280180     
   387.80000000005077        3.9173273893500982     
   387.84000000005079        3.9817797565007420     
   387.88000000005081        2.2356747661949616     
   387.92000000005083        2.1688704040806055     
   387.96000000005085        2.1011923098737362     
   388.00000000005087        2.0328330550995455     
   388.04000000005090        1.9639759471057463     
   388.08000000005092        1.8947933515180124     
   388.12000000005094        1.8254453389090393     
   388.16000000005096        1.7560786562990640     
   388.20000000005098        1.6868260140997480     
   388.24000000005100        1.6178056705468871     
   388.28000000005102        1.5491212888540176     
   388.32000000005104        1.4808620374109058     
   388.36000000005106        1.4131029003516944     
   388.40000000005108        1.3459051646066167     
   388.44000000005110        1.2793170499157982     
   388.48000000005112        1.2133744499524357     
   388.52000000005114        1.1481017553776112     
   388.56000000005116        1.0835127330323571     
   388.60000000005118        1.0196114392872726     
   388.64000000005120       0.95639314957304666     
   388.68000000005122       0.89384529010526026     
   388.72000000005124       0.83194836163549502     
   388.76000000005126       0.77067684859079177     
   388.80000000005128       0.71000011012338549     
   388.84000000005130       0.64988325233012190     
   388.88000000005133       0.59028798318569908     
   388.92000000005135       0.53117345355024015     
   388.96000000005137       0.47249708895247244     
   389.00000000005139       0.41421541771056947     
   389.04000000005141       0.35628490132794521     
   389.08000000005143       0.29866277298149058     
   389.12000000005145       0.24130788929042191     
   389.16000000005147       0.18418159939608358     
   389.20000000005149       0.12724863367563843     
   389.24000000005151        7.0478012136651058E-002
   389.28000000005153        1.3843969684457669E-002
   389.32000000005155        4.2673107974161351E-002
   389.36000000005157        9.9085747996952245E-002
   389.40000000005159       0.15539846828846859     
   389.44000000005161       0.21160688903834979     
   389.48000000005163       0.26769690232151433     
   389.52000000005165       0.32364392905808548     
   389.56000000005167       0.37941229712874858     
   389.60000000005169       0.43495477815680283     
   389.64000000005171       0.49021232295768047     
   389.68000000005173       0.54511403644597289     
   389.72000000005175       0.59957743141210207     
   389.76000000005178       0.65350899662571416     
   389.80000000005180       0.70680510789635842     
   389.84000000005182       0.75935330090734476     
   389.88000000005184       0.81103391195373264     
   389.92000000005186       0.86172207755452035     
   389.96000000005188       0.91129006695955217     
   390.00000000005190       0.95960990379605782     
   390.04000000005192        1.0065562156795416     
   390.08000000005194        1.0520092348551879     
   390.12000000005196        1.0958578601461229     
   390.16000000005198        1.1380026818327440     
   390.20000000005200        1.1783588674685466     
   390.24000000005202        1.2168588085636662     
   390.28000000005204        1.2534544355951960     
   390.32000000005206        1.2881191215206202     
   390.36000000005208        1.3208491110340796     
   390.40000000005210        1.3516644330294216     
   390.44000000005212        1.3806092757161175     
   390.48000000005214        1.4077518260946758     
   390.52000000005216        1.4331835966198492     
   390.56000000005218        1.4570182806273284     
   390.60000000005220        1.4793901935076161     
   390.64000000005223        1.5004523680364625     
   390.68000000005225        1.5203743794086653     
   390.72000000005227        1.5393399783847987     
   390.76000000005229        1.5575446098392076     
   390.80000000005231        1.5751928894011331     
   390.84000000005233        1.5924961034690206     
   390.88000000005235        1.6096697883941240     
   390.92000000005237        1.6269314338374912     
   390.96000000005239        1.6444983439357972     
   391.00000000005241        1.6625856786236961     
   391.04000000005243        1.6814046868080827     
   391.08000000005245        1.7011611335089869     
   391.12000000005247        1.7220539148857117     
   391.16000000005249        1.7442738484502995     
   391.20000000005251        1.7680026208229696     
   391.24000000005253        1.7934118721066989     
   391.28000000005255        1.8206623942821210     
   391.32000000005257        1.8499034208304570     
   391.36000000005259        1.8812719859290545     
   391.40000000005261        1.9148923338597204     
   391.44000000005263        1.9508753625434159     
   391.48000000005266        1.9893180891815347     
   391.52000000005268        2.0303031306577770     
   391.56000000005270        2.0738981964466436     
   391.60000000005272        2.1201555970894534     
   391.64000000005274        2.1691117766305972     
   391.68000000005276        2.2207868825347878     
   391.72000000005278        2.2751843912933443     
   391.76000000005280        2.3322908119221055     
   391.80000000005282        2.3920754925950991     
   391.84000000005284        2.4544905574896627     
   391.88000000005286        2.5194710013044741     
   391.92000000005288        2.5869349676594613     
   391.96000000005290        2.6567842345726129     
   392.00000000005292        2.7289049254050539     
   392.04000000005294        2.8031684571619486     
   392.08000000005296        2.8794327300550191     
   392.12000000005298        2.9575435531311829     
   392.16000000005300        3.0373362910343342     
   392.20000000005302        3.1186377071746154     
   392.24000000005304        3.2012679693675183     
   392.28000000005306        3.2850427760106489     
   392.32000000005308        3.3697755546663073     
   392.36000000005311        3.4552796809734181     
   392.40000000005313        2.7418146427626722     
   392.44000000005315        2.6553170584459820     
   392.48000000005317        2.5685869286589633     
   392.52000000005319        2.4817903175478371     
   392.56000000005321        2.3950837184452047     
   392.60000000005323        2.3086127107969912     
   392.64000000005325        2.2225108696640103     
   392.68000000005327        2.1368989343786993     
   392.72000000005329        2.0518842340245760     
   392.76000000005331        1.9675603595415685     
   392.80000000005333        1.8840070657693042     
   392.84000000005335        1.8012903818119346     
   392.88000000005337        1.7194629048016410     
   392.92000000005339        1.6385642504002971     
   392.96000000005341        1.5586216330679268     
   393.00000000005343        1.4796505500391259     
   393.04000000005345        1.4016555448464221     
   393.08000000005347        1.3246310288634990     
   393.12000000005349        1.2485621424700826     
   393.16000000005351        1.1734256408442261     
   393.20000000005354        1.0991907928763465     
   393.24000000005356        1.0258202851149352     
   393.28000000005358       0.95327112587090568     
   393.32000000005360       0.88149554752925541     
   393.36000000005362       0.81044190766990498     
   393.40000000005364       0.74005559172855717     
   393.44000000005366       0.67027992158863858     
   393.48000000005368       0.60105707564794231     
   393.52000000005370       0.53232902651015102     
   393.56000000005372       0.46403850247108958     
   393.60000000005374       0.39612997835709818     
   393.64000000005376       0.32855069997926134     
   393.68000000005378       0.26125174444245269     
   393.72000000005380       0.19418911574708009     
   393.76000000005382       0.12732487151238558     
   393.80000000005384        6.0628272226763036E-002
   393.84000000005386        5.9230607737197349E-003
   393.88000000005388        7.2341998292259735E-002
   393.92000000005390       0.13863079333802464     
   393.96000000005392       0.20478004107717762     
   394.00000000005394       0.27076774807251147     
   394.04000000005396       0.33655855625587860     
   394.08000000005399       0.40210317198592205     
   394.12000000005401       0.46733805366870862     
   394.16000000005403       0.53218541207100312     
   394.20000000005405       0.59655357496926864     
   394.24000000005407       0.66033776159058000     
   394.28000000005409       0.72342130205008259     
   394.32000000005411       0.78567732260013490     
   394.36000000005413       0.84697089927754088     
   394.40000000005415       0.90716166118846608     
   394.44000000005417       0.96610680135325044     
   394.48000000005419        1.0236644292648303     
   394.52000000005421        1.0796971768704267     
   394.56000000005423        1.1340759504286801     
   394.60000000005425        1.1866837063685902     
   394.64000000005427        1.2374191213016195     
   394.68000000005429        1.2862000256259500     
   394.72000000005431        1.3329664769936884     
   394.76000000005433        1.3776833638952364     
   394.80000000005435        1.4203424497266257     
   394.84000000005437        1.4609637924126080     
   394.88000000005439        1.4995965020971331     
   394.92000000005442        1.5363188275951072     
   394.96000000005444        1.5712375893132293     
   395.00000000005446        1.6044870005293617     
   395.04000000005448        1.6362269389755451     
   395.08000000005450        1.6666407457427037     
   395.12000000005452        1.6959326382087738     
   395.16000000005454        1.7243248279991845     
   395.20000000005456        1.7520544342891740     
   395.24000000005458        1.7793702776981668     
   395.28000000005460        1.8065296314451103     
   395.32000000005462        1.8337949952760275     
   395.36000000005464        1.8614309449209552     
   395.40000000005466        1.8897010964398295     
   395.44000000005468        1.9188652116546456     
   395.48000000005470        1.9491764587097002     
   395.52000000005472        1.9808788312962775     
   395.56000000005474        2.0142047217275758     
   395.60000000005476        2.0493726372181142     
   395.64000000005478        2.0865850456351871     
   395.68000000005480        2.1260263367401353     
   395.72000000005482        2.1678608874859089     
   395.76000000005484        2.2122312251160476     
   395.80000000005487        2.2592562893166042     
   395.84000000005489        2.3090298040634893     
   395.88000000005491        2.3616187804910393     
   395.92000000005493        2.4170621833373320     
   395.96000000005495        2.4753698044031194     
   396.00000000005497        2.5365213959722395     
   396.04000000005499        2.6004661241786868     
   396.08000000005501        2.6671224057588336     
   396.12000000005503        2.7363781904839062     
   396.16000000005505        2.8080917450417435     
   396.20000000005507        2.8820929818094472     
   396.24000000005509        2.9581853579102915     
   396.28000000005511        3.0361483468552035     
   396.32000000005513        3.1157404582362798     
   396.36000000005515        3.1967027522494704     
   396.40000000005517        3.2787627675880198     
   396.44000000005519        3.3616387559744534     
   396.48000000005521        2.8381412104868882     
   396.52000000005523        2.7544935552431618     
   396.56000000005525        2.6708866872682084     
   396.60000000005527        2.5875956593265621     
   396.64000000005530        2.5048837262310917     
   396.68000000005532        2.4229990629502556     
   396.72000000005534        2.3421720263643886     
   396.76000000005536        2.2626130081341591     
   396.80000000005538        2.1845108966065090     
   396.84000000005540        2.1080321380064211     
   396.88000000005542        2.0333203631458110     
   396.92000000005544        1.9604965267463084     
   396.96000000005546        1.8896594928295907     
   397.00000000005548        1.8208869915175314     
   397.04000000005550        1.7542368695818822     
   397.08000000005552        1.6897485584404255     
   397.12000000005554        1.6274446880810993     
   397.16000000005556        1.5673327826202825     
   397.20000000005558        1.5094069819257192     
   397.24000000005560        1.4536497431345285     
   397.28000000005562        1.4000334853036560     
   397.32000000005564        1.3485221493431423     
   397.36000000005566        1.2990726534617631     
   397.40000000005568        1.2516362314013305     
   397.44000000005570        1.2061596466669653     
   397.48000000005572        1.1625862807802125     
   397.52000000005575        1.1208570973554930     
   397.56000000005577        1.0809114866322447     
   397.60000000005579        1.0426879971094998     
   397.64000000005581        1.0061249622572870     
   397.68000000005583       0.97116103104736728     
   397.72000000005585       0.93773561137185979     
   397.76000000005587       0.90578923540645384     
   397.80000000005589       0.87526385571437260     
   397.84000000005591       0.84610308045244453     
   397.88000000005593       0.81825235549177577     
   397.92000000005595       0.79165910065023359     
   397.96000000005597       0.76627280658878227     
   398.00000000005599       0.74204509827598031     
   398.04000000005601       0.71892977029422367     
   398.08000000005603       0.69688279866108571     
   398.12000000005605       0.67586233327798562     
   398.16000000005607       0.65582867460129313     
   398.20000000005609       0.63674423765997723     
   398.24000000005611       0.61857350611911555     
   398.28000000005613       0.60128297870861225     
   398.32000000005615       0.58484110999910710     
   398.36000000005617       0.56921824720931014     
   398.40000000005620       0.55438656446772550     
   398.44000000005622       0.54031999572357048     
   398.48000000005624       0.52699416730331938     
   398.52000000005626       0.51438633093756403     
   398.56000000005628       0.50247529793468848     
   398.60000000005630       0.49124137505049648     
   398.64000000005632       0.48066630249376141     
   398.68000000005634       0.47073319441442774     
   398.72000000005636       0.46142648214178417     
   398.76000000005638       0.45273186037249546     
   398.80000000005640       0.44463623645129280     
   398.84000000005642       0.43712768283894388     
   398.88000000005644       0.43019539282159780     
   398.92000000005646       0.42382963948162367     
   398.96000000005648       0.41802173792170771     
   399.00000000005650       0.41276401071039759     
   399.04000000005652       0.40804975649780451     
   399.08000000005654       0.40387322173418161     
   399.12000000005656       0.40022957541108006     
   399.16000000005658       0.39711488673430129     
   399.20000000005660       0.39452610562955126     
   399.24000000005663       0.39246104597524800     
   399.28000000005665       0.39091837145206254     
   399.32000000005667       0.38989758389528451     
   399.36000000005669       0.38939901403379285     
   399.40000000005671       0.38942381449813102     
   399.44000000005673       0.38997395497982135     
   399.48000000005675       0.39105221942446411     
   399.52000000005677       0.39266220514230232     
   399.56000000005679       0.39480832372168262     
   399.60000000005681       0.39749580363317705     
   399.64000000005683       0.40073069441495290     
   399.68000000005685       0.40451987233329767     
   399.72000000005687       0.40887104741592006     
   399.76000000005689       0.41379277175976537     
   399.80000000005691       0.41929444901954316     
   399.84000000005693       0.42538634498793293     
   399.88000000005695       0.43207959918347782     
   399.92000000005697       0.43938623736744153     
   399.96000000005699       0.44731918491636335     
   400.00000000005701       0.45589228098261270     
