   0.0000000000000000        1.0000000474974513E-003
   4.0000000000000001E-002   9.9840491718627966E-004
   8.0000000000000002E-002   9.9522037574283073E-004
  0.12000000000000000        9.9045465361684293E-004
  0.16000000000000000        9.8411847742567449E-004
  0.20000000000000001        9.7622505094933920E-004
  0.24000000000000002        9.6679003218599902E-004
  0.28000000000000003        9.5583150644618087E-004
  0.32000000000000001        9.4336995548070790E-004
  0.35999999999999999        9.2942822265434932E-004
  0.39999999999999997        9.1403147419391595E-004
  0.43999999999999995        8.9720715655526584E-004
  0.47999999999999993        8.7898494996882515E-004
  0.51999999999999991        8.5939671823627439E-004
  0.55999999999999994        8.3847645486266609E-004
  0.59999999999999998        8.1626022561757938E-004
  0.64000000000000001        7.9278610762624491E-004
  0.68000000000000005        7.6809412509633301E-004
  0.72000000000000008        7.4222618178866606E-004
  0.76000000000000012        7.1522599034040679E-004
  0.80000000000000016        6.8713899854738747E-004
  0.84000000000000019        6.5801231270838645E-004
  0.88000000000000023        6.2789461812877423E-004
  0.92000000000000026        5.9683609687420647E-004
  0.96000000000000030        5.6488834285739475E-004
   1.0000000000000002        5.3210427433300622E-004
   1.0400000000000003        4.9853804386744416E-004
   1.0800000000000003        4.6424494584319798E-004
   1.1200000000000003        4.2928132155065080E-004
   1.1600000000000004        3.9370446191550057E-004
   1.2000000000000004        3.5757250790710571E-004
   1.2400000000000004        3.2094434867289967E-004
   1.2800000000000005        2.8387951744643369E-004
   1.3200000000000005        2.4643808528276856E-004
   1.3600000000000005        2.0868055268444263E-004
   1.4000000000000006        1.7066773919424683E-004
   1.4400000000000006        1.3246067104932813E-004
   1.4800000000000006        9.4120467010794240E-005
   1.5200000000000007        5.5708222510025829E-005
   1.5600000000000007        1.7284892279811892E-005
   1.6000000000000008        2.1088828327631148E-005
   1.6400000000000008        5.9352623099806490E-005
   1.6800000000000008        9.7446675525747484E-005
   1.7200000000000009        1.3531178984732550E-004
   1.7600000000000009        1.7288951224525562E-004
   1.8000000000000009        2.1012225176500476E-004
   1.8400000000000010        2.4695340054678439E-004
   1.8800000000000010        2.8332745288511818E-004
   1.9200000000000010        3.1919012260711588E-004
   1.9600000000000011        3.5448845822472208E-004
   2.0000000000000009        3.8917095528845369E-004
   2.0400000000000009        4.2318766534571450E-004
   2.0800000000000010        4.5649030088978915E-004
   2.1200000000000010        4.8903233567482163E-004
   2.1600000000000010        5.2076909976950247E-004
   2.2000000000000011        5.5165786872712896E-004
   2.2400000000000011        5.8165794626391376E-004
   2.2800000000000011        6.1073073985901116E-004
   2.3200000000000012        6.3883982872325884E-004
   2.3600000000000012        6.6595102362176917E-004
   2.4000000000000012        6.9203241808624139E-004
   2.4400000000000013        7.1705443060920970E-004
   2.4800000000000013        7.4098983747733493E-004
   2.5200000000000014        7.6381379597145749E-004
   2.5600000000000014        7.8550385773989984E-004
   2.6000000000000014        8.0603997223160917E-004
   2.6400000000000015        8.2540448016166224E-004
   2.6800000000000015        8.4358209707113829E-004
   2.7200000000000015        8.6055988712829823E-004
   2.7600000000000016        8.7632722741037838E-004
   2.8000000000000016        8.9087576298985116E-004
   2.8400000000000016        9.0419935323382550E-004
   2.8800000000000017        9.1629400980419717E-004
   2.9200000000000017        9.2715782692109894E-004
   2.9600000000000017        9.3679090452181146E-004
   3.0000000000000018        9.4519526500624895E-004
   3.0400000000000018        9.5237476431420109E-004
   3.0800000000000018        9.5833499812714162E-004
   3.1200000000000019        9.6308320401872205E-004
   3.1600000000000019        9.6662816040971045E-004
   3.2000000000000020        9.6898008319856732E-004
   3.2400000000000020        9.7015052094895360E-004
   3.2800000000000020        9.7015224951590984E-004
   3.3200000000000021        9.6899916698278687E-004
   3.3600000000000021        9.6670618976679723E-004
   3.4000000000000021        9.6328915072640964E-004
   3.4400000000000022        9.5876470007361103E-004
   3.4800000000000022        9.5315020985697885E-004
   3.5200000000000022        9.4646368274142745E-004
   3.5600000000000023        9.3872366576264188E-004
   3.6000000000000023        9.2994916968347496E-004
   3.6400000000000023        9.2015959452651508E-004
   3.6800000000000024        9.0937466180107673E-004
   3.7200000000000024        8.9761435388335808E-004
   3.7600000000000025        8.8489886094744730E-004
   3.8000000000000025        8.7124853578690598E-004
   3.8400000000000025        8.5668385679993353E-004
   3.8800000000000026        8.4122539935016505E-004
   3.9200000000000026        8.2489381565276076E-004
   3.9600000000000026        8.0770982326716645E-004
   4.0000000000000027        7.8969420221719488E-004
   4.0400000000000027        7.7086780069068883E-004
   4.0800000000000027        7.5125154920441251E-004
   4.1200000000000028        7.3086648305364932E-004
   4.1600000000000028        7.0973377279359706E-004
   4.2000000000000028        6.8787476243115098E-004
   4.2400000000000029        6.6531101492972589E-004
   4.2800000000000029        6.4206436455671589E-004
   4.3200000000000029        6.1815697552192184E-004
   4.3600000000000030        5.9361140627778308E-004
   4.4000000000000030        5.6845067876631905E-004
   4.4400000000000031        5.4269835181419701E-004
   4.4800000000000031        5.1637859778952411E-004
   4.5200000000000031        4.8951628154558779E-004
   4.5600000000000032        4.6213704058872818E-004
   4.6000000000000032        4.3426736532037324E-004
   4.6400000000000032        4.0593467811755879E-004
   4.6800000000000033        3.7716740993753994E-004
   4.7200000000000033        3.4799507305582900E-004
   4.7600000000000033        3.1844832848570981E-004
   4.8000000000000034        2.8855904657010267E-004
   4.8400000000000034        2.5836035920190348E-004
   4.8800000000000034        2.2788670210527329E-004
   4.9200000000000035        1.9717384561457330E-004
   4.9600000000000035        1.6625891240928947E-004
   5.0000000000000036        1.3518038071713701E-004
   5.0400000000000036        1.0397807158191164E-004
   5.0800000000000036        7.2693118906563825E-005
   5.1200000000000037        4.1367921133794727E-005
   5.1600000000000037        1.0046073613267925E-005
   5.2000000000000037        2.1227719072092199E-005
   5.2400000000000038        5.2407751290450832E-005
   5.2800000000000038        8.3447445232198714E-005
   5.3200000000000038        1.1429950032254554E-004
   5.3600000000000039        1.4491606268157708E-004
   5.4000000000000039        1.7524891376952123E-004
   5.4400000000000039        2.0524967697624352E-004
   5.4800000000000040        2.3487004052707983E-004
   5.5200000000000040        2.6406199470244140E-004
   5.5600000000000041        2.9277808100292013E-004
   5.6000000000000041        3.2097165055783305E-004
   5.6400000000000041        3.4859712877574611E-004
   5.6800000000000042        3.7561028298550153E-004
   5.7200000000000042        4.0196848962208154E-004
   5.7600000000000042        4.2763099738445109E-004
   5.8000000000000043        4.5255918273648388E-004
   5.8400000000000043        4.7671679414329482E-004
   5.8800000000000043        5.0007018153569449E-004
   5.9200000000000044        5.2258850767419873E-004
   5.9600000000000044        5.4424393833932272E-004
   6.0000000000000044        5.6501180860041300E-004
   6.0400000000000045        5.8487076280372419E-004
   6.0800000000000045        6.0380286636108060E-004
   6.1200000000000045        6.2179368790277190E-004
   6.1600000000000046        6.3883235086803491E-004
   6.2000000000000046        6.5491155412966684E-004
   6.2400000000000047        6.7002756177325651E-004
   6.2800000000000047        6.8418016265980874E-004
   6.3200000000000047        6.9737260088398312E-004
   6.3600000000000048        7.0961147868131569E-004
   6.4000000000000048        7.2090663373325370E-004
   6.4400000000000048        7.3127099315617450E-004
   6.4800000000000049        7.4072040673378581E-004
   6.5200000000000049        7.4927346216036028E-004
   6.5600000000000049        7.5695128520447685E-004
   6.6000000000000050        7.6377732777432872E-004
   6.6400000000000050        7.6977714687465060E-004
   6.6800000000000050        7.7497817739891062E-004
   6.7200000000000051        7.7940950159327560E-004
   6.7600000000000051        7.8310161787953358E-004
   6.8000000000000052        7.8608621153608560E-004
   6.8400000000000052        7.8839592951474025E-004
   6.8800000000000052        7.9006416142668456E-004
   6.9200000000000053        7.9112482847598642E-004
   6.9600000000000053        7.9161218184653492E-004
   7.0000000000000053        7.9156061178764503E-004
   7.0400000000000054        7.9100446837365723E-004
   7.0800000000000054        7.8997789466717094E-004
   7.1200000000000054        7.8851467277041287E-004
   7.1600000000000055        7.8664808303186007E-004
   7.2000000000000055        7.8441077647273261E-004
   7.2400000000000055        7.8183466031567228E-004
   7.2800000000000056        7.7895079634493491E-004
   7.3200000000000056        7.7578931168575949E-004
   7.3600000000000056        7.7237932148244148E-004
   7.4000000000000057        7.6874886285938082E-004
   7.4400000000000057        7.6492483947854240E-004
   7.4800000000000058        7.6093297595436482E-004
   7.5200000000000058        7.5679778134762898E-004
   7.5600000000000058        7.5254252094203444E-004
   7.6000000000000059        7.4818919549768381E-004
   7.6400000000000059        7.4375852718056024E-004
   7.6800000000000059        7.3926995137907348E-004
   7.7200000000000060        7.3474161364517343E-004
   7.7600000000000060        7.3019037102173279E-004
   7.8000000000000060        7.2563179705653624E-004
   7.8400000000000061        7.2108018983918498E-004
   7.8800000000000061        7.1654858244185604E-004
   7.9200000000000061        7.1204875518771082E-004
   7.9600000000000062        7.0759124921537797E-004
   8.0000000000000053        7.0318538086011628E-004
   8.0400000000000045        6.9883925641045508E-004
   8.0800000000000036        6.9455978685750708E-004
   8.1200000000000028        6.9035270229211854E-004
   8.1600000000000019        6.8622256565764594E-004
   8.2000000000000011        6.8217278561188976E-004
   8.2400000000000002        6.7820562829656872E-004
   8.2799999999999994        6.7432222786489859E-004
   8.3199999999999985        6.7052259565825167E-004
   8.3599999999999977        6.6680562797660770E-004
   8.3999999999999968        6.6316911243480270E-004
   8.4399999999999959        6.5960973294387770E-004
   8.4799999999999951        6.5612307341100795E-004
   8.5199999999999942        6.5270362030855900E-004
   8.5599999999999934        6.4934476430811294E-004
   8.5999999999999925        6.4603880124836088E-004
   8.6399999999999917        6.4277693275416325E-004
   8.6799999999999908        6.3954926689513414E-004
   8.7199999999999900        6.3634481933827480E-004
   8.7599999999999891        6.3315151551956994E-004
   8.7999999999999883        6.2995619442651751E-004
   8.8399999999999874        6.2674461466749598E-004
   8.8799999999999866        6.2350146356893177E-004
   8.9199999999999857        6.2021037012094382E-004
   8.9599999999999849        6.1685392266519479E-004
   8.9999999999999840        6.1341369228418152E-004
   9.0399999999999832        6.0987026291781099E-004
   9.0799999999999823        6.0620326927929291E-004
   9.1199999999999815        6.0239144369167441E-004
   9.1599999999999806        5.9841267297922052E-004
   9.1999999999999797        5.9424406655783635E-004
   9.2399999999999789        5.8986203683719651E-004
   9.2799999999999780        5.8524239299706515E-004
   9.3199999999999772        5.8036044910148021E-004
   9.3599999999999763        5.7519114738324717E-004
   9.3999999999999755        5.6970919734755654E-004
   9.4399999999999746        5.6388923110861633E-004
   9.4799999999999738        5.5770597508564279E-004
   9.5199999999999729        5.5113443783971761E-004
   9.5599999999999721        5.4415011343111885E-004
   9.5999999999999712        5.3672919922043150E-004
   9.6399999999999704        5.2884882653647658E-004
   9.6799999999999695        5.2048730208975602E-004
   9.7199999999999687        5.1162435743967727E-004
   9.7599999999999678        5.0224140324761635E-004
   9.7999999999999670        4.9232178447633501E-004
   9.8399999999999661        4.8185103215936387E-004
   9.8799999999999653        4.7081710688834377E-004
   9.9199999999999644        4.5921062877618546E-004
   9.9599999999999635        4.4702508837979327E-004
   9.9999999999999627        4.3425703293697993E-004
   10.039999999999962        4.2090622231072405E-004
   10.079999999999961        4.0697574925752100E-004
   10.119999999999960        3.9247211906601187E-004
   10.159999999999959        3.7740528424107245E-004
   10.199999999999958        3.6178863074173839E-004
   10.239999999999958        3.4563891329392193E-004
   10.279999999999957        3.2897613847010510E-004
   10.319999999999956        3.1182339551551891E-004
   10.359999999999955        2.9420663625941146E-004
   10.399999999999954        2.7615440682683678E-004
   10.439999999999953        2.5769753520243910E-004
   10.479999999999952        2.3886877993614664E-004
   10.519999999999952        2.1970244636548841E-004
   10.559999999999951        2.0023397761226303E-004
   10.599999999999950        1.8049952825316407E-004
   10.639999999999949        1.6053552893913192E-004
   10.679999999999948        1.4037825033152984E-004
   10.719999999999947        1.2006337453851490E-004
   10.759999999999946        9.9625581786222384E-005
   10.799999999999946        7.9098159374013655E-005
   10.839999999999945        5.8512639081742535E-005
   10.879999999999944        3.7898468163488630E-005
   10.919999999999943        1.7282717924782531E-005
   10.959999999999942        3.3101672993751663E-006
   10.999999999999941        2.3858579138669178E-005
   11.039999999999941        4.4343911662414470E-005
   11.079999999999940        6.4750685903058880E-005
   11.119999999999939        8.5066633934260949E-005
   11.159999999999938        1.0528274481735878E-004
   11.199999999999937        1.2539327538485523E-004
   11.239999999999936        1.4539572932514844E-004
   11.279999999999935        1.6529080838312282E-004
   11.319999999999935        1.8508233968805854E-004
   11.359999999999934        2.0477718329270367E-004
   11.399999999999933        2.2438512395850374E-004
   11.439999999999932        2.4391875107299121E-004
   11.479999999999931        2.6339333037372903E-004
   11.519999999999930        2.8282667085854918E-004
   11.559999999999929        3.0223898994807818E-004
   11.599999999999929        3.2165277961726524E-004
   11.639999999999928        3.4109267584958580E-004
   11.679999999999927        3.6058533341942756E-004
   11.719999999999926        3.8015930765644690E-004
   11.759999999999925        3.9984494452238728E-004
   11.799999999999924        4.1967428002909202E-004
   11.839999999999923        4.3968094975355143E-004
   11.879999999999923        4.5990010895757827E-004
   11.919999999999922        4.8036836361253776E-004
   11.959999999999921        5.0112371244015463E-004
   11.999999999999920        5.2220549992743059E-004
   12.039999999999919        5.4365438014558620E-004
   12.079999999999918        5.6551229110191059E-004
   12.119999999999918        5.8782243926014388E-004
   12.159999999999917        6.1062929381616726E-004
   12.199999999999916        6.3397859025915437E-004
   12.239999999999915        6.5791734271813951E-004
   12.279999999999914        6.8249386456820105E-004
   12.319999999999913        7.0775779676246486E-004
   12.359999999999912        7.3376014334725070E-004
   12.399999999999912        7.6055331360791456E-004
   12.439999999999911        7.8819117030848318E-004
   12.479999999999910        8.1672908347263373E-004
   12.519999999999909        8.4622398916600616E-004
   12.559999999999908        8.7673445273761530E-004
   12.599999999999907        9.0832073597058027E-004
   12.639999999999906        9.4104486758928019E-004
   12.679999999999906        9.7497071655894274E-004
   12.719999999999905        1.0101640675914680E-003
   12.759999999999904        1.0466926982535263E-003
   12.799999999999903        1.0846264570383291E-003
   12.839999999999902        1.1240373417238381E-003
   12.879999999999901        1.1649995772917698E-003
   12.919999999999900        1.2075896926266871E-003
   12.959999999999900        1.2518865951403058E-003
   12.999999999999899        1.2979716423964227E-003
   13.039999999999898        1.3459287097115080E-003
   13.079999999999897        1.3958442526020853E-003
   13.119999999999896        1.4478073628412247E-003
   13.159999999999895        1.5019098167399214E-003
   13.199999999999894        1.5582461141296911E-003
   13.239999999999894        1.6169135063508477E-003
   13.279999999999893        1.6780120113724095E-003
   13.319999999999892        1.7416444139612963E-003
   13.359999999999891        1.8079162485982181E-003
   13.399999999999890        1.8769357626013949E-003
   13.439999999999889        1.9488138566456925E-003
   13.479999999999889        2.0236639995880878E-003
   13.519999999999888        2.1016021141995189E-003
   13.559999999999887        2.1827464300812061E-003
   13.599999999999886        2.2672172996989204E-003
   13.639999999999885        2.3551369730885341E-003
   13.679999999999884        2.4466293264331362E-003
   13.719999999999883        2.5418195392865606E-003
   13.759999999999883        2.6408337148455807E-003
   13.799999999999882        2.7437984372471469E-003
   13.839999999999881        2.8508402594829008E-003
   13.879999999999880        2.9620851151364036E-003
   13.919999999999879        3.0776576467892447E-003
   13.959999999999878        3.1976804436379958E-003
   13.999999999999877        3.3222731806024086E-003
   14.039999999999877        3.4515516510396083E-003
   14.079999999999876        3.5856266851106433E-003
   14.119999999999875        3.7246029459159224E-003
   14.159999999999874        3.8685775957580937E-003
   14.199999999999873        4.0176388253327922E-003
   14.239999999999872        4.1718642393435701E-003
   14.279999999999871        4.3313190930409640E-003
   14.319999999999871        4.4960543755037108E-003
   14.359999999999870        4.6661047372502651E-003
   14.399999999999869        4.8414862619514665E-003
   14.439999999999868        5.0221940847401392E-003
   14.479999999999867        5.2081998629058823E-003
   14.519999999999866        5.3994491086646335E-003
   14.559999999999865        5.5958583982684829E-003
   14.599999999999865        5.7973124769743478E-003
   14.639999999999864        6.0036612853435756E-003
   14.679999999999863        6.2147169389827894E-003
   14.719999999999862        6.4302507010705057E-003
   14.759999999999861        6.6499899948242458E-003
   14.799999999999860        6.8736155112256725E-003
   14.839999999999860        7.1007584757021291E-003
   14.879999999999859        7.3309981457585494E-003
   14.919999999999858        7.5638596194753660E-003
   14.959999999999857        7.7988120418996942E-003
   14.999999999999856        8.0352673022199284E-003
   15.039999999999855        8.2725793187305996E-003
   15.079999999999854        8.5100440103209607E-003
   15.119999999999854        8.7469000520910001E-003
   15.159999999999853        8.9823305080409810E-003
   15.199999999999852        9.2154654251102031E-003
   15.239999999999851        9.4453854597551512E-003
   15.279999999999850        9.6711265903985932E-003
   15.319999999999849        9.8916859464415197E-003
   15.359999999999848        1.0106028757227214E-002
   15.399999999999848        1.0313096392838617E-002
   15.439999999999847        1.0511815433689620E-002
   15.479999999999846        1.0701107668638521E-002
   15.519999999999845        1.0879900883248972E-002
   15.559999999999844        1.1047140262545163E-002
   15.599999999999843        1.1201800198029410E-002
   15.639999999999842        1.1342896258955015E-002
   15.679999999999842        1.1469497064656053E-002
   15.719999999999841        1.1580735780118090E-002
   15.759999999999840        1.1675820952187443E-002
   15.799999999999839        1.1754046409974350E-002
   15.839999999999838        1.1814799970430556E-002
   15.879999999999837        1.1857570718513344E-002
   15.919999999999837        1.1881954669866523E-002
   15.959999999999836        1.1887658670922008E-002
   15.999999999999835        1.1874502444654489E-002
   16.039999999999836        6.2713428884323132     
   16.079999999999835        1.1791451659207017E-002
   16.119999999999834        1.1721753089904127E-002
   16.159999999999833        1.1633577627631342E-002
   16.199999999999832        1.1527275910305418E-002
   16.239999999999831        1.1403286729543383E-002
   16.279999999999831        1.1262128106435010E-002
   16.319999999999830        1.1104387593388054E-002
   16.359999999999829        1.0930712061843539E-002
   16.399999999999828        1.0741797231323180E-002
   16.439999999999827        1.0538377182254033E-002
   16.479999999999826        1.0321214074767826E-002
   16.519999999999825        1.0091088269861048E-002
   16.559999999999825        9.8487890196932160E-003
   16.599999999999824        9.5951058621044361E-003
   16.639999999999823        9.3308208222523392E-003
   16.679999999999822        9.0567014929689993E-003
   16.719999999999821        8.7734950361628705E-003
   16.759999999999820        8.4819231211648027E-003
   16.799999999999820        8.1826777929340233E-003
   16.839999999999819        7.8764182437935926E-003
   16.879999999999818        7.5637684469485045E-003
   16.919999999999817        7.2453155983500661E-003
   16.959999999999816        6.9216093052482108E-003
   16.999999999999815        6.5931614546801409E-003
   17.039999999999814        6.2604466927351776E-003
   17.079999999999814        5.9239034452887029E-003
   17.119999999999813        5.5839354125200025E-003
   17.159999999999812        5.2409134725102113E-003
   17.199999999999811        4.8951779331247725E-003
   17.239999999999810        4.5470410758661206E-003
   17.279999999999809        4.1967899401080810E-003
   17.319999999999808        3.8446893008325933E-003
   17.359999999999808        3.4909847974535779E-003
   17.399999999999807        3.1359061753699624E-003
   17.439999999999806        2.7796706053910825E-003
   17.479999999999805        2.4224860490691391E-003
   17.519999999999804        2.0645546401525383E-003
   17.559999999999803        1.7060760538725184E-003
   17.599999999999802        1.3472508365595104E-003
   17.639999999999802        9.8828366822267810E-004
   17.679999999999801        6.2938653025179647E-004
   17.719999999999800        2.7078174942030131E-004
   17.759999999999799        8.7295112020102650E-005
   17.799999999999798        4.4459255202955461E-004
   17.839999999999797        8.0084064392504928E-004
   17.879999999999797        1.1557488063937971E-003
   17.919999999999796        1.5090038653102766E-003
   17.959999999999795        1.8602684453729035E-003
   17.999999999999794        2.2091797300312077E-003
   18.039999999999793        2.5553486277638537E-003
   18.079999999999792        2.8983593813157738E-003
   18.119999999999791        3.2377696538060663E-003
   18.159999999999791        3.5731111215149269E-003
   18.199999999999790        3.9038905975422589E-003
   18.239999999999789        4.2295917033224883E-003
   18.279999999999788        4.5496770961845900E-003
   18.319999999999787        4.8635912508471213E-003
   18.359999999999786        5.1707637810869400E-003
   18.399999999999785        5.4706132750855785E-003
   18.439999999999785        5.7625516044756964E-003
   18.479999999999784        6.0459886533195117E-003
   18.519999999999783        6.3203373996548740E-003
   18.559999999999782        6.5850192694025811E-003
   18.599999999999781        6.8394696709236924E-003
   18.639999999999780        7.0831436089367483E-003
   18.679999999999779        7.3155212693932770E-003
   18.719999999999779        7.5361134627399129E-003
   18.759999999999778        7.7444668121311455E-003
   18.799999999999777        7.9401685758255652E-003
   18.839999999999776        8.1228509992657127E-003
   18.879999999999775        8.2921951021022594E-003
   18.919999999999774        8.4479338183948913E-003
   18.959999999999773        8.5898544239591673E-003
   18.999999999999773        8.7178002027409329E-003
   19.039999999999772        8.8316713234904143E-003
   19.079999999999771        8.9314249181054184E-003
   19.119999999999770        9.0170743730250691E-003
   19.159999999999769        9.0886878642055247E-003
   19.199999999999768        9.1463861837914884E-003
   19.239999999999768        9.1903399220000237E-003
   19.279999999999767        9.2207660804825009E-003
   19.319999999999766        9.2379242031997988E-003
   19.359999999999765        9.2421121174637300E-003
   19.399999999999764        9.2336613812536994E-003
   19.439999999999763        9.2129325333426548E-003
   19.479999999999762        9.1803102404048875E-003
   19.519999999999762        9.1361984304928479E-003
   19.559999999999761        9.0810154954648059E-003
   19.599999999999760        9.0151896365906481E-003
   19.639999999999759        8.9391544181159910E-003
   19.679999999999758        8.8533445834905189E-003
   19.719999999999757        8.7581921786792361E-003
   19.759999999999756        8.6541230168535321E-003
   19.799999999999756        8.5415535091090122E-003
   19.839999999999755        8.4208878769335138E-003
   19.879999999999754        8.2925157541244854E-003
   19.919999999999753        8.1568101788602743E-003
   19.959999999999752        8.0141259707059431E-003
   19.999999999999751        7.8647984825086503E-003
   20.039999999999750        7.7091427133586521E-003
   20.079999999999750        7.5474527659966650E-003
   20.119999999999749        7.3800016301412974E-003
   20.159999999999748        7.2070412720677268E-003
   20.199999999999747        7.0288030102729770E-003
   20.239999999999746        6.8454981570760243E-003
   20.279999999999745        6.6573189063865446E-003
   20.319999999999744        6.4644394485111611E-003
   20.359999999999744        6.2670172936114543E-003
   20.399999999999743        6.0651947861871669E-003
   20.439999999999742        5.8591007936030781E-003
   20.479999999999741        5.6488525521287691E-003
   20.519999999999740        5.4345576541274809E-003
   20.559999999999739        5.2163161598481889E-003
   20.599999999999739        4.9942228166890423E-003
   20.639999999999738        4.7683693677742500E-003
   20.679999999999737        4.5388469302121148E-003
   20.719999999999736        4.3057484214651387E-003
   20.759999999999735        4.0691710099151068E-003
   20.799999999999734        3.8292185629835718E-003
   20.839999999999733        3.5860040631594536E-003
   20.879999999999733        3.3396519591009088E-003
   20.919999999999732        3.0903004157620817E-003
   20.959999999999731        2.8381034244124859E-003
   20.999999999999730        2.5832327306712921E-003
   21.039999999999729        2.3258795364877738E-003
   21.079999999999728        2.0662559306057204E-003
   21.119999999999727        1.8045960016895846E-003
   21.159999999999727        1.5411565892083923E-003
   21.199999999999726        1.2762176295837424E-003
   21.239999999999725        1.0100820591910642E-003
   21.279999999999724        7.4307524168165662E-004
   21.319999999999723        4.7554389482212800E-004
   21.359999999999722        2.0785450158045116E-004
   21.399999999999721        5.9608798605614854E-005
   21.439999999999721        3.2644682982457818E-004
   21.479999999999720        5.9224848872319047E-004
   21.519999999999719        8.5659430608536757E-004
   21.559999999999718        1.1190604101760093E-003
   21.599999999999717        1.3792228273591389E-003
   21.639999999999716        1.6366620430264892E-003
   21.679999999999715        1.8909677352733842E-003
   21.719999999999715        2.1417435856233430E-003
   21.759999999999714        2.3886120659277754E-003
   21.799999999999713        2.6312190987180240E-003
   21.839999999999712        2.8692384899675627E-003
   21.879999999999711        3.1023760384515375E-003
   21.919999999999710        3.3303732345039139E-003
   21.959999999999710        3.5530104726146372E-003
   21.999999999999709        3.7701097164724029E-003
   22.039999999999708        3.9815365710960116E-003
   22.079999999999707        4.1872017338919765E-003
   22.119999999999706        4.3870618140482431E-003
   22.159999999999705        4.5811195268810057E-003
   22.199999999999704        4.7694232858890295E-003
   22.239999999999704        4.9520662297228846E-003
   22.279999999999703        5.1291847335902530E-003
   22.319999999999702        5.3009564644223017E-003
   22.359999999999701        5.4675980462635110E-003
   22.399999999999700        5.6293624067629278E-003
   22.439999999999699        5.7865358774280562E-003
   22.479999999999698        5.9394351196748740E-003
   22.519999999999698        6.0884039459383477E-003
   22.559999999999697        6.2338101005712243E-003
   22.599999999999696        6.3760420593188538E-003
   22.639999999999695        6.5155058992223402E-003
   22.679999999999694        6.6526222832323789E-003
   22.719999999999693        6.7878235959772937E-003
   22.759999999999692        6.9215512593003847E-003
   22.799999999999692        7.0542532486399523E-003
   22.839999999999691        7.1863818242512423E-003
   22.879999999999690        7.3183914848151677E-003
   22.919999999999689        7.4507371452405824E-003
   22.959999999999688        7.5838725354901992E-003
   22.999999999999687        7.7182488130607130E-003
   23.039999999999687        7.8543133782988939E-003
   23.079999999999686        7.9925088790051557E-003
   23.119999999999685        8.1332723886866631E-003
   23.159999999999684        8.2770347413128054E-003
   23.199999999999683        8.4242200044140070E-003
   23.239999999999682        8.5752450717613282E-003
   23.279999999999681        8.7305193566045158E-003
   23.319999999999681        8.8904445664326204E-003
   23.359999999999680        9.0554145404082576E-003
   23.399999999999679        9.2258151309265735E-003
   23.439999999999678        9.4020241111234526E-003
   23.479999999999677        9.5844110905529689E-003
   23.519999999999676        9.7733374216191216E-003
   23.559999999999675        9.9691560796637546E-003
   23.599999999999675        1.0172211499849926E-002
   23.639999999999674        1.0382839354108331E-002
   23.679999999999673        1.0601366251421496E-002
   23.719999999999672        1.0828109344632075E-002
   23.759999999999671        1.1063375826694699E-002
   23.799999999999670        1.1307462298953297E-002
   23.839999999999669        1.1560653993526238E-002
   23.879999999999669        1.1823223831314511E-002
   23.919999999999668        1.2095431296462955E-002
   23.959999999999667        1.2377521107397094E-002
   23.999999999999666        1.2669721663813860E-002
   24.039999999999665        1.2972243248281945E-002
   24.079999999999664        1.3285275960481790E-002
   24.119999999999663        1.3608987361631186E-002
   24.159999999999663        1.3943519806391969E-002
   24.199999999999662        1.4288987439633694E-002
   24.239999999999661        1.4645472835974171E-002
   24.279999999999660        1.5013023261127412E-002
   24.319999999999659        1.5391646535960923E-002
   24.359999999999658        1.5781306486966962E-002
   24.399999999999658        1.6181917970771842E-002
   24.439999999999657        1.6593341465609868E-002
   24.479999999999656        1.7015377229584239E-002
   24.519999999999655        1.7447759034317389E-002
   24.559999999999654        1.7890147493503816E-002
   24.599999999999653        1.8342123019228440E-002
   24.639999999999652        1.8803178454901870E-002
   24.679999999999652        1.9272711452558822E-002
   24.719999999999651        1.9750016684176863E-002
   24.759999999999650        2.0234278001686423E-002
   24.799999999999649        2.0724560688355043E-002
   24.839999999999648        2.1219803974996232E-002
   24.879999999999647        2.1718814027495092E-002
   24.919999999999646        2.2220257646650365E-002
   24.959999999999646        2.2722656956261744E-002
   24.999999999999645        2.3224385389189584E-002
   25.039999999999644        2.3723665311929931E-002
   25.079999999999643        2.4218567653719880E-002
   25.119999999999642        2.4707013923588317E-002
   25.159999999999641        2.5186781004998604E-002
   25.199999999999640        2.5655509109475227E-002
   25.239999999999640        2.6110713244470229E-002
   25.279999999999639        2.6549798503528788E-002
   25.319999999999638        2.6970079415857606E-002
   25.359999999999637        2.7368803495864791E-002
   25.399999999999636        2.7743179010599417E-002
   25.439999999999635        2.8090406835418746E-002
   25.479999999999634        2.8407716098865610E-002
   25.519999999999634        2.8692403132174360E-002
   25.559999999999633        2.8941873044974420E-002
   25.599999999999632        2.9153683056835522E-002
   25.639999999999631        2.9325586536370019E-002
   25.679999999999630        2.9455576548912288E-002
   25.719999999999629        2.9541927603739526E-002
   25.759999999999629        2.9583234234763750E-002
   25.799999999999628        2.9578445054654595E-002
   25.839999999999627        2.9526890997875838E-002
   25.879999999999626        2.9428306614877484E-002
   25.919999999999625        2.9282843494054411E-002
   25.959999999999624        2.9091075160880664E-002
   25.999999999999623        2.8853993120545596E-002
   26.039999999999623        2.8572994053024103E-002
   26.079999999999622        2.8249858516784743E-002
   26.119999999999621        2.7886721847521612E-002
   26.159999999999620        2.7486038230888465E-002
   26.199999999999619        2.7050539165810461E-002
   26.239999999999618        2.6583187704759093E-002
   26.279999999999617        2.6087129952149457E-002
   26.319999999999617        2.5565645320413610E-002
   26.359999999999616        2.5022096989582687E-002
   26.399999999999615        2.4459883899411894E-002
   26.439999999999614        2.3882395435788517E-002
   26.479999999999613        2.3292969770081884E-002
   26.519999999999612        2.2694856586571222E-002
   26.559999999999611        2.2091184703837641E-002
   26.599999999999611        2.1484934873993167E-002
   26.639999999999610        2.0878917839412203E-002
   26.679999999999609        2.0275757547945306E-002
   26.719999999999608        1.9677879279282662E-002
   26.759999999999607        1.9087502319370619E-002
   26.799999999999606        1.8506636736390414E-002
   26.839999999999606        1.7937083758846395E-002
   26.879999999999605        1.7380439230468170E-002
   26.919999999999604        1.6838099613842861E-002
   26.959999999999603        1.6311270030506364E-002
   26.999999999999602        1.5800973855184974E-002
   27.039999999999601        1.5308063421834106E-002
   27.079999999999600        1.4833231445328554E-002
   27.119999999999600        1.4377022811965734E-002
   27.159999999999599        1.3939846441795467E-002
   27.199999999999598        1.3521986974198708E-002
   27.239999999999597        1.3123616073686062E-002
   27.279999999999596        1.2744803194640664E-002
   27.319999999999595        1.2385525681124943E-002
   27.359999999999594        1.2045678110738756E-002
   27.399999999999594        1.1725080819893208E-002
   27.439999999999593        1.1423487571985635E-002
   27.479999999999592        1.1140592350236567E-002
   27.519999999999591        1.0876035273843954E-002
   27.559999999999590        1.0629407650117439E-002
   27.599999999999589        1.0400256186991363E-002
   27.639999999999588        1.0188086400233498E-002
   27.679999999999588        9.9923652583986389E-003
   27.719999999999587        9.8125231165280269E-003
   27.759999999999586        9.6479549972889878E-003
   27.799999999999585        9.4980212860416025E-003
   27.839999999999584        9.3620479145846147E-003
   27.879999999999583        9.2393261172678542E-003
   27.919999999999582        9.1291118529768234E-003
   27.959999999999582        9.0306249972003094E-003
   27.999999999999581        8.9430484198698146E-003
   28.039999999999580        8.8655270766606620E-003
   28.079999999999579        8.7971672535083201E-003
   28.119999999999578        8.7370361155016951E-003
   28.159999999999577        8.6841617212343181E-003
   28.199999999999577        8.6375336709272332E-003
   28.239999999999576        8.5961045598930141E-003
   28.279999999999575        8.5587924066459209E-003
   28.319999999999574        8.5244842156244616E-003
   28.359999999999573        8.4920408164661509E-003
   28.399999999999572        8.4603030936989398E-003
   28.439999999999571        8.4280996815779829E-003
   28.479999999999571        8.3942561481391564E-003
   28.519999999999570        8.3576056307839153E-003
   28.559999999999569        8.3170008142516849E-003
   28.599999999999568        8.2713270632330804E-003
   28.639999999999567        8.2195164399552212E-003
   28.679999999999566        8.1605622568137193E-003
   28.719999999999565        8.0935337413414743E-003
   28.759999999999565        8.0175903319474884E-003
   28.799999999999564        7.9319950842444698E-003
   28.839999999999563        7.8361266549205055E-003
   28.879999999999562        7.7294893472314996E-003
   28.919999999999561        7.6117207511714469E-003
   28.959999999999560        7.4825965916511805E-003
   28.999999999999559        7.3420325060702396E-003
   29.039999999999559        7.1900826022393005E-003
   29.079999999999558        7.0269347902742751E-003
   29.119999999999557        6.8529030276924252E-003
   29.159999999999556        6.6684167552063522E-003
   29.199999999999555        6.4740079215127033E-003
   29.239999999999554        6.2702960906753091E-003
   29.279999999999553        6.0579721895620553E-003
   29.319999999999553        5.8377814824055463E-003
   29.359999999999552        5.6105063550861978E-003
   29.399999999999551        5.3769494561538567E-003
   29.439999999999550        5.1379176801485960E-003
   29.479999999999549        4.8942073981677048E-003
   29.519999999999548        4.6465912482824834E-003
   29.559999999999548        4.3958067016403035E-003
   29.599999999999547        4.1425465254876226E-003
   29.639999999999546        3.8874511772832854E-003
   29.679999999999545        3.6311030884785822E-003
   29.719999999999544        3.3740227348231233E-003
   29.759999999999543        3.1166663432247166E-003
   29.799999999999542        2.8594250530555865E-003
   29.839999999999542        2.6026253312385617E-003
   29.879999999999541        2.3465304337251247E-003
   29.919999999999540        2.0913427090032410E-003
   29.959999999999539        1.8372065498384327E-003
   29.999999999999538        1.5842118154205664E-003
   30.039999999999537        1.3323975655219478E-003
   30.079999999999536        1.0817559695157630E-003
   30.119999999999536        8.3223627480588647E-004
   30.159999999999535        5.8374874034816671E-004
   30.199999999999534        3.3616846076434115E-004
   30.239999999999533        8.9339024573309445E-005
   30.279999999999532        1.5692403397205013E-004
   30.319999999999531        4.0283001615604164E-004
   30.359999999999530        6.4861008821504029E-004
   30.399999999999530        8.9451456430067466E-004
   30.439999999999529        1.1408104405532526E-003
   30.479999999999528        1.3877791716927490E-003
   30.519999999999527        1.6357146767362885E-003
   30.559999999999526        1.8849215568694788E-003
   30.599999999999525        2.1357135058726051E-003
   30.639999999999525        2.3884118916708275E-003
   30.679999999999524        2.6433444863269706E-003
   30.719999999999523        2.9008443210267743E-003
   30.759999999999522        3.1612486421366270E-003
   30.799999999999521        3.4248979441708904E-003
   30.839999999999520        3.6921350553895671E-003
   30.879999999999519        3.9633042516706851E-003
   30.919999999999519        4.2387503742471466E-003
   30.959999999999518        4.5188179267889872E-003
   30.999999999999517        4.8038501271321365E-003
   31.039999999999516        5.0941878887074132E-003
   31.079999999999515        5.3901687063864223E-003
   31.119999999999514        5.6921254210373640E-003
   31.159999999999513        6.0003848366272372E-003
   31.199999999999513        6.3152661631966645E-003
   31.239999999999512        6.6370792585663807E-003
   31.279999999999511        6.9661226412280897E-003
   31.319999999999510        7.3026812466157054E-003
   31.359999999999509        7.6470238989303496E-003
   31.399999999999508        7.9994004710108868E-003
   31.439999999999507        8.3600387055193792E-003
   31.479999999999507        8.7291406720995113E-003
   31.519999999999506        9.1068788373287468E-003
   31.559999999999505        9.4933917274100388E-003
   31.599999999999504        9.8887791678530235E-003
   31.639999999999503        1.0293097090086079E-002
   31.679999999999502        1.0706351902291633E-002
   31.719999999999501        1.1128494430993729E-002
   31.759999999999501        1.1559413451308398E-002
   31.799999999999500        1.1998928837524403E-002
   31.839999999999499        1.2446784382021736E-002
   31.879999999999498        1.2902640349567784E-002
   31.919999999999497        1.3366065855868081E-002
   31.959999999999496        1.3836531183748946E-002
   31.999999999999496        1.4313400177356606E-002
   32.039999999999495        1.4795922883795498E-002
   32.079999999999494        1.5283228642043900E-002
   32.119999999999493        1.5774319849812146E-002
   32.159999999999492        1.6268066668953862E-002
   32.199999999999491        1.6763202957483347E-002
   32.239999999999490        1.7258323739200776E-002
   32.279999999999490        1.7751884538093510E-002
   32.319999999999489        1.8242202911499472E-002
   32.359999999999488        1.8727462510786053E-002
   32.399999999999487        1.9205719978325542E-002
   32.439999999999486        1.9674914952346079E-002
   32.479999999999485        2.0132883394837764E-002
   32.519999999999484        2.0577374380869484E-002
   32.559999999999484        2.1006070390291010E-002
   32.599999999999483        2.1416611026143118E-002
   32.639999999999482        2.1806619951013517E-002
   32.679999999999481        2.2173734687757518E-002
   32.719999999999480        2.2515638780820968E-002
   32.759999999999479        2.2830095666884320E-002
   32.799999999999478        2.3114983467885875E-002
   32.839999999999478        2.3368329805481591E-002
   32.879999999999477        2.3588345653315246E-002
   32.919999999999476        2.3773457200708892E-002
   32.959999999999475        2.3922334705187176E-002
   32.999999999999474        2.4033917365473390E-002
   33.039999999999473        2.4107433351654009E-002
   33.079999999999472        2.4142414281742075E-002
   33.119999999999472        2.4138703626754160E-002
   33.159999999999471        2.4096458749213540E-002
   33.199999999999470        2.4016146519726334E-002
   33.239999999999469        2.3898532698543751E-002
   33.279999999999468        2.3744665499236595E-002
   33.319999999999467        2.3555853956288286E-002
   33.359999999999467        2.3333641886315482E-002
   33.399999999999466        2.3079778355631575E-002
   33.439999999999465        2.2796185640485800E-002
   33.479999999999464        2.2484925689809643E-002
   33.519999999999463        2.2148166076462972E-002
   33.559999999999462        2.1788146357504590E-002
   33.599999999999461        2.1407145664807725E-002
   33.639999999999461        2.1007452223542611E-002
   33.679999999999460        2.0591335357225793E-002
   33.719999999999459        2.0161020393357765E-002
   33.759999999999458        1.9718666741293411E-002
   33.799999999999457        1.9266349280673944E-002
   33.839999999999456        1.8806043079536927E-002
   33.879999999999455        1.8339611359493802E-002
   33.919999999999455        1.7868796542876764E-002
   33.959999999999454        1.7395214153844041E-002
   33.999999999999453        1.6920349301336568E-002
   34.039999999999452        1.6445555444852600E-002
   34.079999999999451        1.5972055132095875E-002
   34.119999999999450        1.5500942398170681E-002
   34.159999999999449        1.5033186526603570E-002
   34.199999999999449        1.4569636890592763E-002
   34.239999999999448        1.4111028616272447E-002
   34.279999999999447        1.3657988836433432E-002
   34.319999999999446        1.3211043331415206E-002
   34.359999999999445        1.2770623382420743E-002
   34.399999999999444        1.2337072690280060E-002
   34.439999999999444        1.1910654238944884E-002
   34.479999999999443        1.1491557007228037E-002
   34.519999999999442        1.1079902454209423E-002
   34.559999999999441        1.0675750723174726E-002
   34.599999999999440        1.0279106525921566E-002
   34.639999999999439        9.8899246838461963E-003
   34.679999999999438        9.5081153145728514E-003
   34.719999999999438        9.1335486631707319E-003
   34.759999999999437        8.7660595854663903E-003
   34.799999999999436        8.4054516977905003E-003
   34.839999999999435        8.0515012129454000E-003
   34.879999999999434        7.7039604864084232E-003
   34.919999999999433        7.3625613000127821E-003
   34.959999999999432        7.0270179127267518E-003
   34.999999999999432        6.6970299097932617E-003
   35.039999999999431        6.3722848825660261E-003
   35.079999999999430        6.0524609719003752E-003
   35.119999999999429        5.7372293080439896E-003
   35.159999999999428        5.4262563796245722E-003
   35.199999999999427        5.1192063635663310E-003
   35.239999999999426        4.8157434465687654E-003
   35.279999999999426        4.5155341670990445E-003
   35.319999999999425        4.2182498046368089E-003
   35.359999999999424        3.9235688400638402E-003
   35.399999999999423        3.6311795075365527E-003
   35.439999999999422        3.3407824537801112E-003
   35.479999999999421        3.0520935154161322E-003
   35.519999999999420        2.7648466185397069E-003
   35.559999999999420        2.4787967972341729E-003
   35.599999999999419        2.1937233189541772E-003
   35.639999999999418        1.9094328947300010E-003
   35.679999999999417        1.6257629409699437E-003
   35.719999999999416        1.3425848473969104E-003
   35.759999999999415        1.0598071925871366E-003
   35.799999999999415        7.7737883503403715E-004
   35.839999999999414        4.9529179413876356E-004
   35.879999999999413        2.1358382268488185E-004
   35.919999999999412        6.7659439018097345E-005
   35.959999999999411        3.4830284609688178E-004
   35.999999999999410        6.2816079346550424E-004
   36.039999999999409        9.0699704681629356E-004
   36.079999999999409        1.1845254808594552E-003
   36.119999999999408        1.4604118342277372E-003
   36.159999999999407        1.7342765720002040E-003
   36.199999999999406        2.0056989207198894E-003
   36.239999999999405        2.2742221071858637E-003
   36.279999999999404        2.5393597918931254E-003
   36.319999999999403        2.8006036420842317E-003
   36.359999999999403        3.0574319399451211E-003
   36.399999999999402        3.3093190710757336E-003
   36.439999999999401        3.5557456900223716E-003
   36.479999999999400        3.7962093166383215E-003
   36.519999999999399        4.0302350826153105E-003
   36.559999999999398        4.2573863246451182E-003
   36.599999999999397        4.4772747116628847E-003
   36.639999999999397        4.6895695999307763E-003
   36.679999999999396        4.8940063316890436E-003
   36.719999999999395        5.0903932298953514E-003
   36.759999999999394        5.2786170911933161E-003
   36.799999999999393        5.4586470387010255E-003
   36.839999999999392        5.6305366617480646E-003
   36.879999999999391        5.7944244371782583E-003
   36.919999999999391        5.9505324921210745E-003
   36.959999999999390        6.0991638274069393E-003
   36.999999999999389        6.2406981709068887E-003
   37.039999999999388        6.3755866687503771E-003
   37.079999999999387        6.5043456483411255E-003
   37.119999999999386        6.6275497000878314E-003
   37.159999999999386        6.7458243254350236E-003
   37.199999999999385        6.8598383885236647E-003
   37.239999999999384        6.9702965895541702E-003
   37.279999999999383        7.0779321519012228E-003
   37.319999999999382        7.1834998845683451E-003
   37.359999999999381        7.2877697488873405E-003
   37.399999999999380        7.3915210254409391E-003
   37.439999999999380        7.4955371456624231E-003
   37.479999999999379        7.6006012236871090E-003
   37.519999999999378        7.7074922986619665E-003
   37.559999999999377        7.8169822763609620E-003
   37.599999999999376        7.9298335417674615E-003
   37.639999999999375        8.0467972012088218E-003
   37.679999999999374        8.1686119033670401E-003
   37.719999999999374        8.2960031826573299E-003
   37.759999999999373        8.4296832655592624E-003
   37.799999999999372        8.5703512800310300E-003
   37.839999999999371        8.7186938095680233E-003
   37.879999999999370        8.8753857363932376E-003
   37.919999999999369        9.0410913221763423E-003
   37.959999999999368        9.2164654792870060E-003
   37.999999999999368        9.4021551905241196E-003
   38.039999999999367        9.5988010403327273E-003
   38.079999999999366        9.8070388254978269E-003
   38.119999999999365        1.0027501218076829E-002
   38.159999999999364        1.0260819457792003E-002
   38.199999999999363        1.0507625055181435E-002
   38.239999999999363        1.0768551490500489E-002
   38.279999999999362        1.1044235896609855E-002
   38.319999999999361        1.1335320716959973E-002
   38.359999999999360        1.1642455332232071E-002
   38.399999999999359        1.1966297651296642E-002
   38.439999999999358        1.2307515663914970E-002
   38.479999999999357        1.2666788954064145E-002
   38.519999999999357        1.3044810173964194E-002
   38.559999999999356        1.3442286479839360E-002
   38.599999999999355        1.3859940931197912E-002
   38.639999999999354        1.4298513855991679E-002
   38.679999999999353        1.4758764184441997E-002
   38.719999999999352        1.5241470754621567E-002
   38.759999999999351        1.5747433593073623E-002
   38.799999999999351        1.6277475173854583E-002
   38.839999999999350        1.6832441659421882E-002
   38.879999999999349        1.7413204126761173E-002
   38.919999999999348        1.8020659782060910E-002
   38.959999999999347        1.8655733167141975E-002
   38.999999999999346        1.9319377360672796E-002
   39.039999999999345        2.0012575177050351E-002
   39.079999999999345        2.0736340365588912E-002
   39.119999999999344        2.1491718812461702E-002
   39.159999999999343        2.2279789747576384E-002
   39.199999999999342        2.3101666958308620E-002
   39.239999999999341        2.3958500011739048E-002
   39.279999999999340        2.4851475486733499E-002
   39.319999999999339        2.5781818216893626E-002
   39.359999999999339        2.6750792545063629E-002
   39.399999999999338        2.7759703589718132E-002
   39.439999999999337        2.8809898523169508E-002
   39.479999999999336        2.9902767861124335E-002
   39.519999999999335        3.1039746762667519E-002
   39.559999999999334        3.2222316339278301E-002
   39.599999999999334        3.3452004970964566E-002
   39.639999999999333        3.4730389627039671E-002
   39.679999999999332        3.6059097188461564E-002
   39.719999999999331        3.7439805767986556E-002
   39.759999999999330        3.8874246023672843E-002
   39.799999999999329        4.0364202460483778E-002
   39.839999999999328        4.1911514713871334E-002
   39.879999999999328        4.3518078808292060E-002
   39.919999999999327        4.5185848382565563E-002
   39.959999999999326        4.6916835872869100E-002
   39.999999999999325        4.8713113642910866E-002
   40.039999999999324        5.0576815049484747E-002
   40.079999999999323        5.2510135430104299E-002
   40.119999999999322        5.4515332997800758E-002
   40.159999999999322        5.6594729626365581E-002
   40.199999999999321        5.8750711507364883E-002
   40.239999999999320        6.0985729658102894E-002
   40.279999999999319        6.3302300257345401E-002
   40.319999999999318        6.5703004783047358E-002
   40.359999999999317        6.8190489923487085E-002
   40.399999999999316        7.0767467230127501E-002
   40.439999999999316        7.3436712477139565E-002
   40.479999999999315        7.6201064688837583E-002
   40.519999999999314        7.9063424792245929E-002
   40.559999999999313        8.2026753847631806E-002
   40.599999999999312        8.5094070805083355E-002
   40.639999999999311        8.8268449730014797E-002
   40.679999999999310        9.1553016434898105E-002
   40.719999999999310        9.4950944448437102E-002
   40.759999999999309        9.8465450246891351E-002
   40.799999999999308       0.10209978766521122     
   40.839999999999307       0.10585724139814889     
   40.879999999999306       0.10974111949347520     
   40.919999999999305       0.11375474473092240     
   40.959999999999305       0.11790144477147946     
   40.999999999999304       0.12218454095223397     
   41.039999999999303       0.12660733559211046     
   41.079999999999302       0.13117309766372953     
   41.119999999999301       0.13588504667623003     
   41.159999999999300       0.14074633460347030     
   41.199999999999299       0.14576002568168134     
   41.239999999999299       0.15092907389062971     
   41.279999999999298       0.15625629792295470     
   41.319999999999297       0.16174435343788929     
   41.359999999999296       0.16739570238853840     
   41.399999999999295       0.17321257920671007     
   41.439999999999294       0.17919695362667243     
   41.479999999999293       0.18535048992981595     
   41.519999999999293       0.19167450239686712     
   41.559999999999292       0.19816990676409407     
   41.599999999999291       0.20483716749587444     
   41.639999999999290       0.21167624070944147     
   41.679999999999289       0.21868651261993399     
   41.719999999999288       0.22586673341666685     
   41.759999999999287       0.23321494653646813     
   41.799999999999287       0.24072841336886075     
   41.839999999999286       0.24840353351265154     
   41.879999999999285       0.25623576080600152     
   41.919999999999284       0.26421951547422839     
   41.959999999999283       0.27234809288301598     
   41.999999999999282       0.28061356955083205     
   42.039999999999281       0.28900670726417221     
   42.079999999999281       0.29751685635302483     
   42.119999999999280       0.30613185942124677     
   42.159999999999279       0.31483795708563989     
   42.199999999999278       0.32361969755551190     
   42.239999999999277       0.33245985217658980     
   42.279999999999276       0.34133933936277572     
   42.319999999999276       0.35023715963739299     
   42.359999999999275       0.35913034479090644     
   42.399999999999274       0.36799392442062828     
   42.439999999999273       0.37680091333296950     
   42.479999999999272       0.38552232344128434     
   42.519999999999271       0.39412720386105171     
   42.559999999999270       0.40258271286643144     
   42.599999999999270       0.41085422520496007     
   42.639999999999269       0.41890547794796529     
   42.679999999999268       0.42669875756330722     
   42.719999999999267       0.43419513021866596     
   42.759999999999266       0.44135471644868929     
   42.799999999999265       0.44813701024746955     
   42.839999999999264       0.45450124138947423     
   42.879999999999264       0.46040677836026411     
   42.919999999999263       0.46581356773029814     
   42.959999999999262       0.47068260418230157     
   42.999999999999261       0.47497642377055360     
   43.039999999999260       0.47865961142633040     
   43.079999999999259       0.48169931231374985     
   43.119999999999258       0.48406573547446108     
   43.159999999999258       0.48573263736638594     
   43.199999999999257       0.48667777248095412     
   43.239999999999256        5.7963020089000930     
   43.279999999999255        5.7968491849144614     
   43.319999999999254        5.7981571270632157     
   43.359999999999253        5.8002286717435192     
   43.399999999999253        5.8030613134155216     
   43.439999999999252        5.8066471811966593     
   43.479999999999251        5.8109731081769782     
   43.519999999999250       0.46716451451202534     
   43.559999999999249       0.46141825948920356     
   43.599999999999248       0.45500117492164027     
   43.639999999999247       0.44794515166744553     
   43.679999999999247       0.44028576446658552     
   43.719999999999246       0.43206175669752339     
   43.759999999999245       0.42331448950743655     
   43.799999999999244       0.41408736939897905     
   43.839999999999243       0.40442526824344383     
   43.879999999999242       0.39437394905161061     
   43.919999999999241       0.38397950973887340     
   43.959999999999241       0.37328785565964839     
   43.999999999999240       0.36234420995871086     
   44.039999999999239       0.35119266889915646     
   44.079999999999238       0.33987580737993239     
   44.119999999999237       0.32843433794270838     
   44.159999999999236       0.31690682476666421     
   44.199999999999235       0.30532945252218302     
   44.239999999999235       0.29373584854412838     
   44.279999999999234       0.28215695561840270     
   44.319999999999233       0.27062095176172951     
   44.359999999999232       0.25915321271014746     
   44.399999999999231       0.24777631240157638     
   44.439999999999230       0.23651005651892953     
   44.479999999999229       0.22537154412433824     
   44.519999999999229       0.21437525253113843     
   44.559999999999228       0.20353314079695561     
   44.599999999999227       0.19285476754831454     
   44.639999999999226       0.18234741923700559     
   44.679999999999225       0.17201624535656634     
   44.719999999999224       0.16186439759301408     
   44.759999999999224       0.15189317033059124     
   44.799999999999223       0.14210214036767477     
   44.839999999999222       0.13248930411052173     
   44.879999999999221       0.12305121089662752     
   44.919999999999220       0.11378309145119214     
   44.959999999999219       0.10467898079772198     
   44.999999999999218        9.5731835227078843E-002
   45.039999999999218        8.6933643179458286E-002
   45.079999999999217        7.8275530113009584E-002
   45.119999999999216        6.9747857623755571E-002
   45.159999999999215        6.1340317247176923E-002
   45.199999999999214        5.3042019515388894E-002
   45.239999999999213        4.4841578968251916E-002
   45.279999999999212        3.6727195924766587E-002
   45.319999999999212        2.8686735915021799E-002
   45.359999999999211        2.0707807754591467E-002
   45.399999999999210        1.2777841313792226E-002
   45.439999999999209        4.8841660940293075E-003
   45.479999999999208        2.9859082278478333E-003
   45.519999999999207        1.0845008090048402E-002
   45.559999999999206        1.8705607952794079E-002
   45.599999999999206        2.6579936600583665E-002
   45.639999999999205        3.4479876639315066E-002
   45.679999999999204        4.2416856038151707E-002
   45.719999999999203        5.0401730653630850E-002
   45.759999999999202        5.8444656807407735E-002
   45.799999999999201        6.6554953179462029E-002
   45.839999999999200        7.4740951536850897E-002
   45.879999999999200        8.3009836156106243E-002
   45.919999999999199        9.1367472226987267E-002
   45.959999999999198        9.9818224057474758E-002
   45.999999999999197       0.10836476454337296     
   46.039999999999196       0.11700787812561053     
   46.079999999999195       0.12574626033352576     
   46.119999999999195       0.13457631799418657     
   46.159999999999194       0.14349197525665769     
   46.199999999999193       0.15248449170342138     
   46.239999999999192       0.16154229995060376     
   46.279999999999191       0.17065087120871514     
   46.319999999999190       0.17979261820283554     
   46.359999999999189       0.18894684553525565     
   46.399999999999189       0.19808975790099836     
   46.439999999999188       0.20719453641675845     
   46.479999999999187       0.21623149257866459     
   46.519999999999186       0.22516830792126097     
   46.559999999999185       0.23397036523734460     
   46.599999999999184       0.24260117421161453     
   46.639999999999183       0.25102289056013305     
   46.679999999999183       0.25919692336915290     
   46.719999999999182       0.26708462049177584     
   46.759999999999181       0.27464801687217655     
   46.799999999999180       0.28185062587663001     
   46.839999999999179       0.28865824951369579     
   46.879999999999178       0.29503978022512811     
   46.919999999999177       0.30096796508978940     
   46.959999999999177        5.9767652040928931     
   46.999999999999176        5.9718066595133328     
   47.039999999999175        5.9673536168990378     
   47.079999999999174        5.9634120016246808     
   47.119999999999173       0.32320374511496175     
   47.159999999999172       0.32612947425659977     
   47.199999999999172       0.32856305311961120     
   47.239999999999171       0.33052287123632312     
   47.279999999999170       0.33203275074892047     
   47.319999999999169       0.33312143879267575     
   47.359999999999168       0.33382201322907379     
   47.399999999999167       0.33417122793963305     
   47.439999999999166       0.33420882426962173     
   47.479999999999166       0.33397683408911594     
   47.519999999999165       0.33351889757037445     
   47.559999999999164       0.33287961548464695     
   47.599999999999163       0.33210395194328646     
   47.639999999999162       0.33123669938179789     
   47.679999999999161       0.33032201350668555     
   47.719999999999160       0.32940302213157779     
   47.759999999999160       0.32852150849259121     
   47.799999999999159       0.32771766685799020     
   47.839999999999158       0.32702992607821924     
   47.879999999999157       0.32649483515351752     
   47.919999999999156       0.32614700388417006     
   47.959999999999155       0.32601909114445271     
   47.999999999999154       0.32614183320327150     
   48.039999999999154       0.32654410471585660     
   48.079999999999153       0.32725300544801517     
   48.119999999999152       0.32829396639153252     
   48.159999999999151       0.32969086962105809     
   48.199999999999150       0.33146617697589553     
   48.239999999999149       0.33364106338292876     
   48.279999999999148       0.33623555133893746     
   48.319999999999148       0.33926864372085230     
   48.359999999999147       0.34275845267817528     
   48.399999999999146       0.34672232287639781     
   48.439999999999145       0.35117694780223463     
   48.479999999999144       0.35613847821282363     
   48.519999999999143       0.36162262211612139     
   48.559999999999143       0.36764473591442570     
   48.599999999999142       0.37421990653391068     
   48.639999999999141       0.38136302450713977     
   48.679999999999140       0.38908884807946631     
   48.719999999999139       0.39741205848037398     
   48.759999999999138       0.40634730654295126     
   48.799999999999137       0.41590925087402253     
   48.839999999999137       0.42611258777852701     
   48.879999999999136       0.43697207312848008     
   48.919999999999135       0.44850253634264270     
   48.959999999999134       0.46071888661070659     
   48.999999999999133       0.47363611145780471     
   49.039999999999132       0.48726926770349666     
   49.079999999999131       0.50163346482577653     
   49.119999999999131       0.51674384069661050     
   49.159999999999130       0.53261552961230452     
   49.199999999999129       0.54926362250079164     
   49.239999999999128       0.56670311914983129     
   49.279999999999127       0.58494887226610537     
   49.319999999999126       0.60401552314638174     
   49.359999999999125       0.62391742871930411     
   49.399999999999125       0.64466857970109537     
   49.439999999999124       0.66628250960169888     
   49.479999999999123       0.68877219432087466     
   49.519999999999122       0.71214994208786964     
   49.559999999999121       0.73642727352487025     
   49.599999999999120       0.76161479165504486     
   49.639999999999119       0.78772204173202809     
   49.679999999999119       0.81475736084077566     
   49.719999999999118       0.84272771731120732     
   49.759999999999117       0.87163854009737340     
   49.799999999999116       0.90149353840710411     
   49.839999999999115       0.93229451202116209     
   49.879999999999114       0.96404115291724235     
   49.919999999999114       0.99673083901272674     
   49.959999999999113        1.0303584210601970     
   49.999999999999112        1.0649160039698722     
   50.039999999999111        1.1003927240909270     
   50.079999999999110        1.1367745242556095     
   50.119999999999109        1.1740439286715323     
   50.159999999999108        1.2121798200325440     
   50.199999999999108        1.2511572214999198     
   50.239999999999107        1.2909470864746950     
   50.279999999999106        1.3315160993289941     
   50.319999999999105        1.3728264904783067     
   50.359999999999104        1.4148358693461742     
   50.399999999999103        1.4574970788855266     
   50.439999999999102        1.5007580753649186     
   50.479999999999102        1.5445618370916550     
   50.519999999999101        1.5888463056170776     
   50.559999999999100        1.6335443627439226     
   50.599999999999099        1.6785838463261609     
   50.639999999999098        1.7238876074161129     
   50.679999999999097        1.7693736107739313     
   50.719999999999096        1.8149550801174432     
   50.759999999999096        1.8605406887673928     
   50.799999999999095        1.9060347955507688     
   50.839999999999094        1.9513377249842634     
   50.879999999999093        1.9963460898962277     
   50.919999999999092        2.0409531537871231     
   50.959999999999091        2.0850492294058709     
   50.999999999999091        2.1285221092635691     
   51.039999999999090        2.1712575231468358     
   51.079999999999089        2.2131396171578031     
   51.119999999999088        2.2540514484197129     
   51.159999999999087        2.2938754893637636     
   51.199999999999086        3.9506911717144315     
   51.239999999999085        3.9133950967517550     
   51.279999999999085        3.8775378440554742     
   51.319999999999084        3.8432342561139312     
   51.359999999999083        3.8105973013818639     
   51.399999999999082        3.7797376308343869     
   51.439999999999081        3.7507631595120272     
   51.479999999999080        3.7237786752105269     
   51.519999999999079        3.6988854755529679     
   51.559999999999079        3.6761810337719303     
   51.599999999999078        3.6557586926577619     
   51.639999999999077        3.6377073853250286     
   51.679999999999076        3.6221113807386907     
   51.719999999999075        3.6090500513464083     
   51.759999999999074        3.5985976597010652     
   51.799999999999073        3.5908231606411700     
   51.839999999999073        3.5857900154349798     
   51.879999999999072        3.5835560142917164     
   51.919999999999071        3.5841731038012030     
   51.959999999999070        3.5876872161793694     
   51.999999999999069        3.5941380976660842     
   52.039999999999068        3.6035591340355504     
   52.079999999999067        3.6159771719270690     
   52.119999999999067        3.6314123355713548     
   52.159999999999066        3.6498778394576199     
   52.199999999999065        3.6713797985383638     
   52.239999999999064        3.6959170386771536     
   52.279999999999063        3.7234809111800220     
   52.319999999999062        3.7540551163787468     
   52.359999999999062        3.7876155423145272     
   52.399999999999061        3.8241301255589448     
   52.439999999999060        3.8635587420569859     
   52.479999999999059        3.9058531365330706     
   52.519999999999058        3.9509568994133608     
   52.559999999999057        3.9988055003360308     
   52.599999999999056        4.0493263871007334     
   52.639999999999056        4.1024391583131345     
   52.679999999999055        4.1580558169871171     
   52.719999999999054        4.2160811109697258     
   52.759999999999053        4.2764129642661688     
   52.799999999999052        4.3389430012007093     
   52.839999999999051        4.4035571629144403     
   52.879999999999050        4.4701364130560926     
   52.919999999999050        4.5385575267707940     
   52.959999999999049        4.6086939543535248     
   52.999999999999048        4.6804167483371728     
   53.039999999999047        1.5295897667205489     
   53.079999999999046        1.4550857541637281     
   53.119999999999045        1.3793866794988014     
   53.159999999999044        1.3026210531833167     
   53.199999999999044        1.2249147276558985     
   53.239999999999043        1.1463899231419061     
   53.279999999999042        1.0671643060008673     
   53.319999999999041       0.98735013461463983     
   53.359999999999040       0.90705348575172706     
   53.399999999999039       0.82637357191259886     
   53.439999999999038       0.74540215748683147     
   53.479999999999038       0.66422307876456999     
   53.519999999999037       0.58291187006831802     
   53.559999999999036       0.50153549562156829     
   53.599999999999035       0.42015218434637513     
   53.639999999999034       0.33881136265940692     
   53.679999999999033       0.25755367856851819     
   53.719999999999033       0.17641110898898882     
   53.759999999999032        9.5407141207589419E-002
   53.799999999999031        1.4557018811474531E-002
   53.839999999999030        6.6131957860209090E-002
   53.879999999999029       0.14666008663061070     
   53.919999999999028       0.22703488333474642     
   53.959999999999027       0.30727067563935884     
   53.999999999999027       0.38738817916940871     
   54.039999999999026       0.46741406346315983     
   54.079999999999025       0.54738051439188329     
   54.119999999999024       0.62732479876127956     
   54.159999999999023       0.70728883589192582     
   54.199999999999022       0.78731878008102218     
   54.239999999999021       0.86746461699656341     
   54.279999999999021       0.94777977626115617     
   54.319999999999020        1.0283207617540215     
   54.359999999999019        1.1091468004998914     
   54.399999999999018        1.1903195104224471     
   54.439999999999017        1.2719025867146905     
   54.479999999999016        1.3539615061141603     
   54.519999999999015        1.4365632479605961     
   54.559999999999015        1.5197760305501713     
   54.599999999999014        1.6036690609759054     
   54.639999999999013        1.6883122963506647     
   54.679999999999012        1.7737762140399655     
   54.719999999999011        1.8601315882801954     
   54.759999999999010        1.9474492703184558     
   54.799999999999010        2.0357999689791280     
   54.839999999999009        2.1252540283372339     
   54.879999999999008        2.2158811989595231     
   54.919999999999007        2.3077503989632362     
   54.959999999999006        2.4009294609445675     
   54.999999999999005        2.4954848606521463     
   55.039999999999004        2.5914814231369556     
   55.079999999999004        2.6889820020145923     
   55.119999999999003        2.7880471274483654     
   55.159999999999002        2.8887346185267360     
   55.199999999999001        2.9910991558946947     
   55.239999999999000        3.0951918108389913     
   55.279999999998999        3.2010595275584537     
   55.319999999998998        3.3087445561124404     
   55.359999999998998        3.4182838345733466     
   55.399999999998997        3.5297083202520092     
   55.439999999998996        3.6430422715521469     
   55.479999999998995        3.7583024840669270     
   55.519999999998994        3.8754974869682131     
   55.559999999998993        3.9946267085476475     
   55.599999999998992        4.1156796229120145     
   55.639999999998992        4.2386348932431268     
   55.679999999998991        4.3634595305949428     
   55.719999999998990        4.4901080907637709     
   55.759999999998989        4.6185219351316515     
   55.799999999998988        4.7486285843057772     
   55.839999999998987        4.8803411955807832     
   55.879999999998986        5.0135581964382512     
   55.919999999998986        5.1481631061724951     
   55.959999999998985        5.2840245760264866     
   55.999999999998984        5.4209966747315166     
   56.039999999998983        5.5589194409604152     
   56.079999999998982        5.6976197169473908     
   56.119999999998981        5.8369122685724033     
   56.159999999998981        5.9766011868951399     
   56.199999999998980        6.1164815549548983     
   56.239999999998979        6.2563413522655491     
   56.279999999998978        6.3959635585570718     
   56.319999999998977       0.25194310152272303     
   56.359999999998976       0.39043043595032434     
   56.399999999998975       0.52802208577285281     
   56.439999999998975       0.66450422975890044     
   56.479999999998974       0.79966966132449935     
   56.519999999998973       0.93331990783560059     
   56.559999999998972        1.0652671513803580     
   56.599999999998971        1.1953359092616418     
   56.639999999998970        1.3233644431032263     
   56.679999999998969        1.4492058769082772     
   56.719999999998969        1.5727290159059799     
   56.759999999998968        1.6938188688881266     
   56.799999999998967        1.8123768864089382     
   56.839999999998966        1.9283209352888611     
   56.879999999998965        2.0415850360840104     
   56.919999999998964        2.1521188944762084     
   56.959999999998963        2.2598872599640134     
   56.999999999998963        2.3648691459635662     
   57.039999999998962        2.4670569447069961     
   57.079999999998961        2.5664554684454739     
   57.119999999998960        2.6630809457262501     
   57.159999999998959        2.7569599982083619     
   57.199999999998958        2.8481286198711278     
   57.239999999998957        2.9366311767735369     
   57.279999999998957        3.0225194419168369     
   57.319999999998956        3.1058516763773580     
   57.359999999998955        3.1866917648004511     
   57.399999999998954        3.2651084106314685     
   57.439999999998953        3.3411743941281284     
   57.479999999998952        3.4149658942492183     
   57.519999999998952        3.4865618739293520     
   57.559999999998951        3.5560435269988449     
   57.599999999998950        3.6234937840554862     
   57.639999999998949        3.6889968739017545     
   57.679999999998948        3.7526379366872087     
   57.719999999998947        3.8145026846035281     
   57.759999999998946        3.8746771058339502     
   57.799999999998946        3.9332472074284697     
   57.839999999998945        3.9902987928339022     
   57.879999999998944        4.0459172699306318     
   57.919999999998943        4.1001874855963463     
   57.959999999998942        4.1531935830156810     
   57.999999999998941        4.2050188781710611     
   58.039999999998940        4.2557457521745388     
   58.079999999998940        4.3054555563260370     
   58.119999999998939        4.3542285270050058     
   58.159999999998938        4.4021437077167995     
   58.199999999998937        4.4492788758202142     
   58.239999999998936        4.4957104716578726     
   58.279999999998935        4.5415135279967895     
   58.319999999998934        4.5867615978635179     
   58.359999999998934        4.6315266790284406     
   58.399999999998933        4.6758791335591638     
   58.439999999998932        4.7198876010261568     
   58.479999999998931        4.7636189041076076     
   58.519999999998930        4.8071379455078516     
   58.559999999998929        4.8505075952780050     
   58.599999999998929        4.8937885678115709     
   58.639999999998928        4.9370392879850042     
   58.679999999998927        4.9803157461263590     
   58.719999999998926        5.0236713417268595     
   58.759999999998925        5.0671567160626161     
   58.799999999998924        5.1108195741683575     
   58.839999999998923        5.1547044969026556     
   58.879999999998923        5.1988527441645456     
   58.919999999998922        5.2433020506631642     
   58.959999999998921        5.2880864160023391     
   58.999999999998920        5.3332358912165434     
   59.039999999998919        5.3787763642771811     
   59.079999999998918        5.4247293474707208     
   59.119999999998917        5.4711117699230156     
   59.159999999998917        5.5179357788951684     
   59.199999999998916        5.5652085537922131     
   59.239999999998915        5.6129321370914527     
   59.279999999998914        5.6611032865964983     
   59.319999999998913        5.7097133535393514     
   59.359999999998912        5.7587481910698157     
   59.399999999998911        5.8081880975741340     
   59.439999999998911        5.8580077990398198     
   59.479999999998910        5.9081764743215883     
   59.519999999998909        5.9586578266584480     
   59.559999999998908        6.0094102041443120     
   59.599999999998907        6.0603867710698411     
   59.639999999998906        6.1115357311442899     
   59.679999999998905        6.1628006025925313     
   59.719999999998905        6.2141205440305178     
   59.759999999998904        6.2654307288846889     
   59.799999999998903        6.3166627649745859     
   59.839999999998902        6.3677451547640409     
   59.879999999998901        6.4186037907467837     
   59.919999999998900        6.4691624795085660     
   59.959999999998900        6.5193434872379497     
   59.999999999998899        6.5690680988744266     
   60.039999999998898        6.6182571827107148     
   60.079999999998897        6.6668317521220519     
   60.119999999998896       0.43152820900543803     
   60.159999999998895       0.47864010408807300     
   60.199999999998894       0.52490679902677384     
   60.239999999998894       0.57025516723054470     
   60.279999999998893       0.61461471993727057     
   60.319999999998892       0.65791799585341093     
   60.359999999998891       0.70010090349668874     
   60.399999999998890       0.74110301368941489     
   60.439999999998889       0.78086780077728402     
   60.479999999998888       0.81934283223723980     
   60.519999999998888       0.85647990735544610     
   60.559999999998887       0.89223514657559300     
   60.599999999998886       0.92656903391837730     
   60.639999999998885       0.95944641554157473     
   60.679999999998884       0.99083645803989584     
   60.719999999998883        1.0207125704741631     
   60.759999999998882        1.0490522943749969     
   60.799999999998882        1.0758371660962429     
   60.839999999998881        1.1010525559102546     
   60.879999999998880        1.1246874881555211     
   60.919999999998879        1.1467344465829896     
   60.959999999998878        1.1671891688170843     
   60.999999999998877        1.1860504335668565     
   61.039999999998876        1.2033198439069546     
   61.079999999998876        1.2190016096108174     
   61.119999999998875        1.2331023311716709     
   61.159999999998874        1.2456307878007573     
   61.199999999998873        1.2565977313550596     
   61.239999999998872        1.2660156878252078     
   61.279999999998871        1.2738987677131113     
   61.319999999998871        1.2802624863515579     
   61.359999999998870        1.2851235949665891     
   61.399999999998869        1.2884999230588436     
   61.439999999998868        1.2904102324822757     
   61.479999999998867        1.2908740834269605     
   61.519999999998866        1.2899117123658417     
   61.559999999998865        1.2875439219015770     
   61.599999999998865        1.2837919823471315     
   61.639999999998864        1.2786775447903873     
   61.679999999998863        1.2722225653265933     
   61.719999999998862        1.2644492400908267     
   61.759999999998861        1.2553799506836754     
   61.799999999998860        1.2450372195551080     
   61.839999999998859        1.2334436748920825     
   61.879999999998859        1.2206220245431885     
   61.919999999998858        1.2065950385069224     
   61.959999999998857        1.1913855395077189     
   61.999999999998856        1.1750164011843196     
   62.039999999998855        1.1575105534174346     
   62.079999999998854        1.1388909943269647     
   62.119999999998853        1.1191808084725561     
   62.159999999998853        1.0984031907942784     
   62.199999999998852        1.0765814758322501     
   62.239999999998851        1.0537391717646396     
   62.279999999998850        1.0298999988023891     
   62.319999999998849        1.0050879314760170     
   62.359999999998848       0.97932724434487994     
   62.399999999998847       0.95264256065232233     
   62.439999999998847       0.92505890344128594     
   62.479999999998846       0.89660174863441400     
   62.519999999998845       0.86729707957069768     
   62.559999999998844       0.83717144247766617     
   62.599999999998843       0.80625200234441330     
   62.639999999998842       0.77456659864691635     
   62.679999999998842       0.74214380036369620     
   62.719999999998841       0.70901295970752565     
   62.759999999998840       0.67520426398829758     
   62.799999999998839       0.64074878501405852     
   62.839999999998838       0.60567852543230583     
   62.879999999998837       0.57002646141274427     
   62.919999999998836       0.53382658107651371     
   62.959999999998836       0.49711391808617000     
   62.999999999998835       0.45992457982609880     
   63.039999999998834       0.42229576962514370     
   63.079999999998833       0.38426580250255393     
   63.119999999998832       0.34587411395524359     
   63.159999999998831       0.30716126134904820     
   63.199999999998830       0.26816891752920324     
   63.239999999998830       0.22893985632551084     
   63.279999999998829       0.18951792969527903     
   63.319999999998828       0.14994803632153464     
   63.359999999998827       0.11027608156447766     
   63.399999999998826        7.0548928749654682E-002
   63.439999999998825        3.0814341865718076E-002
   63.479999999998824        8.8790801634822669E-003
   63.519999999998824        4.8481977374858709E-002
   63.559999999998823        8.7944310480282617E-002
   63.599999999998822       0.12721544995938505     
   63.639999999998821       0.16624427200564762     
   63.679999999998820       0.20497926072065820     
   63.719999999998819       0.24336861587913727     
   63.759999999998819       0.28136036552413929     
   63.799999999998818       0.31890248259908704     
   63.839999999998817       0.35594300478213659     
   63.879999999998816       0.39243015665970027     
   63.919999999998815       0.42831247336037237     
   63.959999999998814       0.46353892476829717     
   63.999999999998813       0.49805903944616592     
   64.039999999998813       0.53182302742217935     
   64.079999999998819       0.56478190103180337     
   64.119999999998825       0.59688759305303951     
   64.159999999998831       0.62809307143202364     
   64.199999999998838       0.65835244996264342     
   64.239999999998844       0.68762109435794982     
   64.279999999998850       0.71585572323071267     
   64.319999999998856       0.74301450358377608     
   64.359999999998863       0.76905714049611562     
   64.399999999998869       0.79394496077592258     
   64.439999999998875       0.81764099043597482     
   64.479999999998881       0.84011002592743711     
   64.519999999998888       0.86131869914465342     
   64.559999999998894       0.88123553628423534     
   64.599999999998900       0.89983101070576832     
   64.639999999998906       0.91707758999793620     
   64.679999999998913       0.93294977750219221     
   64.719999999998919       0.94742414858587098     
   64.759999999998925       0.96047938198765026     
   64.799999999998931       0.97209628658050173     
   64.839999999998938       0.98225782391088334     
   64.879999999998944       0.99094912687822434     
   64.919999999998950       0.99815751491615845     
   64.959999999998956        1.0038725060270319     
   64.999999999998963        1.0080858260045542     
   65.039999999998969        1.0107914151567816     
   65.079999999998975        1.0119854328136457     
   65.119999999998981        1.0116662598707404     
   65.159999999998988        1.0098344995848203     
   65.199999999998994        1.0064929767972484     
   65.239999999999000        1.0016467357201908     
   65.279999999999006       0.99530303637747364     
   65.319999999999013       0.98747134974840456     
   65.359999999999019       0.97816335161919865     
   65.399999999999025       0.96739291510363001     
   65.439999999999031       0.95517610175274936     
   65.479999999999038       0.94153115113358421     
   65.519999999999044       0.92647846871920969     
   65.559999999999050       0.91004061189797270     
   65.599999999999056       0.89224227387845534     
   65.639999999999063       0.87311026523941093     
   65.679999999999069       0.85267349285081839     
   65.719999999999075       0.83096293587373726     
   65.759999999999081       0.80801161853313808     
   65.799999999999088       0.78385457934961145     
   65.839999999999094       0.75852883651306069     
   65.879999999999100       0.73207334908433541     
   65.919999999999106       0.70452897371939827     
   65.959999999999113       0.67593841662509158     
   65.999999999999119       0.64634618047588299     
   66.039999999999125       0.61579850604704489     
   66.079999999999131       0.58434330835140202     
   66.119999999999138       0.55203010710383482     
   66.159999999999144       0.51890995137982809     
   66.199999999999150       0.48503533838109636     
   66.239999999999156       0.45046012627220799     
   66.279999999999163       0.41523944110658639     
   66.319999999999169       0.37942957791761656     
   66.359999999999175       0.34308789611010593     
   66.399999999999181       0.30627270934821271     
   66.439999999999188       0.26904317019731117     
   66.479999999999194       0.23145914983819624     
   66.519999999999200       0.19358111323160768     
   66.559999999999206       0.15546999016832419     
   66.599999999999213       0.11718704269411168     
   66.639999999999219        7.8793729448694588E-002
   66.679999999999225        4.0351567502799487E-002
   66.719999999999231        1.9219923164156411E-003
   66.759999999999238        3.6433783525969266E-002
   66.799999999999244        7.4654912121846342E-002
   66.839999999999250       0.11268105189952804     
   66.879999999999256       0.15045250839980429     
   66.919999999999263       0.18791037347865586     
   66.959999999999269       0.22499666222507328     
   66.999999999999275       0.26165444690169870     
   67.039999999999281       0.29782798723724541     
   67.079999999999288       0.33346285642800660     
   67.119999999999294       0.36850606224067056     
   67.159999999999300       0.40290616264940921     
   67.199999999999307       0.43661337548602125     
   67.239999999999313       0.46957968163189845     
   67.279999999999319       0.50175892133384581     
   67.319999999999325       0.53310688328134603     
   67.359999999999332       0.56358138613978481     
   67.399999999999338       0.59314235229149415     
   67.439999999999344       0.62175187359335460     
   67.479999999999350       0.64937426901529249     
   67.519999999999357       0.67597613407757817     
   67.559999999999363       0.70152638205575035     
   67.599999999999369       0.72599627696971403     
   67.639999999999375       0.74935945841769236     
   67.679999999999382       0.77159195835596317     
   67.719999999999388       0.79267220996151488     
   67.759999999999394       0.81258104874686754     
   67.799999999999400       0.83130170612438781     
   67.839999999999407       0.84881979564165111     
   67.879999999999413       0.86512329213002170     
   67.919999999999419       0.88020250402595768     
   67.959999999999425       0.89405003913900516     
   67.999999999999432       0.90666076415243546     
   68.039999999999438       0.91803175815247440     
   68.079999999999444       0.92816226049051953     
   68.119999999999450       0.93705361329011150     
   68.159999999999457       0.94470919891713456     
   68.199999999999463       0.95113437273817347     
   68.239999999999469       0.95633639149848593     
   68.279999999999475       0.96032433765795222     
   68.319999999999482       0.96310904003084019     
   68.359999999999488       0.96470299108343960     
   68.399999999999494       0.96512026125260952     
   68.439999999999500       0.96437641065807234     
   68.479999999999507       0.96248839859176327     
   68.519999999999513       0.95947449117856642     
   68.559999999999519       0.95535416761411707     
   68.599999999999525       0.95014802539673915     
   68.639999999999532       0.94387768498171876     
   68.679999999999538       0.93656569429660441     
   68.719999999999544       0.92823543356572547     
   68.759999999999550       0.91891102090022292     
   68.799999999999557       0.90861721911622251     
   68.839999999999563       0.89737934424796562     
   68.879999999999569       0.88522317622442470     
   68.919999999999575       0.87217487217684253     
   68.959999999999582       0.85826088284049962     
   68.999999999999588       0.84350787250661796     
   69.039999999999594       0.82794264296950026     
   69.079999999999600       0.81159206189968169     
   69.119999999999607       0.79448299605600958     
   69.159999999999613       0.77664224972816986     
   69.199999999999619       0.75809650877633328     
   69.239999999999625       0.73887229060640491     
   69.279999999999632       0.71899590038797423     
   69.319999999999638       0.69849339378768127     
   69.359999999999644       0.67739054645350527     
   69.399999999999650       0.65571283044567252     
   69.439999999999657       0.63348539776766000     
   69.479999999999663       0.61073307110632558     
   69.519999999999669       0.58748034184370057     
   69.559999999999675       0.56375137535455178     
   69.599999999999682       0.53957002355358363     
   69.639999999999688       0.51495984460414757     
   69.679999999999694       0.48994412964659750     
   69.719999999999700       0.46454593634896357     
   69.759999999999707       0.43878812902537645     
   69.799999999999713       0.41269342500860673     
   69.839999999999719       0.38628444690213593     
   69.879999999999725       0.35958378027428861     
   69.919999999999732       0.33261403629212460     
   69.959999999999738       0.30539791872604349     
   69.999999999999744       0.27795829468750577     
   70.039999999999750       0.25031826839215354     
   70.079999999999757       0.22250125716925573     
   70.119999999999763       0.19453106886633320     
   70.159999999999769       0.16643197972573320     
   70.199999999999775       0.13822881173872981     
   70.239999999999782       0.10994700841357641     
   70.279999999999788        8.1612707828226161E-002
   70.319999999999794        5.3252811777806830E-002
   70.359999999999800        2.4895049773305034E-002
   70.399999999999807        3.4319633965744778E-003
   70.439999999999813        3.1698677861391023E-002
   70.479999999999819        5.9874567962747371E-002
   70.519999999999825        8.7928101988044238E-002
   70.559999999999832       0.11582672366921232     
   70.599999999999838       0.14353684673216505     
   70.639999999999844       0.17102386371888900     
   70.679999999999851       0.19825217021343677     
   70.719999999999857       0.22518520548378307     
   70.759999999999863       0.25178551040223707     
   70.799999999999869       0.27801480332724515     
   70.839999999999876       0.30383407441912769     
   70.879999999999882       0.32920369862265841     
   70.919999999999888       0.35408356728250323     
   70.959999999999894       0.37843323806654372     
   70.999999999999901       0.40221210256128681     
   71.039999999999907       0.42537957057822706     
   71.079999999999913       0.44789526987654737     
   71.119999999999919       0.46971925967314043     
   71.159999999999926       0.49081225598358375     
   71.199999999999932       0.51113586652586940     
   71.239999999999938       0.53065283263109186     
   71.279999999999944       0.54932727535061454     
   71.319999999999951       0.56712494273577918     
   71.359999999999957       0.58401345510164082     
   71.399999999999963       0.59996254497717205     
   71.439999999999969       0.61494428839626925     
   71.479999999999976       0.62893332420059334     
   71.519999999999982       0.64190705810894777     
   71.559999999999988       0.65384584845884630     
   71.599999999999994       0.66473317074254834     
   71.640000000000001       0.67455575833862347     
   71.680000000000007       0.68330371717568716     
   71.720000000000013       0.69097061245030533     
   71.760000000000019       0.69755352594766107     
   71.800000000000026       0.70305308297170743     
   71.840000000000032       0.70747344837055370     
   71.880000000000038       0.71082229163155275     
   71.920000000000044       0.71311072150756971     
   71.960000000000051       0.71435319110993545     
   72.000000000000057       0.71456737485383859     
   72.040000000000063       0.71377401905840898     
   72.080000000000069       0.71199676837760983     
   72.120000000000076       0.70926197056174323     
   72.160000000000082       0.70559846231687962     
   72.200000000000088       0.70103733923651645     
   72.240000000000094       0.69561171292368362     
   72.280000000000101       0.68935645850172200     
   72.320000000000107       0.68230795572899905     
   72.360000000000113       0.67450382688942701     
   72.400000000000119       0.66598267453082061     
   72.440000000000126       0.65678382197218244     
   72.480000000000132       0.64694705930524754     
   72.520000000000138       0.63651239738218723     
   72.560000000000144       0.62551983201791894     
   72.600000000000151       0.61400912034987842     
   72.640000000000157       0.60201957099828340     
   72.680000000000163       0.58958984936349756     
   72.720000000000169       0.57675779909127300     
   72.760000000000176       0.56356028043794837     
   72.800000000000182       0.55003302598188375     
   72.840000000000188       0.53621051385940732     
   72.880000000000194       0.52212585845727955     
   72.920000000000201       0.50781071827215496     
   72.960000000000207       0.49329522045279406     
   73.000000000000213       0.47860790137401765     
   73.040000000000219       0.46377566245294921     
   73.080000000000226       0.44882374030758854     
   73.120000000000232       0.43377569027418494     
   73.160000000000238       0.41865338224173532     
   73.200000000000244       0.40347700772728690     
   73.240000000000251       0.38826509710239354     
   73.280000000000257       0.37303454588665086     
   73.320000000000263       0.35780064904624287     
   73.360000000000269       0.34257714227137126     
   73.400000000000276       0.32737624925387454     
   73.440000000000282       0.31220873404293803     
   73.480000000000288       0.29708395762038631     
   73.520000000000294       0.28200993790565398     
   73.560000000000301       0.26699341247235298     
   73.600000000000307       0.25203990333185922     
   73.640000000000313       0.23715378321315694     
   73.680000000000319       0.22233834284119247     
   73.720000000000326       0.20759585878726350     
   73.760000000000332       0.19292766153376317     
   73.800000000000338       0.17833420346134177     
   73.840000000000344       0.16381512652881391     
   73.880000000000351       0.14936932947464054     
   73.920000000000357       0.13499503442336369     
   73.960000000000363       0.12068985283087152     
   74.000000000000369       0.10645085074880178     
   74.040000000000376        9.2274613430763708E-002
   74.080000000000382        7.8157309341429393E-002
   74.120000000000388        6.4094753663989978E-002
   74.160000000000394        5.0082471432038034E-002
   74.200000000000401        3.6115760438691913E-002
   74.240000000000407        2.2189754098732806E-002
   74.280000000000413        8.2994844586607996E-003
   74.320000000000420        5.5600544351814829E-003
   74.360000000000426        1.9393842589052523E-002
   74.400000000000432        3.3206769306482586E-002
   74.440000000000438        4.7003567394383827E-002
   74.480000000000445        6.0788746102268698E-002
   74.520000000000451        7.4566522574084804E-002
   74.560000000000457        8.8340751605951118E-002
   74.600000000000463       0.10211485352347305     
   74.640000000000470       0.11589174002007208     
   74.680000000000476       0.12967373783374136     
   74.720000000000482       0.14346251018476286     
   74.760000000000488       0.15725897595216409     
   74.800000000000495       0.17106322663308848     
   74.840000000000501       0.18487444120781249     
   74.880000000000507       0.19869079912482990     
   74.920000000000513       0.21250939172612271     
   74.960000000000520       0.22632613255312650     
   75.000000000000526       0.24013566710942458     
   75.040000000000532       0.25393128280693666     
   75.080000000000538       0.26770481998790707     
   75.120000000000545       0.28144658509434328     
   75.160000000000551       0.29514526724795731     
   75.200000000000557       0.30878785970448597     
   75.240000000000563       0.32235958785282803     
   75.280000000000570       0.33584384563688618     
   75.320000000000576       0.34922214248019379     
   75.360000000000582       0.36247406298279006     
   75.400000000000588       0.37557724182745500     
   75.440000000000595       0.38850735646798040     
   75.480000000000601       0.40123814026405791     
   75.520000000000607       0.41374141876301374     
   75.560000000000613       0.42598717179474377     
   75.600000000000620       0.43794362392942787     
   75.640000000000626       0.44957736563502260     
   75.680000000000632       0.46085350715161855     
   75.720000000000638       0.47173586666318690     
   75.760000000000645       0.48218719378805541     
   75.800000000000651       0.49216942872603298     
   75.840000000000657       0.50164399659630410     
   75.880000000000663       0.51057213558630310     
   75.920000000000670       0.51891525652519088     
   75.960000000000676       0.52663533042132293     
   76.000000000000682       0.53369529939386007     
   76.040000000000688       0.54005950532417268     
   76.080000000000695       0.54569412949865015     
   76.120000000000701       0.55056763556096866     
   76.160000000000707       0.55465120729074302     
   76.200000000000713       0.55791917212787157     
   76.240000000000720       0.56034940101475972     
   76.280000000000726       0.56192367507146712     
   76.320000000000732       0.56262800988039963     
   76.360000000000738       0.56245292875248110     
   76.400000000000745       0.56139367727484846     
   76.440000000000751       0.55945037268278652     
   76.480000000000757       0.55662808312007983     
   76.520000000000763       0.55293683360001078     
   76.560000000000770       0.54839153738744084     
   76.600000000000776       0.54301185351370918     
   76.640000000000782       0.53682197312698765     
   76.680000000000788       0.52985033928648706     
   76.720000000000795       0.52212930654854883     
   76.760000000000801       0.51369474819404881     
   76.800000000000807       0.50458562015066288     
   76.840000000000813       0.49484349152787993     
   76.880000000000820       0.48451205218320859     
   76.920000000000826       0.47363660787012962     
   76.960000000000832       0.46226357329591183     
   77.000000000000838       0.45043997287103332     
   77.040000000000845       0.43821295810597749     
   77.080000000000851       0.42562934956002940     
   77.120000000000857       0.41273521003087810     
   77.160000000000863       0.39957545435588782     
   77.200000000000870       0.38619349983668183     
   77.240000000000876       0.37263095995419415     
   77.280000000000882       0.35892738276025282     
   77.320000000000888       0.34512003415373282     
   77.360000000000895       0.33124372520419487     
   77.400000000000901       0.31733068179354529     
   77.440000000000907       0.30341045411702261     
   77.480000000000913       0.28950986302063253     
   77.520000000000920       0.27565297974780179     
   77.560000000000926       0.26186113541259504     
   77.600000000000932       0.24815295639531021     
   77.640000000000938       0.23454442185099844     
   77.680000000000945       0.22104893961340100     
   77.720000000000951       0.20767743694680552     
   77.760000000000957       0.19443846282785771     
   77.800000000000963       0.18133829871131213     
   77.840000000000970       0.16838107503276301     
   77.880000000000976       0.15556889101433846     
   77.920000000000982       0.14290193565516240     
   77.960000000000989       0.13037860809825119     
   78.000000000000995       0.11799563586259021     
   78.040000000001001       0.10574818970853928     
   78.080000000001007        9.3629994163139330E-002
   78.120000000001014        8.1633432967452624E-002
   78.160000000001020        6.9749648920049534E-002
   78.200000000001026        5.7968637779364673E-002
   78.240000000001032        4.6279336053805853E-002
   78.280000000001039        3.4669702653655321E-002
   78.320000000001045        2.3126794504806814E-002
   78.360000000001051        1.1636836333253076E-002
   78.400000000001057        1.8528492319003220E-004
   78.440000000001064        1.1243111767147873E-002
   78.480000000001070        2.2664260177112094E-002
   78.520000000001076        3.4094670885597811E-002
   78.560000000001082        4.5551411950352172E-002
   78.600000000001089        5.7052065220354997E-002
   78.640000000001095        6.8614684948613114E-002
   78.680000000001101        8.0257757985726652E-002
   78.720000000001107        9.2000164787698235E-002
   78.760000000001114       0.10386114042355654     
   78.800000000001120       0.11586023471856244     
   78.840000000001126       0.12801727061642065     
   78.880000000001132       0.14035229978863883     
   78.920000000001139       0.15288555446085539     
   78.960000000001145       0.16563739436486768     
   79.000000000001151       0.17862824766181884     
   79.040000000001157       0.19187854461765275     
   79.080000000001164       0.20540864274808124     
   79.120000000001170       0.21923874208914462     
   79.160000000001176       0.23338878919383266     
   79.200000000001182       0.24787836840888389     
   79.240000000001189       0.26272657895334861     
   79.280000000001195       0.27795189630738637     
   79.320000000001201       0.29357201643274644     
   79.360000000001207       0.30960368139332894     
   79.400000000001214       0.32606248503421176     
   79.440000000001220       0.34296265752091015     
   79.480000000001226       0.36031682774876739     
   79.520000000001232       0.37813576291774575     
   79.560000000001239       0.39642808494344628     
   79.600000000001245       0.41519996385417457     
   79.640000000001251       0.43445478891893607     
   79.680000000001257       0.45419281897363284     
   79.720000000001264       0.47441081427109077     
   79.760000000001270       0.49510165317944610     
   79.800000000001276       0.51625393819174681     
   79.840000000001282       0.53785159697851492     
   79.880000000001289       0.55987348559595107     
   79.920000000001295       0.58229300242501125     
   79.960000000001301       0.60507772291668616     
   80.000000000001307       0.62818906669713392     
   80.040000000001314       0.65158200996765547     
   80.080000000001320       0.67520485732807423     
   80.120000000001326       0.69899908805338296     
   80.160000000001332       0.72289929234795469     
   80.200000000001339       0.74683321307012918     
   80.240000000001345       0.77072190774693539     
   80.280000000001351       0.79448004428157759     
   80.320000000001357       0.81801634151710978     
   80.360000000001364       0.84123416271701767     
   80.400000000001370       0.86403226606403027     
   80.440000000001376       0.88630571152743176     
   80.480000000001382       0.90794691803626826     
   80.520000000001389       0.92884685901742170     
   80.560000000001395       0.94889637827222728     
   80.600000000001401       0.96798760218280488     
   80.640000000001407       0.98601541870290177     
   80.680000000001414        1.0028789888509477     
   80.720000000001420        1.0184832528211585     
   80.760000000001426        5.2504449165278357     
   80.800000000001432        5.2376141103250466     
   80.840000000001439        5.2262789775403533     
   80.880000000001445        5.2164979088090284     
   80.920000000001451        5.2083174496056994     
   80.960000000001457        5.2017716252376074     
   81.000000000001464        5.1968815030967423     
   81.040000000001470        5.1936550023742640     
   81.080000000001476        5.1920869530403682     
   81.120000000001482        5.1921593975858897     
   81.160000000001489        5.1938421212267540     
   81.200000000001495        5.1970933893588436     
   81.240000000001501        5.2018608653188814     
   81.280000000001507        1.0751026300102369     
   81.320000000001514        1.0674967077785855     
   81.360000000001520        1.0585839930208980     
   81.400000000001526        1.0484475903989430     
   81.440000000001532        1.0371750752216391     
   81.480000000001539        1.0248571977087029     
   81.520000000001545        1.0115866351761846     
   81.560000000001551       0.99745681546259890     
   81.600000000001558       0.98256083035963393     
   81.640000000001564       0.96699045312858234     
   81.680000000001570       0.95083526959207498     
   81.720000000001576       0.93418192797350486     
   81.760000000001583       0.91711350875543063     
   81.800000000001589       0.89970901244194890     
   81.840000000001595       0.88204296029590057     
   81.880000000001601       0.86418510089984224     
   81.920000000001608       0.84620021374837862     
   81.960000000001614       0.82814799998213040     
   82.000000000001620       0.81008304976563927     
   82.040000000001626       0.79205487562668431     
   82.080000000001633       0.77410800124099910     
   82.120000000001639       0.75628209559171222     
   82.160000000001645       0.73861214308763246     
   82.200000000001651       0.72112864102529861     
   82.240000000001658       0.70385781667084224     
   82.280000000001664       0.68682185717201394     
   82.320000000001670       0.67003914645000440     
   82.360000000001676       0.65352450413516383     
   82.400000000001683       0.63728942247854392     
   82.440000000001689       0.62134229797731888     
   82.480000000001695       0.60568865518749559     
   82.520000000001701       0.59033136085756510     
   82.560000000001708       0.57527082710136512     
   82.600000000001714       0.56050520283970440     
   82.640000000001720       0.54603055318259330     
   82.680000000001726       0.53184102680283596     
   82.720000000001733       0.51792901167360506     
   82.760000000001739       0.50428527981396853     
   82.800000000001745       0.49089912191355745     
   82.840000000001751       0.47775847289653606     
   82.880000000001758       0.46485002964094368     
   82.920000000001764       0.45215936219661512     
   82.960000000001770       0.43967101994650992     
   83.000000000001776       0.42736863423451776     
   83.040000000001783       0.41523501903859605     
   83.080000000001789       0.40325227130112218     
   83.120000000001795       0.39140187253704983     
   83.160000000001801       0.37966479332205716     
   83.200000000001808       0.36802160221342350     
   83.240000000001814       0.35645258057090401     
   83.280000000001820       0.34493784461758836     
   83.320000000001826       0.33345747590530972     
   83.360000000001833       0.32199166111914979     
   83.400000000001839       0.31052084186490436     
   83.440000000001845       0.29902587472697673     
   83.480000000001851       0.28748820145886245     
   83.520000000001858       0.27589002867363033     
   83.560000000001864       0.26421451584076050     
   83.600000000001870       0.25244596977614675     
   83.640000000001876       0.24057004314736319     
   83.680000000001883       0.22857393382608571     
   83.720000000001889       0.21644658123021321     
   83.760000000001895       0.20417885514281564     
   83.800000000001901       0.19176373191265594     
   83.840000000001908       0.17919645247547711     
   83.880000000001914       0.16647465633278280     
   83.920000000001920       0.15359848553119670     
   83.960000000001926       0.14057065284212078     
   84.000000000001933       0.12739646878120925     
   84.040000000001939       0.11408382285008112     
   84.080000000001945       0.10064311543147614     
   84.120000000001951        8.7087138106083817E-002
   84.160000000001958        7.3430901744486965E-002
   84.200000000001964        5.9691413498574625E-002
   84.240000000001970        4.5887405690592575E-002
   84.280000000001976        3.2039021476108584E-002
   84.320000000001983        1.8167463931750658E-002
   84.360000000001989        4.2946167808614322E-003
   84.400000000001995        9.5573537804354014E-003
   84.440000000002001        2.3366405841374477E-002
   84.480000000002008        3.7111026405753395E-002
   84.520000000002014        5.0770623264588699E-002
   84.560000000002020        6.4325894048304411E-002
   84.600000000002026        7.7759163398468556E-002
   84.640000000002033        9.1054680576153957E-002
   84.680000000002039       0.10419887148421714     
   84.720000000002045       0.11718054091958252     
   84.760000000002051       0.12999102277894881     
   84.800000000002058       0.14262427781067044     
   84.840000000002064       0.15507694024183816     
   84.880000000002070       0.16734831613524248     
   84.920000000002076       0.17944033758978584     
   84.960000000002083       0.19135747785676327     
   85.000000000002089       0.20310663309224219     
   85.040000000002095       0.21469697681134803     
   85.080000000002102       0.22613979317858579     
   85.120000000002108       0.23744829509616050     
   85.160000000002114       0.24863743268371086     
   85.200000000002120       0.25972369722512556     
   85.240000000002127       0.27072492503784495     
   85.280000000002133       0.28166010504061845     
   85.320000000002139       0.29254919309506988     
   85.360000000002145       0.30341293550615767     
   85.400000000002152       0.31427270341123070     
   85.440000000002158       0.32515033918461866     
   85.480000000002164       0.33606801544596498     
   85.520000000002170       0.34704810679178655     
   85.560000000002177       0.35811307397243120     
   85.600000000002183       0.36928535990865941     
   85.640000000002189       0.38058729667880087     
   85.680000000002195       0.39204102240249994     
   85.720000000002202       0.40366840679313176     
   85.760000000002208       0.41549098404031826     
   85.800000000002214       0.42752989160903132     
   85.840000000002220       0.43980581349534997     
   85.880000000002227       0.45233892645460450     
   85.920000000002233       0.46514884770973230     
   85.960000000002239       0.47825458265153209     
   86.000000000002245       0.49167447105438478     
   86.040000000002252       0.50542613034819528     
   86.080000000002258       0.51952639450801241     
   86.120000000002264       0.53399124714616364     
   86.160000000002270       0.54883574741790264     
   86.200000000002277       0.56407394738144601     
   86.240000000002283       0.57971879948876448     
   86.280000000002289       0.59578205292724218     
   86.320000000002295       0.61227413758795213     
   86.360000000002302       0.62920403450816464     
   86.400000000002308       0.64657913172909476     
   86.440000000002314       0.66440506463083882     
   86.480000000002320       0.68268553996177683     
   86.520000000002327       0.70142214297691874     
   86.560000000002333       0.72061412734682473     
   86.600000000002339       0.74025818780422536     
   86.640000000002345       0.76034821586783252     
   86.680000000002352       0.78087503943027148     
   86.720000000002358       0.80182614752703207     
   86.760000000002364       0.82318540222189340     
   86.800000000002370       0.84493274025532772     
   86.840000000002377       0.86704386790682486     
   86.880000000002383       0.88948995341675352     
   86.920000000002389       0.91223732228991161     
   86.960000000002395       0.93524716184670598     
   87.000000000002402       0.95847524247675953     
   87.040000000002408       0.98187166415303806     
   87.080000000002414        1.0053806378424039     
   87.120000000002420        1.0289403124512206     
   87.160000000002427        1.0524826588131868     
   87.200000000002433        1.0759334228933057     
   87.240000000002439        1.0992121607723808     
   87.280000000002445        1.1222323680123178     
   87.320000000002452        1.1449017156054020     
   87.360000000002458        1.1671224038071477     
   87.400000000002464        1.1887916436795511     
   87.440000000002470        1.2098022740840606     
   87.480000000002477        1.2300435191397203     
   87.520000000002483        1.2494018878101005     
   87.560000000002489        1.2677622133468383     
   87.600000000002495        1.2850088258808743     
   87.640000000002502        1.3010268466384329     
   87.680000000002508        1.3157035872303564     
   87.720000000002514        1.3289300324183426     
   87.760000000002520        1.3406023799252764     
   87.800000000002527        1.3506236064717703     
   87.840000000002533        1.3589050255345949     
   87.880000000002539        1.3653677995729219     
   87.920000000002545        1.3699443678690733     
   87.960000000002552        1.3725797508570929     
   88.000000000002558        1.3732326929880634     
   88.040000000002564        1.3718766088656096     
   88.080000000002570        1.3685003015662960     
   88.120000000002577        1.3631084276484184     
   88.160000000002583        1.3557216901814559     
   88.200000000002589        1.3463767489546923     
   88.240000000002595        1.3351258455379560     
   88.280000000002602        1.3220361497072735     
   88.320000000002608        1.3071888425153495     
   88.360000000002614        1.2906779595699889     
   88.400000000002620        1.2726090254842048     
   88.440000000002627        1.2530975166202067     
   88.480000000002633        1.2322671938708987     
   88.520000000002639        1.2102483500988459     
   88.560000000002645        1.1871760178783468     
   88.600000000002652        1.1631881823662660     
   88.640000000002658        1.1384240415754914     
   88.680000000002664        1.1130223522534921     
   88.720000000002671        1.0871198942688434     
   88.760000000002677        1.0608500802264378     
   88.800000000002683        1.0343417303388733     
   88.840000000002689        1.0077180257459677     
   88.880000000002696       0.98109564683667272     
   88.920000000002702       0.95458409697866031     
   88.960000000002708       0.92828520662765146     
   89.000000000002714       0.90229280822754632     
   89.040000000002721       0.87669256870875856     
   89.080000000002727       0.85156196376531712     
   89.120000000002733       0.82697037640455107     
   89.160000000002739       0.80297930143596608     
   89.200000000002746       0.77964263748701801     
   89.240000000002752       0.75700704867390534     
   89.280000000002758       0.73511237907990212     
   89.320000000002764       0.71399210456989159     
   89.360000000002771       0.69367380807548917     
   89.400000000002777       0.67417966621323577     
   89.440000000002783       0.65552693685895269     
   89.480000000002789       0.63772843902294163     
   89.520000000002796       0.62079301799950537     
   89.560000000002802       0.60472599026264628     
   89.600000000002808       0.58952956392436118     
   89.640000000002814       0.57520323175101007     
   89.680000000002821       0.56174413474450624     
   89.720000000002827       0.54914739514335720     
   89.760000000002833       0.53740641839373904     
   89.800000000002839       0.52651316419598793     
   89.840000000002846       0.51645838716227921     
   89.880000000002852       0.50723184794267473     
   89.920000000002858       0.49882249590507977     
   89.960000000002864       0.49121862460515731     
   90.000000000002871       0.48440800136916096     
   90.040000000002877       0.47837797234898449     
   90.080000000002883       0.47311554440616943     
   90.120000000002889       0.46860744515051200     
   90.160000000002896       0.46484016240839088     
   90.200000000002902       0.46179996433390436     
   90.240000000002908       0.45947290130924401     
   90.280000000002914       0.45784479071541684     
   90.320000000002921       0.45690118559566439     
   90.360000000002927       0.45662732818620277     
   90.400000000002933       0.45700808925621050     
   90.440000000002939       0.45802789418478573     
   90.480000000002946       0.45967063670988617     
   90.520000000002952       0.46191958131570754     
   90.560000000002958       0.46475725528270218     
   90.600000000002964       0.46816533151023210     
   90.640000000002971       0.47212450333685219     
   90.680000000002977       0.47661435272794517     
   90.720000000002983       0.48161321337462937     
   90.760000000002989       0.48709803045023303     
   90.800000000002996       0.49304421899883444     
   90.840000000003002       0.49942552318056510     
   90.880000000003008       0.50621387886527058     
   90.920000000003014       0.51337928234252939     
   90.960000000003021       0.52088966819293603     
   91.000000000003027       0.52871079963181966     
   91.040000000003033       0.53680617487902182     
   91.080000000003039       0.54513695331188838     
   91.120000000003046       0.55366190530635073     
   91.160000000003052       0.56233738974469372     
   91.200000000003058       0.57111736314949280     
   91.240000000003064       0.57995342427240804     
   91.280000000003071       0.58879489770645854     
   91.320000000003077       0.59758895968572023     
   91.360000000003083       0.60628080867553980     
   91.400000000003089       0.61481388263281378     
   91.440000000003096       0.62313012392979683     
   91.480000000003102       0.63117029189412666     
   91.520000000003108       0.63887432173920100     
   91.560000000003114       0.64618172736894053     
   91.600000000003121       0.65303204417533856     
   91.640000000003127       0.65936530655093950     
   91.680000000003133       0.66512255346436699     
   91.720000000003139       0.67024635415369538     
   91.760000000003146       0.67468134484149278     
   91.800000000003152       0.67837476642801331     
   91.840000000003158       0.68127699243271600     
   91.880000000003164       0.68334203607854427     
   91.920000000003171       0.68452802538631463     
   91.960000000003177       0.68479763549140582     
   92.000000000003183       0.68411846811791133     
   92.040000000003189       0.68246336923398410     
   92.080000000003196        5.6033746298446392     
   92.120000000003202        5.6070409106707757     
   92.160000000003208        5.6117310168120014     
   92.200000000003214        5.6174494121788481     
   92.240000000003221        5.6241948559393640     
   92.280000000003227        5.6319605485467834     
   92.320000000003233        5.6407343516692219     
   92.360000000003240        5.6504990758246514     
   92.400000000003246        5.6612328279733548     
   92.440000000003252        5.6729094100756079     
   92.480000000003258        5.6854987587190440     
   92.520000000003265       0.58421789180490091     
   92.560000000003271       0.56990629052754749     
   92.600000000003277       0.55479051310526750     
   92.640000000003283       0.53891123382631700     
   92.680000000003290       0.52231054331334936     
   92.720000000003296       0.50503147720420083     
   92.760000000003302       0.48711757025449587     
   92.800000000003308       0.46861244192712259     
   92.840000000003315       0.44955941828609408     
   92.880000000003321       0.43000119376575785     
   92.920000000003327       0.40997953518391617     
   92.960000000003333       0.38953502924463812     
   93.000000000003340       0.36870687376050759     
   93.040000000003346       0.34753271193349922     
   93.080000000003352       0.32604850827934273     
   93.120000000003358       0.30428846416569377     
   93.160000000003365       0.28228497045705414     
   93.200000000003371       0.26006859441158703     
   93.240000000003377       0.23766809774539577     
   93.280000000003383       0.21511048265453547     
   93.320000000003390       0.19242106254855418     
   93.360000000003396       0.16962355428571085     
   93.400000000003402       0.14674018879339989     
   93.440000000003408       0.12379183709276576     
   93.480000000003415       0.10079814891032646     
   93.520000000003421        7.7777701239543084E-002
   93.560000000003427        5.4748154401321969E-002
   93.600000000003433        3.1726413335867676E-002
   93.640000000003440        8.7287920324223833E-003
   93.680000000003446        1.4228820836785783E-002
   93.720000000003452        3.7130796869937255E-002
   93.760000000003458        5.9961605145361530E-002
   93.800000000003465        8.2705653254150135E-002
   93.840000000003471       0.10534713363915493     
   93.880000000003477       0.12786987665864902     
   93.920000000003483       0.15025721174289819     
   93.960000000003490       0.17249183797379053     
   94.000000000003496       0.19455570538757272     
   94.040000000003502       0.21642990827429442     
   94.080000000003508       0.23809459172004455     
   94.120000000003515       0.25952887260461566     
   94.160000000003521       0.28071077622292306     
   94.200000000003527       0.30161718963856576     
   94.240000000003533       0.32222383279784694     
   94.280000000003540       0.34250524832840490     
   94.320000000003546       0.36243481081498330     
   94.360000000003552       0.38198475618335248     
   94.400000000003558       0.40112623163054018     
   94.440000000003565       0.41982936631511913     
   94.480000000003571       0.43806336276644964     
   94.520000000003577       0.45579660868905314     
   94.560000000003583       0.47299680853173554     
   94.600000000003590       0.48963113386623858     
   94.640000000003596       0.50566639128400348     
   94.680000000003602       0.52106920618028674     
   94.720000000003608       0.53580622046159632     
   94.760000000003615       0.54984430189518108     
   94.800000000003621       0.56315076252844187     
   94.840000000003627       0.57569358335193321     
   94.880000000003633       0.58744164217191808     
   94.920000000003640       0.59836494150611985     
   94.960000000003646       0.60843483322691050     
   95.000000000003652       0.61762423665547361     
   95.040000000003658       0.62590784686215639     
   95.080000000003665       0.63326233005364685     
   95.120000000003671       0.63966650312564821     
   95.160000000003677       0.64510149472676870     
   95.200000000003683       0.64955088550934670     
   95.240000000003690       0.65300082562767070     
   95.280000000003696       0.65544012797337770     
   95.320000000003702       0.65686033610009587     
   95.360000000003708       0.65725576627195148     
   95.400000000003715       0.65662352356019160     
   95.440000000003721       0.65496349239563745     
   95.480000000003727       0.65227830244924723     
   95.520000000003733       0.64857327114692931     
   95.560000000003740       0.64385632451745134     
   95.600000000003746       0.63813789841507218     
   95.640000000003752       0.63143082244450721     
   95.680000000003758       0.62375018914019875     
   95.720000000003765       0.61511321111189032     
   95.760000000003771       0.60553906896348997     
   95.800000000003777       0.59504875282341474     
   95.840000000003783       0.58366490029496587     
   95.880000000003790       0.57141163354924673     
   95.920000000003796       0.55831439814628558     
   95.960000000003802       0.54439980598888993     
   96.000000000003809       0.52969548459536520     
   96.040000000003815       0.51422993462894873     
   96.080000000003821       0.49803239735094729     
   96.120000000003827       0.48113273337824514     
   96.160000000003834       0.46356131383070787     
   96.200000000003840       0.44534892465613529     
   96.240000000003846       0.42652668462518228     
   96.280000000003852       0.40712597720070931     
   96.320000000003859       0.38717839620920852     
   96.360000000003865       0.36671570497942102     
   96.400000000003871       0.34576980836747107     
   96.440000000003877       0.32437273686067908     
   96.480000000003884       0.30255664174506303     
   96.520000000003890       0.28035380013543287     
   96.560000000003896       0.25779662850270546     
   96.600000000003902       0.23491770319126720     
   96.640000000003909       0.21174978630051555     
   96.680000000003915       0.18832585520979495     
   96.720000000003921       0.16467913395560607     
   96.760000000003927       0.14084312462517046     
   96.800000000003934       0.11685163691228040     
   96.840000000003940        9.2738813991108504E-002
   96.880000000003946        6.8539152902604816E-002
   96.920000000003952        4.4287517717563341E-002
   96.960000000003959        2.0019143841546794E-002
   97.000000000003965        4.2303680395232579E-003
   97.040000000003971        2.8425069707759154E-002
   97.080000000003977        5.2528695991067520E-002
   97.120000000003984        7.6504709074666388E-002
   97.160000000003990       0.10031635718994414     
   97.200000000003996       0.12392674803661208     
   97.240000000004002       0.14729893698376206     
   97.280000000004009       0.17039602976768953     
   97.320000000004015       0.19318129906561543     
   97.360000000004021       0.21561831398223089     
   97.400000000004027       0.23767108114865326     
   97.440000000004034       0.25930419580993036     
   97.480000000004040       0.28048300097699863     
   97.520000000004046       0.30117375245132005     
   97.560000000004052       0.32134378730420238     
   97.600000000004059       0.34096169321616882     
   97.640000000004065       0.35999747596157916     
   97.680000000004071       0.37842272226536111     
   97.720000000004077       0.39621075526564598     
   97.760000000004084       0.41333677988968531     
   97.800000000004090       0.42977801558977902     
   97.840000000004096       0.44551381408795515     
   97.880000000004102       0.46052576003749213     
   97.920000000004109       0.47479775281880088     
   97.960000000004115       0.48831606803770722     
   98.000000000004121       0.50106939767551573     
   98.040000000004127       0.51304886824121920     
   98.080000000004134       0.52424803668526032     
   98.120000000004140       0.53466286423980391     
   98.160000000004146       0.54429166874153256     
   98.200000000004152       0.55313505635941063     
   98.240000000004159       0.56119583398285178     
   98.280000000004165       0.56847890381798771     
   98.320000000004171       0.57499114198571621     
   98.360000000004177       0.58074126311119123     
   98.400000000004184       0.58573967303853047     
   98.440000000004190       0.58999831189665741     
   98.480000000004196       0.59353048978389678     
   98.520000000004202       0.59635071733317124     
   98.560000000004209       0.59847453337058332     
   98.600000000004215       0.59991833179289766     
   98.640000000004221       0.60069918966977387     
   98.680000000004227       0.60083469843066994     
   98.720000000004234       0.60034279983049632     
   98.760000000004240       0.59924162820854932     
   98.800000000004246       0.59754936036796391     
   98.840000000004252       0.59528407421337381     
   98.880000000004259       0.59246361709759743     
   98.920000000004265       0.58910548464823709     
   98.960000000004271       0.58522671067562437     
   99.000000000004277       0.58084376860738296     
   99.040000000004284       0.57597248475405549     
   99.080000000004290       0.57062796358611367     
   99.120000000004296       0.56482452509589265     
   99.160000000004302       0.55857565422861799     
   99.200000000004309       0.55189396229420440     
   99.240000000004315       0.54479116021487373     
   99.280000000004321       0.53727804342142660     
   99.320000000004327       0.52936448818136550     
   99.360000000004334       0.52105945912287144     
   99.400000000004340       0.51237102770749032     
   99.440000000004346       0.50330640139866323     
   99.480000000004353       0.49387196327017402     
   99.520000000004359       0.48407332179530627     
   99.560000000004365       0.47391537055102650     
   99.600000000004371       0.46340235755888004     
   99.640000000004378       0.45253796396253743     
   99.680000000004384       0.44132539170822238     
   99.720000000004390       0.42976745984590425     
   99.760000000004396       0.41786670900372580     
   99.800000000004403       0.40562551350360987     
   99.840000000004409       0.39304620048078454     
   99.880000000004415       0.38013117524314277     
   99.920000000004421       0.36688305195776472     
   99.960000000004428       0.35330478858237857     
   100.00000000000443       0.33939982477093011     
   100.04000000000444       0.32517222127798928     
   100.08000000000445       0.31062679917104108     
   100.12000000000445       0.29576927693896649     
   100.16000000000446       0.28060640336691567     
   100.20000000000447       0.26514608384161065     
   100.24000000000447       0.24939749756756113     
   100.28000000000448       0.23337120302563108     
   100.32000000000448       0.21707922890353204     
   100.36000000000449       0.20053514768611452     
   100.40000000000450       0.18375412912440503     
   100.44000000000450       0.16675297091766517     
   100.48000000000451       0.14955010415180475     
   100.52000000000452       0.13216557134682072     
   100.56000000000452       0.11462097537828569     
   100.60000000000453        9.6939398051378023E-002
   100.64000000000453        7.9145287713372758E-002
   100.68000000000454        6.1264315979099648E-002
   100.72000000000455        4.3323204395148140E-002
   100.76000000000455        2.5349522658776089E-002
   100.80000000000456        7.3714608082360022E-003
   100.84000000000457        1.0582421419063924E-002
   100.88000000000457        2.8483464138873489E-002
   100.92000000000458        4.6303191223592693E-002
   100.96000000000458        6.4013603478782682E-002
   101.00000000000459        8.1587475641288126E-002
   101.04000000000460        9.8998651540746163E-002
   101.08000000000460       0.11622233173909002     
   101.12000000000461       0.13323534811971927     
   101.16000000000462       0.15001642023477740     
   101.20000000000462       0.16654638872199257     
   101.24000000000463       0.18280842175020712     
   101.28000000000463       0.19878819121669533     
   101.32000000000464       0.21447401626632701     
   101.36000000000465       0.22985697259641080     
   101.40000000000465       0.24493096691480420     
   101.44000000000466       0.25969277679724256     
   101.48000000000467       0.27414205701082284     
   101.52000000000467       0.28828131410707225     
   101.56000000000468       0.30211585171893485     
   101.60000000000468       0.31565368950679584     
   101.64000000000469       0.32890545908151170     
   101.68000000000470       0.34188428048592512     
   101.72000000000470       0.35460562294481068     
   101.76000000000471       0.36708715360576383     
   101.80000000000472       0.37934857790302856     
   101.84000000000472       0.39141147499808793     
   101.88000000000473       0.40329913150187546     
   101.92000000000473       0.41503637638099544     
   101.96000000000474       0.42664941961123071     
   102.00000000000475       0.43816569678154238     
   102.04000000000475       0.44961372148476975     
   102.08000000000476       0.46102294696934232     
   102.12000000000477       0.47242363817935562     
   102.16000000000477       0.48384675498599772     
   102.20000000000478       0.49532384711707378     
   102.24000000000478       0.50688696102683650     
   102.28000000000479       0.51856855871737806     
   102.32000000000480       0.53040144832588121     
   102.36000000000480       0.54241872612828734     
   102.40000000000481       0.55465372947774028     
   102.44000000000482       0.56714000009311993     
   102.48000000000482       0.57991125703630697     
   102.52000000000483       0.59300137866340075     
   102.56000000000483       0.60644439280179818     
   102.60000000000484       0.62027447438866035     
   102.64000000000485       0.63452594980379873     
   102.68000000000485       0.64923330713856831     
   102.72000000000486       0.66443121165932184     
   102.76000000000487       0.68015452574700785     
   102.80000000000487       0.69643833262149357     
   102.84000000000488       0.71331796318832486     
   102.88000000000488       0.73082902537535022     
   102.92000000000489       0.74900743535558534     
   102.96000000000490       0.76788945007978704     
   103.00000000000490       0.78751170056651709     
   103.04000000000491       0.80791122541826454     
   103.08000000000492       0.82912550404888030     
   103.12000000000492       0.85119248911968470     
   103.16000000000493       0.87415063768880952     
   103.20000000000493       0.89803894058034106     
   103.24000000000494       0.92289694947652645     
   103.28000000000495       0.94876480122753515     
   103.32000000000495       0.97568323885906416     
   103.36000000000496        1.0036936287384504     
   103.40000000000497        1.0328379733350366     
   103.44000000000497        1.0631589189805324     
   103.48000000000498        1.0946997580003039     
   103.52000000000498        1.1275044245472974     
   103.56000000000499        1.1616174834272022     
   103.60000000000500        1.1970841111571231     
   103.64000000000500        1.2339500684513389     
   103.68000000000501        1.2722616632777142     
   103.72000000000502        1.3120657035783174     
   103.76000000000502        1.3534094386993734     
   103.80000000000503        1.3963404885307635     
   103.84000000000503        1.4409067593161615     
   103.88000000000504        1.4871563450642706     
   103.92000000000505        1.5351374134726328     
   103.96000000000505        1.5848980752717539     
   104.00000000000506        1.6364862359129049     
   104.04000000000507        1.6899494285625329     
   104.08000000000507        1.7453346274347894     
   104.12000000000508        1.8026880405966959     
   104.16000000000508        1.8620548815236864     
   104.20000000000509        1.9234791188725575     
   104.24000000000510        1.9870032041800838     
   104.28000000000510        2.0526677774941806     
   104.32000000000511        2.1205113513053160     
   104.36000000000512        2.1905699735725590     
   104.40000000000512        2.2628768711331877     
   104.44000000000513        2.3374620753469770     
   104.48000000000513        2.4143520324530305     
   104.52000000000514        2.4935692018017122     
   104.56000000000515        2.5751316458560205     
   104.60000000000515        2.6590526166200990     
   104.64000000000516        2.7453401439266121     
   104.68000000000517        2.8339966317732497     
   104.72000000000517        2.9250184696099710     
   104.76000000000518        3.0183956661062989     
   104.80000000000518        3.1141115134315807     
   104.84000000000519        3.2121422904178076     
   104.88000000000520        3.3124570131012425     
   104.92000000000520        3.4150172410148940     
   104.96000000000521        3.5197769471934874     
   105.00000000000522        3.6266824591295137     
   105.04000000000522        3.7356724768690279     
   105.08000000000523        3.8466781730605724     
   105.12000000000523        3.9596233780894856     
   105.16000000000524        4.0744248514824672     
   105.20000000000525        4.1909926386131806     
   105.24000000000525        4.3092305094574774     
   105.28000000000526        4.4290364738308998     
   105.32000000000527        4.5503033652970100     
   105.36000000000527        4.6729194838732404     
   105.40000000000528        4.7967692858894058     
   105.44000000000528        4.9217341079706944     
   105.48000000000529        5.0476929112020610     
   105.52000000000530        5.1745230311405646     
   105.56000000000530        5.3021009195033377     
   105.60000000000531        5.4303028640667472     
   105.64000000000532        5.5590056745305025     
   105.68000000000532        5.6880873237628125     
   105.72000000000533        5.8174275358586378     
   105.76000000000533        5.9469083147037507     
   105.80000000000534        6.0764144091236059     
   105.84000000000535        6.2058337130867143     
   105.88000000000535        6.3350576017120144     
   105.92000000000536        6.4639812058961068     
   105.96000000000537        6.5925036301452380     
   106.00000000000537        6.7205281196066720     
   106.04000000000538        6.8479621833070237     
   106.08000000000538        6.9747176812076450     
   106.12000000000539        7.1007108828886842     
   106.16000000000540        7.2258625055029793     
   106.20000000000540        7.3500977381439743     
   106.24000000000541        7.4733462590055844     
   106.28000000000542        7.5955422507411559     
   106.32000000000542        7.7166244183212855     
   106.36000000000543        7.8365360125133297     
   106.40000000000543        7.9552248609218204     
   106.44000000000544        8.0726434073944340     
   106.48000000000545        8.1887487595594486     
   106.52000000000545        8.3035027433540165     
   106.56000000000546        8.4168719626534507     
   106.60000000000547        8.5288278615343920     
   106.64000000000547        2.3561614791236578     
   106.68000000000548        2.4652247370105980     
   106.72000000000548        2.5728186483557818     
   106.76000000000549        2.6789345891783736     
   106.80000000000550        2.7835690211970481     
   106.84000000000550        2.8867235066358186     
   106.88000000000551        2.9884047054738891     
   106.92000000000552        3.0886243531554820     
   106.96000000000552        3.1873992171398990     
   107.00000000000553        3.2847510310208170     
   107.04000000000553        3.3807064052579960     
   107.08000000000554        3.4752967138291782     
   107.12000000000555        3.5685579563142564     
   107.16000000000555        3.6605305950614309     
   107.20000000000556        3.7512593671537111     
   107.24000000000557        3.8407930708955451     
   107.28000000000557        3.9291843264787012     
   107.32000000000558        4.0164893103724442     
   107.36000000000558        4.1027674628268151     
   107.40000000000559        4.1880811676936345     
   107.44000000000560        4.2724954035740037     
   107.48000000000560        4.3560773651122489     
   107.52000000000561        4.4388960530950294     
   107.56000000000562        4.5210218319032327     
   107.60000000000562        4.6025259528274942     
   107.64000000000563        4.6834800418215199     
   107.68000000000563        4.7639555504575704     
   107.72000000000564        4.8440231691930133     
   107.76000000000565        4.9237522025827190     
   107.80000000000565        5.0032099068049050     
   107.84000000000566        5.0824607908301340     
   107.88000000000567        5.1615658837716767     
   107.92000000000567        5.2405819724193892     
   107.96000000000568        5.3195608146768700     
   108.00000000000568        5.3985483365765283     
   108.04000000000569        5.4775838227049860     
   108.08000000000570        5.5566991121760454     
   108.12000000000570        5.6359178146601687     
   108.16000000000571        5.7152545633117544     
   108.20000000000572        5.7947143235962510     
   108.24000000000572        5.8742917788526707     
   108.28000000000573        5.9539708147594759     
   108.32000000000573        6.0337241255204823     
   108.36000000000574        6.1135129643730641     
   108.40000000000575        6.1932870597836516     
   108.44000000000575        6.2729847163132888     
   108.48000000000576        6.3525331155430127     
   108.52000000000577        6.4318488276542256     
   108.56000000000577        6.5108385383601899     
   108.60000000000578        6.5893999890746180     
   108.64000000000578        6.6674231207699162     
   108.68000000000579        6.7447914042914450     
   108.72000000000580        6.8213833323864534     
   108.76000000000580        6.8970740418361487     
   108.80000000000581        6.9717370282957276     
   108.84000000000582       0.76206060496754147     
   108.88000000000582       0.83429090397975891     
   108.92000000000583       0.90512176803665745     
   108.96000000000583       0.97443763267604488     
   109.00000000000584        1.0421297515844894     
   109.04000000000585        1.1080975732729450     
   109.08000000000585        1.1722499335711407     
   109.12000000000586        1.2345060429003691     
   109.16000000000587        1.2947962550558025     
   109.20000000000587        1.3530626119970885     
   109.24000000000588        1.4092591664978815     
   109.28000000000588        1.4633520910995534     
   109.32000000000589        1.5153195873986594     
   109.36000000000590        1.5651516141148860     
   109.40000000000590        1.6128494555731150     
   109.44000000000591        1.6584251542102133     
   109.48000000000592        1.7019008315723503     
   109.52000000000592        1.7433079221394274     
   109.56000000000593        1.7826863433674180     
   109.60000000000593        1.8200836237579781     
   109.64000000000594        1.8555540087270663     
   109.68000000000595        1.8891575617174146     
   109.72000000000595        1.9209592755303164     
   109.76000000000596        1.9510282063628652     
   109.80000000000597        1.9794366406241721     
   109.84000000000597        2.0062593023399597     
   109.88000000000598        2.0315726068880653     
   109.92000000000598        2.0554539649669779     
   109.96000000000599        2.0779811390984499     
   110.00000000000600        2.0992316536037743     
   110.04000000000600        2.1192822578623645     
   110.08000000000601        2.1382084417453400     
   110.12000000000602        2.1560840013963172     
   110.16000000000602        2.1729806529850375     
   110.20000000000603        2.1889676916646525     
   110.24000000000603        2.2041116926988704     
   110.28000000000604        2.2184762515704342     
   110.32000000000605        2.2321217598188805     
   110.36000000000605        2.2451052133665792     
   110.40000000000606        2.2574800501630210     
   110.44000000000607        2.2692960140954606     
   110.48000000000607        2.2805990422685811     
   110.52000000000608        2.2914311729376129     
   110.56000000000608        2.3018304715807583     
   110.60000000000609        2.3118309728114932     
   110.64000000000610        2.3214626360542665     
   110.68000000000610        2.3307513131340034     
   110.72000000000611        2.3397187261573849     
   110.76000000000612        2.3483824542893563     
   110.80000000000612        2.3567559282495769     
   110.84000000000613        2.3648484315688840     
   110.88000000000613        2.3726651078539311     
   110.92000000000614        2.3802069735079519     
   110.96000000000615        2.3874709355462183     
   111.00000000000615        2.3944498143255877     
   111.04000000000616        2.4011323711780359     
   111.08000000000617        2.4075033410978497     
   111.12000000000617        2.4135434707809051     
   111.16000000000618        2.4192295624519744     
   111.20000000000618        2.4245345240421390     
   111.24000000000619        2.4294274263930946     
   111.28000000000620        2.4338735682684129     
   111.32000000000620        2.4378345500438092     
   111.36000000000621        2.4412683570293052     
   111.40000000000622        2.4441294534461324     
   111.44000000000622        2.4463688881405981     
   111.48000000000623        2.4479344131662821     
   111.52000000000623        2.4487706164051937     
   111.56000000000624        2.4488190694281715     
   111.60000000000625        2.4480184918150738     
   111.64000000000625        2.4463049331661542     
   111.68000000000626        2.4436119740371365     
   111.72000000000627        2.4398709470212387     
   111.76000000000627        2.4350111791804303     
   111.80000000000628        2.4289602569937236     
   111.84000000000628        2.4216443149394880     
   111.88000000000629        2.4129883487580255     
   111.92000000000630        2.4029165543452087     
   111.96000000000630        2.3913526931019855     
   112.00000000000631        2.3782204844009458     
   112.04000000000632        2.3634440256217593     
   112.08000000000632        2.3469482399429116     
   112.12000000000633        2.3286593517478624     
   112.16000000000633        2.3085053890992255     
   112.20000000000634        2.2864167122446930     
   112.24000000000635        2.2623265665340679     
   112.28000000000635        2.2361716574406398     
   112.32000000000636        2.2078927445879506     
   112.36000000000637        2.1774352507848693     
   112.40000000000637        2.1447498810735626     
   112.44000000000638        2.1097932457095201     
   112.48000000000638        2.0725284798419246     
   112.52000000000639        2.0329258514780402     
   112.56000000000640        1.9909633481392117     
   112.60000000000640        1.9466272315020294     
   112.64000000000641        1.8999125483300667     
   112.68000000000642        1.8508235852122426     
   112.72000000000642        1.7993742541123292     
   112.76000000000643        1.7455883955816882     
   112.80000000000643        1.6894999867719687     
   112.84000000000644        1.6311532421747745     
   112.88000000000645        1.5706025963628578     
   112.92000000000645        1.5079125599398047     
   112.96000000000646        1.4431574424190132     
   113.00000000000647        1.3764209388080919     
   113.04000000000647        1.3077955801920493     
   113.08000000000648        1.2373820524683281     
   113.12000000000648        1.1652883914330197     
   113.16000000000649        1.0916290664656003     
   113.20000000000650        1.0165239689063073     
   113.24000000000650       0.94009732465872964     
   113.28000000000651       0.86247655338468932     
   113.32000000000652       0.78379109872071495     
   113.36000000000652       0.70417125510860323     
   113.40000000000653       0.62374701702271007     
   113.44000000000653       0.54264697557905772     
   113.48000000000654       0.46099728577211224     
   113.52000000000655       0.37892072500679919     
   113.56000000000655       0.29653586032604617     
   113.60000000000656       0.21395633796249824     
   113.64000000000657       0.13129030477087034     
   113.68000000000657        4.8639966931871670E-002
   113.72000000000658        3.3898712744661275E-002
   113.76000000000658       0.11623618137933400     
   113.80000000000659       0.19828933228488022     
   113.84000000000660       0.27998141963510825     
   113.88000000000660       0.36124186254054846     
   113.92000000000661       0.44200595123169473     
   113.96000000000662       0.52221446917168257     
   114.00000000000662       0.60181324550044035     
   114.04000000000663       0.68075265231178295     
   114.08000000000663       0.75898706095640389     
   114.12000000000664       0.83647427092611448     
   114.16000000000665       0.91317492398696054     
   114.20000000000665       0.98905191516549240     
   114.24000000000666        1.0640698110200968     
   114.28000000000667        1.1381942844046549     
   114.32000000000667        1.2113915737007379     
   114.36000000000668        1.2836279732921585     
   114.40000000000668        1.3548693609068339     
   114.44000000000669        1.4250807663716010     
   114.48000000000670        1.4942259853243640     
   114.52000000000670        1.5622672405074685     
   114.56000000000671        1.6291648924250191     
   114.60000000000672        1.6948772003807748     
   114.64000000000672        1.7593601342167522     
   114.68000000000673        1.8225672364399206     
   114.72000000000673        1.8844495338502070     
   114.76000000000674        1.9449554972634782     
   114.80000000000675        2.0040310474558778     
   114.84000000000675        2.0616196050402578     
   114.88000000000676        2.1176621816225007     
   114.92000000000677        2.1720975092778274     
   114.96000000000677        2.2248622051382627     
   115.00000000000678        2.2758909676965100     
   115.04000000000678        2.3251168013127272     
   115.08000000000679        2.3724712653628464     
   115.12000000000680        2.4178847444927900     
   115.16000000000680        2.4612867365432569     
   115.20000000000681        2.5026061548838494     
   115.24000000000682        2.5417716421400214     
   115.28000000000682        2.5787118926060151     
   115.32000000000683        2.6133559810034468     
   115.36000000000683        2.6456336956578754     
   115.40000000000684        2.6754758746115082     
   115.44000000000685        2.7028147436541228     
   115.48000000000685        2.7275842557194965     
   115.52000000000686        2.7497204315429347     
   115.56000000000687        2.7691617018877648     
   115.60000000000687        2.7858492520052756     
   115.64000000000688        2.7997273692738460     
   115.68000000000688        2.8107437951497096     
   115.72000000000689        2.8188500826356240     
   115.76000000000690        2.8240019604178572     
   115.80000000000690        2.8261597046216727     
   115.84000000000691        2.8252885187790091     
   115.88000000000692        2.8213589220810675     
   115.92000000000692        2.8143471452993829     
   115.96000000000693        2.8042355329036983     
   116.00000000000693        2.7910129488924644     
   116.04000000000694        2.7746751826990015     
   116.08000000000695        2.7552253502696571     
   116.12000000000695        2.7326742840662370     
   116.16000000000696        2.7070409043714498     
   116.20000000000697        2.6783525629320830     
   116.24000000000697        2.6466453487300075     
   116.28000000000698        2.6119643446049943     
   116.32000000000698        2.5743638226514149     
   116.36000000000699        2.5339073658615323     
   116.40000000000700        2.4906679034769694     
   116.44000000000700        2.4447276480137061     
   116.48000000000701        2.3961779230048559     
   116.52000000000702        2.3451188721957870     
   116.56000000000702        2.2916590432329618     
   116.60000000000703        2.2359148417789960     
   116.64000000000703        2.1780098553887282     
   116.68000000000704        2.1180740502794957     
   116.72000000000705        2.0562428481693775     
   116.76000000000705        1.9926560944538274     
   116.80000000000706        1.9274569329365188     
   116.84000000000707        1.8607906059096806     
   116.88000000000707        1.7928032013867774     
   116.92000000000708        1.7236403715454067     
   116.96000000000708        1.6534460478007285     
   117.00000000000709        1.5823611783124951     
   117.04000000000710        1.5105225131054674     
   117.08000000000710        1.4380614603904966     
   117.12000000000711        1.3651030352085369     
   117.16000000000712        1.2917649183301438     
   117.20000000000712        1.2181566396148238     
   117.24000000000713        1.1443788959767105     
   117.28000000000713        1.0705230099302703     
   117.32000000000714       0.99667053060715505     
   117.36000000000715       0.92289297532459780     
   117.40000000000715       0.84925170639517322     
   117.44000000000716       0.77579793500583372     
   117.48000000000717       0.70257284172757806     
   117.52000000000717       0.62960780157203744     
   117.56000000000718       0.55692470047763054     
   117.60000000000719       0.48453632964578341     
   117.64000000000719       0.41244684419458566     
   117.68000000000720       0.34065227307587476     
   117.72000000000720       0.26914106802719195     
   117.76000000000721       0.19789468041602598     
   117.80000000000722       0.12688815609763315     
   117.84000000000722        5.6090739774142140E-002
   117.88000000000723        1.4533518254010280E-002
   117.92000000000724        8.5025158667832113E-002
   117.96000000000724       0.15542871744044051     
   118.00000000000725       0.22579214104942746     
   118.04000000000725       0.29616621465139281     
   118.08000000000726       0.36660400430305740     
   118.12000000000727       0.43716031348056328     
   118.16000000000727       0.50789115346293379     
   118.20000000000728       0.57885322660731497     
   118.24000000000729       0.65010342115015773     
   118.28000000000729       0.72169831591596689     
   118.32000000000730       0.79369369319894068     
   118.36000000000730       0.86614405809770045     
   118.40000000000731       0.93910216272443336     
   118.44000000000732        1.0126185339721374     
   118.48000000000732        1.0867410039022849     
   118.52000000000733        1.1615142423045082     
   118.56000000000734        1.2369792915734059     
   118.60000000000734        1.3131731047370125     
   118.64000000000735        1.3901280882462730     
   118.68000000000735        1.4678716519810824     
   118.72000000000736        1.5464257698281392     
   118.76000000000737        1.6258065551162100     
   118.80000000000737        1.7060238561272982     
   118.84000000000738        1.7870808778038789     
   118.88000000000739        1.8689738366035198     
   118.92000000000739        1.9516916561686919     
   118.96000000000740        2.0352157120334780     
   119.00000000000740        2.1195196339304778     
   119.04000000000741        2.2045691743414277     
   119.08000000000742        2.2903221517086121     
   119.12000000000742        2.3767284761533412     
   119.16000000000743        2.4637302646061094     
   119.20000000000744        2.5512620509296218     
   119.24000000000744        2.6392510949183210     
   119.28000000000745        2.7276177920157645     
   119.32000000000745        2.8162761832564045     
   119.36000000000746        2.9051345623860234     
   119.40000000000747        2.9940961744409686     
   119.44000000000747        3.0830599973825845     
   119.48000000000748        3.1719215958126843     
   119.52000000000749        3.2605740334642754     
   119.56000000000749        3.3489088291895426     
   119.60000000000750        3.4368169396604280     
   119.64000000000750        3.5241897510401894     
   119.68000000000751        3.6109200615321866     
   119.72000000000752        3.6969030369868197     
   119.76000000000752        3.7820371226358098     
   119.80000000000753        3.8662248954776137     
   119.84000000000754        3.9493738437811361     
   119.88000000000754        4.0313970625053956     
   119.92000000000755        4.1122138560322137     
   119.96000000000755        4.1917502423515529     
   120.00000000000756        4.2699393555998046     
   120.04000000000757        4.3467217465140031     
   120.08000000000757        4.4220455828286784     
   120.12000000000758        4.4958667538259007     
   120.16000000000759        4.5681488850946517     
   120.20000000000759        4.6388632710278674     
   120.24000000000760        4.7079887336715522     
   120.28000000000760        4.7755114172471140     
   120.32000000000761        4.8414245280190711     
   120.36000000000762        4.9057280292112289     
   120.40000000000762        4.9684283004297836     
   120.44000000000763        5.0295377705804540     
   120.48000000000764        5.0890745326188167     
   120.52000000000764        5.1470619476970860     
   120.56000000000765        5.2035282454114578     
   120.60000000000765        5.2585061259514756     
   120.64000000000766        5.3120323690402369     
   120.68000000000767        5.3641474536589193     
   120.72000000000767        5.4148951916919366     
   120.76000000000768        5.4643223778251535     
   120.80000000000769        5.5124784572888172     
   120.84000000000769        5.5594152123643896     
   120.88000000000770        5.6051864679720040     
   120.92000000000770        5.6498478161213104     
   120.96000000000771        5.6934563585394873     
   121.00000000000772        5.7360704663811033     
   121.04000000000772        5.7777495555691960     
   121.08000000000773        5.8185538760090036     
   121.12000000000774        5.8585443126487817     
   121.16000000000774        5.8977821961299775     
   121.20000000000775        5.9363291205663717     
   121.24000000000775        5.9742467658142342     
   121.28000000000776        6.0115967214398855     
   121.32000000000777        6.0484403094554251     
   121.36000000000777        6.0848384027777342     
   121.40000000000778        6.1208512362717116     
   121.44000000000779        6.1565382071697741     
   121.48000000000779        6.1919576616218119     
   121.52000000000780        6.2271666641313406     
   121.56000000000780        6.2622207466853244     
   121.60000000000781        6.2971736345007390     
   121.64000000000782        6.3320769455064951     
   121.68000000000782        6.3669798609738688     
   121.72000000000783        6.4019287651232810     
   121.76000000000784        6.4369668520933168     
   121.80000000000784        6.4721336993833045     
   121.84000000000785        6.5074648077978097     
   121.88000000000785        6.5429911090519219     
   121.92000000000786        6.5787384435586134     
   121.96000000000787        6.6147270125248019     
   122.00000000000787        6.6509708103323764     
   122.04000000000788        6.6874770452615007     
   122.08000000000789        6.7242455588951504     
   122.12000000000789        6.7612682569731586     
   122.16000000000790        6.7985285669620072     
   122.20000000000790        6.8360009400658788     
   122.24000000000791        6.8736504176876618     
   122.28000000000792        6.9114322842903668     
   122.32000000000792        6.9492918300203490     
   122.36000000000793        6.9871642471295079     
   122.40000000000794        7.0249746839672529     
   122.44000000000794        7.0626384789119614     
   122.48000000000795        7.1000615939182676     
   122.52000000000795        7.1371412632706379     
   122.56000000000796        7.1737668676346198     
   122.60000000000797        7.2098210366638655     
   122.64000000000797        7.2451809754446472     
   122.68000000000798        7.2797200012481049     
   122.72000000000799        7.3133092678306024     
   122.76000000000799        7.3458196453793825     
   122.80000000000800        7.3771237157037453     
   122.84000000000800        7.4070978349919354     
   122.88000000000801        1.1524389037433338     
   122.92000000000802        1.1794076304035097     
   122.96000000000802        1.2047186236209944     
   123.00000000000803        1.2282834011378183     
   123.04000000000804        1.2500266564536910     
   123.08000000000804        1.2698875819727620     
   123.12000000000805        1.2878209058837200     
   123.16000000000805        1.3037976174926857     
   123.20000000000806        1.3178053669143672     
   123.24000000000807        1.3298485364841903     
   123.28000000000807        1.3399479923738018     
   123.32000000000808        1.3481405351257405     
   123.36000000000809        1.3544780767154145     
   123.40000000000809        1.3590265789610996     
   123.44000000000810        1.3618647934233676     
   123.48000000000810        1.3630828462781035     
   123.52000000000811        1.3627807130424552     
   123.56000000000812        1.3610666276112626     
   123.60000000000812        1.3580554680328882     
   123.64000000000813        1.3538671580848238     
   123.68000000000814        1.3486251193018843     
   123.72000000000814        1.3424548029765111     
   123.76000000000815        1.3354823260983393     
   123.80000000000815        1.3278332295131174     
   123.84000000000816        1.3196313710092522     
   123.88000000000817        1.3109979607912170     
   123.92000000000817        1.3020507420335143     
   123.96000000000818        1.2929033150397342     
   124.00000000000819        1.2836646000257852     
   124.04000000000819        1.2744384307304526     
   124.08000000000820        1.2653232689206009     
   124.12000000000820        1.2564120283646842     
   124.16000000000821        1.2477919959377179     
   124.20000000000822        1.2395448371203894     
   124.24000000000822        1.2317466731837738     
   124.28000000000823        1.2244682177263075     
   124.32000000000824        1.2177749608707089     
   124.36000000000824        1.2117273902606023     
   124.40000000000825        1.2063812389528030     
   124.44000000000825        1.2017877513239970     
   124.48000000000826        1.1979939591521420     
   124.52000000000827        1.1950429610552744     
   124.56000000000827        1.1929741994446188     
   124.60000000000828        1.1918237300542676     
   124.64000000000829        1.1916244799327629     
   124.68000000000829        1.1924064905151619     
   124.72000000000830        1.1941971430351364     
   124.76000000000830        1.1970213640866485     
   124.80000000000831        1.2009018096081243     
   124.84000000000832        1.2058590259452397     
   124.88000000000832        1.2119115869594712     
   124.92000000000833        1.2190762063973015     
   124.96000000000834        1.2273678249289910     
   125.00000000000834        1.2367996714158020     
   125.04000000000835        1.2473832980803730     
   125.08000000000835        1.2591285893462436     
   125.12000000000836        1.2720437441889554     
   125.16000000000837        1.2861352319119497     
   125.20000000000837        1.3014077213348443     
   125.24000000000838        1.3178639834683541     
   125.28000000000839        1.3355047678576790     
   125.32000000000839        1.3543286529127909     
   125.36000000000840        1.3743318707173755     
   125.40000000000840        1.3955081070253321     
   125.44000000000841        1.4178482774209611     
   125.48000000000842        1.4413402809414479     
   125.52000000000842        1.4659687328417350     
   125.56000000000843        1.4917146786242712     
   125.60000000000844        1.5185552919590608     
   125.64000000000844        1.5464635596797347     
   125.68000000000845        1.5754079576525304     
   125.72000000000845        1.6053521219668057     
   125.76000000000846        1.6362545205734891     
   125.80000000000847        1.6680681311825791     
   125.84000000000847        1.7007401318987421     
   125.88000000000848        1.7342116116969606     
   125.92000000000849        1.7684173083858239     
   125.96000000000849        1.8032853821390478     
   126.00000000000850        1.8387372329590239     
   126.04000000000850        1.8746873705324449     
   126.08000000000851        1.9110433448123618     
   126.12000000000852        1.9477057452832329     
   126.16000000000852        1.9845682762128960     
   126.20000000000853        2.0215179142556217     
   126.24000000000854        2.0584351535439636     
   126.28000000000854        2.0951943419094130     
   126.32000000000855        2.1316641101344751     
   126.36000000000855        2.1677078942095038     
   126.40000000000856        2.2031845485095607     
   126.44000000000857        2.2379490456954598     
   126.48000000000857        2.2718532570637011     
   126.52000000000858        2.3047468051108027     
   126.56000000000859        2.3364779783254299     
   126.60000000000859        2.3668946967553981     
   126.64000000000860        2.3958455157809637     
   126.68000000000860        2.4231806548065418     
   126.72000000000861        2.4487530372827382     
   126.76000000000862        2.4724193285870388     
   126.80000000000862        2.4940409587969783     
   126.84000000000863        2.5134851182331919     
   126.88000000000864        2.5306257147610540     
   126.92000000000864        2.5453442831342015     
   126.96000000000865        2.5575308380492316     
   127.00000000000865        2.5670846639657805     
   127.04000000000866        2.5739150360441601     
   127.08000000000867        2.5779418676905363     
   127.12000000000867        2.5790962811222080     
   127.16000000000868        2.5773210980396346     
   127.20000000000869        2.5725712479082787     
   127.24000000000869        2.5648140915274298     
   127.28000000000870        2.5540296575336114     
   127.32000000000870        2.5402107893121952     
   127.36000000000871        2.5233631995479584     
   127.40000000000872        2.5035054294200800     
   127.44000000000872        2.4806687093306437     
   127.48000000000873        2.4548967181370296     
   127.52000000000874        2.4262452382171844     
   127.56000000000874        2.3947817043957893     
   127.60000000000875        2.3605846458392130     
   127.64000000000875        2.3237430215003756     
   127.68000000000876        2.2843554515423792     
   127.72000000000877        2.2425293493405256     
   127.76000000000877        2.1983799610731132     
   127.80000000000878        2.1520293224518010     
   127.84000000000879        2.1036051446810133     
   127.88000000000879        2.0532396441294614     
   127.92000000000880        2.0010683323006173     
   127.96000000000880        1.9472287843678422     
   128.00000000000881        1.8918594056795455     
   128.04000000000880        1.8350982161562630     
   128.08000000000879        1.7770816723481793     
   128.12000000000879        1.7179435460930845     
   128.16000000000878        1.6578138772473272     
   128.20000000000877        1.5968180159306375     
   128.24000000000876        1.5350757672364206     
   128.28000000000876        1.4727006485418608     
   128.32000000000875        1.4097992665493895     
   128.36000000000874        1.3464708181472107     
   128.40000000000873        1.2828067162281620     
   128.44000000000872        1.2188903388733972     
   128.48000000000872        1.1547968978875929     
   128.52000000000871        1.0905934206365471     
   128.56000000000870        1.0263388375290976     
   128.60000000000869       0.96208416631912708     
   128.64000000000868       0.89787278367145418     
   128.68000000000868       0.83374077410854697     
   128.72000000000867       0.76971734648813883     
   128.76000000000866       0.70582530849885838     
   128.80000000000865       0.64208159023921163     
   128.84000000000864       0.57849780869962664     
   128.88000000000864       0.51508086583360368     
   128.92000000000863       0.45183357382168143     
   128.96000000000862       0.38875530204550501     
   129.00000000000861       0.32584264114971395     
   129.04000000000860       0.26309008033439385     
   129.08000000000860       0.20049069465511105     
   129.12000000000859       0.13803683958245050     
   129.16000000000858        7.5720850366288950E-002
   129.20000000000857        1.3535743845761505E-002
   129.24000000000856        4.8524079765965400E-002
   129.28000000000856       0.11046213791622139     
   129.32000000000855       0.17227917289269601     
   129.36000000000854       0.23397246920553005     
   129.40000000000853       0.29553518614061502     
   129.44000000000852       0.35695571151977523     
   129.48000000000852       0.41821704388833503     
   129.52000000000851       0.47929621160625957     
   129.56000000000850       0.54016373858714384     
   129.60000000000849       0.60078316764020756     
   129.64000000000848       0.66111065344433517     
   129.68000000000848       0.72109463803211982     
   129.72000000000847       0.78067562219294162     
   129.76000000000846       0.83978604632413634     
   129.80000000000845       0.89835029388068144     
   129.84000000000844       0.95628482962147565     
   129.88000000000844        1.0134984832693519     
   129.92000000000843        1.0698928869654059     
   129.96000000000842        1.1253630720137846     
   130.00000000000841        1.1797982269284899     
   130.04000000000840        1.2330826147993619     
   130.08000000000840        1.2850966436226341     
   130.12000000000839        1.3357180786620253     
   130.16000000000838        1.3848233813180022     
   130.20000000000837        1.4322891546011589     
   130.24000000000837        1.4779936713482651     
   130.28000000000836        1.5218184579901726     
   130.32000000000835        1.5636499041535783     
   130.36000000000834        1.6033808667845988     
   130.40000000000833        1.6409122368992981     
   130.44000000000833        1.6761544375148301     
   130.48000000000832        1.7090288227574184     
   130.52000000000831        1.7394689504909455     
   130.56000000000830        1.7674217039318312     
   130.60000000000829        1.7928482414529752     
   130.64000000000829        1.8157247579586371     
   130.68000000000828        1.8360430456597396     
   130.72000000000827        1.8538108466333758     
   130.76000000000826        1.8690519940695913     
   130.80000000000825        1.8818063434759882     
   130.84000000000825        1.8921294992355908     
   130.88000000000824        1.9000923457284760     
   130.92000000000823        1.9057803956849195     
   130.96000000000822        1.9092929715025844     
   131.00000000000821        1.9107422379057908     
   131.04000000000821        1.9102521065275744     
   131.08000000000820        1.9079570347318686     
   131.12000000000819        1.9040007422403313     
   131.16000000000818        1.8985348698638040     
   131.20000000000817        1.8917176048441200     
   131.24000000000817        1.8837122969782771     
   131.28000000000816        1.8746860888268655     
   131.32000000000815        1.8648085819214377     
   131.36000000000814        1.8542505590194345     
   131.40000000000813        1.8431827801679730     
   131.44000000000813        1.8317748677050738     
   131.48000000000812        1.8201942924395318     
   131.52000000000811        1.8086054702095518     
   131.56000000000810        1.7971689749308863     
   131.60000000000809        1.7860408712111848     
   131.64000000000809        1.7753721667246278     
   131.68000000000808        1.7653083818930577     
   131.72000000000807        1.7559892320734882     
   131.76000000000806        1.7475484154550680     
   131.80000000000805        1.7401134982494741     
   131.84000000000805        1.7338058875264619     
   131.88000000000804        1.7287408811928333     
   131.92000000000803        1.7250277841156976     
   131.96000000000802        1.7227700792157397     
   132.00000000000801        1.7220656424614926     
   132.04000000000801        1.7230069910352590     
   132.08000000000800        1.7256815544678412     
   132.12000000000799        1.7301719592064970     
   132.16000000000798        1.7365563178456991     
   132.20000000000798        1.7449085150754589     
   132.24000000000797        1.7552984832550136     
   132.28000000000796        1.7677924613748011     
   132.32000000000795        1.7824532320073134     
   132.36000000000794        1.7993403316542955     
   132.40000000000794        1.8185102306659802     
   132.44000000000793        1.8400164796347895     
   132.48000000000792        1.8639098198524904     
   132.52000000000791        1.8902382560708353     
   132.56000000000790        1.9190470904285521     
   132.60000000000790        1.9503789170110850     
   132.64000000000789        1.9842735771037043     
   132.68000000000788        2.0207680757935056     
   132.72000000000787        2.0598964611807626     
   132.76000000000786        2.1016896680830244     
   132.80000000000786        2.1461753287618914     
   132.84000000000785        2.1933775538752220     
   132.88000000000784        2.2433166875554456     
   132.92000000000783        2.2960090412320824     
   132.96000000000782        2.3514666115427643     
   133.00000000000782        2.4096967883957046     
   133.04000000000781        2.4707020599356357     
   133.08000000000780        2.5344797217967967     
   133.12000000000779        2.6010215985675189     
   133.16000000000778        2.6703137858036543     
   133.20000000000778        2.7423364211719230     
   133.24000000000777        2.8170634933375207     
   133.28000000000776        2.8944626969928193     
   133.32000000000775        2.9744953419199138     
   133.36000000000774        3.0571163231611567     
   133.40000000000774        3.1422741582218641     
   133.44000000000773        3.2299110957459769     
   133.48000000000772        3.3199632983037533     
   133.52000000000771        3.4123610998452780     
   133.56000000000770        3.5070293360597171     
   133.60000000000770        3.6038877434124541     
   133.64000000000769        3.7028514201028999     
   133.68000000000768        3.8038313397008272     
   133.72000000000767        3.9067349058929159     
   133.76000000000766        4.0114665347202507     
   133.80000000000766        4.1179282490227651     
   133.84000000000765        4.2260202686269572     
   133.88000000000764        4.3356415791981835     
   133.92000000000763        4.4466904626840060     
   133.96000000000762        1.7241203342518914     
   134.00000000000762        1.6105219658505914     
   134.04000000000761        1.4958010078381463     
   134.08000000000760        1.3800580001155009     
   134.12000000000759        1.2633926270493234     
   134.16000000000759        1.1459036967604757     
   134.20000000000758        1.0276892274722695     
   134.24000000000757       0.90884663805754251     
   134.28000000000756       0.78947303614751496     
   134.32000000000755       0.66966559347513166     
   134.36000000000755       0.54952199463652418     
   134.40000000000754       0.42914094227754485     
   134.44000000000753       0.30862269895455507     
   134.48000000000752       0.18806964368142143     
   134.52000000000751        6.7586819553932753E-002
   134.56000000000751        5.2717552072805041E-002
   134.60000000000750       0.17273161551088267     
   134.64000000000749       0.29233950671329434     
   134.68000000000748       0.41142108363720431     
   134.72000000000747       0.52985178083869622     
   134.76000000000747       0.64750260476547394     
   134.80000000000746       0.76424028203173910     
   134.84000000000745       0.87992756808711148     
   134.88000000000744       0.99442371829557052     
   134.92000000000743        1.1075851177343079     
   134.96000000000743        1.2192660602579946     
   135.00000000000742        1.3293196618282732     
   135.04000000000741        1.4375988880655142     
   135.08000000000740        1.5439576717106864     
   135.12000000000739        1.6482520924248800     
   135.16000000000739        1.7503415892824306     
   135.20000000000738        1.8500901755389176     
   135.24000000000737        1.9473676258041155     
   135.28000000000736        2.0420506075645068     
   135.32000000000735        2.1340237319435182     
   135.36000000000735        2.2231805024569113     
   135.40000000000734        2.3094241450641051     
   135.44000000000733        2.3926683077551552     
   135.48000000000732        2.4728376229650690     
   135.52000000000731        2.5498681310063223     
   135.56000000000731        2.6237075672255514     
   135.60000000000730        2.6943155195372928     
   135.64000000000729        2.7616634662362252     
   135.68000000000728        2.8257347064656653     
   135.72000000000727        2.8865241974026050     
   135.76000000000727        2.9440383131331087     
   135.80000000000726        2.9982945403979815     
   135.84000000000725        3.0493211259755908     
   135.88000000000724        3.0971566895414986     
   135.92000000000724        3.1418498145154299     
   135.96000000000723        3.1834586277870303     
   136.00000000000722        3.2220503774086451     
   136.04000000000721        3.2577010154513086     
   136.08000000000720        3.2904947913220282     
   136.12000000000720        3.3205238590052106     
   136.16000000000719        3.3478878999741006     
   136.20000000000718        3.3726937619620312     
   136.24000000000717        3.3950551124193700     
   136.28000000000716        3.4150921043315603     
   136.32000000000716        3.4329310511495201     
   136.36000000000715        3.4487041068914772     
   136.40000000000714        3.4625489470147555     
   136.44000000000713        3.4746084454213442     
   136.48000000000712        3.4850303429418181     
   136.52000000000712        3.4939669028235039     
   136.56000000000711        3.5015745491117363     
   136.60000000000710        3.5080134843346911     
   136.64000000000709        3.5134472835561561     
   136.68000000000708        3.5180424626169780     
   136.72000000000708        3.5219680192125069     
   136.76000000000707        3.5253949463162346     
   136.80000000000706        3.5284957183243111     
   136.84000000000705        3.5314437511279144     
   136.88000000000704        3.5344128380887292     
   136.92000000000704        3.5375765645689414     
   136.96000000000703        3.5411077042281907     
   137.00000000000702        3.5451776007291298     
   137.04000000000701        3.5499555387814286     
   137.08000000000700        3.5556081085999391     
   137.12000000000700        3.5622985678633334     
   137.16000000000699        3.5701862051497817     
   137.20000000000698        3.5794257086181753     
   137.24000000000697        3.5901665434251337     
   137.28000000000696        3.6025523410517772     
   137.32000000000696        3.6167203033947843     
   137.36000000000695        3.6328006241885249     
   137.40000000000694        3.6509159301020579     
   137.44000000000693        3.6711807437255128     
   137.48000000000692        3.6937009706474666     
   137.52000000000692        3.7185734129432486     
   137.56000000000691        3.7458853116489168     
   137.60000000000690        3.7757139211815258     
   137.64000000000689        3.8081261191667011     
   137.68000000000688        3.8431780557212756     
   137.72000000000688        3.8809148468726775     
   137.76000000000687        3.9213703174288286     
   137.80000000000686        3.9645667991852234     
   137.84000000000685        4.0105149908067013     
   137.88000000000685        4.0592138859849687     
   137.92000000000684        4.1106507764854490     
   137.96000000000683        4.1648013364009344     
   138.00000000000682        4.2216297932782503     
   138.04000000000681        4.2810891907467346     
   138.08000000000681        4.3431217458434741     
   138.12000000000680        4.4076593024133182     
   138.16000000000679        4.4746238798017028     
   138.20000000000678        4.5439283136220752     
   138.24000000000677        4.6154769827595725     
   138.28000000000677        4.6891666140826489     
   138.32000000000676        4.7648871537040876     
   138.36000000000675        4.8425226911999317     
   138.40000000000674        4.9219524210948826     
   138.44000000000673        5.0030516242802516     
   138.48000000000673        5.0856926509491194     
   138.52000000000672        5.1697458861874113     
   138.56000000000671        1.0281046275909531     
   138.60000000000670       0.94161908601412758     
   138.64000000000669       0.85411295980336344     
   138.68000000000669       0.76571504398269696     
   138.72000000000668       0.67655213843150652     
   138.76000000000667       0.58674852526956089     
   138.80000000000666       0.49642555568820523     
   138.84000000000665       0.40570134845591499     
   138.88000000000665       0.31469059917889508     
   138.92000000000664       0.22350449642570658     
   138.96000000000663       0.13225073812770261     
   139.00000000000662        4.1033639320730564E-002
   139.04000000000661        5.0045679648985653E-002
   139.08000000000661       0.14088903684052623     
   139.12000000000660       0.23140087780655860     
   139.16000000000659       0.32148792413512195     
   139.20000000000658       0.41105879574190085     
   139.24000000000657       0.50002362104386600     
   139.28000000000657       0.58829364863491163     
   139.32000000000656       0.67578087327136205     
   139.36000000000655       0.76239768790296947     
   139.40000000000654       0.84805657219626362     
   139.44000000000653       0.93266982653404207     
   139.48000000000653        1.0161493588785744     
   139.52000000000652        1.0984065301971297     
   139.56000000000651        1.1793520624065643     
   139.60000000000650        1.2588960110386223     
   139.64000000000649        1.3369478030989750     
   139.68000000000649        1.4134163389302472     
   139.72000000000648        1.4882101553310760     
   139.76000000000647        1.5612376457666202     
   139.80000000000646        1.6324073322650581     
   139.84000000000646        1.7016281825592909     
   139.88000000000645        1.7688099652273161     
   139.92000000000644        1.8338636350253046     
   139.96000000000643        1.8967017403026314     
   140.00000000000642        1.9572388443370750     
   140.04000000000642        2.0153919526207806     
   140.08000000000641        2.0710809385437958     
   140.12000000000640        2.1242289605341118     
   140.16000000000639        2.1747628644862340     
   140.20000000000638        2.2226135662042217     
   140.24000000000638        2.2677164095564515     
   140.28000000000637        2.3100114970437744     
   140.32000000000636        2.3494439904769000     
   140.36000000000635        2.3859643804027044     
   140.40000000000634        2.4195287237772982     
   140.44000000000634        2.4500988501268761     
   140.48000000000633        2.4776425370434056     
   140.52000000000632        2.5021336563163246     
   140.56000000000631        2.5235522922964875     
   140.60000000000630        2.5418848342248754     
   140.64000000000630        2.5571240442430652     
   140.68000000000629        2.5692691026483061     
   140.72000000000628        2.5783256316817043     
   140.76000000000627        2.5843056987660757     
   140.80000000000626        2.5872277996666027     
   140.84000000000626        2.5871168215608158     
   140.88000000000625        2.5840039855043528     
   140.92000000000624        2.5779267672955810     
   140.96000000000623        2.5689287953049726     
   141.00000000000622        2.5570597234722214     
   141.04000000000622        2.5423750774108180     
   141.08000000000621        2.5249360714182774     
   141.12000000000620        2.5048093941877667     
   141.16000000000619        2.4820669611657258     
   141.20000000000618        2.4567856318058925     
   141.24000000000618        2.4290468904320113     
   141.28000000000617        2.3989364900308781     
   141.32000000000616        2.3665440590385005     
   141.36000000000615        2.3319626720319073     
   141.40000000000614        2.2952883861679134     
   141.44000000000614        2.2566197461828819     
   141.48000000000613        2.2160572617452479     
   141.52000000000612        2.1737028618941325     
   141.56000000000611        2.1296593321618849     
   141.60000000000610        2.0840297407270385     
   141.64000000000610        2.0369168605429104     
   141.68000000000609        1.9884225948081715     
   141.72000000000608        1.9386474133699176     
   141.76000000000607        1.8876898076668964     
   141.80000000000607        1.8356457716305705     
   141.84000000000606        1.7826083155742418     
   141.88000000000605        1.7286670195343259     
   141.92000000000604        1.6739076318095691     
   141.96000000000603        1.6184117176060875     
   142.00000000000603        1.5622563617749898     
   142.04000000000602        1.5055139286631605     
   142.08000000000601        1.4482518811240732     
   142.12000000000600        1.3905326597892622     
   142.16000000000599        1.3324136228129846     
   142.20000000000599        1.2739470454976654     
   142.24000000000598        1.2151801785043714     
   142.28000000000597        1.1561553627622587     
   142.32000000000596        1.0969101987180281     
   142.36000000000595        1.0374777672085413     
   142.40000000000595       0.97788689898836656     
   142.44000000000594       0.91816248978537018     
   142.48000000000593       0.85832585767334624     
   142.52000000000592       0.79839513951964824     
   142.56000000000591       0.73838572326411622     
   142.60000000000591       0.67831071278829236     
   142.64000000000590       0.61818142211581395     
   142.68000000000589       0.55800789562145181     
   142.72000000000588       0.49779945079475119     
   142.76000000000587       0.43756523988443830     
   142.80000000000587       0.37731482642513137     
   142.84000000000586       0.31705877220652789     
   142.88000000000585       0.25680922968097364     
   142.92000000000584       0.19658053411891929     
   142.96000000000583       0.13638978902204157     
   143.00000000000583        7.6257437408836948E-002
   143.04000000000582        1.6207810625528563E-002
   143.08000000000581        4.3730354654658576E-002
   143.12000000000580       0.10352344154801951     
   143.16000000000579       0.16313253138037709     
   143.20000000000579       0.22251304732732125     
   143.24000000000578       0.28161447568799713     
   143.28000000000577       0.34038017738782855     
   143.32000000000576       0.39874730209187881     
   143.36000000000575       0.45664681662620499     
   143.40000000000575       0.51400365818773552     
   143.44000000000574       0.57073702103213564     
   143.48000000000573       0.62676078294915993     
   143.52000000000572       0.68198407488465951     
   143.56000000000572       0.73631199360385158     
   143.60000000000571       0.78964645340744966     
   143.64000000000570       0.84188716874501313     
   143.68000000000569       0.89293275528632776     
   143.72000000000568       0.94268193280510226     
   143.76000000000568       0.99103480930690402     
   143.80000000000567        1.0378942224020382     
   143.84000000000566        1.0831671111758014     
   143.88000000000565        1.1267658899049775     
   143.92000000000564        1.1686097940295304     
   143.96000000000564        1.2086261688787876     
   144.00000000000563        1.2467516727810444     
   144.04000000000562        1.2829333683057984     
   144.08000000000561        1.3171296783969422     
   144.12000000000560        1.3493111879070661     
   144.16000000000560        1.3794612753590449     
   144.20000000000559        1.4075765644439080     
   144.24000000000558        1.4336671896111808     
   144.28000000000557        1.4577568749246006     
   144.32000000000556        1.4798828299654636     
   144.36000000000556        1.5000954708167091     
   144.40000000000555        1.5184579779323228     
   144.44000000000554        1.5350457058999143     
   144.48000000000553        1.5499454626821441     
   144.52000000000552        1.5632546778468279     
   144.56000000000552        1.5750804805635643     
   144.60000000000551        1.5855387087757757     
   144.64000000000550        1.5947528709880376     
   144.68000000000549        1.6028530815902553     
   144.72000000000548        1.6099749896340050     
   144.76000000000548        1.6162587195511517     
   144.80000000000547        1.6218478405346648     
   144.84000000000546        1.6268883792630644     
   144.88000000000545        1.6315278884203195     
   144.92000000000544        1.6359145811178624     
   144.96000000000544        1.6401965389367512     
   145.00000000000543        1.6445209989424430     
   145.04000000000542        1.6490337227416343     
   145.08000000000541        1.6538784485011564     
   145.12000000000540        1.6591964248743796     
   145.16000000000540        1.6651260240123948     
   145.20000000000539        1.6718024292964904     
   145.24000000000538        1.6793573921264791     
   145.28000000000537        1.6879190510385347     
   145.32000000000536        1.6976118056008302     
   145.36000000000536        1.7085562369334391     
   145.40000000000535        1.7208690663039450     
   145.44000000000534        1.7346631430420818     
   145.48000000000533        1.7500474529741872     
   145.52000000000533        1.7671271386799767     
   145.56000000000532        1.7860035231003279     
   145.60000000000531        1.8067741283580940     
   145.64000000000530        1.8295326820807405     
   145.68000000000529        1.8543691040241099     
   145.72000000000529        1.8813694663858154     
   145.76000000000528        1.9106159218641006     
   145.80000000000527        1.9421865942674501     
   145.84000000000526        1.9761554273197495     
   145.88000000000525        2.0125919882465420     
   145.92000000000525        2.0515612237833318     
   145.96000000000524        2.0931231674310826     
   146.00000000000523        2.1373325981102451     
   146.04000000000522        2.1842386518430201     
   146.08000000000521        2.2338843897286598     
   146.12000000000521        2.2863063272649420     
   146.16000000000520        2.3415339319957451     
   146.20000000000519        2.3995890985012185     
   146.24000000000518        2.4604856118480045     
   146.28000000000517        2.5242286127181464     
   146.32000000000517        2.5908140794527368     
   146.36000000000516        2.6602283440763590     
   146.40000000000515        2.7324476608899886     
   146.44000000000514        2.8074378472991590     
   146.48000000000513        2.8851540170409784     
   146.52000000000513        2.9655404257515632     
   146.56000000000512        3.0485304477538233     
   146.60000000000511        3.1340467009524953     
   146.64000000000510        3.2220013337502049     
   146.68000000000509        3.3122964839527254     
   146.72000000000509        3.4048249147875533     
   146.76000000000508        3.4994708275638247     
   146.80000000000507        3.5961108443714407     
   146.84000000000506        3.6946151478347247     
   146.88000000000505        3.7948487586305468     
   146.92000000000505        3.8966729256074006     
   146.96000000000504        3.9999465982524125     
   147.00000000000503        4.1045279472667628     
   147.04000000000502        2.0729094107960782     
   147.08000000000501        1.9661336797138227     
   147.12000000000501        1.8584652857543806     
   147.16000000000500        1.7500343076205636     
   147.20000000000499        1.6409645738082979     
   147.24000000000498        1.5313726115934525     
   147.28000000000497        1.4213667766069438     
   147.32000000000497        1.3110465787343952     
   147.36000000000496        1.2005022138487096     
   147.40000000000495        1.0898143047973847     
   147.44000000000494       0.97905384940170381     
   147.48000000000494       0.86828236820004334     
   147.52000000000493       0.75755224042903313     
   147.56000000000492       0.64690721335759327     
   147.60000000000491       0.53638306757527610     
   147.64000000000490       0.42600841913529308     
   147.68000000000490       0.31580563846699516     
   147.72000000000489       0.20579186557573448     
   147.76000000000488        9.5980101098561699E-002
   147.80000000000487        1.3619646860387524E-002
   147.84000000000486       0.12299917966270413     
   147.88000000000486       0.23215090779576508     
   147.92000000000485       0.34106665165569172     
   147.96000000000484       0.44973646136629530     
   148.00000000000483       0.55814747316839175     
   148.04000000000482       0.66628281962958669     
   148.08000000000482       0.77412061069504934     
   148.12000000000481       0.88163300235850728     
   148.16000000000480       0.98878536939210271     
   148.20000000000479        1.0955355980320571     
   148.24000000000478        1.2018335136667766     
   148.28000000000478        1.3076204573116188     
   148.32000000000477        1.4128290228911222     
   148.36000000000476        1.5173829650215243     
   148.40000000000475        1.6211972840658029     
   148.44000000000474        1.7241784917361422     
   148.48000000000474        1.8262250565101135     
   148.52000000000473        1.9272280237239645     
   148.56000000000472        2.0270718005747841     
   148.60000000000471        2.1256350916092739     
   148.64000000000470        2.2227919658346229     
   148.68000000000470        2.3184130326016414     
   148.72000000000469        2.4123667001182589     
   148.76000000000468        2.5045204880599514     
   148.80000000000467        2.5947423644119718     
   148.84000000000466        2.6829020765025309     
   148.88000000000466        2.7688724471899246     
   148.92000000000465        2.8525306092981331     
   148.96000000000464        2.9337591545317245     
   149.00000000000463        3.0124471770589203     
   149.04000000000462        3.0884911965042043     
   149.08000000000462        3.1617959499868311     
   149.12000000000461        3.2322750478221649     
   149.16000000000460        3.2998514923263946     
   149.20000000000459        3.3644580636191983     
   149.24000000000458        3.4260375802322907     
   149.28000000000458        3.4845430455814723     
   149.32000000000457        3.5399376938724516     
   149.36000000000456        3.5921949507601516     
   149.40000000000455        3.6412983250822224     
   149.44000000000455        3.6872412482879993     
   149.48000000000454        3.7300268778557708     
   149.52000000000453        3.7696678801204198     
   149.56000000000452        3.8061862066130865     
   149.60000000000451        3.8396128763370476     
   149.64000000000451        3.8699877744564590     
   149.68000000000450        3.8973594757352679     
   149.72000000000449        3.9217850988003016     
   149.76000000000448        3.9433301949726292     
   149.80000000000447        3.9620686730628520     
   149.84000000000447        3.9780827591994630     
   149.88000000000446        3.9914629884905244     
   149.92000000000445        4.0023082231409610     
   149.96000000000444        4.0107256895943291     
   150.00000000000443        4.0168310253752004     
   150.04000000000443        4.0207483246162727     
   150.08000000000442        4.0226101698078853     
   150.12000000000441        4.0225576361559430     
   150.16000000000440        4.0207402541295769     
   150.20000000000439        4.0173159153747857     
   150.24000000000439        4.0124507072144011     
   150.28000000000438        4.0063186614899182     
   150.32000000000437        3.9991014045564204     
   150.36000000000436        3.9909876968298854     
   150.40000000000435        3.9821728523963289     
   150.44000000000435        3.9728580317886197     
   150.48000000000434        3.9632494040563255     
   150.52000000000433        3.9535571776065495     
   150.56000000000432        3.9439945028656185     
   150.60000000000431        3.9347762534706980     
   150.64000000000431        3.9261176963047677     
   150.68000000000430        3.9182330640952965     
   150.72000000000429        3.9113340473740337     
   150.76000000000428        3.9056282252305601     
   150.80000000000427        3.9013174564028650     
   150.84000000000427        3.8985962537866743     
   150.88000000000426        3.8976501664016818     
   150.92000000000425        3.8986541932533925     
   150.96000000000424        3.9017712534305748     
   151.00000000000423        3.9071507362577531     
   151.04000000000423        3.9149271544666444     
   151.08000000000422        3.9252189222428591     
   151.12000000000421        3.9381272787112782     
   151.16000000000420        3.9537353759854375     
   151.20000000000420        3.9721075493295261     
   151.24000000000419        3.9932887852375707     
   151.28000000000418        4.0173044012618391     
   151.32000000000417        4.0441599491369846     
   151.36000000000416        4.0738413500533408     
   151.40000000000416        4.1063152677442973     
   151.44000000000415        4.1415297213067523     
   151.48000000000414        4.1794149353516694     
   151.52000000000413        4.2198844202238677     
   151.56000000000412        4.2628362697445876     
   151.60000000000412        4.3081546583954697     
   151.64000000000411        4.3557115143204017     
   151.68000000000410        4.4053683392623677     
   151.72000000000409        4.4569781418910299     
   151.76000000000408        4.5103874472246233     
   151.80000000000408        4.5654383422834393     
   151.84000000000407        1.6612147902352330     
   151.88000000000406        1.6033620478582320     
   151.92000000000405        1.5443479402819351     
   151.96000000000404        1.4843283691843330     
   152.00000000000404        1.4234542943776445     
   152.04000000000403        1.3618702683653714     
   152.08000000000402        1.2997131653087224     
   152.12000000000401        1.2371111165898354     
   152.16000000000400        1.1741826585530930     
   152.20000000000400        1.1110360917553641     
   152.24000000000399        1.0477690454331521     
   152.28000000000398       0.98446823610468615     
   152.32000000000397       0.92120940539939822     
   152.36000000000396       0.85805741940431313     
   152.40000000000396       0.79506651002835937     
   152.44000000000395       0.73228063804787680     
   152.48000000000394       0.66973395750427622     
   152.52000000000393       0.60745136184523174     
   152.56000000000392       0.54544909348749382     
   152.60000000000392       0.48373540018405370     
   152.64000000000391       0.42231122355989315     
   152.68000000000390       0.36117090731185919     
   152.72000000000389       0.30030291474028514     
   152.76000000000388       0.23969054740352513     
   152.80000000000388       0.17931265869212210     
   152.84000000000387       0.11914435795570189     
   152.88000000000386        5.9157702447839355E-002
   152.92000000000385        6.7762423958872553E-004
   152.96000000000384        6.0393647411833840E-002
   153.00000000000384       0.12002344940693854     
   153.04000000000383       0.17960052917168645     
   153.08000000000382       0.23915817136062678     
   153.12000000000381       0.29872882280978708     
   153.16000000000381       0.35834347422393642     
   153.20000000000380       0.41803104511418443     
   153.24000000000379       0.47781777042366325     
   153.28000000000378       0.53772658787514604     
   153.32000000000377       0.59777652585694319     
   153.36000000000377       0.65798209262150875     
   153.40000000000376       0.71835266869087078     
   153.44000000000375       0.77889190562540422     
   153.48000000000374       0.83959713569233485     
   153.52000000000373       0.90045879843444521     
   153.56000000000373       0.96145989164513290     
   153.60000000000372        1.0225754557504458     
   153.64000000000371        1.0837721020185760     
   153.68000000000370        1.1450075962892967     
   153.72000000000369        1.2062305109585170     
   153.76000000000369        1.2673799586798986     
   153.80000000000368        1.3283854215689537     
   153.84000000000367        1.3891666895327417     
   153.88000000000366        1.4496339206294935     
   153.92000000000365        1.5096878350356762     
   153.96000000000365        1.5692200522384250     
   154.00000000000364        1.6281135784877758     
   154.04000000000363        1.6862434483833066     
   154.08000000000362        1.7434775208226458     
   154.12000000000361        1.7996774255344110     
   154.16000000000361        1.8546996522210433     
   154.20000000000360        1.9083967701405098     
   154.24000000000359        1.9606187619676896     
   154.28000000000358        2.0112144522039594     
   154.32000000000357        2.0600330074379878     
   154.36000000000357        2.1069254835601203     
   154.40000000000356        2.1517463937084571     
   154.44000000000355        2.1943552703313469     
   154.48000000000354        2.2346181952815392     
   154.52000000000353        2.2724092732437189     
   154.56000000000353        2.3076120259177570     
   154.60000000000352        2.3401206870706255     
   154.64000000000351        2.3698413816397537     
   154.68000000000350        2.3966931753196627     
   154.72000000000349        2.4206089843002490     
   154.76000000000349        2.4415363378814319     
   154.80000000000348        2.4594379894338481     
   154.84000000000347        2.4742923735224984     
   154.88000000000346        2.4860939089216396     
   154.92000000000345        2.4948531487338981     
   154.96000000000345        2.5005967799354925     
   155.00000000000344        2.5033674754865896     
   155.04000000000343        2.5032236027772283     
   155.08000000000342        2.5002387927403107     
   155.12000000000342        2.4945013745663056     
   155.16000000000341        2.4861136816967404     
   155.20000000000340        2.4751912357275061     
   155.24000000000339        2.4618618160578425     
   155.28000000000338        2.4462644245786600     
   155.32000000000338        2.4285481563683597     
   155.36000000000337        2.4088709891833187     
   155.40000000000336        2.3873985063916381     
   155.44000000000335        2.3643025697794422     
   155.48000000000334        2.3397599602258330     
   155.52000000000334        2.3139510054645864     
   155.56000000000333        2.2870582149113505     
   155.60000000000332        2.2592649417433712     
   155.64000000000331        2.2307540920176012     
   155.68000000000330        2.2017068995848441     
   155.72000000000330        2.1723017839260184     
   155.76000000000329        2.1427133058643633     
   155.80000000000328        2.1131112334907143     
   155.84000000000327        2.0836597276993700     
   155.88000000000326        2.0545166536061794     
   155.92000000000326        2.0258330209495559     
   155.96000000000325        1.9977525534946292     
   156.00000000000324        1.9704113845915883     
   156.04000000000323        1.9439378734811052     
   156.08000000000322        1.9184525347664843     
   156.12000000000322        1.8940680717304315     
   156.16000000000321        1.8708895028836809     
   156.20000000000320        1.8490143702882975     
   156.24000000000319        1.8285330177747317     
   156.28000000000318        1.8095289271270878     
   156.32000000000318        1.7920791005929204     
   156.36000000000317        1.7762544786232592     
   156.40000000000316        1.7621203825045324     
   156.44000000000315        1.7497369724472602     
   156.48000000000314        1.7391597126917433     
   156.52000000000314        1.7304398362296753     
   156.56000000000313        1.7236248027811389     
   156.60000000000312        1.7187587446751387     
   156.64000000000311        1.7158828962326340     
   156.68000000000310        1.7150360031251930     
   156.72000000000310        1.7162547089675217     
   156.76000000000309        1.7195739170913744     
   156.80000000000308        1.7250271260394763     
   156.84000000000307        1.7326467378123800     
   156.88000000000306        1.7424643383026792     
   156.92000000000306        1.7545109496656890     
   156.96000000000305        1.7688172546108034     
   157.00000000000304        1.7854137927612050     
   157.04000000000303        1.8043311293297006     
   157.08000000000303        1.8255999964034064     
   157.12000000000302        1.8492514071278381     
   157.16000000000301        1.8753167430393078     
   157.20000000000300        1.9038278147206349     
   157.24000000000299        1.9348168958558329     
   157.28000000000299        1.9683167306411016     
   157.32000000000298        2.0043605143782228     
   157.36000000000297        2.0429818469383116     
   157.40000000000296        2.0842146586446342     
   157.44000000000295        2.1280931079888106     
   157.48000000000295        2.1746514504713090     
   157.52000000000294        2.2239238777511212     
   157.56000000000293        2.2759443262077710     
   157.60000000000292        2.3307462539689237     
   157.64000000000291        2.3883623854467260     
   157.68000000000291        2.4488244224645714     
   157.72000000000290        2.5121627211526061     
   157.76000000000289        2.5784059339549277     
   157.80000000000288        2.6475806163346176     
   157.84000000000287        2.7197107980949733     
   157.88000000000287        2.7948175196668812     
   157.92000000000286        2.8729183342528213     
   157.96000000000285        2.9540267773753830     
   158.00000000000284        3.0381518061582691     
   158.04000000000283        3.1252972115727493     
   158.08000000000283        3.2154610079101911     
   158.12000000000282        3.3086348048835550     
   158.16000000000281        3.4048031690022666     
   158.20000000000280        3.5039429821818970     
   158.24000000000279        3.6060228069091775     
   158.28000000000279        3.7110022686401658     
   158.32000000000278        3.8188314674102481     
   158.36000000000277        3.9294504318141712     
   158.40000000000276        4.0427886294983635     
   158.44000000000275        4.1587645490159080     
   158.48000000000275        4.2772853682428389     
   158.52000000000274        4.3982467244611403     
   158.56000000000273        4.5215326006046785     
   158.60000000000272        4.6470153409794994     
   158.64000000000271        4.7745558079713675     
   158.68000000000271        4.9040036888314109     
   158.72000000000270        5.0351979586100422     
   158.76000000000269        5.1679675017530977     
   158.80000000000268        5.3021318908857102     
   158.84000000000268        5.4375023170298933     
   158.88000000000267        5.5738826611054826     
   158.92000000000266        5.7110706922483363     
   158.96000000000265        5.8488593744540989     
   159.00000000000264        5.9870382595262504     
   159.04000000000264        6.1253949414618702     
   159.08000000000263        6.2637165454021018     
   159.12000000000262        6.4017912232162031     
   159.16000000000261        6.5394096277327689     
   159.20000000000260        6.6763663385751011     
   159.24000000000260        6.8124612144373184     
   159.28000000000259        6.9475006493390854     
   159.32000000000258       0.79811340658313790     
   159.36000000000257       0.93049285824149908     
   159.40000000000256        1.0612860113476337     
   159.44000000000256        1.1903354574582090     
   159.48000000000255        1.3174946350551506     
   159.52000000000254        1.4426282488525557     
   159.56000000000253        1.5656125432388452     
   159.60000000000252        1.6863354371941519     
   159.64000000000252        1.8046965304039519     
   159.68000000000251        1.9206069921007796     
   159.72000000000250        2.0339893454161739     
   159.76000000000249        2.1447771607493791     
   159.80000000000248        2.2529146719110207     
   159.84000000000248        2.3583563286444598     
   159.88000000000247        2.4610662986364771     
   159.92000000000246        2.5610179313753378     
   159.96000000000245        2.6581931952681508     
   160.00000000000244        2.7525820983551084     
   160.04000000000244        2.8441821018122191     
   160.08000000000243        2.9329975342643557     
   160.12000000000242        3.0190390137756711     
   160.16000000000241        3.1023228832748302     
   160.20000000000240        3.1828706641301698     
   160.24000000000240        3.2607085316298501     
   160.28000000000239        3.3358668152534001     
   160.32000000000238        3.4083795258477640     
   160.36000000000237        3.4782839111433108     
   160.40000000000236        3.5456200404604177     
   160.44000000000236        3.6104304189603065     
   160.48000000000235        3.6727596313784034     
   160.52000000000234        3.7326540148374274     
   160.56000000000233        3.7901613600629918     
   160.60000000000232        3.8453306401090850     
   160.64000000000232        3.8982117655368427     
   160.68000000000231        3.9488553648703730     
   160.72000000000230        3.9973125890714876     
   160.76000000000229        4.0436349387248605     
   160.80000000000229        4.0878741126009581     
   160.84000000000228        4.1300818762611859     
   160.88000000000227        4.1703099493837090     
   160.92000000000226        4.2086099105157224     
   160.96000000000225        4.2450331179951695     
   161.00000000000225        4.2796306458294620     
   161.04000000000224        4.3124532333681689     
   161.08000000000223        4.3435512476590681     
   161.12000000000222        4.3729746574307278     
   161.16000000000221        4.4007730176986319     
   161.20000000000221        4.4269954640447065     
   161.24000000000220        4.4516907156711243     
   161.28000000000219        4.4749070863778524     
   161.32000000000218        4.4966925026590188     
   161.36000000000217        4.5170945281555834     
   161.40000000000217        4.5361603937407269     
   161.44000000000216        4.5539370325497037     
   161.48000000000215        4.5704711192977001     
   161.52000000000214        4.5858091132574748     
   161.56000000000213        4.5999973042933693     
   161.60000000000213        4.6130818613698921     
   161.64000000000212        4.6251088829716061     
   161.68000000000211        4.6361244488868563     
   161.72000000000210        4.6461746728211430     
   161.76000000000209        4.6553057553170794     
   161.80000000000209        4.6635640364670961     
   161.84000000000208        4.6709960479128299     
   161.88000000000207        4.6776485636316911     
   161.92000000000206        4.6835686490169417     
   161.96000000000205        4.6888037077629221     
   162.00000000000205        4.6934015260724156     
   162.04000000000204        4.6974103137086383     
   162.08000000000203        4.7008787414205440     
   162.12000000000202        4.7038559742771842     
   162.16000000000201        4.7063917004551286     
   162.20000000000201        4.7085361550327072     
   162.24000000000200        4.7103401383562007     
   162.28000000000199        4.7118550285563563     
   162.32000000000198        4.7131327878088589     
   162.36000000000197        4.7142259619496647     
   162.40000000000197        4.7151876730755529     
   162.44000000000196        4.7160716047817566     
   162.48000000000195        4.7169319797121858     
   162.52000000000194        4.7178235291232919     
   162.56000000000193        4.7188014541901167     
   162.60000000000193        4.7199213788122378     
   162.64000000000192        4.7212392937080718     
   162.68000000000191        4.7228114916181942     
   162.72000000000190        4.7246944934717670     
   162.76000000000190        4.7269449654048703     
   162.80000000000189        4.7296196265552712     
   162.84000000000188        4.7327751475951167     
   162.88000000000187        4.7364680400012267     
   162.92000000000186        4.7407545361022683     
   162.96000000000186        4.7456904599834928     
   163.00000000000185        4.7513310893732985     
   163.04000000000184        4.7577310086822244     
   163.08000000000183        4.7649439534147948     
   163.12000000000182        4.7730226462287204     
   163.16000000000182        4.7820186249752616     
   163.20000000000181        4.7919820631200265     
   163.24000000000180        4.8029615830162777     
   163.28000000000179        4.8150040625838368     
   163.32000000000178        4.8281544360370372     
   163.36000000000178        4.8424554894057250     
   163.40000000000177        4.8579476517045839     
   163.44000000000176        4.8746687827285893     
   163.48000000000175        4.8926539585860409     
   163.52000000000174        4.9119352562248784     
   163.56000000000174        4.9325415383617353     
   163.60000000000173        4.9544982403846394     
   163.64000000000172        4.9778271609668172     
   163.68000000000171        5.0025462582972491     
   163.72000000000170        5.0286694539992149     
   163.76000000000170        5.0562064469657688     
   163.80000000000169        5.0851625394848750     
   163.84000000000168        5.1155384781500262     
   163.88000000000167        5.1473303121469796     
   163.92000000000166        5.1805292715661686     
   163.96000000000166        5.2151216684051054     
   164.00000000000165        5.2510888228882378     
   164.04000000000164        5.2884070176358327     
   164.08000000000163        5.3270474820526550     
   164.12000000000162        5.3669764090767655     
   164.16000000000162        5.4081550061261598     
   164.20000000000161        5.4505395817059519     
   164.24000000000160        5.4940816686939904     
   164.28000000000159        5.5387281848137473     
   164.32000000000158        5.5844216302387970     
   164.36000000000158        5.6311003216651176     
   164.40000000000157        5.6786986615505430     
   164.44000000000156        5.7271474405722849     
   164.48000000000155        5.7763741707126437     
   164.52000000000155        5.8263034457702227     
   164.56000000000154        5.8768573255295555     
   164.60000000000153        5.9279557393259630     
   164.64000000000152        5.9795169043325522     
   164.68000000000151        6.0314577535880467     
   164.72000000000151       0.19949093859033160     
   164.76000000000150       0.14704289598147025     
   164.80000000000149        9.4467757516217721E-002
   164.84000000000148        4.1849433450455775E-002
   164.88000000000147        1.0728986910936572E-002
   164.92000000000147        6.3185614669455659E-002
   164.96000000000146       0.11544011692350048     
   165.00000000000145       0.16741404518472527     
   165.04000000000144       0.21903113391915632     
   165.08000000000143       0.27021756715268774     
   165.12000000000143       0.32090221173303135     
   165.16000000000142       0.37101681648470475     
   165.20000000000141       0.42049617711216503     
   165.24000000000140       0.46927826728305067     
   165.28000000000139       0.51730433684581034     
   165.32000000000139       0.56451897859400113     
   165.36000000000138       0.61087016537663086     
   165.40000000000137       0.65630925966661213     
   165.44000000000136       0.70079099793706257     
   165.48000000000135       0.74427345235976006     
   165.52000000000135       0.78671797243560482     
   165.56000000000134       0.82808910919920542     
   165.60000000000133       0.86835452461566798     
   165.64000000000132       0.90748488871508404     
   165.68000000000131       0.94545376689724259     
   165.72000000000131       0.98223749969386098     
   165.76000000000130        1.0178150771060577     
   165.80000000000129        1.0521680094482357     
   165.84000000000128        1.0852801964327179     
   165.88000000000127        1.1171377960283018     
   165.92000000000127        1.1477290944254468     
   165.96000000000126        1.1770443782452908     
   166.00000000000125        1.2050758099425125     
   166.04000000000124        1.2318173071757739     
   166.08000000000123        1.2572644267560138     
   166.12000000000123        1.2814142536334026     
   166.16000000000122        1.3042652952490514     
   166.20000000000121        1.3258173814577670     
   166.24000000000120        1.3460715701231292     
   166.28000000000119        1.3650300583954766     
   166.32000000000119        1.3826960996063187     
   166.36000000000118        1.3990739256484304     
   166.40000000000117        1.4141686746584539     
   166.44000000000116        1.4279863237772217     
   166.48000000000116        1.4405336267312141     
   166.52000000000115        1.4518180559555169     
   166.56000000000114        1.4618477489633903     
   166.60000000000113        1.4706314586591478     
   166.64000000000112        1.4781785072885851     
   166.68000000000112        1.4844987437239137     
   166.72000000000111        1.4896025037872804     
   166.76000000000110        1.4935005733278524     
   166.80000000000109        1.4962041537815174     
   166.84000000000108        1.4977248299589880     
   166.88000000000108        1.4980745398270252     
   166.92000000000107        1.4972655460682498     
   166.96000000000106        1.4953104092272151     
   167.00000000000105        1.4922219622737951     
   167.04000000000104        1.4880132864392153     
   167.08000000000104        1.4826976882050269     
   167.12000000000103        1.4762886773507611     
   167.16000000000102        1.4687999459917391     
   167.20000000000101        1.4602453485644020     
   167.24000000000100        1.4506388827423677     
   167.28000000000100        1.4399946712921290     
   167.32000000000099        1.4283269449026708     
   167.36000000000098        1.4156500260482048     
   167.40000000000097        1.4019783139675221     
   167.44000000000096        1.3873262708669771     
   167.48000000000096        1.3717084094767060     
   167.52000000000095        1.3551392821111263     
   167.56000000000094        1.3376334714048936     
   167.60000000000093        1.3192055829140927     
   167.64000000000092        1.2998702397892861     
   167.68000000000092        1.2796420797418884     
   167.72000000000091        1.2585357545379310     
   167.76000000000090        1.2365659322633522     
   167.80000000000089        1.2137473026121852     
   167.84000000000088        1.1900945854531271     
   167.88000000000088        1.1656225429306204     
   167.92000000000087        1.1403459953533983     
   167.96000000000086        1.1142798411161203     
   168.00000000000085        1.0874390808878160     
   168.04000000000084        1.0598388462840380     
   168.08000000000084        1.0314944332174596     
   168.12000000000083        1.0024213400937718     
   168.16000000000082       0.97263531098574407     
   168.20000000000081       0.94215238387783440     
   168.24000000000080       0.91098894402645070     
   168.28000000000080       0.87916178242654586     
   168.32000000000079       0.84668815931346741     
   168.36000000000078       0.81358587255970949     
   168.40000000000077       0.77987333074938037     
   168.44000000000077       0.74556963062889570     
   168.48000000000076       0.71069463854086523     
   168.52000000000075       0.67526907534981750     
   168.56000000000074       0.63931460426393560     
   168.60000000000073       0.60285392084731027     
   168.64000000000073       0.56591084440352923     
   168.68000000000072       0.52851040979526664     
   168.72000000000071       0.49067895864775390     
   168.76000000000070       0.45244422876883361     
   168.80000000000069       0.41383544050728627     
   168.84000000000069       0.37488337866719001     
   168.88000000000068       0.33562046850246885     
   168.92000000000067       0.29608084423600689     
   168.96000000000066       0.25630040848546609     
   169.00000000000065       0.21631688093708068     
   169.04000000000065       0.17616983459302304     
   169.08000000000064       0.13590071793115244     
   169.12000000000063        9.5552861361460018E-002
   169.16000000000062        5.5171466444254080E-002
   169.20000000000061        1.4803576453383704E-002
   169.24000000000061        2.5501972974950604E-002
   169.28000000000060        6.5694624170532845E-002
   169.32000000000059       0.10572218956183843     
   169.36000000000058       0.14553096616799233     
   169.40000000000057       0.18506587269898539     
   169.44000000000057       0.22427060917844710     
   169.48000000000056       0.26308783864576224     
   169.52000000000055       0.30145939012129508     
   169.56000000000054       0.33932648163828733     
   169.60000000000053       0.37662996176681962     
   169.64000000000053       0.41331056768877322     
   169.68000000000052       0.44930919753788701     
   169.72000000000051       0.48456719440547236     
   169.76000000000050       0.51902663913920688     
   169.80000000000049       0.55263064883780255     
   169.84000000000049       0.58532367777501404     
   169.88000000000048       0.61705181737759296     
   169.92000000000047       0.64776309183670366     
   169.96000000000046       0.67740774595234909     
   170.00000000000045       0.70593852189479711     
   170.04000000000045       0.73331092171320156     
   170.08000000000044       0.75948345262508776     
   170.12000000000043       0.78441785237504524     
   170.16000000000042       0.80807929224947772     
   170.20000000000041       0.83043655566827401     
   170.24000000000041       0.85146219063488315     
   170.28000000000040       0.87113263470436730     
   170.32000000000039       0.88942831151558188     
   170.36000000000038       0.90633369832013155     
   170.40000000000038       0.92183736431932206     
   170.44000000000037       0.93593197998403610     
   170.48000000000036       0.94861429787537310     
   170.52000000000035       0.95988510580124320     
   170.56000000000034       0.96974915343218970     
   170.60000000000034       0.97821505375596318     
   170.64000000000033       0.98529516097317771     
   170.68000000000032       0.99100542662505997     
   170.72000000000031       0.99536523589890247     
   170.76000000000030       0.99839722617804516     
   170.80000000000030        1.0001270899922021     
   170.84000000000029        1.0005833645822504     
   170.88000000000028       0.99979721032299940     
   170.92000000000027       0.99780218024991374     
   170.96000000000026       0.99463398291328631     
   171.00000000000026       0.99033024073808584     
   171.04000000000025       0.98493024600167889     
   171.08000000000024       0.97847471645697881     
   171.12000000000023       0.97100555252737475     
   171.16000000000022       0.96256559788410800     
   171.20000000000022       0.95319840508866760     
   171.24000000000021       0.94294800784433885     
   171.28000000000020       0.93185870125432180     
   171.32000000000019       0.91997483133092162     
   171.36000000000018       0.90734059484326668     
   171.40000000000018       0.89399985043186192     
   171.44000000000017       0.87999594175905982     
   171.48000000000016       0.86537153330715511     
   171.52000000000015       0.85016845928214124     
   171.56000000000014       0.83442758593292887     
   171.60000000000014       0.81818868745461593     
   171.64000000000013       0.80149033551161686     
   171.68000000000012       0.78436980229332443     
   171.72000000000011       0.76686297690250305     
   171.76000000000010       0.74900429477556396     
   171.80000000000010       0.73082667974481852     
   171.84000000000009       0.71236149827605078     
   171.88000000000008       0.69363852535040738     
   171.92000000000007       0.67468592140755423     
   171.96000000000006       0.65553021972700232     
   172.00000000000006       0.63619632359596623     
   172.04000000000005       0.61670751259450385     
   172.08000000000004       0.59708545732119989     
   172.12000000000003       0.57735024188451711     
   172.16000000000003       0.55752039349518556     
   172.20000000000002       0.53761291851271675     
   172.24000000000001       0.51764334432331549     
   172.28000000000000       0.49762576645614276     
   172.31999999999999       0.47757290037910582     
   172.35999999999999       0.45749613745316187     
   172.39999999999998       0.43740560456464883     
   172.43999999999997       0.41731022699754616     
   172.47999999999996       0.39721779415103509     
   172.51999999999995       0.37713502775155550     
   172.55999999999995       0.35706765225206549     
   172.59999999999994       0.33702046715378842     
   172.63999999999993       0.31699742102683515     
   172.67999999999992       0.29700168704519281     
   172.71999999999991       0.27703573988820573     
   172.75999999999991       0.25710143389441598     
   172.79999999999990       0.23720008238405388     
   172.83999999999989       0.21733253809319031     
   172.87999999999988       0.19749927468519823     
   172.91999999999987       0.17770046932333861     
   172.95999999999987       0.15793608630160283     
   172.99999999999986       0.13820596173902411     
   173.03999999999985       0.11850988934510043     
   173.07999999999984        9.8847707260341089E-002
   173.11999999999983        7.9219385965824785E-002
   173.15999999999983        5.9625117238601311E-002
   173.19999999999982        4.0065404105332547E-002
   173.23999999999981        2.0541151714334793E-002
   173.27999999999980        1.0537590057195789E-003
   173.31999999999979        1.8394788989704480E-002
   173.35999999999979        3.7801828450033215E-002
   173.39999999999978        5.7163923954636653E-002
   173.43999999999977        7.6476775939706920E-002
   173.47999999999976        9.5735128872575181E-002
   173.51999999999975       0.11493268069426454     
   173.55999999999975       0.13406199418170739     
   173.59999999999974       0.15311441099017409     
   173.63999999999973       0.17207996925139457     
   173.67999999999972       0.19094732572186146     
   173.71999999999971       0.20970368359659797     
   173.75999999999971       0.22833472722348347     
   173.79999999999970       0.24682456506866624     
   173.83999999999969       0.26515568239070153     
   173.87999999999968       0.28330890517530483     
   173.91999999999967       0.30126337695890348     
   173.95999999999967       0.31899655022195494     
   173.99999999999966       0.33648419405634977     
   174.03999999999965       0.35370041979899292     
   174.07999999999964       0.37061772626973188     
   174.11999999999964       0.38720706615027467     
   174.15999999999963       0.40343793488629009     
   174.19999999999962       0.41927848328305162     
   174.23999999999961       0.43469565469259330     
   174.27999999999960       0.44965534735585133     
   174.31999999999960       0.46412260206715306     
   174.35999999999959       0.47806181487355415     
   174.39999999999958       0.49143697401344583     
   174.43999999999957       0.50421191974598401     
   174.47999999999956       0.51635062513661378     
   174.51999999999956       0.52781749525859589     
   174.55999999999955       0.53857768166301345     
   174.59999999999954       0.54859740837957294     
   174.63999999999953       0.55784430515869199     
   174.67999999999952       0.56628774317391173     
   174.71999999999952       0.57389916799470075     
   174.75999999999951       0.58065242433434539     
   174.79999999999950       0.58652406689492009     
   174.83999999999949       0.59149365158717893     
   174.87999999999948       0.59554400150927733     
   174.91999999999948       0.59866144233105012     
   174.95999999999947       0.60083600215083122     
   174.99999999999946       0.60206157146392081     
   175.03999999999945       0.60233601959379046     
   175.07999999999944       0.60166126477079718     
   175.11999999999944       0.60004329597474726     
   175.15999999999943       0.59749214565863518     
   175.19999999999942       0.59402181350925720     
   175.23999999999941       0.58965014244210445     
   175.27999999999940       0.58439864903839989     
   175.31999999999940       0.57829231157792016     
   175.35999999999939       0.57135931967161468     
   175.39999999999938       0.56363079022640594     
   175.43999999999937       0.55514045505966825     
   175.47999999999936       0.54592432590767770     
   175.51999999999936       0.53602034283245636     
   175.55999999999935       0.52546801212342698     
   175.59999999999934       0.51430803971927197     
   175.63999999999933       0.50258196595252258     
   175.67999999999932       0.49033180706101487     
   175.71999999999932       0.47759970843683019     
   175.75999999999931       0.46442761401791510     
   175.79999999999930       0.45085695559507333     
   175.83999999999929       0.43692836513253819     
   175.87999999999928       0.42268141250821001     
   175.91999999999928       0.40815437039237645     
   175.95999999999927       0.39338400732129086     
   175.99999999999926       0.37840540940117817     
   176.03999999999925       0.36325183051244370     
   176.07999999999925       0.34795457038287858     
   176.11999999999924       0.33254287946877548     
   176.15999999999923       0.31704388922715121     
   176.19999999999922       0.30148256608082269     
   176.23999999999921       0.28588168716856854     
   176.27999999999921       0.27026183583067387     
   176.31999999999920       0.25464141469993984     
   176.35999999999919       0.23903667424285002     
   176.39999999999918       0.22346175461750750     
   176.43999999999917       0.20792873877647877     
   176.47999999999917       0.19244771483615053     
   176.51999999999916       0.17702684585236361     
   176.55999999999915       0.16167244527817215     
   176.59999999999914       0.14638905652753631     
   176.63999999999913       0.13117953522326120     
   176.67999999999913       0.11604513286400953     
   176.71999999999912       0.10098558079998687     
   176.75999999999911        8.5999173556897457E-002
   176.79999999999910        7.1082850690688426E-002
   176.83999999999909        5.6232276489720956E-002
   176.87999999999909        4.1441916965198722E-002
   176.91999999999908        2.6705113684235782E-002
   176.95999999999907        1.2014154102611529E-002
   176.99999999999906        2.6396618539719086E-003
   177.03999999999905        1.7265959130111419E-002
   177.07999999999905        3.1875228901303565E-002
   177.11999999999904        4.6478773992201905E-002
   177.15999999999903        6.1088658336966528E-002
   177.19999999999902        7.5717660421258159E-002
   177.23999999999901        9.0379230607743555E-002
   177.27999999999901       0.10508745221563132     
   177.31999999999900       0.11985700619901207     
   177.35999999999899       0.13470313924780397     
   177.39999999999898       0.14964163511823614     
   177.43999999999897       0.16468878898631445     
   177.47999999999897       0.17986138460699497     
   177.51999999999896       0.19517667405324790     
   177.55999999999895       0.21065235980229113     
   177.59999999999894       0.22630657893053652     
   177.63999999999893       0.24215788917373526     
   177.67999999999893       0.25822525660410145     
   177.71999999999892       0.27452804467138447     
   177.75999999999891       0.29108600434969745     
   177.79999999999890       0.30791926512602830     
   177.83999999999889       0.32504832655954230     
   177.87999999999889       0.34249405013272982     
   177.91999999999888       0.36027765110598642     
   177.95999999999887       0.37842069007608936     
   177.99999999999886       0.39694506392609430     
   178.03999999999886       0.41587299583924642     
   178.07999999999885       0.43522702403244473     
   178.11999999999884       0.45502998884549983     
   178.15999999999883       0.47530501780078271     
   178.19999999999882       0.49607550822384816     
   178.23999999999882       0.51736510698917959     
   178.27999999999881       0.53919768692640346     
   178.31999999999880       0.56159731939124358     
   178.35999999999879       0.58458824247228502     
   178.39999999999878       0.60819482426955274     
   178.43999999999878       0.63244152064434855     
   178.47999999999877       0.65735282680218354     
   178.51999999999876       0.68295322203264330     
   178.55999999999875       0.70926710689243722     
   178.59999999999874       0.73631873208168042     
   178.63999999999874       0.76413211822991012     
   178.67999999999873       0.79273096577890545     
   178.71999999999872       0.82213855412588255     
   178.75999999999871       0.85237762917512794     
   178.79999999999870       0.88347027844111437     
   178.83999999999870       0.91543779285439753     
   178.87999999999869       0.94830051444631169     
   178.91999999999868       0.98207766913324446     
   178.95999999999867        1.0167871838899629     
   178.99999999999866        1.0524454876983422     
   179.03999999999866        1.0890672957873235     
   179.07999999999865        1.1266653768466182     
   179.11999999999864        1.1652503031050983     
   179.15999999999863        1.2048301834193027     
   179.19999999999862        1.2454103798218599     
   179.23999999999862        1.2869932083369109     
   179.27999999999861        1.3295776252816627     
   179.31999999999860        1.3731589007402485     
   179.35999999999859        1.4177282814162826     
   179.39999999999858        1.4632726456394913     
   179.43999999999858        1.5097741539120579     
   179.47999999999857        1.5572098990208589     
   179.51999999999856        1.6055515603976123     
   179.55999999999855        1.6547650680609920     
   179.59999999999854        1.7048102820996371     
   179.63999999999854        1.7556406942253298     
   179.67999999999853        1.8072031584105828     
   179.71999999999852        1.8594376579910905     
   179.75999999999851        1.9122771168263513     
   179.79999999999851        1.9656472621372296     
   179.83999999999850        2.0194665464459964     
   179.87999999999849        2.0736461356063174     
   179.91999999999848        2.1280899692094599     
   179.95999999999847        2.1826948986807642     
   179.99999999999847        2.2373509071421052     
   180.03999999999846        2.2919414136312057     
   180.07999999999845        2.3463436625724325     
   180.11999999999844        2.4004291975371164     
   180.15999999999843        2.4540644163798557     
   180.19999999999843        2.5071112028681739     
   180.23999999999842        2.5594276280220827     
   180.27999999999841        2.6108687126367367     
   180.31999999999840        2.6612872409626496     
   180.35999999999839        2.7105346143429889     
   180.39999999999839        2.7584617328218153     
   180.43999999999838        2.8049198923875336     
   180.47999999999837        2.8497616856265502     
   180.51999999999836        2.8928418941327005     
   180.55999999999835        2.9340183620226403     
   180.59999999999835        2.9731528412963248     
   180.63999999999834        3.0101118014843440     
   180.67999999999833        3.0447671979528219     
   180.71999999999832        3.0769971952932988     
   180.75999999999831        3.1066868443049804     
   180.79999999999831        3.1337287130756173     
   180.83999999999830        3.1580234744854678     
   180.87999999999829        3.1794804540061623     
   180.91999999999828        3.1980181428651644     
   180.95999999999827        3.2135646824341642     
   180.99999999999827        3.2260583260296252     
   181.03999999999826        3.2354478841563807     
   181.07999999999825        3.2416931585682542     
   181.11999999999824        3.2447653693683787     
   181.15999999999823        3.2446475777489496     
   181.19999999999823        3.2413351049166366     
   181.23999999999822        3.2348359453260018     
   181.27999999999821        3.2251711696295398     
   181.31999999999820        3.2123753098513630     
   181.35999999999819        3.1964967163262150     
   181.39999999999819        3.1775978730623984     
   181.43999999999818        3.1557556555520856     
   181.47999999999817        3.1310615128467685     
   181.51999999999816        3.1036215541288374     
   181.55999999999815        3.0735565192301042     
   181.59999999999815        3.0410016127462813     
   181.63999999999814        3.0061061827129532     
   181.67999999999813        2.9690332273338287     
   181.71999999999812        2.9299587170094692     
   181.75999999999812        2.8890707238458941     
   181.79999999999811        2.8465683567777202     
   181.83999999999810        2.8026605071761144     
   181.87999999999809        2.7575644169975404     
   181.91999999999808        2.7115040887654476     
   181.95999999999808        2.6647085635218928     
   181.99999999999807        2.6174100988906863     
   182.03999999999806        2.5698422841413229     
   182.07999999999805        2.5222381322883778     
   182.11999999999804        2.4748281905644496     
   182.15999999999804        2.4278387099562266     
   182.19999999999803        2.3814899119243016     
   182.23999999999802        2.3359943861072914     
   182.27999999999801        2.2915556470295586     
   182.31999999999800        2.2483668709704236     
   182.35999999999800        2.2066098266467651     
   182.39999999999799        2.1664540056605683     
   182.43999999999798        2.1280559511956261     
   182.47999999999797        2.0915587765863677     
   182.51999999999796        2.0570918594229513     
   182.55999999999796        2.0247706920079356     
   182.59999999999795        1.9946968653576811     
   182.63999999999794        1.9669581615787757     
   182.67999999999793        1.9416287283076910     
   182.71999999999792        1.9187693088879565     
   182.75999999999792        1.8984275029449398     
   182.79999999999791        1.8806380338568411     
   182.83999999999790        1.8654230021612928     
   182.87999999999789        1.8527921070373736     
   182.91999999999788        1.8427428215357740     
   182.95999999999788        1.8352605110870006     
   182.99999999999787        1.8303184889096049     
   183.03999999999786        1.8278780061938598     
   183.07999999999785        1.8278881792879265     
   183.11999999999784        1.8302858605033561     
   183.15999999999784        1.8349954635203360     
   183.19999999999783        1.8419287586337769     
   183.23999999999782        1.8509846571433433     
   183.27999999999781        1.8620490079343543     
   183.31999999999780        1.8749944325763024     
   183.35999999999780        1.8896802279113243     
   183.39999999999779        1.9059523669270875     
   183.43999999999778        1.9236436295097850     
   183.47999999999777        1.9425738942625972     
   183.51999999999776        1.9625506207883450     
   183.55999999999776        1.9833695485552476     
   183.59999999999775        2.0048156336445531     
   183.63999999999774        2.0266642383610063     
   183.67999999999773        2.0486825810181326     
   183.71999999999773        2.0706314444460849     
   183.75999999999772        2.0922671322701563     
   183.79999999999771        2.1133436522185516     
   183.83999999999770        2.1336150961401863     
   183.87999999999769        2.1528381775650063     
   183.91999999999769        4.1124104271692739     
   183.95999999999768        4.0959901439356718     
   183.99999999999767        4.0813056365140881     
   184.03999999999766        4.0685629281474309     
   184.07999999999765        4.0579521752220007     
   184.11999999999765        4.0496453063357611     
   184.15999999999764        4.0437938862480820     
   184.19999999999763        4.0405272515068988     
   184.23999999999762        4.0399509578847006     
   184.27999999999761        4.0421455722843422     
   184.31999999999761        4.0471658338023770     
   184.35999999999760        4.0550402004044441     
   184.39999999999759        4.0657707893499762     
   184.43999999999758        4.0793337112173749     
   184.47999999999757        4.0956797891997816     
   184.51999999999757        4.1147356473245900     
   184.55999999999756        4.1364051434692808     
   184.59999999999755        4.1605711156116776     
   184.63999999999754        4.1870974028263648     
   184.67999999999753        4.2158310963372552     
   184.71999999999753        4.2466049707187423     
   184.75999999999752        4.2792400413830425     
   184.79999999999751        4.3135481920640455     
   184.83999999999750        1.9338504918567287     
   184.87999999999749        1.8967838968919288     
   184.91999999999749        1.8586372222587251     
   184.95999999999748        1.8196093922028131     
   184.99999999999747        1.7798961889318279     
   185.03999999999746        1.7396882968142577     
   185.07999999999745        1.6991695902639754     
   185.11999999999745        1.6585156816831668     
   185.15999999999744        1.6178927370461511     
   185.19999999999743        1.5774565584106985     
   185.23999999999742        1.5373519251935153     
   185.27999999999741        1.4977121797073691     
   185.31999999999741        1.4586590373968304     
   185.35999999999740        1.4203025984986528     
   185.39999999999739        1.3827415354741355     
   185.43999999999738        1.3460634294237426     
   185.47999999999737        1.3103452286537112     
   185.51999999999737        1.2756538034402205     
   185.55999999999736        1.2420465726325616     
   185.59999999999735        1.2095721798558572     
   185.63999999999734        1.1782711995316197     
   185.67999999999734        1.1481768555670622     
   185.71999999999733        1.1193157382338905     
   185.75999999999732        1.0917085073546797     
   185.79999999999731        1.0653705723579630     
   185.83999999999730        1.0403127419954770     
   185.87999999999730        1.0165418385025407     
   185.91999999999729       0.99406127270972089     
   185.95999999999728       0.97287157807977387     
   185.99999999999727       0.95297090285822383     
   186.03999999999726       0.93435546050627138     
   186.07999999999726       0.91701993935317461     
   186.11999999999725       0.90095787298643959     
   186.15999999999724       0.88616197331735913     
   186.19999999999723       0.87262442854140598     
   186.23999999999722       0.86033716838085228     
   186.27999999999722       0.84929209907196634     
   186.31999999999721       0.83948131055996944     
   186.35999999999720       0.83089725830801298     
   186.39999999999719       0.82353292202564177     
   186.43999999999718       0.81738194348921356     
   186.47999999999718       0.81243874547109218     
   186.51999999999717       0.80869863362381489     
   186.55999999999716       0.80615788298591129     
   186.59999999999715       0.80481381059231172     
   186.63999999999714       0.80466483548779877     
   186.67999999999714       0.80571052725928016     
   186.71999999999713       0.80795164402353414     
   186.75999999999712       0.81139016063262304     
   186.79999999999711       0.81602928769005878     
   186.83999999999710       0.82187348180729636     
   186.87999999999710       0.82892844737234173     
   186.91999999999709       0.83720112995005280     
   186.95999999999708       0.84669970128695526     
   186.99999999999707       0.85743353575198400     
   187.03999999999706       0.86941317790838646     
   187.07999999999706       0.88265030078126649     
   187.11999999999705       0.89715765426015848     
   187.15999999999704       0.91294900295723558     
   187.19999999999703       0.93003905273021337     
   187.23999999999702       0.94844336497600912     
   187.27999999999702       0.96817825770860733     
   187.31999999999701       0.98926069235463965     
   187.35999999999700        1.0117081451358421     
   187.39999999999699        1.0355384618623145     
   187.43999999999699        1.0607696949385574     
   187.47999999999698        1.0874199213904987     
   187.51999999999697        1.1155070407616421     
   187.55999999999696        1.1450485518063256     
   187.59999999999695        1.1760613070345207     
   187.63999999999695        1.2085612443428531     
   187.67999999999694        1.2425630952078544     
   187.71999999999693        1.2780800692271461     
   187.75999999999692        1.3151235151790248     
   187.79999999999691        1.3537025592365146     
   187.83999999999691        1.3938237215225522     
   187.87999999999690        1.4354905128303723     
   187.91999999999689        1.4787030140560993     
   187.95999999999688        1.5234574416937210     
   187.99999999999687        1.5697457036157809     
   188.03999999999687        1.6175549502902906     
   188.07999999999686        1.6668671275429510     
   188.11999999999685        1.7176585379341367     
   188.15999999999684        1.7698994187453336     
   188.19999999999683        1.8235535454158549     
   188.23999999999683        1.8785778699876510     
   188.27999999999682        1.9349222046492245     
   188.31999999999681        1.9925289607622005     
   188.35999999999680        2.0513329537501033     
   188.39999999999679        2.1112612838771931     
   188.43999999999679        2.1722333022040079     
   188.47999999999678        2.2341606698474727     
   188.51999999999677        2.2969475170877454     
   188.55999999999676        2.3604907068642906     
   188.59999999999675        2.4246802048286167     
   188.63999999999675        2.4893995554356914     
   188.67999999999674        2.5545264606515623     
   188.71999999999673        2.6199334548449746     
   188.75999999999672        2.6854886664474047     
   188.79999999999671        2.7510566541501098     
   188.83999999999671        2.8164993029006240     
   188.87999999999670        2.8816767628970372     
   188.91999999999669        2.9464484132695974     
   188.95999999999668        3.0106738312702581     
   188.99999999999667        3.0742137476112044     
   189.03999999999667        3.1369309691131324     
   189.07999999999666        3.1986912510128884     
   189.11999999999665        3.2593641030701419     
   189.15999999999664        3.3188235159041417     
   189.19999999999663        3.3769485966603345     
   189.23999999999663        3.4336241060144848     
   189.27999999999662        3.4887408915263700     
   189.31999999999661        3.5421962153192332     
   189.35999999999660        3.5938939768619722     
   189.39999999999660        3.6437448341660570     
   189.43999999999659        3.6916662289005360     
   189.47999999999658        3.7375823227251184     
   189.51999999999657        3.7814238535179374     
   189.55999999999656        3.8231279211304288     
   189.59999999999656        3.8626377128560527     
   189.63999999999655        3.8999021789881247     
   189.67999999999654        3.9348756687117783     
   189.71999999999653        3.9675175361800679     
   189.75999999999652        3.9977917260210827     
   189.79999999999652        4.0256663467676006     
   189.83999999999651        4.0511132398457095     
   189.87999999999650        4.0741075508508438     
   189.91999999999649        4.0946273089192671     
   189.95999999999648        4.1126530191032238     
   189.99999999999648        4.1281672718047364     
   190.03999999999647        4.1411543725355262     
   190.07999999999646        4.1515999945615389     
   190.11999999999645        4.1594908563678317     
   190.15999999999644        4.1648144253459831     
   190.19999999999644        4.1675586486613989     
   190.23999999999643        4.1677117118983986     
   190.27999999999642        4.1652618258015988     
   190.31999999999641        4.1601970412259295     
   190.35999999999640        4.1525050922670950     
   190.39999999999640        4.1421732674610823     
   190.43999999999639        4.1291883089072385     
   190.47999999999638        4.1135363391758544     
   190.51999999999637        4.0952028159000644     
   190.55999999999636        4.0741725140149203     
   190.59999999999636        4.0504295356858773     
   190.63999999999635        4.0239573480568254     
   190.67999999999634        3.9947388490365219     
   190.71999999999633        3.9627564614240498     
   190.75999999999632        3.9279922557410361     
   190.79999999999632        3.8904281021828249     
   190.83999999999631        3.8500458521145355     
   190.87999999999630        3.8068275495126063     
   190.91999999999629        3.7607556726796423     
   190.95999999999628        3.7118134064316108     
   190.99999999999628        3.6599849447633268     
   191.03999999999627        3.6052558237328403     
   191.07999999999626        3.5476132839605836     
   191.11999999999625        3.4870466617091109     
   191.15999999999624        3.4235478069899132     
   191.19999999999624        3.3571115265336893     
   191.23999999999623        3.2877360487614289     
   191.27999999999622        3.2154235071118311     
   191.31999999999621        3.1401804372270421     
   191.35999999999621        3.0620182825904441     
   191.39999999999620        2.9809539022707803     
   191.43999999999619        2.8970100734867099     
   191.47999999999618        2.8102159808024139     
   191.51999999999617        2.7206076829422030     
   191.55999999999617        2.6282285475197558     
   191.59999999999616        2.5331296434691319     
   191.63999999999615        2.4353700806947600     
   191.67999999999614        2.3350172864791237     
   191.71999999999613        2.2321472085470058     
   191.75999999999613        2.1268444354209564     
   191.79999999999612        2.0192022258367430     
   191.83999999999611        1.9093224405237461     
   191.87999999999610        1.7973153715752330     
   191.91999999999609        1.6832994668942483     
   191.95999999999609        1.5674009497345787     
   191.99999999999608        1.4497533360711592     
   192.03999999999607        1.3304968553187573     
   192.07999999999606        1.2097777826460208     
   192.11999999999605        1.0877476936718726     
   192.15999999999605       0.96456265455341850     
   192.19999999999604       0.84038236226199181     
   192.23999999999603       0.71536925110132266     
   192.27999999999602       0.58968758218310802     
   192.31999999999601       0.46350253260954777     
   192.35999999999601       0.33697930052650538     
   192.39999999999600       0.21028224104881843     
   192.43999999999599        8.3574046398391832E-002
   192.47999999999598        4.2985018459513635E-002
   192.51999999999597       0.16923781572309093     
   192.55999999999597       0.29503096371184612     
   192.59999999999596       0.42021539085971304     
   192.63999999999595       0.54464681309335716     
   192.67999999999594       0.66818613509840841     
   192.71999999999593       0.79069977783692003     
   192.75999999999593       0.91205993619435433     
   192.79999999999592        1.0321447717771501     
   192.83999999999591        1.1508385466507896     
   192.87999999999590        1.2680317042233988     
   192.91999999999589        1.3836209035788183     
   192.95999999999589        1.4975090133955864     
   192.99999999999588        1.6096050712113721     
   193.03999999999587        1.7198242132653316     
   193.07999999999586        1.8280875795310609     
   193.11999999999585        1.9343221978924356     
   193.15999999999585        2.0384608507582893     
   193.19999999999584        2.1404419267952237     
   193.23999999999583        2.2402092599069396     
   193.27999999999582        2.3377119571201703     
   193.31999999999582        2.4329042166598147     
   193.35999999999581        2.5257451372101762     
   193.39999999999580        2.6161985191603181     
   193.43999999999579        2.7042326585101675     
   193.47999999999578        2.7898201340578348     
   193.51999999999578        2.8729375884840174     
   193.55999999999577        2.9535655039821558     
   193.59999999999576        3.0316879731398241     
   193.63999999999575        3.1072924658453864     
   193.67999999999574        3.1803695930639604     
   193.71999999999574        3.2509128683897734     
   193.75999999999573        3.3189184683318977     
   193.79999999999572        3.3843849923229268     
   193.83999999999571        3.4473132234531132     
   193.87999999999570        3.5077058909251964     
   193.91999999999570        3.5655674351982691     
   193.95999999999569        3.6209037767443180     
   193.99999999999568        3.6737220892810187     
   194.03999999999567        3.7240305782718921     
   194.07999999999566        3.7718382654033298     
   194.11999999999566        3.8171547796604335     
   194.15999999999565        3.8599901555333336     
   194.19999999999564        3.9003546387955339     
   194.23999999999563        3.9382585002085282     
   194.27999999999562        3.9737118574247807     
   194.31999999999562        4.0067245052860461     
   194.35999999999561        4.0373057546475319     
   194.39999999999560        4.0654642798018958     
   194.43999999999559        4.0912079745313266     
   194.47999999999558        4.1145438167818593     
   194.51999999999558        4.1354777419319344     
   194.55999999999557        4.1540145246174118     
   194.59999999999556        4.1701576690779412     
   194.63999999999555        4.1839093080047958     
   194.67999999999554        4.1952701098980265     
   194.71999999999554        4.2042391949810458     
   194.75999999999553        4.2108140597733756     
   194.79999999999552        4.2149905104872740     
   194.83999999999551        4.2167626054911551     
   194.87999999999550        4.2161226071719975     
   194.91999999999550        4.2130609436302127     
   194.95999999999549        4.2075661807533766     
   194.99999999999548        4.1996250053396009     
   195.03999999999547        4.1892222200765890     
   195.07999999999547        4.1763407513278263     
   195.11999999999546        4.1609616708319832     
   195.15999999999545        4.1430642325838836     
   195.19999999999544        4.1226259263334937     
   195.23999999999543        4.0996225493105607     
   195.27999999999543        4.0740282979534506     
   195.31999999999542        4.0458158815869005     
   195.35999999999541        4.0149566601492550     
   195.39999999999540        3.9814208082084077     
   195.43999999999539        3.9451775076184550     
   195.47999999999539        3.9061951712460208     
   195.51999999999538        3.8644417002239866     
   195.55999999999537        3.8198847771570867     
   195.59999999999536        3.7724921975924284     
   195.63999999999535        3.7222322418605791     
   195.67999999999535        3.6690740890700981     
   195.71999999999534        3.6129882745797115     
   195.75999999999533        3.5539471916570635     
   195.79999999999532        3.4919256372412035     
   195.83999999999531        3.4269014007400265     
   195.87999999999531        3.3588558936005146     
   195.91999999999530        3.2877748159818139     
   195.95999999999529        3.2136488552413303     
   195.99999999999528        3.1364744091265759     
   196.03999999999527        3.0562543245800731     
   196.07999999999527        2.9729986409590881     
   196.11999999999526        2.8867253243146380     
   196.15999999999525        2.7974609772554508     
   196.19999999999524        2.7052415069547902     
   196.23999999999523        2.6101127321737136     
   196.27999999999523        2.5121309089214261     
   196.31999999999522        2.4113631537081814     
   196.35999999999521        2.3078877434228477     
   196.39999999999520        2.2017942718247991     
   196.43999999999519        2.0931836445870999     
   196.47999999999519        1.9821678978275983     
   196.51999999999518        1.8688698291179797     
   196.55999999999517        1.7534224349957972     
   196.59999999999516        1.6359681548681231     
   196.63999999999515        1.5166579276538206     
   196.67999999999515        1.3956500742578732     
   196.71999999999514        1.2731090256435738     
   196.75999999999513        1.1492039224741786     
   196.79999999999512        1.0241071176437888     
   196.83999999999511       0.89799261715235923     
   196.87999999999511       0.77103449741584085     
   196.91999999999510       0.64340533805095435     
   196.95999999999509       0.51527470836320532     
   196.99999999999508       0.38680774324907630     
   197.03999999999508       0.25816384017070138     
   197.07999999999507       0.12949550354772466     
   197.11999999999506        9.4735668580991916E-004
   197.15999999999505       0.12734466538379019     
   197.19999999999504       0.25525393564455456     
   197.23999999999504       0.38266356751688035     
   197.27999999999503       0.50946666609804070     
   197.31999999999502       0.63556640956082400     
   197.35999999999501       0.76087597625712899     
   197.39999999999500       0.88531833619042510     
   197.43999999999500        1.0088259275394940     
   197.47999999999499        1.1313402398891701     
   197.51999999999498        1.2528113258563236     
   197.55999999999497        1.3731972620299877     
   197.59999999999496        1.4924635787312328     
   197.63999999999496        1.6105826762042685     
   197.67999999999495        1.7275332426326342     
   197.71999999999494        1.8432996869765561     
   197.75999999999493        1.9578715971737055     
   197.79999999999492        2.0712432318378444     
   197.83999999999492        2.1834130513079031     
   197.87999999999491        2.2943832918020197     
   197.91999999999490        2.4041595845557953     
   197.95999999999489        2.5127506201933620     
   197.99999999999488        2.6201678572019764     
   198.03999999999488        2.7264252722528273     
   198.07999999999487        2.8315391492214004     
   198.11999999999486        2.9355279030929706     
   198.15999999999485        3.0384119344715503     
   198.19999999999484        3.1402135101206308     
   198.23999999999484        3.2409566648270940     
   198.27999999999483        3.3406671198715925     
   198.31999999999482        3.4393722134862581     
   198.35999999999481        3.5371008388619405     
   198.39999999999480        3.6338833855123536     
   198.43999999999480        3.7297516800936368     
   198.47999999999479        3.8247389230993369     
   198.51999999999478        3.9188796181895542     
   198.55999999999477        4.0122094912581305     
   198.59999999999476        4.1047653966849600     
   198.63999999999476        4.1965852085556588     
   198.67999999999475        4.2877076949541104     
   198.71999999999474        4.3781723737429461     
   198.75999999999473        4.4680193485430255     
   198.79999999999472        4.5572891239071183     
   198.83999999999472        4.6460223989586948     
   198.87999999999471        4.7342598390384207     
   198.91999999999470        4.8220418251741792     
   198.95999999999469        4.9094081814714077     
   198.99999999999469        4.9963978808157066     
   199.03999999999468        5.0830487295956779     
   199.07999999999467        5.1693970324967600     
   199.11999999999466        5.2554772387919568     
   199.15999999999465        5.3413215719665885     
   199.19999999999465        5.4269596449639907     
   199.23999999999464        5.5124180638272930     
   199.27999999999463        5.5977200230362643     
   199.31999999999462        5.6828848963916476     
   199.35999999999461        5.7679278278727093     
   199.39999999999461        5.8528593274730740     
   199.43999999999460        5.9376848775874764     
   199.47999999999459        6.0224045560557560     
   199.51999999999458        6.1070126824443243     
   199.55999999999457        6.1914974945304300     
   199.59999999999457        6.2758408622194306     
   199.63999999999456        6.3600180462378155     
   199.67999999999455        6.4439975088734993     
   199.71999999999454        6.5277407837515433     
   199.75999999999453        6.6112024111148244     
   199.79999999999453        6.6943299443096240     
   199.83999999999452        6.7770640321503173     
   199.87999999999451        6.8593385805617064     
   199.91999999999450        6.9410809953922987     
   199.95999999999449        7.0222125065914653     
   199.99999999999449        7.1026485720966503     
   200.03999999999448        7.1822993578451584     
   200.07999999999447        7.2610702883806004     
   200.11999999999446        7.3388626606458116     
   200.15999999999445        7.4155743118234447     
   200.19999999999445        7.4911003305815154     
   200.23999999999444        7.5653337998754369     
   200.27999999999443        7.6381665586092105     
   200.31999999999442        7.7094899690086454     
   200.35999999999441        7.7791956765308967     
   200.39999999999441        1.5639910423484598     
   200.43999999999440        1.6301410794974591     
   200.47999999999439        1.6943572741639601     
   200.51999999999438        1.7565394263254817     
   200.55999999999437        1.8165908943698046     
   200.59999999999437        1.8744190809288790     
   200.63999999999436        1.9299358488258549     
   200.67999999999435        1.9830578651241828     
   200.71999999999434        2.0337068731007557     
   200.75999999999433        2.0818098936577432     
   200.79999999999433        2.1272993591905229     
   200.83999999999432        2.1701131842065031     
   200.87999999999431        2.2101947780202091     
   200.91999999999430        2.2474930056260325     
   200.95999999999430        2.2819621033755237     
   200.99999999999429        2.3135615563753240     
   201.03999999999428        2.3422559445965390     
   201.07999999999427        2.3680147645738781     
   201.11999999999426        2.3908122333034658     
   201.15999999999426        2.4106270805533234     
   201.19999999999425        2.4274423353108840     
   201.23999999999424        2.4412451115363756     
   201.27999999999423        2.4520263977954579     
   201.31999999999422        2.4597808547315729     
   201.35999999999422        2.4645066237267752     
   201.39999999999421        2.4662051495042965     
   201.43999999999420        2.4648810188580095     
   201.47999999999419        2.4605418171613520     
   201.51999999999418        2.4531980038162340     
   201.55999999999418        2.4428628073536744     
   201.59999999999417        2.4295521404930729     
   201.63999999999416        2.4132845351053605     
   201.67999999999415        2.3940810967047677     
   201.71999999999414        2.3719654778120258     
   201.75999999999414        2.3469638692852968     
   201.79999999999413        2.3191050085007641     
   201.83999999999412        2.2884202030793910     
   201.87999999999411        2.2549433686967317     
   201.91999999999410        2.2187110793762086     
   201.95999999999410        2.1797626285504466     
   201.99999999999409        2.1381400990781194     
   202.03999999999408        2.0938884403237386     
   202.07999999999407        2.0470555503436216     
   202.11999999999406        1.9976923611720994     
   202.15999999999406        1.9458529251673014     
   202.19999999999405        1.8915945003552794     
   202.23999999999404        1.8349776327047469     
   202.27999999999403        1.7760662332723824     
   202.31999999999402        1.7149276481806934     
   202.35999999999402        1.6516327194271481     
   202.39999999999401        1.5862558345750262     
   202.43999999999400        1.5188749634436201     
   202.47999999999399        1.4495716799985070     
   202.51999999999398        1.3784311677421126     
   202.55999999999398        1.3055422070212628     
   202.59999999999397        1.2309971428024937     
   202.63999999999396        1.1548918316182033     
   202.67999999999395        1.0773255665579842     
   202.71999999999395       0.99840097937029004     
   202.75999999999394       0.91822391895054278     
   202.79999999999393       0.83690330572319616     
   202.83999999999392       0.75455096167718938     
   202.87999999999391       0.67128141608615832     
   202.91999999999391       0.58721168723564643     
   202.95999999999390       0.50246104078744891     
   202.99999999999389       0.41715072573325152     
   203.03999999999388       0.33140368922193353     
   203.07999999999387       0.24534427188215924     
   203.11999999999387       0.15909788559790472     
   203.15999999999386        7.2790676021959488E-002
   203.19999999999385        1.3450827577072888E-002
   203.23999999999384        9.9500072254159189E-002
   203.27999999999383       0.18523084798405692     
   203.31999999999383       0.27051765757973512     
   203.35999999999382       0.35523608644622867     
   203.39999999999381       0.43926316859155529     
   203.43999999999380       0.52247774529129121     
   203.47999999999379       0.60476081284907124     
   203.51999999999379       0.68599585601349977     
   203.55999999999378       0.76606916380213042     
   203.59999999999377       0.84487012474211909     
   203.63999999999376       0.92229149885920403     
   203.67999999999375       0.99822966412387504     
   203.71999999999375        1.0725848354860343     
   203.75999999999374        1.1452612550856867     
   203.79999999999373        1.2161673527048027     
   203.83999999999372        1.2852158760115755     
   203.87999999999371        1.3523239906300777     
   203.91999999999371        1.4174133505336910     
   203.95999999999370        1.4804101396986160     
   203.99999999999369        1.5412450863547216     
   204.03999999999368        1.5998534515272400     
   204.07999999999367        1.6561749938684702     
   204.11999999999367        1.7101539130299250     
   204.15999999999366        1.7617387740202974     
   204.19999999999365        1.8108824151331788     
   204.23999999999364        1.8575418421121110     
   204.27999999999363        1.9016781112521846     
   204.31999999999363        1.9432562041209349     
   204.35999999999362        1.9822448965214292     
   204.39999999999361        2.0186166242224060     
   204.43999999999360        2.0523473478495164     
   204.47999999999359        2.0834164191735161     
   204.51999999999359        2.1118064508508976     
   204.55999999999358        2.1375031914746807     
   204.59999999999357        2.1604954075823235     
   204.63999999999356        2.1807747740476597     
   204.67999999999356        2.1983357740577261     
   204.71999999999355        2.2131756096458970     
   204.75999999999354        2.2252941235220001     
   204.79999999999353        2.2346937327097551     
   204.83999999999352        2.2413793742731416     
   204.87999999999352        2.2453584631871881     
   204.91999999999351        2.2466408621860028     
   204.95999999999350        2.2452388632023110     
   204.99999999999349        2.2411671797992261     
   205.03999999999348        2.2344429497873284     
   205.07999999999348        2.2250857470196781     
   205.11999999999347        2.2131176011656315     
   205.15999999999346        2.1985630240833869     
   205.19999999999345        2.1814490412433907     
   205.23999999999344        2.1618052265031658     
   205.27999999999344        2.1396637384020849     
   205.31999999999343        2.1150593560360349     
   205.35999999999342        2.0880295124908566     
   205.39999999999341        2.0586143237643180     
   205.43999999999340        2.0268566110934954     
   205.47999999999340        1.9928019146319778     
   205.51999999999339        1.9564984964929990     
   205.55999999999338        1.9179973312934506     
   205.59999999999337        1.8773520825018111     
   205.63999999999336        1.8346190631110897     
   205.67999999999336        1.7898571794252591     
   205.71999999999335        1.7431278570618671     
   205.75999999999334        1.6944949486302920     
   205.79999999999333        1.6440246229381794     
   205.83999999999332        1.5917852359997793     
   205.87999999999332        1.5378471845592168     
   205.91999999999331        1.4822827432876287     
   205.95999999999330        1.4251658872527819     
   205.99999999999329        1.3665721016797554     
   206.03999999999328        1.3065781814076738     
   206.07999999999328        1.2452620227869071     
   206.11999999999327        1.1827024110410536     
   206.15999999999326        1.1189788063274426     
   206.19999999999325        1.0541711318599147     
   206.23999999999324       0.98835956750189435     
   206.27999999999324       0.92162435219277949     
   206.31999999999323       0.85404559843599137     
   206.35999999999322       0.78570312185538471     
   206.39999999999321       0.71667628852378273     
   206.43999999999320       0.64704388239165544     
   206.47999999999320       0.57688399470620710     
   206.51999999999319       0.50627393682409016     
   206.55999999999318       0.43529017729862995     
   206.59999999999317       0.36400830357961234     
   206.63999999999317       0.29250300811527885     
   206.67999999999316       0.22084809810674100     
   206.71999999999315       0.14911652764828209     
   206.75999999999314        7.7380450505375342E-002
   206.79999999999313        5.7112913466131898E-003
   206.83999999999313        6.5820167134777785E-002
   206.87999999999312       0.13714368409234379     
   206.91999999999311       0.20818945052375926     
   206.95999999999310       0.27888797270659027     
   206.99999999999309       0.34916995249163596     
   207.03999999999309       0.41896616790706143     
   207.07999999999308       0.48820735748950106     
   207.11999999999307       0.55682411165319967     
   207.15999999999306       0.62474677423932845     
   207.19999999999305       0.69190535716024726     
   207.23999999999305       0.75822947077408132     
   207.27999999999304       0.82364827230081450     
   207.31999999999303       0.88809043423022094     
   207.35999999999302       0.95148413428305600     
   207.39999999999301        1.0137570680791965     
   207.43999999999301        1.0748364852494077     
   207.47999999999300        1.1346492493108158     
   207.51999999999299        1.1931219212196418     
   207.55999999999298        1.2501808661276479     
   207.59999999999297        1.3057523825098996     
   207.63999999999297        1.3597628525088297     
   207.67999999999296        1.4121389120601198     
   207.71999999999295        1.4628076391351483     
   207.75999999999294        1.5116967582566720     
   207.79999999999293        1.5587348593212289     
   207.83999999999293        1.6038516286938027     
   207.87999999999292        1.6469780905259337     
   207.91999999999291        1.6880468562841138     
   207.95999999999290        1.7269923805555152     
   207.99999999999289        1.7637512213157154     
   208.03999999999289        1.7982623029894560     
   208.07999999999288        1.8304671808007873     
   208.11999999999287        1.8603103050825329     
   208.15999999999286        1.8877392843857201     
   208.19999999999285        1.9127051463862337     
   208.23999999999285        1.9351625957176180     
   208.27999999999284        1.9550702679555330     
   208.31999999999283        1.9723909790319418     
   208.35999999999282        1.9870919693582390     
   208.39999999999281        1.9991451418807704     
   208.43999999999281        2.0085272931762956     
   208.47999999999280        2.0152203365182517     
   208.51999999999279        2.0192115156093497     
   208.55999999999278        2.0204936073872970     
   208.59999999999278        2.0190651119766638     
   208.63999999999277        2.0149304274927835     
   208.67999999999276        2.0081000070179762     
   208.71999999999275        1.9985904946842514     
   208.75999999999274        1.9864248374306914     
   208.79999999999274        1.9716323686807931     
   208.83999999999273        1.9542488599296663     
   208.87999999999272        1.9343165360680563     
   208.91999999999271        1.9118840502242029     
   208.95999999999270        1.8870064139980613     
   208.99999999999270        1.8597448792145448     
   209.03999999999269        1.8301667677474349     
   209.07999999999268        1.7983452465711605     
   209.11999999999267        1.7643590459836291     
   209.15999999999266        1.7282921199006691     
   209.19999999999266        1.6902332482326150     
   209.23999999999265        1.6502755825877253     
   209.27999999999264        1.6085161378676551     
   209.31999999999263        1.5650552336814059     
   209.35999999999262        1.5199958908541458     
   209.39999999999262        1.4734431895906215     
   209.43999999999261        1.4255035970136309     
   209.47999999999260        1.3762842727830220     
   209.51999999999259        1.3258923622628909     
   209.55999999999258        1.2744342872062120     
   209.59999999999258        1.2220150441409756     
   209.63999999999257        1.1687375205574755     
   209.67999999999256        1.1147018386146337     
   209.71999999999255        1.0600047354203923     
   209.75999999999254        1.0047389880267019     
   209.79999999999254       0.94899289015415178     
   209.83999999999253       0.89284978637396872     
   209.87999999999252       0.83638766808041776     
   209.91999999999251       0.77967883414107420     
   209.95999999999250       0.72278961767116967     
   209.99999999999250       0.66578017899228836     
   210.03999999999249       0.60870436354953683     
   210.07999999999248       0.55160962241109357     
   210.11999999999247       0.49453699198656231     
   210.15999999999246       0.43752112879298122     
   210.19999999999246       0.38059039447747445     
   210.23999999999245       0.32376698587264818     
   210.27999999999244       0.26706710460685756     
   210.31999999999243       0.21050116070244562     
   210.35999999999243       0.15407400465265564     
   210.39999999999242        9.7785182651000779E-002
   210.43999999999241        4.1629209932875666E-002
   210.47999999999240        1.4404142444651269E-002
   210.51999999999239        7.0329551634517484E-002
   210.55999999999239       0.12616584163017008     
   210.59999999999238       0.18193567980021319     
   210.63999999999237       0.23766527414651573     
   210.67999999999236       0.29338407362824714     
   210.71999999999235       0.34912447343719144     
   210.75999999999235       0.40492152668042891     
   210.79999999999234       0.46081266353098393     
   210.83999999999233       0.51683741854927789     
   210.87999999999232       0.57303716656049897     
   210.91999999999231       0.62945486719629340     
   210.95999999999231       0.68613481797337372     
   210.99999999999230       0.74312241558586312     
   211.03999999999229       0.80046392493102370     
   211.07999999999228       0.85820625526764371     
   211.11999999999227       0.91639674282084327     
   211.15999999999227       0.97508293909438049     
   211.19999999999226        1.0343124041296969     
   211.23999999999225        1.0941325039580987     
   211.27999999999224        1.1545902115268551     
   211.31999999999223        1.2157319104400290     
   211.35999999999223        1.2776032009390272     
   211.39999999999222        1.3402487076548024     
   211.43999999999221        1.4037118887918958     
   211.47999999999220        1.4680348465526942     
   211.51999999999219        1.5332581387767041     
   211.55999999999219        1.5994205919525053     
   211.59999999999218        1.6665591159570659     
   211.63999999999217        1.7347085210856303     
   211.67999999999216        1.8039013381521416     
   211.71999999999215        1.8741676426612308     
   211.75999999999215        1.9455348842735758     
   211.79999999999214        2.0180277230014880     
   211.83999999999213        2.0916678737747572     
   211.87999999999212        2.1664739612011887     
   211.91999999999211        2.2424613865043526     
   211.95999999999211        2.3196422087448152     
   211.99999999999210        2.3980250425122760     
   212.03999999999209        2.4776149743063010     
   212.07999999999208        2.5584134997949182     
   212.11999999999207        2.6404184840460596     
   212.15999999999207        2.7236241466609199     
   212.19999999999206        2.8080210734966133     
   212.23999999999205        2.8935962563460844     
   212.27999999999204        2.9803331615467687     
   212.31999999999204        3.0682118280196957     
   212.35999999999203        3.1572089947044204     
   212.39999999999202        3.2472982567627429     
   212.43999999999201        3.3384502492891190     
   212.47999999999200        3.4306328566046993     
   212.51999999999200        3.5238114445443389     
   212.55999999999199        3.6179491124929677     
   212.59999999999198        3.7130069613119163     
   212.63999999999197        3.8089443727398922     
   212.67999999999196        3.9057192953793063     
   212.71999999999196        4.0032885320067875     
   212.75999999999195        4.1016080226944664     
   212.79999999999194        4.2006331181097645     
   212.83999999999193        4.3003188373855767     
   212.87999999999192        4.4006201051245597     
   212.91999999999192        4.5014919624205403     
   212.95999999999191        4.6028897472416901     
   212.99999999999190        4.7047692401141399     
   213.03999999999189        4.8070867717573851     
   213.07999999999188        4.9097992901366103     
   213.11999999999188        5.0128643852920494     
   213.15999999999187        5.1162402712597741     
   213.19999999999186        5.2198857253890374     
   213.23999999999185        5.3237599863652232     
   213.27999999999184        5.4278226132417569     
   213.31999999999184        5.5320333087467137     
   213.35999999999183        5.6363517110392429     
   213.39999999999182        5.7407371589273026     
   213.43999999999181        5.8451484363028783     
   213.47999999999180        5.9495435021864260     
   213.51999999999180        6.0538792132826060     
   213.55999999999179        6.1581110463196049     
   213.59999999999178        6.2621928276613392     
   213.63999999999177        6.3660764777339889     
   213.67999999999176        6.4697117776865465     
   213.71999999999176        6.5730461654030439     
   213.75999999999175        6.6760245674991561     
   213.79999999999174        6.7785892732697661     
   213.83999999999173        6.8806798557137023     
   213.87999999999172        6.9822331437602614     
   213.91999999999172        7.0831832486784920     
   213.95999999999171        7.1834616463905805     
   213.99999999999170        7.2829973160673163     
   214.03999999999169        7.3817169339946078     
   214.07999999999168        7.4795451203079315     
   214.11999999999168        7.5764047348420620     
   214.15999999999167        7.6722172170827418     
   214.19999999999166        7.7669029640803267     
   214.23999999999165        7.8603817392339339     
   214.27999999999165        7.9525731041133731     
   214.31999999999164        8.0433968649818564     
   214.35999999999163        8.1327735254319720     
   214.39999999999162        8.2206247365566156     
   214.43999999999161        2.0236884291603312     
   214.47999999999161        2.1082604632747604     
   214.51999999999160        2.1910831801832225     
   214.55999999999159        2.2720869943345736     
   214.59999999999158        2.3512054122671104     
   214.63999999999157        2.4283753175531144     
   214.67999999999157        2.5035372116832564     
   214.71999999999156        2.5766354091587385     
   214.75999999999155        2.6476181861910844     
   214.79999999999154        2.7164378834692346     
   214.83999999999153        2.7830509644123578     
   214.87999999999153        2.8474180311628747     
   214.91999999999152        2.9095038012734138     
   214.95999999999151        2.9692770485966853     
   214.99999999999150        3.0267105122980040     
   215.03999999999149        3.0817807781814732     
   215.07999999999149        3.1344681366623601     
   215.11999999999148        3.1847564217429718     
   215.15999999999147        3.2326328352727844     
   215.19999999999146        3.2780877606122352     
   215.23999999999145        3.3211145695903843     
   215.27999999999145        3.3617094263659033     
   215.31999999999144        3.3998710914838637     
   215.35999999999143        3.4356007290812802     
   215.39999999999142        3.4689017198442160     
   215.43999999999141        3.4997794819684187     
   215.47999999999141        3.5282413020318542     
   215.51999999999140        3.5542961773572195     
   215.55999999999139        3.5779546711297865     
   215.59999999999138        3.5992287812434793     
   215.63999999999137        3.6181318235772428     
   215.67999999999137        3.6346783301547365     
   215.71999999999136        3.6488839624125000     
   215.75999999999135        3.6607654395936047     
   215.79999999999134        3.6703404820936032     
   215.83999999999133        3.6776277694111803     
   215.87999999999133        3.6826469121950494     
   215.91999999999132        3.6854184377291181     
   215.95999999999131        3.6859637880577214     
   215.99999999999130        3.6843053298199591     
   216.03999999999129        3.6804663747355004     
   216.07999999999129        3.6744712095625967     
   216.11999999999128        3.6663451342319595     
   216.15999999999127        3.6561145067477092     
   216.19999999999126        3.6438067933392713     
   216.23999999999126        3.6294506222471656     
   216.27999999999125        3.6130758394327627     
   216.31999999999124        3.5947135644195432     
   216.35999999999123        3.5743962444039865     
   216.39999999999122        3.5521577047210213     
   216.43999999999122        3.5280331937154958     
   216.47999999999121        3.5020594200610127     
   216.51999999999120        3.4742745805843231     
   216.55999999999119        3.4447183767009100     
   216.59999999999118        3.4134320176484638     
   216.63999999999118        3.3804582088224153     
   216.67999999999117        3.3458411236733676     
   216.71999999999116        3.3096263578211502     
   216.75999999999115        3.2718608642741360     
   216.79999999999114        3.2325928689139838     
   216.83999999999114        3.1918717657123743     
   216.87999999999113        3.1497479914833031     
   216.91999999999112        3.1062728803366624     
   216.95999999999111        3.0614984983792084     
   216.99999999999110        3.0154774595997336     
   217.03999999999110        2.9682627242674613     
   217.07999999999109        2.9199073815570555     
   217.11999999999108        2.8704644184806263     
   217.15999999999107        2.8199864775474528     
   217.19999999999106        2.7685256058771404     
   217.23999999999106        2.7161329987540257     
   217.27999999999105        2.6628587408235997     
   217.31999999999104        2.6087515482911168     
   217.35999999999103        2.5538585155858735     
   217.39999999999102        2.4982248700013989     
   217.43999999999102        2.4418937378136620     
   217.47999999999101        2.3849059253199765     
   217.51999999999100        2.3272997181358743     
   217.55999999999099        2.2691107019426893     
   217.59999999999098        2.2103716077026694     
   217.63999999999098        2.1511121841595280     
   217.67999999999097        2.0913591002288134     
   217.71999999999096        2.0311358796621866     
   217.75999999999095        1.9704628701494984     
   217.79999999999094        1.9093572488077448     
   217.83999999999094        1.8478330657998061     
   217.87999999999093        1.7859013276292752     
   217.91999999999092        1.7235701214687649     
   217.95999999999091        1.6608447816930929     
   217.99999999999091        1.5977280995977419     
   218.03999999999090        1.5342205770759654     
   218.07999999999089        1.4703207247908114     
   218.11999999999088        1.4060254050942680     
   218.15999999999087        1.3413302195955352     
   218.19999999999087        1.2762299408430879     
   218.23999999999086        1.2107189870388733     
   218.27999999999085        1.1447919380261222     
   218.31999999999084        1.0784440899649372     
   218.35999999999083        1.0116720451158012     
   218.39999999999083       0.94447433197973063     
   218.43999999999082       0.87685204969258868     
   218.47999999999081       0.80880952904848613     
   218.51999999999080       0.74035500085541284     
   218.55999999999079       0.67150126054391446     
   218.59999999999079       0.60226631611415671     
   218.63999999999078       0.53267400469584525     
   218.67999999999077       0.46275456130757575     
   218.71999999999076       0.39254512195488622     
   218.75999999999075       0.32209014213283760     
   218.79999999999075       0.25144171124220482     
   218.83999999999074       0.18065974353188974     
   218.87999999999073       0.10981202707688698     
   218.91999999999072        3.8974114099849855E-002
   218.95999999999071        3.1770961284925292E-002
   218.99999999999071       0.10233314806641025     
   219.03999999999070       0.17261603153130567     
   219.07999999999069       0.24251767459913570     
   219.11999999999068       0.31193164109847654     
   219.15999999999067       0.38074818829213003     
   219.19999999999067       0.44885560944108849     
   219.23999999999066       0.51614170101770762     
   219.27999999999065       0.58249532371097568     
   219.31999999999064       0.64780802196283926     
   219.35999999999063       0.71197566373246335     
   219.39999999999063       0.77490006072150908     
   219.43999999999062       0.83649052952120440     
   219.47999999999061       0.89666535605955144     
   219.51999999999060       0.95535312921790128     
   219.55999999999059        1.0124939143300331     
   219.59999999999059        1.0680402431710061     
   219.63999999999058        1.1219579036302383     
   219.67999999999057        1.1742265191637047     
   219.71999999999056        1.2248399149626910     
   219.75999999999055        1.2738062742261953     
   219.79999999999055        1.3211480937032647     
   219.83999999999054        1.3669019525735215     
   219.87999999999053        1.4111181126282677     
   219.91999999999052        1.4538599705444741     
   219.95999999999052        1.4952033848196253     
   219.99999999999051        1.5352359007212455     
   220.03999999999050        1.5740558965059543     
   220.07999999999049        1.6117716733103482     
   220.11999999999048        1.6485005096540608     
   220.15999999999048        1.6843676995700256     
   220.19999999999047        1.7195055911270769     
   220.23999999999046        1.7540526396612703     
   220.27999999999045        1.7881524874932861     
   220.31999999999044        1.8219530793700383     
   220.35999999999044        1.8556058204004970     
   220.39999999999043        1.8892647809127274     
   220.43999999999042        1.9230859504797584     
   220.47999999999041        1.9572265413716505     
   220.51999999999040        1.9918443399051402     
   220.55999999999040        2.0270971025877045     
   220.59999999999039        2.0631419925915844     
   220.63999999999038        2.1001350509436616     
   220.67999999999037        2.1382306958761745     
   220.71999999999036        2.1775812430483974     
   220.75999999999036        2.2183364388195561     
   220.79999999999035        2.2606429984302121     
   220.83999999999034        2.3046441408384242     
   220.87999999999033        2.3504791120677888     
   220.91999999999032        2.3982826892708609     
   220.95999999999032        2.4481846583114875     
   220.99999999999031        2.5003092585447546     
   221.03999999999030        2.5547745896469660     
   221.07999999999029        2.6116919768440101     
   221.11999999999028        2.6711652927250995     
   221.15999999999028        2.7332902360244269     
   221.19999999999027        2.7981535703084210     
   221.23999999999026        2.8658323284073557     
   221.27999999999025        2.9363929916406191     
   221.31999999999024        3.0098906563400112     
   221.35999999999024        3.0863682037758151     
   221.39999999999023        3.1658554931982845     
   221.43999999999022        3.2483686011444792     
   221.47999999999021        3.3339091332099282     
   221.51999999999020        3.4224636368968122     
   221.55999999999020        3.5140031456545620     
   221.59999999999019        3.6084828845517176     
   221.63999999999018        3.7058421669070691     
   221.67999999999017        3.8060045084607412     
   221.71999999999016        3.9088779811596366     
   221.75999999999016        4.0143558223546609     
   221.79999999999015        4.1223173072824766     
   221.83999999999014        4.2326288834046242     
   221.87999999999013        4.3451455549234312     
   221.91999999999013        4.4597124951408613     
   221.95999999999012        4.5761668539232119     
   221.99999999999011        4.6943397180753346     
   222.03999999999010        4.8140581745877675     
   222.07999999999009        1.3480378860923057     
   222.11999999999009        1.2257524423437793     
   222.15999999999008        1.1024431556520924     
   222.19999999999007       0.97827823923173729     
   222.23999999999006       0.85342003910376008     
   222.27999999999005       0.72802352715888641     
   222.31999999999005       0.60223504645384018     
   222.35999999999004       0.47619133120000723     
   222.39999999999003       0.35001881291557624     
   222.43999999999002       0.22383321349949958     
   222.47999999999001        9.7739416114175359E-002
   222.51999999999001        2.8168403826119848E-002
   222.55999999999000       0.15380641227732705     
   222.59999999998999       0.27910054480326640     
   222.63999999998998       0.40398576298409994     
   222.67999999998997       0.52840517445881652     
   222.71999999998997       0.65230905250803195     
   222.75999999998996       0.77565379028892578     
   222.79999999998995       0.89840082305106972     
   222.83999999998994        1.0205155491367812     
   222.87999999998993        1.1419662775289288     
   222.91999999998993        1.2627232263476820     
   222.95999999998992        1.3827575931734486     
   222.99999999998991        1.5020407145064736     
   223.03999999998990        1.6205433281504333     
   223.07999999998989        1.7382349488853062     
   223.11999999998989        1.8550833645098943     
   223.15999999998988        1.9710542562082967     
   223.19999999998987        2.0861109442416033     
   223.23999999998986        2.2002142571983225     
   223.27999999998985        2.3133225204689518     
   223.31999999998985        2.4253916572605405     
   223.35999999998984        2.5363753933602546     
   223.39999999998983        2.6462255550214420     
   223.43999999998982        2.7548924478124448     
   223.47999999998981        2.8623253030678959     
   223.51999999998981        2.9684727777407880     
   223.55999999998980        3.0732834929903201     
   223.59999999998979        3.1767065967639470     
   223.63999999998978        3.2786923359381235     
   223.67999999998978        3.3791926242530455     
   223.71999999998977        3.4781615932802952     
   223.75999999998976        3.5755561149540944     
   223.79999999998975        3.6713362857213947     
   223.83999999998974        3.7654658640603702     
   223.87999999998974        3.8579126549137523     
   223.91999999998973        3.9486488364152916     
   223.95999999998972        4.0376512260898920     
   223.99999999998971        4.1249014854224191     
   224.03999999998970        4.2103862632673206     
   224.07999999998970        4.2940972799720791     
   224.11999999998969        4.3760313552844643     
   224.15999999998968        4.4561903840904380     
   224.19999999998967        4.5345812647811536     
   224.23999999998966        4.6112157855780032     
   224.27999999998966        4.6861104744667195     
   224.31999999998965        4.7592864185238088     
   224.35999999998964        4.8307690583842673     
   224.39999999998963        4.9005879634245364     
   224.43999999998962        4.9687765929457655     
   224.47999999998962        5.0353720482662530     
   224.51999999998961        5.1004148201935280     
   224.55999999998960        5.1639485358686787     
   224.59999999998959        5.2260197084783790     
   224.63999999998958        5.2866774928305187     
   224.67999999998958        5.3459734493013347     
   224.71999999998957        5.4039613181962309     
   224.75999999998956        5.4606968061309828     
   224.79999999998955        5.5162373856402880     
   224.83999999998954        5.5706421088596736     
   224.87999999998954        5.6239714358060677     
   224.91999999998953        5.6762870775016721     
   224.95999999998952        5.7276518539437955     
   224.99999999998951        5.7781295667177854     
   225.03999999998950        5.8277848858783683     
   225.07999999998950        5.8766832505832944     
   225.11999999998949        5.9248907828487845     
   225.15999999998948        5.9724742137054463     
   225.19999999998947        6.0195008209625893     
   225.23999999998946        6.0660383777350386     
   225.27999999998946        6.1121551108463787     
   225.31999999998945        6.1579196681934238     
   225.35999999998944        6.2034010941358071     
   225.39999999998943        6.2486688119597353     
   225.43999999998942        6.2937926124540429     
   225.47999999998942        6.3388426476279252     
   225.51999999998941        6.3838894285915790     
   225.55999999998940        6.4290038266122043     
   225.59999999998939        6.4742570763472234     
   225.63999999998939        6.5197207802434640     
   225.67999999998938        6.5654669130747276     
   225.71999999998937        6.6115678255701829     
   225.75999999998936        6.6580962460623461     
   225.79999999998935        6.7051252790558848     
   225.83999999998935        6.7527283995875393     
   225.87999999998934        6.8009794422135812     
   225.91999999998933        6.8499525834251669     
   225.95999999998932        6.8997223162549659     
   225.99999999998931        6.9503634158017977     
   226.03999999998931        7.0019508943657254     
   226.07999999998930        7.0545599448562220     
   226.11999999998929        7.1082658711133035     
   226.15999999998928        7.1631440037691947     
   226.19999999998927        7.2192696002795600     
   226.23999999998927        7.2767177277729367     
   226.27999999998926        7.3355631274091557     
   226.31999999998925        7.3958800590074647     
   226.35999999998924        7.4577421248080693     
   226.39999999998923        7.5212220713727111     
   226.43999999998923        7.5863915688163761     
   226.47999999998922        7.6533209667991029     
   226.51999999998921        7.7220790269992179     
   226.55999999998920        7.7927326321417212     
   226.59999999998919        7.8653464720710371     
   226.63999999998919        7.9399827078373955     
   226.67999999998918        8.0167006153094409     
   226.71999999998917        8.0955562104283807     
   226.75999999998916        8.1766018588729033     
   226.79999999998915        8.2598858735970566     
   226.83999999998915        8.3454521044179000     
   226.87999999998914        8.4333395245432872     
   226.91999999998913        8.5235818196145701     
   226.95999999998912        8.6162069854605932     
   226.99999999998911        8.7112369412800490     
   227.03999999998911        8.8086871653474699     
   227.07999999998910        8.9085663605304131     
   227.11999999998909        9.0108761568692408     
   227.15999999998908        9.1156108581676953     
   227.19999999998907        9.2227572389403711     
   227.23999999998907        9.3322943971420251     
   227.27999999998906        9.4441936668577497     
   227.31999999998905        9.5584185935752899     
   227.35999999998904        9.6749249728252167     
   227.39999999998903        9.7936609509184827     
   227.43999999998903        9.9145671843138494     
   227.47999999998902        10.037577051911470     
   227.51999999998901        10.162616912412544     
   227.55999999998900        10.289606396939348     
   227.59999999998900        10.418458725511073     
   227.63999999998899        10.549081034849550     
   227.67999999998898        10.681374704462868     
   227.71999999998897        10.815235668117250     
   227.75999999998896        10.950554698720033     
   227.79999999998896        4.8040323491400629     
   227.83999999998895        4.9419203841788155     
   227.87999999998894        5.0809100912383984     
   227.91999999998893        5.2208736121762938     
   227.95999999998892        5.3616786915986836     
   227.99999999998892        5.5031886918484645     
   228.03999999998891        5.6452625788720665     
   228.07999999998890        5.7877548942139017     
   228.11999999998889        5.9305157317151513     
   228.15999999998888        6.0733907400168103     
   228.19999999998888        6.2162211734643265     
   228.23999999998887        6.3588440143043501     
   228.27999999998886        6.5010921880340415     
   228.31999999998885        6.6427948913644927     
   228.35999999998884        6.7837780485313619     
   228.39999999998884        6.9238649067582285     
   228.43999999998883        7.0628767757723399     
   228.47999999998882        7.2006339096923941     
   228.51999999998881        7.3369565227237352     
   228.55999999998880        1.1884806161410635     
   228.59999999998880        1.3214004380528459     
   228.63999999998879        1.4523579413624452     
   228.67999999998878        1.5811853525993282     
   228.71999999998877        1.7077212105208630     
   228.75999999998876        1.8318116833581155     
   228.79999999998876        1.9533118242394143     
   228.83999999998875        2.0720867340425744     
   228.87999999998874        2.1880126048772746     
   228.91999999998873        2.3009776224667031     
   228.95999999998872        2.4108827115265239     
   228.99999999998872        2.5176421144474008     
   229.03999999998871        2.6211837997992573     
   229.07999999998870        2.7214497030511122     
   229.11999999998869        2.8183958071576942     
   229.15999999998868        2.9119920750931438     
   229.19999999998868        3.0022222498808500     
   229.23999999998867        3.0890835401206074     
   229.27999999998866        3.1725862104610445     
   229.31999999998865        3.2527530969730494     
   229.35999999998864        3.3296190670554537     
   229.39999999998864        3.4032304424796020     
   229.43999999998863        3.4736444025982984     
   229.47999999998862        3.5409283827503337     
   229.51999999998861        3.6051594806185863     
   229.55999999998861        3.6664238808664349     
   229.59999999998860        3.7248163058840067     
   229.63999999998859        3.7804394980027620     
   229.67999999998858        3.8334037361450721     
   229.71999999998857        3.8838263876084369     
   229.75999999998857        3.9318314935712468     
   229.79999999998856        3.9775493849667187     
   229.83999999998855        4.0211163236145353     
   229.87999999998854        4.0626741619319313     
   229.91999999998853        4.1023700131723135     
   229.95999999998853        4.1403559229657887     
   229.99999999998852        4.1767885319712175     
   230.03999999998851        4.2118287187072330     
   230.07999999998850        4.2456412111293123     
   230.11999999998849        4.2783941552868132     
   230.15999999998849        4.3102586294589660     
   230.19999999998848        4.3414080925684022     
   230.23999999998847        4.3720177564447731     
   230.27999999998846        4.4022638727007601     
   230.31999999998845        4.4323229266285216     
   230.35999999998845        4.4623707326617463     
   230.39999999998844        4.4925814286033967     
   230.43999999998843        4.5231263690041361     
   230.47999999998842        4.5541729217839206     
   230.51999999998841        4.5858831763859014     
   230.55999999998841        4.6184125763719059     
   230.59999999998840        4.6519084943083415     
   230.63999999998839        4.6865087719027212     
   230.67999999998838        4.7223402534395387     
   230.71999999998837        4.7595173453879154     
   230.75999999998837        4.7981406393261912     
   230.79999999998836        4.8382956387296403     
   230.83999999998835        4.8800516323560013     
   230.87999999998834        4.9234607576014717     
   230.91999999998833        4.9685572959805224     
   230.95999999998833        5.0153572395652288     
   230.99999999998832        5.0638581616649478     
   231.03999999998831        5.1140394172337951     
   231.07999999998830        5.1658626886262491     
   231.11999999998829        5.2192728807270647     
   231.15999999998829        5.2741993566881904     
   231.19999999998828        5.3305574921980874     
   231.23999999998827        5.3882505131864660     
   231.27999999998826        5.4471715699774261     
   231.31999999998826       0.77597931621517580     
   231.35999999998825       0.71495165558180107     
   231.39999999998824       0.65305391680910707     
   231.43999999998823       0.59040990434430629     
   231.47999999998822       0.52714175968801535     
   231.51999999998822       0.46336780381054399     
   231.55999999998821       0.39920057937913100     
   231.59999999998820       0.33474513365703895     
   231.63999999998819       0.27009757110391708     
   231.67999999998818       0.20534389251244345     
   231.71999999998818       0.14055912572721829     
   231.75999999998817        7.5806742260466908E-002
   231.79999999998816        1.1138344939126021E-002
   231.83999999998815        5.3406395595212874E-002
   231.87999999998814       0.11779958301989191     
   231.91999999998814       0.18202474690749515     
   231.95999999998813       0.24607633604008905     
   231.99999999998812       0.30995908564592245     
   232.03999999998811       0.37368728933043482     
   232.07999999998810       0.43728400407448853     
   232.11999999998810       0.50078021359658753     
   232.15999999998809       0.56421397190454536     
   232.19999999998808       0.62762954523765480     
   232.23999999998807       0.69107656701858677     
   232.27999999998806       0.75460921704329742     
   232.31999999998806       0.81828543304094725     
   232.35999999998805       0.88216615999891057     
   232.39999999998804       0.94631464030272894     
   232.43999999998803        1.0107957457943131     
   232.47999999998802        1.0756753512923078     
   232.51999999998802        1.1410197479221484     
   232.55999999998801        1.2068950937382750     
   232.59999999998800        1.2733668985518882     
   232.63999999998799        1.3404995395685142     
   232.67999999998798        1.4083558043557562     
   232.71999999998798        1.4769964577707848     
   232.75999999998797        1.5464798297502418     
   232.79999999998796        1.6168614212764252     
   232.83999999998795        1.6881935263598524     
   232.87999999998794        1.7605248684988430     
   232.91999999998794        1.8339002507724564     
   232.95999999998793        1.9083602194755265     
   232.99999999998792        1.9839407419950743     
   233.03999999998791        2.0606729004365478     
   233.07999999998790        2.1385826033150206     
   233.11999999998790        2.2176903184074459     
   233.15999999998789        2.2980108305916920     
   233.19999999998788        2.3795530291484632     
   233.23999999998787        2.4623197295434727     
   233.27999999998787        2.5463075351083369     
   233.31999999998786        2.6315067442687345     
   233.35999999998785        2.7179013089979520     
   233.39999999998784        2.8054688499773817     
   233.43999999998783        2.8941807335026120     
   233.47999999998783        2.9840022144724294     
   233.51999999998782        3.0748926488362223     
   233.55999999998781        3.1668057776629723     
   233.59999999998780        3.2596900835554621     
   233.63999999998779        3.3534892185037291     
   233.67999999998779        3.4481425005028479     
   233.71999999998778        3.5435854744145563     
   233.75999999998777        3.6397505307024143     
   233.79999999998776        3.7365675738943387     
   233.83999999998775        3.8339647310043343     
   233.87999999998775        3.9318690887536025     
   233.91999999998774        4.0302074473381397     
   233.95999999998773        4.1289070777505357     
   233.99999999998772        4.2278964693162857     
   234.03999999998771        4.3271060541678192     
   234.07999999998771        4.4264688958502427     
   234.11999999998770        4.5259213301078640     
   234.15999999998769        4.6254035470975357     
   234.19999999998768        4.7248601057553543     
   234.23999999998767        4.8242403727371128     
   234.27999999998767        4.9234988801834385     
   234.31999999998766        5.0225955984490529     
   234.35999999998765        5.1214961218067412     
   234.39999999998764        5.2201717669223724     
   234.43999999998763        5.3185995855403618     
   234.47999999998763        5.4167622942750704     
   234.51999999998762        5.5146481256427116     
   234.55999999998761        5.6122506054744523     
   234.59999999998760        5.7095682626222910     
   234.63999999998759        5.8066042774140856     
   234.67999999998759        5.9033660756522002     
   234.71999999998758        5.9998648751077965     
   234.75999999998757        6.0961151914713945     
   234.79999999998756        6.1921343106136089     
   234.83999999998755        6.2879417338223060     
   234.87999999998755        6.3835586024463709     
   234.91999999998754        6.4790071081215475     
   234.95999999998753        6.5743098945058600     
   234.99999999998752        6.6694894562312026     
   235.03999999998751        6.7645675405985131     
   235.07999999998751        6.8595645574152302     
   235.11999999998750        6.9544990022980677     
   235.15999999998749        7.0493868987381791     
   235.19999999998748        7.1442412642405344     
   235.23999999998748        7.2390716058904543     
   235.27999999998747        7.3338834507489210     
   235.31999999998746        7.4286779165117833     
   235.35999999998745        7.5234513278607942     
   235.39999999998744        7.6181948838596556     
   235.43999999998744        7.7128943815785060     
   235.47999999998743        7.8075300008400497     
   235.51999999998742        7.9020761545471387     
   235.55999999998741        7.9965014084576298     
   235.59999999998740        8.0907684735068681     
   235.63999999998740        8.1848342728389269     
   235.67999999998739        8.2786500846017255     
   235.71999999998738        8.3721617603061826     
   235.75999999998737        8.4653100171736568     
   235.79999999998736        8.5580308014376367     
   235.83999999998736        8.6502557180721116     
   235.87999999998735        8.7419125209443216     
   235.91999999998734        8.8329256559919145     
   235.95999999998733        8.9232168487627597     
   235.99999999998732        2.7295204194065246     
   236.03999999998732        2.8181251576367341     
   236.07999999998731        2.9057631388653289     
   236.11999999998730        2.9923516137616826     
   236.15999999998729        3.0778083522898254     
   236.19999999998728        3.1620522744567792     
   236.23999999998728        3.2450040504585469     
   236.27999999998727        3.3265866610716590     
   236.31999999998726        3.4067259103472605     
   236.35999999998725        3.4853508840482381     
   236.39999999998724        3.5623943487694332     
   236.43999999998724        3.6377930882360396     
   236.47999999998723        3.7114881748269410     
   236.51999999998722        3.7834251758635133     
   236.55999999998721        3.8535542955931659     
   236.59999999998720        3.9218304550423024     
   236.63999999998720        3.9882133129872628     
   236.67999999998719        4.0526672321763346     
   236.71999999998718        4.1151611956231910     
   236.75999999998717        4.1756686782834125     
   236.79999999998716        4.2341674797299866     
   236.83999999998716        4.2906395235762078     
   236.87999999998715        4.3450706293747512     
   236.91999999998714        4.3974502625727592     
   236.95999999998713        4.4477712678484842     
   236.99999999998712        4.4960295908195986     
   237.03999999998712        4.5422239927200341     
   237.07999999998711        4.5863557622125066     
   237.11999999998710        4.6284284280570125     
   237.15999999998709        4.6684474759080414     
   237.19999999998709        4.7064200720788687     
   237.23999999998708        4.7423547967010711     
   237.27999999998707        4.7762613883299112     
   237.31999999998706        4.8081505017075141     
   237.35999999998705        4.8380334800999343     
   237.39999999998705        4.8659221433735702     
   237.43999999998704        4.8918285927717244     
   237.47999999998703        4.9157650331932494     
   237.51999999998702        4.9377436136606656     
   237.55999999998701        4.9577762865932939     
   237.59999999998701        4.9758746864689929     
   237.63999999998700        4.9920500284634626     
   237.67999999998699        5.0063130276954375     
   237.71999999998698        5.0186738397760706     
   237.75999999998697        5.0291420234576822     
   237.79999999998697        5.0377265262968001     
   237.83999999998696        5.0444356943845108     
   237.87999999998695        5.0492773073487500     
   237.91999999998694        5.0522586399924414     
   237.95999999998693        5.0533865520918875     
   237.99999999998693        5.0526676080339055     
   238.03999999998692        5.0501082281088108     
   238.07999999998691        5.0457148733891302     
   238.11999999998690        5.0394942661984672     
   238.15999999998689        5.0314536481971501     
   238.19999999998689        5.0216010780647107     
   238.23999999998688        5.0099457706256203     
   238.27999999998687        4.9964984790233755     
   238.31999999998686        4.9812719211769796     
   238.35999999998685        4.9642812512295489     
   238.39999999998685        4.9455445759975003     
   238.43999999998684        4.9250835155275956     
   238.47999999998683        4.9029238057476396     
   238.51999999998682        4.8790959398390221     
   238.55999999998681        4.8536358433571349     
   238.59999999998681        4.8265855762805732     
   238.63999999998680        4.7979940530975735     
   238.67999999998679        4.7679177697708610     
   238.71999999998678        4.7364215240134282     
   238.75999999998677        4.7035791128344515     
   238.79999999998677        4.6694739888787673     
   238.83999999998676        4.6341998548124517     
   238.87999999998675        4.5978611730520491     
   238.91999999998674        4.5605735666647860     
   238.95999999998674        4.5224640864608467     
   238.99999999998673        4.4836713193338218     
   239.03999999998672        4.4443453139426117     
   239.07999999998671        4.4046473019946379     
   239.11999999998670        4.3647491967617054     
   239.15999999998670        4.3248328550434580     
   239.19999999998669        4.2850890945139213     
   239.23999999998668        4.2457164650797719     
   239.27999999998667        4.2069197802911305     
   239.31999999998666        4.1689084226447681     
   239.35999999998666        4.1318944444151979     
   239.39999999998665        4.0960904930215047     
   239.43999999998664        4.0617075964738243     
   239.47999999998663        4.0289528497739839     
   239.51999999998662        3.9980270469807144     
   239.55999999998662        3.9691223058095995     
   239.59999999998661        3.9424197320646583     
   239.63999999998660        3.9180871699628059     
   239.67999999998659        3.8962770817003483     
   239.71999999998658        3.8771245956983669     
   239.75999999998658        3.8607457581830360     
   239.79999999998657        3.8472360174550055     
   239.83999999998656        3.8366689647030672     
   239.87999999998655        3.8290953497886311     
   239.91999999998654        3.8245423852560929     
   239.95999999998654        3.8230133470054199     
   239.99999999998653        3.8244874756033944     
   240.03999999998652        3.8289201780402480     
   240.07999999998651        3.8362435257395435     
   240.11999999998650        3.8463670406616299     
   240.15999999998650        3.8591787572778364     
   240.19999999998649        3.8745465439493607     
   240.23999999998648        3.8923196628035388     
   240.27999999998647        3.9123305426234727     
   240.31999999998646        3.9343967347004654     
   240.35999999998646        3.9583230172612551     
   240.39999999998645        3.9839036102445946     
   240.43999999998644        4.0109244591574669     
   240.47999999998643        2.2440197624087639     
   240.51999999998642        2.2147821324283887     
   240.55999999998642        2.1847730930567923     
   240.59999999998641        2.1542170934101339     
   240.63999999998640        2.1233359072178661     
   240.67999999998639        2.0923468142122612     
   240.71999999998638        2.0614609782627844     
   240.75999999998638        2.0308820412558282     
   240.79999999998637        2.0008049445425149     
   240.83999999998636        1.9714149826191329     
   240.87999999998635        1.9428870869106758     
   240.91999999998635        1.9153853313915581     
   240.95999999998634        1.8890626465238418     
   240.99999999998633        1.8640607237694842     
   241.03999999998632        1.8405100898077440     
   241.07999999998631        1.8185303275580367     
   241.11999999998631        1.7982304201073991     
   241.15999999998630        1.7797091935590976     
   241.19999999998629        1.7630558355129349     
   241.23999999998628        1.7483504672010177     
   241.27999999998627        1.7356647490752386     
   241.31999999998627        1.7250625017226988     
   241.35999999998626        1.7166003262366902     
   241.39999999998625        1.7103282104779522     
   241.43999999998624        1.7062901099307859     
   241.47999999998623        1.7045244940209168     
   241.51999999998623        1.7050648507679984     
   241.55999999998622        1.7079401444654358     
   241.59999999998621        1.7131752227000363     
   241.63999999998620        1.7207911704429231     
   241.67999999998619        1.7308056101700755     
   241.71999999998619        1.7432329480215811     
   241.75999999998618        1.7580845669034471     
   241.79999999998617        1.7753689681971561     
   241.83999999998616        1.7950918643931431     
   241.87999999998615        1.8172562255273266     
   241.91999999998615        1.8418622827950406     
   241.95999999998614        1.8689074931619190     
   241.99999999998613        1.8983864692006933     
   242.03999999998612        1.9302908787671154     
   242.07999999998611        1.9646093194937708     
   242.11999999998611        2.0013271734297025     
   242.15999999998610        2.0404264474845828     
   242.19999999998609        2.0818856056425261     
   242.23999999998608        2.1256793991824474     
   242.27999999998607        2.1717787013655849     
   242.31999999998607        2.2201503532097844     
   242.35999999998606        2.2707570270456618     
   242.39999999998605        2.3235571145217491     
   242.43999999998604        2.3785046455742083     
   242.47999999998603        2.4355492445829259     
   242.51999999998603        2.4946361294839101     
   242.55999999998602        2.5557061589864456     
   242.59999999998601        2.6186959322468586     
   242.63999999998600        2.6835379443807619     
   242.67999999998599        2.7501608000624218     
   242.71999999998599        2.8184894861826013     
   242.75999999998598        2.8884457031432347     
   242.79999999998597        2.9599482528956345     
   242.83999999998596        3.0329134803231210     
   242.87999999998596        3.1072557630792104     
   242.91999999998595        3.1828880435720825     
   242.95999999998594        3.2597223954887604     
   242.99999999998593        3.3376706161289862     
   243.03999999998592        3.4166448349140737     
   243.07999999998592        3.4965581277860038     
   243.11999999998591        3.5773251268413659     
   243.15999999998590        3.6588626144652414     
   243.19999999998589        2.5420952157397259     
   243.23999999998588        2.4592549981930971     
   243.27999999998588        2.3758755517507120     
   243.31999999998587        2.2920262180748812     
   243.35999999998586        2.2077717969272195     
   243.39999999998585        2.1231722413659124     
   243.43999999998584        2.0382824248116789     
   243.47999999998584        1.9531519834806348     
   243.51999999998583        1.8678252364284842     
   243.55999999998582        1.7823411842668107     
   243.59999999998581        1.6967335865270827     
   243.63999999998580        1.6110311166797642     
   243.67999999998580        1.5252575929727450     
   243.71999999998579        1.4394322825331101     
   243.75999999998578        1.3535702755678340     
   243.79999999998577        1.2676829259830953     
   243.83999999998576        1.1817783542929856     
   243.87999999998576        1.0958620082764963     
   243.91999999998575        1.0099372764343806     
   243.95999999998574       0.92400614886221433     
   243.99999999998573       0.83806991966203337     
   244.03999999998572       0.75212992443585769     
   244.07999999998572       0.66618830572018961     
   244.11999999998571       0.58024879841980215     
   244.15999999998570       0.49431752638117121     
   244.19999999998569       0.40840380022276190     
   244.23999999998568       0.32252090543737788     
   244.27999999998568       0.23668686864262067     
   244.31999999998567       0.15092518873672045     
   244.35999999998566        6.5265518691365543E-002
   244.39999999998565        2.0255717133095041E-002
   244.43999999998564       0.10559478583516491     
   244.47999999998564       0.19070020486048400     
   244.51999999998563       0.27551241252394720     
   244.55999999998562       0.35996356490460701     
   244.59999999998561       0.44397747235625196     
   244.63999999998560       0.52746968669371586     
   244.67999999998560       0.61034774723745744     
   244.71999999998559       0.69251159036342602     
   244.75999999998558       0.77385412309760127     
   244.79999999998557       0.85426195675110583     
   244.83999999998557       0.93361629179523686     
   244.87999999998556        1.0117939403469418     
   244.91999999998555        1.0886684680194345     
   244.95999999998554        1.1641114327421480     
   244.99999999998553        1.2379936947087691     
   245.03999999998553        1.3101867690785147     
   245.07999999998552        1.3805641915898443     
   245.11999999998551        1.4490028669378523     
   245.15999999998550        1.5153843706332455     
   245.19999999998549        1.5795961770434772     
   245.23999999998549        1.6415327892868281     
   245.27999999998548        1.7010967504218217     
   245.31999999998547        1.7581995197200491     
   245.35999999998546        1.8127622024815833     
   245.39999999998545        1.8647161265987293     
   245.43999999998545        1.9140032636632056     
   245.47999999998544        1.9605764966439110     
   245.51999999998543        2.0043997398802778     
   245.55999999998542        2.0454479202319580     
   245.59999999998541        2.0837068306411650     
   245.63999999998541        2.1191728690877816     
   245.67999999998540        2.1518526769778115     
   245.71999999998539        2.1817626914627128     
   245.75999999998538        2.2089286261225975     
   245.79999999998537        2.2333848939548462     
   245.83999999998537        2.2551739857904751     
   245.87999999998536        2.2743458162100376     
   245.91999999998535        2.2909570478374470     
   245.95999999998534        2.3050704036308063     
   245.99999999998533        2.3167539755275328     
   246.03999999998533        2.3260805365858030     
   246.07999999998532        2.3331268626310067     
   246.11999999998531        2.3379730683870603     
   246.15999999998530        2.3407019621599674     
   246.19999999998529        2.3413984223476696     
   246.23999999998529        2.3401487983720903     
   246.27999999998528        2.3370403380573550     
   246.31999999998527        2.3321606430004871     
   246.35999999998526        2.3255971530838346     
   246.39999999998525        2.3174366609481725     
   246.43999999998525        2.3077648569686473     
   246.47999999998524        2.2966659050406015     
   246.51999999998523        2.2842220492788430     
   246.55999999998522        2.2705132515540929     
   246.59999999998522        2.2556168596283444     
   246.63999999998521        2.2396073055027648     
   246.67999999998520        2.2225558334556546     
   246.71999999998519        2.2045302571232215     
   246.75999999998518        2.1855947448634043     
   246.79999999998518        2.1658096325442391     
   246.83999999998517        2.1452312628155967     
   246.87999999998516        2.1239118498590255     
   246.91999999998515        2.1018993685674423     
   246.95999999998514        2.0792374670869043     
   246.99999999998514        2.0559654016586002     
   247.03999999998513        2.0321179927320423     
   247.07999999998512        2.0077256013810509     
   247.11999999998511        1.9828141251428051     
   247.15999999998510        1.9574050125164781     
   247.19999999998510        1.9315152955006893     
   247.23999999998509        1.9051576397163643     
   247.27999999998508        1.8783404118510285     
   247.31999999998507        1.8510677643688935     
   247.35999999998506        1.8233397376543057     
   247.39999999998506        1.7951523799895073     
   247.43999999998505        1.7664978860056624     
   247.47999999998504        1.7373647544822166     
   247.51999999998503        1.7077379665965109     
   247.55999999998502        1.6775991859345591     
   247.59999999998502        1.6469269817553791     
   247.63999999998501        1.6156970771442500     
   247.67999999998500        1.5838826237824954     
   247.71999999998499        1.5514545050893702     
   247.75999999998498        1.5183816694406054     
   247.79999999998498        1.4846314950224908     
   247.83999999998497        1.4501701876237958     
   247.87999999998496        1.4149632122840170     
   247.91999999998495        1.3789757591899050     
   247.95999999998494        1.3421732435291496     
   247.99999999998494        1.3045218381598964     
   248.03999999998493        1.2659890369314346     
   248.07999999998492        1.2265442452955237     
   248.11999999998491        1.1861593934885537     
   248.15999999998490        1.1448095660618178     
   248.19999999998490        1.1024736399231421     
   248.23999999998489        1.0591349213747681     
   248.27999999998488        1.0147817709521774     
   248.31999999998487       0.96940820326456900     
   248.35999999998486       0.92301444760286866     
   248.39999999998486       0.87560745392045747     
   248.43999999998485       0.82720132801797530     
   248.47999999998484       0.77781767949068503     
   248.51999999998483       0.72748586633213619     
   248.55999999998483       0.67624312112178120     
   248.59999999998482       0.62413454551997294     
   248.63999999998481       0.57121296237668917     
   248.67999999998480       0.51753861810840529     
   248.71999999998479       0.46317873203480031     
   248.75999999998479       0.40820689396067217     
   248.79999999998478       0.35270231625130899     
   248.83999999998477       0.29674895174780858     
   248.87999999998476       0.24043449383578952     
   248.91999999998475       0.18384927953563990     
   248.95999999998475       0.12708512035162045     
   248.99999999998474        7.0234088558288860E-002
   249.03999999998473        1.3387288425835420E-002
   249.07999999998472        4.3366357528844657E-002
   249.11999999998471        9.9941277869487921E-002
   249.15999999998471       0.15625634967062885     
   249.19999999998470       0.21223589959702427     
   249.23999999998469       0.26781058810642006     
   249.27999999998468       0.32291816083664449     
   249.31999999998467       0.37750405620941052     
   249.35999999998467       0.43152186335909581     
   249.39999999998466       0.48493362941155427     
   249.43999999998465       0.53771001966660836     
   249.47999999998464       0.58983033819676245     
   249.51999999998463       0.64128241963721944     
   249.55999999998463       0.69206240543839337     
   249.59999999998462       0.74217441956498409     
   249.63999999998461       0.79163015958470861     
   249.67999999998460       0.84044841936105696     
   249.71999999998459       0.88865455924005765     
   249.75999999998459       0.93627993880858840     
   249.79999999998458       0.98336132611468652     
   249.83999999998457        1.0299402957898955     
   249.87999999998456        1.0760626269029658     
   249.91999999998455        1.1217777096937849     
   249.95999999998455        1.1671379686620142     
   249.99999999998454        1.2121983078766703     
   250.03999999998453        1.2570155828755862     
   250.07999999998452        1.3016481021681083     
   250.11999999998451        1.3461551601589261     
   250.15999999998451        1.3905966022838432     
   250.19999999998450        1.4350324222896178     
   250.23999999998449        1.4795223908936879     
   250.27999999998448        1.5241257145153053     
   250.31999999998447        1.5689007223641971     
   250.35999999998447        1.6139045798918028     
   250.39999999998446        1.6591930264383077     
   250.43999999998445        1.7048201348313641     
   250.47999999998444        1.7508380906955066     
   250.51999999998444        1.7972969893019961     
   250.55999999998443        1.8442446479154992     
   250.59999999998442        1.8917264317663709     
   250.63999999998441        1.9397850919863426     
   250.67999999998440        1.9884606140832179     
   250.71999999998440        2.0377900757899559     
   250.75999999998439        2.0878075133991381     
   250.79999999998438        2.1385437959798788     
   250.83999999998437        2.1900265071656575     
   250.87999999998436        2.2422798344935480     
   250.91999999998436        2.2953244665630561     
   250.95999999998435        2.3491774985614513     
   250.99999999998434        2.4038523469669872     
   251.03999999998433        2.4593586744864497     
   251.07999999998432        2.5157023265034804     
   251.11999999998432        2.5728852805032725     
   251.15999999998431        2.6309056100915598     
   251.19999999998430        2.6897574653354095     
   251.23999999998429        2.7494310712144179     
   251.27999999998428        2.8099127459782585     
   251.31999999998428        2.8711849411556045     
   251.35999999998427        2.9332263048468312     
   251.39999999998426        2.9960117697565254     
   251.43999999998425        3.0595126671813988     
   251.47999999998424        3.1236968678663715     
   251.51999999998424        3.1885289502802356     
   251.55999999998423        3.2539703964487319     
   251.59999999998422        3.3199798150256092     
   251.63999999998421        3.3865131907922863     
   251.67999999998420        3.4535241592669799     
   251.71999999998420        3.5209643045892665     
   251.75999999998419        3.5887834783418038     
   251.79999999998418        3.6569301364936493     
   251.83999999998417        3.7253516912155256     
   251.87999999998416        3.7939948739417386     
   251.91999999998416        3.8628061057499474     
   251.95999999998415        3.9317318709099363     
   251.99999999998414        4.0007190893243827     
   252.03999999998413        4.0697154835534119     
   252.07999999998412        4.1386699361818930     
   252.11999999998412        4.2075328334516957     
   252.15999999998411        4.2762563913345799     
   252.19999999998410        4.3447949605558698     
   252.23999999998409        4.4131053074825948     
   252.27999999998408        4.4811468682482136     
   252.31999999998408        4.5488819739837627     
   252.35999999998407        4.6162760455459004     
   252.39999999998406        4.6832977566596083     
   252.43999999998405        4.7499191649115993     
   252.47999999998405        4.8161158105256314     
   252.51999999998404        4.8818667833103779     
   252.55999999998403        4.9471547585841922     
   252.59999999998402        5.0119660032410600     
   252.63999999998401        5.0762903534230590     
   252.67999999998401        5.1401211655036922     
   252.71999999998400        5.2034552422630540     
   252.75999999998399        5.2662927362512111     
   252.79999999998398        5.3286370323936971     
   252.83999999998397        5.3904946118971138     
   252.87999999998397        5.4518748994692352     
   252.91999999998396        5.5127900957829734     
   252.95999999998395        5.5732549969940255     
   252.99999999998394        5.6332868029748298     
   253.03999999998393        5.6929049157595415     
   253.07999999998393        5.7521307295127926     
   253.11999999998392        5.8109874131451349     
   253.15999999998391        5.8694996865063311     
   253.19999999998390        5.9276935908990378     
   253.23999999998389        5.9855962544750243     
   253.27999999998389        6.0432356529078728     
   253.31999999998388        6.1006403655841899     
   253.35999999998387        6.1578393274228898     
   253.39999999998386        6.2148615763224067     
   253.43999999998385        6.2717359961512482     
   253.47999999998385        6.3284910551408817     
   253.51999999998384        6.3851545395136426     
   253.55999999998383        6.4417532821844761     
   253.59999999998382        6.4983128864156150     
   253.63999999998381        6.5548574443796017     
   253.67999999998381        6.6114092506997135     
   253.71999999998380        6.6679885111889696     
   253.75999999998379        6.7246130471999912     
   253.79999999998378        6.7812979962280240     
   253.83999999998377        6.8380555096776003     
   253.87999999998377        6.8948944490075359     
   253.91999999998376        6.9518200818063791     
   253.95999999998375        7.0088337797162072     
   253.99999999998374        7.0659327205107783     
   254.03999999998373        7.1231095970363096     
   254.07999999998373        7.1803523361295927     
   254.11999999998372        7.2376438310267446     
   254.15999999998371        7.2949616911525785     
   254.19999999998370        7.3522780135197188     
   254.23999999998370        7.4095591802508523     
   254.27999999998369        7.4667656869489640     
   254.31999999998368        7.5238520067606300     
   254.35999999998367        7.5807664949887741     
   254.39999999998366        7.6374513389978382     
   254.43999999998366        7.6938425579027854     
   254.47999999998365        7.7498700561346823     
   254.51999999998364        7.8054577344256604     
   254.55999999998363        7.8605236610573108     
   254.59999999998362        7.9149803053779220     
   254.63999999998362        7.9687348346325857     
   254.67999999998361        8.0216894740900369     
   254.71999999998360        8.0737419293228072     
   254.75999999998359        8.1247858683401546     
   254.79999999998358        8.1747114601282611     
   254.83999999998358        8.2234059650637690     
   254.87999999998357        8.2707543716790894     
   254.91999999998356        2.0334547662331595     
   254.95999999998355        2.0777602711319960     
   254.99999999998354        2.1203679370125648     
   255.03999999998354        2.1611607243547226     
   255.07999999998353        2.2000229591979896     
   255.11999999998352        2.2368410985346316     
   255.15999999998351        2.2715044911244466     
   255.19999999998350        2.3039061272646912     
   255.23999999998350        2.3339433717943847     
   255.27999999998349        2.3615186754471482     
   255.31999999998348        2.3865402605375285     
   255.35999999998347        2.4089227778168247     
   255.39999999998346        2.4285879321112773     
   255.43999999998346        2.4454650750074269     
   255.47999999998345        2.4594917633328901     
   255.51999999998344        2.4706142824612525     
   255.55999999998343        2.4787881335243940     
   255.59999999998342        2.4839784834344236     
   255.63999999998342        2.4861605762048207     
   255.67999999998341        2.4853201034355230     
   255.71999999998340        2.4814535310235515     
   255.75999999998339        2.4745683782278109     
   255.79999999998338        2.4646834442157330     
   255.83999999998338        2.4518289762237342     
   255.87999999998337        2.4360467725552946     
   255.91999999998336        2.4173902129074518     
   255.95999999998335        2.3959242080474517     
   255.99999999998334        2.3717250607407832     
   256.03999999998337        2.3448802301344052     
   256.07999999998339        2.3154879925828262     
   256.11999999998341        2.2836569932051871     
   256.15999999998343        2.2495056842855918     
   256.19999999998345        2.2131616489504888     
   256.23999999998347        2.1747608113142385     
   256.27999999998349        2.1344465373796240     
   256.31999999998351        2.0923686342838788     
   256.35999999998353        2.0486822588359233     
   256.39999999998355        2.0035467495227675     
   256.43999999998357        1.9571243990923461     
   256.47999999998359        1.9095791872737755     
   256.51999999998361        1.8610754950223865     
   256.55999999998363        1.8117768227575164     
   256.59999999998365        1.7618445353208543     
   256.63999999998367        1.7114366557969563     
   256.67999999998369        1.6607067289321398     
   256.71999999998371        1.6098027727396835     
   256.75999999998373        1.5588663341073170     
   256.79999999998375        1.5080316609793640     
   256.83999999998377        1.4574250001428506     
   256.87999999998380        1.4071640259835068     
   256.91999999998382        1.3573574019669759     
   256.95999999998384        1.3081044731983666     
   256.99999999998386        1.2594950853492097     
   257.03999999998388        1.2116095226127175     
   257.07999999998390        1.1645185552197153     
   257.11999999998392        1.1182835854485713     
   257.15999999998394        1.0729568799920752     
   257.19999999998396        1.0285818759755696     
   257.23999999998398       0.98519354780656809     
   257.27999999998400       0.94281882231541791     
   257.31999999998402       0.90147703025000814     
   257.35999999998404       0.86118038304323230     
   257.39999999998406       0.82193446480971133     
   257.43999999998408       0.78373873068332012     
   257.47999999998410       0.74658700382189958     
   257.51999999998412       0.71046796463179218     
   257.55999999998414       0.67536562696338276     
   257.59999999998416       0.64125979716996984     
   257.63999999998418       0.60812651298482034     
   257.67999999998420       0.57593846014168060     
   257.71999999998422       0.54466536553528577     
   257.75999999998425       0.51427436648871083     
   257.79999999998427       0.48473035636598016     
   257.83999999998429       0.45599630734632424     
   257.87999999998431       0.42803357166781497     
   257.91999999998433       0.40080216306083027     
   257.95999999998435       0.37426102043407017     
   257.99999999998437       0.34836825615545797     
   258.03999999998439       0.32308139149405157     
   258.07999999998441       0.29835758196250461     
   258.11999999998443       0.27415383542639482     
   258.15999999998445       0.25042722592852984     
   258.19999999998447       0.22713510621257837     
   258.23999999998449       0.20423532191799199     
   258.27999999998451       0.18168643035153842     
   258.31999999998453       0.15944792661155649     
   258.35999999998455       0.13748047963840149     
   258.39999999998457       0.11574618047517138     
   258.43999999998459        9.4208804631357612E-002
   258.47999999998461        7.2834089931824941E-002
   258.51999999998463        5.1590030587249203E-002
   258.55999999998465        3.0447187423463973E-002
   258.59999999998468        9.3790132422650885E-003
   258.63999999998470        1.1637808853889098E-002
   258.67999999998472        3.2623017657585685E-002
   258.71999999998474        5.3592421541073243E-002
   258.75999999998476        7.4557548226402481E-002
   258.79999999998478        9.5525304968886005E-002
   258.83999999998480       0.11649765925376432     
   258.87999999998482       0.13747135183399095     
   258.91999999998484       0.15843765551143285     
   258.95999999998486       0.17938219435224312     
   258.99999999998488       0.20028483887833559     
   259.03999999998490       0.22111969302816803     
   259.07999999998492       0.24185518816926432     
   259.11999999998494       0.26245429802548159     
   259.15999999998496       0.28287488594184840     
   259.19999999998498       0.30307019239156041     
   259.23999999998500       0.32298946605094425     
   259.27999999998502       0.34257873623801416     
   259.31999999998504       0.36178171823943561     
   259.35999999998506       0.38054083635224334     
   259.39999999998508       0.39879834274363457     
   259.43999999998510       0.41649750395262330     
   259.47999999998513       0.43358382151644648     
   259.51999999998515       0.45000624927736688     
   259.55999999998517        5.8174669393645617     
   259.59999999998519        5.8025058307413371     
   259.63999999998521        5.7883297417993429     
   259.67999999998523        5.7749651719682866     
   259.71999999998525        5.7624304704129070     
   259.75999999998527        5.7507353945085402     
   259.79999999998529       0.54330443028551112     
   259.83999999998531       0.55332630499756019     
   259.87999999998533       0.56253212159650601     
   259.91999999998535       0.57094676945647871     
   259.95999999998537       0.57860291391626006     
   259.99999999998539       0.58554033126962568     
   260.03999999998541       0.59180513798692902     
   260.07999999998543       0.59744894615990374     
   260.11999999998545       0.60252797681748560     
   260.15999999998547       0.60710216093131897     
   260.19999999998549       0.61123425492023764     
   260.23999999998551       0.61498899361522474     
   260.27999999998553       0.61843229930463228     
   260.31999999998555       0.62163056096283942     
   260.35999999998558       0.62464999334729443     
   260.39999999998560       0.62755608154462261     
   260.43999999998562       0.63041311290982294     
   260.47999999998564       0.63328379526727296     
   260.51999999998566       0.63622895776878141     
   260.55999999998568       0.63930732892880537     
   260.59999999998570       0.64257538504340639     
   260.63999999998572       0.64608726138787964     
   260.67999999998574       0.64989471820519884     
   260.71999999998576       0.65404715346497500     
   260.75999999998578       0.65859165461276703     
   260.79999999998580       0.66357308196976383     
   260.83999999998582       0.66903417701847601     
   260.87999999998584       0.67501568946616608     
   260.91999999998586       0.68155651766919245     
   260.95999999998588       0.68869385769290981     
   260.99999999998590       0.69646335694670669     
   261.03999999998592       0.70489926895341193     
   261.07999999998594       0.71403460637441540     
   261.11999999998596       0.72390128990947034     
   261.15999999998598       0.73453029112047585     
   261.19999999998601       0.74595176759183834     
   261.23999999998603       0.75819518913882922     
   261.27999999998605       0.77128945401369586     
   261.31999999998607       0.78526299424211032     
   261.35999999998609       0.80014386935530091     
   261.39999999998611       0.81595984787156484     
   261.43999999998613       0.83273847593040307     
   261.47999999998615       0.85050713249870968     
   261.51999999998617       0.86929307055653249     
   261.55999999998619       0.88912344363493645     
   261.59999999998621       0.91002531702523282     
   261.63999999998623       0.93202566291203892     
   261.67999999998625       0.95515133860696100     
   261.71999999998627       0.97942904697987077     
   261.75999999998629        1.0048852781057587     
   261.79999999998631        1.0315462310721411     
   261.83999999998633        1.0594377148306913     
   261.87999999998635        1.0885850269332489     
   261.91999999998637        1.1190128089734217     
   261.95999999998639        1.1507448775680249     
   261.99999999998641        1.1838040297656880     
   262.03999999998643        1.2182118218718043     
   262.07999999998646        1.2539883208388851     
   262.11999999998648        1.2911518275988743     
   262.15999999998650        1.3297185720187845     
   262.19999999998652        1.3697023795523842     
   262.23999999998654        1.4111143101470693     
   262.27999999998656        1.4539622705532136     
   262.31999999998658        1.4982506018776398     
   262.35999999998660        1.5439796450242320     
   262.39999999998662        1.5911452875694947     
   262.43999999998664        1.6397384966196442     
   262.47999999998666        1.6897448432722513     
   262.51999999998668        1.7411440254351420     
   262.55999999998670        1.7939093969049449     
   262.59999999998672        1.8480075117346388     
   262.63999999998674        1.9033976939717272     
   262.67999999998676        1.9600316437656935     
   262.71999999998678        2.0178530915579076     
   262.75999999998680        2.0767975125077438     
   262.79999999998682        2.1367919134037932     
   262.83999999998684        2.1977547039917633     
   262.87999999998686        2.2595956638643155     
   262.91999999998689        2.3222160147627040     
   262.95999999998691        2.3855086063182842     
   262.99999999998693        2.4493582209246902     
   263.03999999998695        2.5136420006223061     
   263.07999999998697        2.5782299956735049     
   263.11999999998699        2.6429858310222700     
   263.15999999998701        2.7077674832075975     
   263.19999999998703        2.7724281567024129     
   263.23999999998705        2.8368172452578997     
   263.27999999998707        2.9007813608277808     
   263.31999999998709        2.9641654101965829     
   263.35999999998711        3.0268136976831226     
   263.39999999998713        3.0885710313408130     
   263.43999999998715        3.1492838099887468     
   263.47999999998717        3.2088010691891631     
   263.51999999998719        3.2669754658926342     
   263.55999999998721        3.3236641838086567     
   263.59999999998723        3.3787297444922770     
   263.63999999998725        3.4320407125038370     
   263.67999999998727        3.4834722866196568     
   263.71999999998729        3.5329067727647741     
   263.75999999998731        3.5802339379331820     
   263.79999999998734        3.6253512477057099     
   263.83999999998736        3.6681639929487417     
   263.87999999998738        3.7085853137897100     
   263.91999999998740        3.7465361309638352     
   263.95999999998742        3.7819449960902345     
   263.99999999998744        3.8147478733733626     
   264.03999999998746        3.8448878656709806     
   264.07999999998748        3.8723148978741397     
   264.11999999998750        3.8969853701712700     
   264.15999999998752        3.9188617930869949     
   264.19999999998754        3.9379124152669327     
   264.23999999998756        3.9541108538895751     
   264.27999999998758        3.9674357363860548     
   264.31999999998760        3.9778703608906714     
   264.35999999998762        3.9854023815725550     
   264.39999999998764        3.9900235237455641     
   264.43999999998766        3.9917293324441099     
   264.47999999998768        3.9905189570037116     
   264.51999999998770        3.9863949731064983     
   264.55999999998772        3.9793632427478718     
   264.59999999998774        3.9694328116513518     
   264.63999999998777        3.9566158428017886     
   264.67999999998779        3.9409275839788749     
   264.71999999998781        3.9223863664490537     
   264.75999999998783        3.9010136313113630     
   264.79999999998785        3.8768339793895872     
   264.83999999998787        3.8498752400198573     
   264.87999999998789        3.8201685536025485     
   264.91999999998791        3.7877484623757094     
   264.95999999998793        3.7526530035329149     
   264.99999999998795        3.7149237985622507     
   265.03999999998797        3.6746061325380941     
   265.07999999998799        3.6317490170675306     
   265.11999999998801        3.5864052306930478     
   265.15999999998803        3.5386313307960209     
   265.19999999998805        3.4884876314428492     
   265.23999999998807        3.4360381421751223     
   265.27999999998809        3.3813504634699965     
   265.31999999998811        3.3244956354839150     
   265.35999999998813        3.2655479377318950     
   265.39999999998815        3.2045846385282384     
   265.43999999998817        3.1416856942972347     
   265.47999999998819        3.0769334002214777     
   265.51999999998822        3.0104119950916122     
   265.55999999998824        2.9422072246104420     
   265.59999999998826        2.8724058687394738     
   265.63999999998828        2.8010952399094577     
   265.67999999998830        2.7283626600031408     
   265.71999999998832        2.6542949249176009     
   265.75999999998834        2.5789777661920685     
   265.79999999998836        2.5024953196211595     
   265.83999999998838        2.4249296109498979     
   265.87999999998840        2.3463600686643078     
   265.91999999998842        2.2668630735595801     
   265.95999999998844        2.1865115542072622     
   265.99999999998846        2.1053746366828321     
   266.03999999998848        2.0235173559911095     
   266.07999999998850        1.9410004355789150     
   266.11999999998852        1.8578801401928056     
   266.15999999998854        1.7742082061634135     
   266.19999999998856        1.6900318520112365     
   266.23999999998858        1.6053938710995059     
   266.27999999998860        1.5203328069276192     
   266.31999999998862        1.4348832105741303     
   266.35999999998864        1.3490759787626820     
   266.39999999998867        1.2629387700298942     
   266.43999999998869        1.1764964955056598     
   266.47999999998871        1.0897718798521014     
   266.51999999998873        1.0027860869222316     
   266.55999999998875       0.91555940366671773     
   266.59999999998877       0.82811197471245046     
   266.63999999998879       0.74046457884049033     
   266.67999999998881       0.65263943729268825     
   266.71999999998883       0.56466104243724835     
   266.75999999998885       0.47655699384050776     
   266.79999999998887       0.38835882726021675     
   266.83999999998889       0.30010282054981352     
   266.87999999998891       0.21183075901990311     
   266.91999999998893       0.12359064153910837     
   266.95999999998895        3.5437307686204900E-002
   266.99999999998897        5.2567034283595104E-002
   267.03999999998899       0.14035239889035378     
   267.07999999998901       0.22784075384383851     
   267.11999999998903       0.31494590748363871     
   267.15999999998905       0.40157356894975726     
   267.19999999998907       0.48762159351523182     
   267.23999999998910       0.57298042134114080     
   267.27999999998912       0.65753371292736218     
   267.31999999998914       0.74115917888144500     
   267.35999999998916       0.82372959553258385     
   267.39999999998918       0.90511399165655415     
   267.43999999998920       0.98517898547179850     
   267.47999999998922        1.0637902454577857     
   267.51999999998924        1.1408140437679908     
   267.55999999998926        1.2161188673586969     
   267.59999999998928        1.2895770496647583     
   267.63999999998930        1.3610663848718956     
   267.67999999998932        1.4304716876087942     
   267.71999999998934        1.4976862631530401     
   267.75999999998936        1.5626132568554154     
   267.79999999998938        1.6251668561965906     
   267.83999999998940        1.6852733243978526     
   267.87999999998942        1.7428718504799114     
   267.91999999998944        1.7979152067642175     
   267.95999999998946        1.8503702107259719     
   267.99999999998948        1.9002179935685670     
   268.03999999998950        1.9474540826870237     
   268.07999999998952        1.9920883091825319     
   268.11999999998955        2.0341445547091688     
   268.15999999998957        2.0736603541680201     
   268.19999999998959        2.1106863721568687     
   268.23999999998961        2.1452857717193106     
   268.27999999998963        2.1775334939262034     
   268.31999999998965        2.2075154662890433     
   268.35999999998967        2.2353277570756247     
   268.39999999998969        2.2610756913926973     
   268.43999999998971        2.2848729435243533     
   268.47999999998973        2.3068406185572368     
   268.51999999998975        2.3271063348539140     
   268.55999999998977        2.3458033175046324     
   268.59999999998979        2.3630695115286775     
   268.63999999998981        2.3790467223284053     
   268.67999999998983        2.3938797897288469     
   268.71999999998985        2.4077158008620643     
   268.75999999998987        2.4207033461711416     
   268.79999999998989        2.4329918219037698     
   268.83999999998991        2.4447307816289188     
   268.87999999998993        2.4560693385319947     
   268.91999999998995        2.4671556195158004     
   268.95999999998998        2.4781362714506177     
   268.99999999999000        2.4891560192735169     
   269.03999999999002        2.5003572750335143     
   269.07999999999004        2.5118797964166366     
   269.11999999999006        2.5238603927656929     
   269.15999999999008        2.5364326761371445     
   269.19999999999010        2.5497268545155212     
   269.23999999999012        2.5638695639378426     
   269.27999999999014        2.5789837359693237     
   269.31999999999016        2.5951884967190413     
   269.35999999999018        2.6125990933910312     
   269.39999999999020        2.6313268442318867     
   269.43999999999022        2.6514791076588464     
   269.47999999999024        2.6731592663298755     
   269.51999999999026        2.6964667219460763     
   269.55999999999028        2.7214968966529067     
   269.59999999999030        2.7483412370260250     
   269.63999999999032        2.7770872167858545     
   269.67999999999034        2.8078183345783025     
   269.71999999999036        2.8406141033839001     
   269.75999999999038        2.8755500283711286     
   269.79999999999040        2.9126975702897306     
   269.83999999999043        2.9521240918049636     
   269.87999999999045        2.9938927845036409     
   269.91999999999047        3.0380625746574847     
   269.95999999999049        3.0846880062098547     
   269.99999999999051        3.1338190998595383     
   270.03999999999053        3.1855011875517878     
   270.07999999999055        3.2397747221538031     
   270.11999999999057        3.2966750625908299     
   270.15999999999059        3.3562322352508258     
   270.19999999999061        3.4184706730300265     
   270.23999999999063        3.4834089339872358     
   270.27999999999065        3.5510594021979611     
   270.31999999999067        3.6214279740451554     
   270.35999999999069        3.6945137338434120     
   270.39999999999071        3.7703086233572916     
   270.43999999999073        3.8487971104283822     
   270.47999999999075        3.9299558625530855     
   270.51999999999077        4.0137534318344628     
   270.55999999999079        4.1001499582446659     
   270.59999999999081        4.1890968985553725     
   270.63999999999083        4.2805367885969634     
   270.67999999999086        4.3744030466671502     
   270.71999999999088        4.4706198259020127     
   270.75999999999090        4.5691019232246770     
   270.79999999999092        4.6697547520811291     
   270.83999999999094        4.7724743855464755     
   270.87999999999096        4.8771476755330596     
   270.91999999999098        4.9836524527572719     
   270.95999999999100        5.0918578108375323     
   270.99999999999102        5.2016244764241542     
   271.03999999999104        5.3128052656355900     
   271.07999999999106        5.4252456253366272     
   271.11999999999108        5.5387842559927751     
   271.15999999999110        5.6532538110273762     
   271.19999999999112        5.7684816658538942     
   271.23999999999114        5.8842907481160323     
   271.27999999999116        6.0005004192013898     
   271.31999999999118        6.1169273958534518     
   271.35999999999120        6.2333866997370215     
   271.39999999999122        6.3496926221484218     
   271.43999999999124       0.18247438354675338     
   271.47999999999126       0.29791831784162248     
   271.51999999999128       0.41265696093651261     
   271.55999999999131       0.52651117496325961     
   271.59999999999133       0.63930568929478115     
   271.63999999999135       0.75086989137918492     
   271.67999999999137       0.86103855156668629     
   271.71999999999139       0.96965247481480343     
   271.75999999999141        1.0765590737867019     
   271.79999999999143        1.1816128595279434     
   271.83999999999145        1.2846758475668070     
   271.87999999999147        1.3856178788857791     
   271.91999999999149        1.4843168567157408     
   271.95999999999151        1.5806589014759740     
   271.99999999999153        1.6745384273962076     
   272.03999999999155        1.7658581453933566     
   272.07999999999157        1.8545289976249804     
   272.11999999999159        1.9404700298005562     
   272.15999999999161        2.0236082078037514     
   272.19999999999163        2.1038781854726878     
   272.23999999999165        2.1812220305139443     
   272.27999999999167        2.2555889155062800     
   272.31999999999169        2.3269347808004959     
   272.35999999999171        2.3952219758625986     
   272.39999999999173        2.4604188852588185     
   272.43999999999176        2.5224995450630150     
   272.47999999999178        2.5814432549985256     
   272.51999999999180        2.6372341911249269     
   272.55999999999182        2.6898610233609990     
   272.59999999999184        2.7393165416119021     
   272.63999999999186        2.7855972937524429     
   272.67999999999188        2.8287032382185009     
   272.71999999999190        2.8686374134823041     
   272.75999999999192        2.9054056262394745     
   272.79999999999194        2.9390161597200692     
   272.83999999999196        2.9694795031542558     
   272.87999999999198        2.9968081030764484     
   272.91999999999200        3.0210161368394273     
   272.95999999999202        3.0421193084310465     
   272.99999999999204        3.0601346664389242     
   273.03999999999206        3.0750804437908741     
   273.07999999999208        3.0869759187085508     
   273.11999999999210        3.0958412961463830     
   273.15999999999212        3.1016976088451420     
   273.19999999999214        3.1045666370072653     
   273.23999999999216        3.1044708454974907     
   273.27999999999219        3.1014333373859642     
   273.31999999999221        3.0954778225805786     
   273.35999999999223        3.0866286002402434     
   273.39999999999225        3.0749105536207226     
   273.43999999999227        3.0603491559798019     
   273.47999999999229        3.0429704861593652     
   273.51999999999231        3.0228012524693577     
   273.55999999999233        2.9998688235237938     
   273.59999999999235        2.9742012647232885     
   273.63999999999237        2.9458273791435707     
   273.67999999999239        2.9147767516765088     
   273.71999999999241        2.8810797953807459     
   273.75999999999243        2.8447677991340266     
   273.79999999999245        2.8058729758393590     
   273.83999999999247        2.7644285106221091     
   273.87999999999249        2.7204686086641607     
   273.91999999999251        2.6740285425524180     
   273.95999999999253        2.6251446992692156     
   273.99999999999255        2.5738546272172638     
   274.03999999999257        2.5201970839458885     
   274.07999999999259        2.4642120855213223     
   274.11999999999261        2.4059409587529750     
   274.15999999999264        2.3454263977397418     
   274.19999999999266        2.2827125264239831     
   274.23999999999268        2.2178449690229680     
   274.27999999999270        2.1508709303346203     
   274.31999999999272        2.0818392879718366     
   274.35999999999274        2.0108006985528988     
   274.39999999999276        1.9378077197501322     
   274.43999999999278        1.8629149498616484     
   274.47999999999280        1.7861791862098755     
   274.51999999999282        1.7076596031764375     
   274.55999999999284        1.6274179500498767     
   274.59999999999286        1.5455187680893372     
   274.63999999999288        1.4620296252977238     
   274.67999999999290        1.3770213663626829     
   274.71999999999292        1.2905683740813196     
   274.75999999999294        1.2027488373616357     
   274.79999999999296        1.1136450196261645     
   274.83999999999298        1.0233435201765171     
   274.87999999999300       0.93193551986598999     
   274.91999999999302       0.83951700133364027     
   274.95999999999304       0.74618893314638335     
   274.99999999999307       0.65205740654845223     
   275.03999999999309       0.55723371320278137     
   275.07999999999311       0.46183435239476212     
   275.11999999999313       0.36598095671367004     
   275.15999999999315       0.26980012627340860     
   275.19999999999317       0.17342316310304123     
   275.23999999999319        7.6985699423012199E-002
   275.27999999999321        1.9372783911775326E-002
   275.31999999999323       0.11550954954558590     
   275.35999999999325       0.21127930379309129     
   275.39999999999327       0.30653499885134883     
   275.43999999999329       0.40112872757842799     
   275.47999999999331       0.49491269803810578     
   275.51999999999333       0.58774027200768741     
   275.55999999999335       0.67946704913183797     
   275.59999999999337       0.76995197652144376     
   275.63999999999339       0.85905846245154038     
   275.67999999999341       0.94665547247233239     
   275.71999999999343        1.0326185867302022     
   275.75999999999345        1.1168309985697387     
   275.79999999999347        1.1991844364748336     
   275.83999999999349        1.2795799939885044     
   275.87999999999352        1.3579288552791111     
   275.91999999999354        1.4341529073288892     
   275.95999999999356        1.5081852331379573     
   275.99999999999358        1.5799704836989394     
   276.03999999999360        1.6494651296574352     
   276.07999999999362        1.7166375964107430     
   276.11999999999364        1.7814682888212441     
   276.15999999999366        1.8439495136742114     
   276.19999999999368        1.9040853094671957     
   276.23999999999370        1.9618911940833592     
   276.27999999999372        2.0173938414024759     
   276.31999999999374        2.0706306979879754     
   276.35999999999376        2.1216495507164455     
   276.39999999999378        2.1705080556547123     
   276.43999999999380        2.2172732377082296     
   276.47999999999382        2.2620209696301377     
   276.51999999999384        2.3048354379544689     
   276.55999999999386        2.3458086023534825     
   276.59999999999388        2.3850396538626444     
   276.63999999999390        2.4226344764026106     
   276.67999999999392        2.4587051150814543     
   276.71999999999395        2.4933692538993015     
   276.75999999999397        2.5267497047107632     
   276.79999999999399        2.5589739086306276     
   276.83999999999401        2.5901734504924305     
   276.87999999999403        2.6204835864808840     
   276.91999999999405        2.6500427846479062     
   276.95999999999407        2.6789922776766049     
   276.99999999999409        2.7074756269656728     
   277.03999999999411        2.7356382968559503     
   277.07999999999413        2.7636272375999722     
   277.11999999999415        2.7915904754741545     
   277.15999999999417        2.8196767082438048     
   277.19999999999419        2.8480349040077533     
   277.23999999999421        2.8768139012690916     
   277.27999999999423        2.9061620079012815     
   277.31999999999425        2.9362265965077858     
   277.35999999999427        2.9671536935147573     
   277.39999999999429        2.9990875591996677     
   277.43999999999431        3.0321702557568999     
   277.47999999999433        3.0665412004500725     
   277.51999999999435        3.1023367009190368     
   277.55999999999437        3.1396894698183209     
   277.59999999999440        3.1787281161866359     
   277.63999999999442        3.2195766113085487     
   277.67999999999444        3.2623537273544883     
   277.71999999999446        3.3071724477979703     
   277.75999999999448        3.3541393495305458     
   277.79999999999450        3.4033539577424268     
   277.83999999999452        3.4549080760194424     
   277.87999999999454        3.5088850957248185     
   277.91999999999456        3.5653592905737872     
   277.95999999999458        3.6243951043408229     
   277.99999999999460        3.6860464418144687     
   278.03999999999462        3.7503559753627549     
   278.07999999999464        3.8173544816991676     
   278.11999999999466        3.8870602255276814     
   278.15999999999468        3.9594784085568158     
   278.19999999999470        4.0346007037517131     
   278.23999999999472        4.1124048954751427     
   278.27999999999474        4.1928546461903764     
   278.31999999999476        4.2758994095133041     
   278.35999999999478        4.3614745074913355     
   278.39999999999480        4.4495013869838829     
   278.43999999999482        4.5398880659184417     
   278.47999999999485        4.6325297750691474     
   278.51999999999487        4.7273097950075149     
   278.55999999999489        4.8241004812487978     
   278.59999999999491        4.9227644636797567     
   278.63999999999493        5.0231559994807178     
   278.67999999999495        5.1251224523553311     
   278.71999999999497        5.2285058653631857     
   278.75999999999499       0.95004071679480695     
   278.79999999999501       0.84431037264481656     
   278.83999999999503       0.73765252430320194     
   278.87999999999505       0.63023014952513146     
   278.91999999999507       0.52220363027494798     
   278.95999999999509       0.41372942764352783     
   278.99999999999511       0.30495891763766925     
   279.03999999999513       0.19603740867202624     
   279.07999999999515        8.7103354525486010E-002
   279.11999999999517        2.1712230686514511E-002
   279.15999999999519       0.13028615593823145     
   279.19999999999521       0.23850324192163164     
   279.23999999999523       0.34625632723071154     
   279.27999999999525       0.45344610899323201     
   279.31999999999528       0.55998083826955392     
   279.35999999999530       0.66577589284309779     
   279.39999999999532       0.77075325125797833     
   279.43999999999534       0.87484089221684103     
   279.47999999999536       0.97797214287014633     
   279.51999999999538        1.0800849982597243     
   279.55999999999540        1.1811214323817283     
   279.59999999999542        1.2810267191584699     
   279.63999999999544        1.3797487791925998     
   279.67999999999546        1.4772375656399084     
   279.71999999999548        1.5734444999773787     
   279.75999999999550        1.6683219659393407     
   279.79999999999552        1.7618228675060843     
   279.83999999999554        1.8539002545990031     
   279.87999999999556        1.9445070180936550     
   279.91999999999558        2.0335956539256332     
   279.95999999999560        2.1211180944444616     
   279.99999999999562        2.2070256037725118     
   280.03999999999564        2.2912687327497840     
   280.07999999999566        2.3737973280888438     
   280.11999999999568        2.4545605896225871     
   280.15999999999570        2.5335071689942859     
   280.19999999999573        2.6105853028060877     
   280.23999999999575        2.6857429730985847     
   280.27999999999577        2.7589280880678198     
   280.31999999999579        2.8300886761227484     
   280.35999999999581        2.8991730867290841     
   280.39999999999583        2.9661301919560019     
   280.43999999999585        3.0309095832200788     
   280.47999999999587        3.0934617583845112     
   280.51999999999589        3.1537382950988491     
   280.55999999999591        3.2116920070328581     
   280.59999999999593        3.2672770804461213     
   280.63999999999595        3.3204491893220998     
   280.67999999999597        3.3711655880632390     
   280.71999999999599        3.4193851814761551     
   280.75999999999601        3.4650685724595851     
   280.79999999999603        3.5081780884321896     
   280.83999999999605        3.5486777880949743     
   280.87999999999607        3.5865334506094193     
   280.91999999999609        3.6217125496854305     
   280.95999999999611        3.6541842154133013     
   280.99999999999613        3.6839191869432684     
   281.03999999999616        3.7108897593186088     
   281.07999999999618        3.7350697279082747     
   281.11999999999620        3.7564343339677961     
   281.15999999999622        3.7749602148877779     
   281.19999999999624        3.7906253626723787     
   281.23999999999626        3.8034090941294960     
   281.27999999999628        3.8132920361527889     
   281.31999999999630        3.8202561293343456     
   281.35999999999632        3.8242846529656349     
   281.39999999999634        3.8253622742614253     
   281.43999999999636        3.8234751243731111     
   281.47999999999638        3.8186109034392839     
   281.51999999999640        3.8107590165459437     
   281.55999999999642        3.7999107420289677     
   281.59999999999644        3.7860594330391741     
   281.63999999999646        3.7692007526973867     
   281.67999999999648        3.7493329424857533     
   281.71999999999650        3.7264571227463099     
   281.75999999999652        3.7005776232850724     
   281.79999999999654        3.6717023411102474     
   281.83999999999656        3.6398431212720368     
   281.87999999999658        3.6050161556309481     
   281.91999999999661        3.5672423931811155     
   281.95999999999663        3.5265479543234157     
   281.99999999999665        3.4829645402580907     
   282.03999999999667        3.4365298274962610     
   282.07999999999669        3.3872878364315797     
   282.11999999999671        3.3352892620332955     
   282.15999999999673        3.2805917540920753     
   282.19999999999675        3.2232601341446960     
   282.23999999999677        3.1633665362960190     
   282.27999999999679        3.1009904597118205     
   282.31999999999681        3.0362187216258576     
   282.35999999999683        2.9691453013204518     
   282.39999999999685        2.8998710677066817     
   282.43999999999687        2.8285033858211457     
   282.47999999999689        2.7551556007087270     
   282.51999999999691        2.6799464006764153     
   282.55999999999693        2.6029990656491266     
   282.59999999999695        2.5244406101733432     
   282.63999999999697        2.4444008343171144     
   282.67999999999699        2.3630112991164114     
   282.71999999999701        2.2804042461344962     
   282.75999999999704        2.1967114829691408     
   282.79999999999706        2.1120632580318657     
   282.83999999999708        2.0265871485478657     
   282.87999999999710        1.9404069854509287     
   282.91999999999712        1.8536418376952417     
   282.95999999999714        1.7664050765495332     
   282.99999999999716        1.6788035377989292     
   283.03999999999718        1.5909367966128865     
   283.07999999999720        1.5028965663233569     
   283.11999999999722        1.4147662286845406     
   283.15999999999724        1.3266204995376905     
   283.19999999999726        1.2385252303474350     
   283.23999999999728        1.1505373429488521     
   283.27999999999730        1.0627048921521447     
   283.31999999999732       0.97506724866275207     
   283.35999999999734       0.88765539312085417     
   283.39999999999736       0.80049231094367701     
   283.43999999999738       0.71359347703589804     
   283.47999999999740       0.62696741926411925     
   283.51999999999742       0.54061634980073792     
   283.55999999999744       0.45453685395052634     
   283.59999999999746       0.36872062679561735     
   283.63999999999749       0.28315524884778664     
   283.67999999999751       0.19782499280189314     
   283.71999999999753       0.11271165436936315     
   283.75999999999755        2.7795400973169571E-002
   283.79999999999757        5.6944367246286598E-002
   283.83999999999759       0.14152814917294165     
   283.87999999999761       0.22597547197696510     
   283.91999999999763       0.31030402260812373     
   283.95999999999765       0.39452878640331401     
   283.99999999999767       0.47866119809104668     
   284.03999999999769       0.56270831108903696     
   284.07999999999771       0.64667199179025414     
   284.11999999999773       0.73054814647818267     
   284.15999999999775       0.81432598955154778     
   284.19999999999777       0.89798736280825708     
   284.23999999999779       0.98150611656242370     
   284.27999999999781        1.0648475642623090     
   284.31999999999783        1.1479680229494338     
   284.35999999999785        1.2308144522560787     
   284.39999999999787        1.3133242045887965     
   284.43999999999789        1.3954248986076756     
   284.47999999999791        1.4770344270198181     
   284.51999999999794        1.5580611080201694     
   284.55999999999796        1.6384039874244463     
   284.59999999999798        1.7179532956762733     
   284.63999999999800        1.7965910605442215     
   284.67999999999802        1.8741918725672320     
   284.71999999999804        1.9506237963115727     
   284.75999999999806        2.0257494164542869     
   284.79999999999808        2.0994270038140441     
   284.83999999999810        2.1715117829248678     
   284.87999999999812        2.2418572797967946     
   284.91999999999814        2.3103167263095767     
   284.95999999999816        2.3767444963786764     
   284.99999999999818        2.4409975487001128     
   285.03999999999820        2.5029368515424020     
   285.07999999999822        2.5624287666647523     
   285.11999999999824        2.6193463718933794     
   285.15999999999826        2.6735707050214619     
   285.19999999999828        2.7249919153118118     
   285.23999999999830        2.7735103127497815     
   285.27999999999832        2.8190373090857022     
   285.31999999999834        2.8614962483998490     
   285.35999999999837        2.9008231282221337     
   285.39999999999839        2.9369672149833081     
   285.43999999999841        2.9698915596483344     
   285.47999999999843        2.9995734207173359     
   285.51999999999845        3.0260046023547673     
   285.55999999999847        3.0491917152478107     
   285.59999999999849        3.0691563669655304     
   285.63999999999851        3.0859352871901233     
   285.67999999999853        3.0995803913469389     
   285.71999999999855        3.1101587840171696     
   285.75999999999857        3.1177527012357271     
   285.79999999999859        3.1224593885222647     
   285.83999999999861        3.1243909094304794     
   285.87999999999863        3.1236738776866275     
   285.91999999999865        3.1204491047645924     
   285.95999999999867        3.1148711541311176     
   285.99999999999869        3.1071077934799889     
   286.03999999999871        3.0973393371094535     
   286.07999999999873        3.0857578721904675     
   286.11999999999875        3.0725663649833628     
   286.15999999999877        3.0579776459956127     
   286.19999999999879        3.0422132764930225     
   286.23999999999882        3.0255023024970100     
   286.27999999999884        3.0080799062045762     
   286.31999999999886        2.9901859684186425     
   286.35999999999888        2.9720635588359028     
   286.39999999999890        2.9539573736851876     
   286.43999999999892        2.9361121420546894     
   286.47999999999894        2.9187710231563178     
   286.51999999999896        2.9021740166795822     
   286.55999999999898        2.8865564072869523     
   286.59999999999900        2.8721472622714912     
   286.63999999999902        2.8591679985764422     
   286.67999999999904        2.8478310319618743     
   286.71999999999906        2.8383385173317590     
   286.75999999999908        2.8308811853640221     
   286.79999999999910        2.8256372768765639     
   286.83999999999912        2.8227715730589500     
   286.87999999999914        2.8224345170163496     
   286.91999999999916        2.8247614201799864     
   286.95999999999918        2.8298717461561349     
   286.99999999999920        2.8378684645761449     
   287.03999999999922        2.8488374684779174     
   287.07999999999925        2.8628470506416246     
   287.11999999999927        2.8799474370112517     
   287.15999999999929        2.9001703786987996     
   287.19999999999931        2.9235288078825161     
   287.23999999999933        2.9500165669256280     
   287.27999999999935        2.9796082239748198     
   287.31999999999937        3.0122589918411466     
   287.35999999999939        3.0479047698023125     
   287.39999999999941        3.0864623297829130     
   287.43999999999943        3.1278296688844862     
   287.47999999999945        3.1718865492186850     
   287.51999999999947        3.2184952432917675     
   287.55999999999949        3.2675014987484268     
   287.59999999999951        3.3187357301847475     
   287.63999999999953        3.3720144381992410     
   287.67999999999955        3.4271418472226576     
   287.71999999999957        3.4839117444327221     
   287.75999999999959        3.5421094927968251     
   287.79999999999961        3.6015141826242036     
   287.83999999999963        3.6619008785768803     
   287.87999999999965        2.5601423937288605     
   287.91999999999967        2.4984711305398708     
   287.95999999999970        2.4364939628632314     
   287.99999999999972        2.3744293070982496     
   288.03999999999974        2.3124887081462129     
   288.07999999999976        2.2508750726060960     
   288.11999999999978        2.1897811318596636     
   288.15999999999980        2.1293881584804240     
   288.19999999999982        2.0698649497005963     
   288.23999999999984        2.0113670820628733     
   288.27999999999986        1.9540364324086477     
   288.31999999999988        1.8980009524477981     
   288.35999999999990        1.8433746776266311     
   288.39999999999992        1.7902579460355106     
   288.43999999999994        1.7387377997237965     
   288.47999999999996        1.6888885389544930     
   288.51999999999998        1.6407723994861581     
   288.56000000000000        1.5944403237081788     
   288.60000000000002        1.5499327981385642     
   288.64000000000004        1.5072807321735937     
   288.68000000000006        1.4665063558191551     
   288.72000000000008        1.4276241172215955     
   288.76000000000010        1.3906415639710388     
   288.80000000000013        1.3555601952282395     
   288.84000000000015        1.3223762746193510     
   288.88000000000017        1.2910815964774751     
   288.92000000000019        1.2616642003411740     
   288.96000000000021        1.2341090306283973     
   289.00000000000023        1.2083985400888975     
   289.04000000000025        1.1845132370127733     
   289.08000000000027        1.1624321772606576     
   289.12000000000029        1.1421334030115000     
   289.16000000000031        1.1235943307291292     
   289.20000000000033        1.1067920912615636     
   289.24000000000035        1.0917038252391507     
   289.28000000000037        1.0783069370585405     
   289.32000000000039        1.0665793107559569     
   289.36000000000041        1.0564994910086485     
   289.40000000000043        1.0480468323780463     
   289.44000000000045        1.0412016197390468     
   289.48000000000047        1.0359451626411156     
   289.52000000000049        1.0322598661300391     
   289.56000000000051        1.0301292803333042     
   289.60000000000053        1.0295381308844238     
   289.64000000000055        1.0304723320375300     
   289.68000000000058        1.0329189841073565     
   289.72000000000060        1.0368663566643175     
   289.76000000000062        1.0423038587218616     
   289.80000000000064        1.0492219969751080     
   289.84000000000066        1.0576123229868402     
   289.88000000000068        1.0674673700698456     
   289.92000000000070        1.0787805804836141     
   289.96000000000072        1.0915462234487370     
   290.00000000000074        1.1057593043840117     
   290.04000000000076        1.1214154656893669     
   290.08000000000078        1.1385108793322312     
   290.12000000000080        1.1570421314461052     
   290.16000000000082        1.1770060991179001     
   290.20000000000084        1.1983998195253656     
   290.24000000000086        1.2212203515878359     
   290.28000000000088        1.2454646303129024     
   290.32000000000090        1.2711293140587432     
   290.36000000000092        1.2982106249868766     
   290.40000000000094        1.3267041830532627     
   290.44000000000096        1.3566048339768888     
   290.48000000000098        1.3879064717339680     
   290.52000000000100        1.4206018562521274     
   290.56000000000103        1.4546824271215293     
   290.60000000000105        1.4901381142972645     
   290.64000000000107        1.5269571469376966     
   290.68000000000109        1.5651258617040469     
   290.72000000000111        1.6046285120340813     
   290.76000000000113        1.6454470800932159     
   290.80000000000115        1.6875610932948124     
   290.84000000000117        1.7309474474622339     
   290.88000000000119        1.7755802388719646     
   290.92000000000121        1.8214306075627187     
   290.96000000000123        1.8684665944123675     
   291.00000000000125        1.9166530145648957     
   291.04000000000127        1.9659513498255117     
   291.08000000000129        2.0163196626258459     
   291.12000000000131        2.0677125340859739     
   291.16000000000133        2.1200810285598419     
   291.20000000000135        2.1733726868412129     
   291.24000000000137        2.2275315499259993     
   291.28000000000139        2.2824982148737347     
   291.32000000000141        2.3382099238884528     
   291.36000000000143        2.3946006872529098     
   291.40000000000146        2.4516014402083566     
   291.44000000000148        2.5091402332864567     
   291.48000000000150        2.5671424549846629     
   291.52000000000152        2.6255310850481561     
   291.56000000000154        2.6842269759986612     
   291.60000000000156        2.7431491599527673     
   291.64000000000158        2.8022151772195514     
   291.68000000000160        2.8613414226784735     
   291.72000000000162        2.9204435055312188     
   291.76000000000164        2.9794366177103480     
   291.80000000000166        3.0382359060249708     
   291.84000000000168        3.1864284641427800     
   291.88000000000170        3.1282697154873071     
   291.92000000000172        3.0705559482932316     
   291.96000000000174        3.0133685737836755     
   292.00000000000176        2.9567873031950316     
   292.04000000000178        2.9008898532462526     
   292.08000000000180        2.8457516784033077     
   292.12000000000182        2.7914457325819408     
   292.16000000000184        2.7380422623200786     
   292.20000000000186        2.6856086328253319     
   292.24000000000188        2.6342091876819991     
   292.28000000000191        2.5839051424032387     
   292.32000000000193        2.5347545114530075     
   292.36000000000195        2.4868120678515533     
   292.40000000000197        2.4401293340275596     
   292.44000000000199        2.3947546021961554     
   292.48000000000201        2.3507329822287764     
   292.52000000000203        2.3081064747392563     
   292.56000000000205        2.2669140669391612     
   292.60000000000207        2.2271918487106293     
   292.64000000000209        2.1889731463017021     
   292.68000000000211        2.1522886710607820     
   292.72000000000213        2.1171666806862044     
   292.76000000000215        2.0836331505661692     
   292.80000000000217        2.0517119529156878     
   292.84000000000219        2.0214250415730914     
   292.88000000000221        1.9927926404918315     
   292.92000000000223        1.9658334341471735     
   292.96000000000225        1.9405647582660879     
   293.00000000000227        1.9170027894769466     
   293.04000000000229        1.8951627326593152     
   293.08000000000231        1.8750590049495564     
   293.12000000000234        1.8567054155223093     
   293.16000000000236        1.8401153404190351     
   293.20000000000238        1.8253018918311390     
   293.24000000000240        1.8122780813656361     
   293.28000000000242        1.8010569769253069     
   293.32000000000244        1.7916518529224847     
   293.36000000000246        1.7840763336160437     
   293.40000000000248        1.7783445294149507     
   293.44000000000250        1.7744711660292685     
   293.48000000000252        1.7724717063710902     
   293.52000000000254        1.7723624651140062     
   293.56000000000256        1.7741607158107260     
   293.60000000000258        1.7778847904448229     
   293.64000000000260        1.7835541712545218     
   293.68000000000262        1.7911895746142990     
   293.72000000000264        1.8008130266940015     
   293.76000000000266        1.8124479305353505     
   293.80000000000268        1.8261191240921897     
   293.84000000000270        1.8418529286737499     
   293.88000000000272        1.8596771871096389     
   293.92000000000274        1.8796212908214436     
   293.96000000000276        1.9017161948390371     
   294.00000000000279        1.9259944196405285     
   294.04000000000281        1.9524900385240898     
   294.08000000000283        1.9812386490389902     
   294.12000000000285        2.0122773268139511     
   294.16000000000287        2.0456445599259894     
   294.20000000000289        2.0813801617558467     
   294.24000000000291        2.1195251600815772     
   294.28000000000293        2.1601216599759034     
   294.32000000000295        2.2032126779033030     
   294.36000000000297        2.2488419442688858     
   294.40000000000299        2.2970536715647301     
   294.44000000000301        2.3478922852042707     
   294.48000000000303        2.4014021141482402     
   294.52000000000305        2.4576270385253371     
   294.56000000000307        2.5166100916589205     
   294.60000000000309        2.5783930142511378     
   294.64000000000311        2.6430157589735019     
   294.68000000000313        2.7105159443940687     
   294.72000000000315        2.7809282580618393     
   294.76000000000317        2.8542838096921592     
   294.80000000000319        2.9306094367716096     
   294.84000000000322        3.0099269665385799     
   294.88000000000324        3.0922524401969600     
   294.92000000000326        3.1775953073710674     
   294.96000000000328        3.2659576011772726     
   295.00000000000330        3.3573331068162773     
   295.04000000000332        3.4517065391982120     
   295.08000000000334        3.5490527476908942     
   295.12000000000336        3.6493359684913926     
   295.16000000000338        3.7525091471977916     
   295.20000000000340        3.8585133557161000     
   295.24000000000342        3.9672773284795246     
   295.28000000000344        4.0787171428885678     
   295.32000000000346        4.1927360677242111     
   295.36000000000348        4.3092246009053605     
   295.40000000000350        4.4280607142780433     
   295.44000000000352        4.5491103181397872     
   295.48000000000354        4.6722279520158310     
   295.52000000000356        4.7972577010169699     
   295.56000000000358        4.9240343292279727     
   295.60000000000360        5.0523846133987238     
   295.64000000000362        5.1821288522026432     
   295.68000000000364       0.97010278819348406     
   295.72000000000367       0.83812728743402543     
   295.76000000000369       0.70531879371241912     
   295.80000000000371       0.57186555790103888     
   295.84000000000373       0.43795343288661126     
   295.88000000000375       0.30376413956403370     
   295.92000000000377       0.16947364756634087     
   295.96000000000379        3.5250706217856087E-002
   296.00000000000381        9.8744445608589304E-002
   296.04000000000383       0.23236116978570209     
   296.08000000000385       0.36545930659761183     
   296.12000000000387       0.49790983510055631     
   296.16000000000389       0.62959531909826771     
   296.20000000000391       0.76041014838101495     
   296.24000000000393       0.89026059047545514     
   296.28000000000395        1.0190646724636259     
   296.32000000000397        1.1467519154004076     
   296.36000000000399        1.2732629455272342     
   296.40000000000401        1.3985490069558817     
   296.44000000000403        1.5225713999416499     
   296.48000000000405        1.6453008674726401     
   296.52000000000407        1.7667169508749572     
   296.56000000000409        1.8868073326721719     
   296.60000000000412        2.0055671822244374     
   296.64000000000414        2.1229985168674848     
   296.68000000000416        2.2391095885050163     
   296.72000000000418        2.3539143029810350     
   296.76000000000420        2.4674316771442215     
   296.80000000000422        2.5796853363618362     
   296.84000000000424        2.6907030533709895     
   296.88000000000426        2.8005163277779244     
   296.92000000000428        2.9091600042247192     
   296.96000000000430        3.0166719262210910     
   297.00000000000432        3.1230926218636306     
   297.04000000000434        3.2284650171087983     
   297.08000000000436        3.3328341719007639     
   297.12000000000438        3.4362470342522418     
   297.16000000000440        3.5387522073089839     
   297.20000000000442        3.6403997244720272     
   297.24000000000444        3.7412408277847971     
   297.28000000000446        3.8413277449967720     
   297.32000000000448        3.9407134609772658     
   297.36000000000450        4.0394514794612784     
   297.40000000000452        4.1375955714570924     
   297.44000000000455        4.2351995070284731     
   297.48000000000457        4.3323167675821113     
   297.52000000000459        4.4290002362451304     
   297.56000000000461        4.5253018644121115     
   297.60000000000463        4.6212723130818043     
   297.64000000000465        4.7169605681974076     
   297.68000000000467        4.8124135298579516     
   297.72000000000469        4.9076755759887156     
   297.76000000000471        5.0027881018508236     
   297.80000000000473        5.0977890376369883     
   297.84000000000475        5.1927123473409154     
   297.88000000000477        5.2875875130964687     
   297.92000000000479        5.3824390102477047     
   297.96000000000481        5.4772857795136449     
   298.00000000000483        5.5721407037256094     
   298.04000000000485        5.6670100977049032     
   298.08000000000487        5.7618932208710838     
   298.12000000000489        5.8567818230741420     
   298.16000000000491        5.9516597348692981     
   298.20000000000493        6.0465025139378046     
   298.24000000000495        6.1412771595368429     
   298.28000000000497        6.2359419066747082     
   298.32000000000500        6.3304461111000228     
   298.36000000000502        6.4247302351248532     
   298.40000000000504        6.5187259427488389     
   298.44000000000506        6.6123563105164092     
   298.48000000000508        6.7055361580511326     
   298.52000000000510        6.7981724993301551     
   298.56000000000512        6.8901651125784635     
   298.60000000000514        6.9814072232967073     
   298.64000000000516        7.0717862915305982     
   298.68000000000518        7.1611848912031588     
   298.72000000000520        7.2494816663276573     
   298.76000000000522        7.3365523463573510     
   298.80000000000524        7.4222708009486187     
   298.84000000000526        7.5065101131281828     
   298.88000000000528        1.3059583421563321     
   298.92000000000530        1.3868607979114205     
   298.96000000000532        1.4659091989031794     
   299.00000000000534        1.5429838390753905     
   299.04000000000536        1.6179691396512692     
   299.08000000000538        1.6907544159010572     
   299.12000000000540        1.7612345416309561     
   299.16000000000543        1.8293105047077942     
   299.20000000000545        1.8948898502686347     
   299.24000000000547        1.9578870114524398     
   299.28000000000549        2.0182235304078278     
   299.32000000000551        2.0758281748803666     
   299.36000000000553        2.1306369577987061     
   299.40000000000555        2.1825930689256774     
   299.44000000000557        2.2316467288112030     
   299.48000000000559        2.2777549759960456     
   299.52000000000561        2.3208813987061974     
   299.56000000000563        2.3609958221984098     
   299.60000000000565        2.3980739625280680     
   299.64000000000567        2.4320970568752394     
   299.68000000000569        2.4630514797467571     
   299.72000000000571        2.4909283534314972     
   299.76000000000573        2.5157231600763135     
   299.80000000000575        2.5374353617176539     
   299.84000000000577        2.5560680335867265     
   299.88000000000579        2.5716275150338817     
   299.92000000000581        2.5841230815125371     
   299.96000000000583        2.5935666402392030     
   300.00000000000585        2.5999724514125218     
   300.04000000000588        2.6033568762342334     
   300.08000000000590        2.6037381524278689     
   300.12000000000592        2.6011361974930711     
   300.16000000000594        2.5955724395586879     
   300.20000000000596        2.5870696753986704     
   300.24000000000598        2.5756519549429120     
   300.28000000000600        2.5613444914417345     
   300.32000000000602        2.5441735963188936     
   300.36000000000604        2.5241666376651768     
   300.40000000000606        2.5013520212747675     
   300.44000000000608        2.4757591931018785     
   300.48000000000610        2.4474186620086895     
   300.52000000000612        2.4163620416809160     
   300.56000000000614        2.3826221105984571     
   300.60000000000616        2.3462328889602317     
   300.64000000000618        2.3072297314696746     
   300.68000000000620        2.2656494348860488     
   300.72000000000622        2.2215303592328910     
   300.76000000000624        2.1749125615250948     
   300.80000000000626        2.1258379408273402     
   300.84000000000628        2.0743503933864584     
   300.88000000000631        2.0204959764868708     
   300.92000000000633        1.9643230795604385     
   300.96000000000635        1.9058826009393997     
   301.00000000000637        1.8452281284742538     
   301.04000000000639        1.7824161220490911     
   301.08000000000641        1.7175060958179940     
   301.12000000000643        1.6505607977621690     
   301.16000000000645        1.5816463839343671     
   301.20000000000647        1.5108325845226214     
   301.24000000000649        1.4381928586386954     
   301.28000000000651        1.3638045345289034     
   301.32000000000653        1.2877489317286150     
   301.36000000000655        1.2101114615504232     
   301.40000000000657        1.1309817022240702     
   301.44000000000659        1.0504534450083594     
   301.48000000000661       0.96862470768547204     
   301.52000000000663       0.88559771203902049     
   301.56000000000665       0.80147882221910016     
   301.60000000000667       0.71637844131762085     
   301.64000000000669       0.63041086401804869     
   301.68000000000671       0.54369408384309503     
   301.72000000000673       0.45634955429376711     
   301.76000000000676       0.36850190403934979     
   301.80000000000678       0.28027860725993459     
   301.84000000000680       0.19180961123482518     
   301.88000000000682       0.10322692428030456     
   301.92000000000684        1.4664168133789068E-002
   301.96000000000686        7.3743900178907196E-002
   302.00000000000688       0.16186189110815519     
   302.04000000000690       0.24955430337068885     
   302.08000000000692       0.33668605559687426     
   302.12000000000694       0.42312302128924456     
   302.16000000000696       0.50873255937253914     
   302.20000000000698       0.59338403265463036     
   302.24000000000700       0.67694930677023146     
   302.28000000000702       0.75930322263594929     
   302.32000000000704       0.84032403608795914     
   302.36000000000706       0.91989381917642832     
   302.40000000000708       0.99789881852169193     
   302.44000000000710        1.0742297671597481     
   302.48000000000712        1.1487821473803659     
   302.52000000000714        1.2214564031514845     
   302.56000000000716        1.2921581017920123     
   302.60000000000719        1.3607980455687025     
   302.64000000000721        1.4272923348234841     
   302.68000000000723        1.4915623850633932     
   302.72000000000725        1.5535349011503006     
   302.76000000000727        1.6131418123025871     
   302.80000000000729        1.6703201720624232     
   302.84000000000731        1.7250120276924714     
   302.88000000000733        1.7771642636513270     
   302.92000000000735        1.8267284238681509     
   302.96000000000737        1.8736605175067251     
   303.00000000000739        1.9179208127921368     
   303.04000000000741        1.9594736232848478     
   303.08000000000743        1.9982870907423300     
   303.12000000000745        2.0343329684223121     
   303.16000000000747        2.0675864083674043     
   303.20000000000749        2.0980257558802311     
   303.24000000000751        2.1256323540612101     
   303.28000000000753        2.1503903609458921     
   303.32000000000755        2.1722865814514858     
   303.36000000000757        2.1913103160271206     
   303.40000000000759        2.2074532276022412     
   303.44000000000761        2.2207092281432024     
   303.48000000000764        2.2310743858594391     
   303.52000000000766        2.2385468538459454     
   303.56000000000768        2.2431268207058874     
   303.60000000000770        2.2448164834628228     
   303.64000000000772        2.2436200428426019     
   303.68000000000774        2.2395437207766991     
   303.72000000000776        2.2325957997474943     
   303.76000000000778        2.2227866833580996     
   303.80000000000780        2.2101289772612880     
   303.84000000000782        2.1946375893211143     
   303.88000000000784        2.1763298476049275     
   303.92000000000786        2.1552256345117389     
   303.96000000000788        2.1313475350357289     
   304.00000000000790        2.1047209968428846     
   304.04000000000792        2.0753744995080079     
   304.08000000000794        2.0433397299240310     
   304.12000000000796        2.0086517605632315     
   304.16000000000798        1.9713492269499655     
   304.20000000000800        1.9314745004084144     
   304.24000000000802        1.8890738518897430     
   304.28000000000804        1.8441976024757176     
   304.32000000000806        1.7969002560158707     
   304.36000000000809        1.7472406092988229     
   304.40000000000811        1.6952818352009982     
   304.44000000000813        1.6410915344119861     
   304.48000000000815        1.5847417516171722     
   304.52000000000817        1.5263089524333999     
   304.56000000000819        1.4658739579463231     
   304.60000000000821        1.4035218343871849     
   304.64000000000823        1.3393417363041877     
   304.68000000000825        1.2734267025148363     
   304.72000000000827        1.2058734051491344     
   304.76000000000829        1.1367818531813036     
   304.80000000000831        1.0662550529659469     
   304.84000000000833       0.99439862940507739     
   304.88000000000835       0.92132041243413232     
   304.92000000000837       0.84712999448633686     
   304.96000000000839       0.77193826543548649     
   305.00000000000841       0.69585693219128930     
   305.04000000000843       0.61899803059891745     
   305.08000000000845       0.54147343755355071     
   305.12000000000847       0.46339439126914811     
   305.16000000000849       0.38487102743654139     
   305.20000000000852       0.30601193857780007     
   305.24000000000854       0.22692376327027119     
   305.28000000000856       0.14771081110214890     
   305.32000000000858        6.8474728266382678E-002
   305.36000000000860        1.0685792359332202E-002
   305.40000000000862        8.9675253919686337E-002
   305.44000000000864       0.16840154948961994     
   305.48000000000866       0.24677610671587635     
   305.52000000000868       0.32471398378682959     
   305.56000000000870       0.40213391829775125     
   305.60000000000872       0.47895833143731292     
   305.64000000000874       0.55511329064784243     
   305.68000000000876       0.63052843449576779     
   305.72000000000878       0.70513686392562225     
   305.76000000000880       0.77887500436285917     
   305.80000000000882       0.85168244328464149     
   305.84000000000884       0.92350174790497386     
   305.88000000000886       0.99427826753537052     
   305.92000000000888        1.0639599250010057     
   305.96000000000890        1.1324970012322964     
   306.00000000000892        1.1998419168306145     
   306.04000000000894        1.2659490140411953     
   306.08000000000897        1.3307743421721310     
   306.12000000000899        1.3942754490898821     
   306.16000000000901        1.4564111810115663     
   306.20000000000903        1.5171414924130429     
   306.24000000000905        1.5764272674883189     
   306.28000000000907        1.6342301542369908     
   306.32000000000909        1.6905124119276094     
   306.36000000000911        1.7452367723897224     
   306.40000000000913        1.7983663153283413     
   306.44000000000915        1.8498643576329055     
   306.48000000000917        1.8996943564687809     
   306.52000000000919        1.9478198257924115     
   306.56000000000921        1.9942042658203194     
   306.60000000000923        2.0388111049056099     
   306.64000000000925        2.0816036532315056     
   306.68000000000927        2.1225450677175011     
   306.72000000000929        2.1615983275475923     
   306.76000000000931        2.1987262197691848     
   306.80000000000933        2.2338913344731730     
   306.84000000000935        2.2670560691477202     
   306.88000000000937        2.2981826418978293     
   306.92000000000940        2.3272331133373529     
   306.96000000000942        2.3541694170869247     
   307.00000000000944        2.3789533989478904     
   307.04000000000946        2.4015468649658782     
   307.08000000000948        2.4219116387454469     
   307.12000000000950        2.4400096285262971     
   307.16000000000952        2.4558029046787109     
   307.20000000000954        2.4692537884177321     
   307.24000000000956        2.4803249526683624     
   307.28000000000958        2.4889795361334794     
   307.32000000000960        2.4951812717176023     
   307.36000000000962        2.4988946305376976     
   307.40000000000964        2.5000849828010381     
   307.44000000000966        2.4987187768430426     
   307.48000000000968        2.4947637375877698     
   307.52000000000970        2.4881890856123712     
   307.56000000000972        2.4789657778558065     
   307.60000000000974        2.4670667708026999     
   307.64000000000976        2.4524673066863283     
   307.68000000000978        2.4351452228818182     
   307.72000000000980        2.4150812841937350     
   307.76000000000982        2.3922595371750406     
   307.80000000000985        2.3666676849427120     
   307.84000000000987        2.3382974801782059     
   307.88000000000989        2.3071451331218480     
   307.92000000000991        2.2732117303977857     
   307.96000000000993        2.2365036594558685     
   308.00000000000995        2.1970330323116229     
   308.04000000000997        2.1548181011370700     
   308.08000000000999        2.1098836571441142     
   308.12000000001001        2.0622614031585078     
   308.16000000001003        2.0119902893641353     
   308.20000000001005        1.9591168009698858     
   308.24000000001007        1.9036951860841880     
   308.28000000001009        1.8457876119458407     
   308.32000000001011        1.7854642379207928     
   308.36000000001013        1.7228031943903914     
   308.40000000001015        1.6578904578696312     
   308.44000000001017        1.5908196144249422     
   308.48000000001019        1.5216915057040907     
   308.52000000001021        1.4506137546084605     
   308.56000000001023        1.3777001707592289     
   308.60000000001025        1.3030700393288770     
   308.64000000001028        1.2268473003925111     
   308.68000000001030        1.1491596295396527     
   308.72000000001032        1.0701374339012688     
   308.76000000001034       0.98991278081008027     
   308.80000000001036       0.90861827885531132     
   308.84000000001038       0.82638593296946794     
   308.88000000001040       0.74334599628272902     
   308.92000000001042       0.65962584173271277     
   308.96000000001044       0.57534887580661875     
   309.00000000001046       0.49063351535372823     
   309.04000000001048       0.40559224622253109     
   309.08000000001050       0.32033077967355861     
   309.12000000001052       0.23494731925285062     
   309.16000000001054       0.14953194725690311     
   309.20000000001056        6.4166136258216433E-002
   309.24000000001058        2.1077612436156246E-002
   309.28000000001060       0.10613600489833885     
   309.32000000001062       0.19095506980252996     
   309.36000000001064       0.27549015988478054     
   309.40000000001066       0.35970584885706103     
   309.44000000001068       0.44357573455487787     
   309.48000000001070       0.52708216013534304     
   309.52000000001073       0.61021586568521435     
   309.56000000001075       0.69297558269474968     
   309.60000000001077       0.77536758356539903     
   309.64000000001079       0.85740519771698587     
   309.68000000001081       0.93910830501481191     
   309.72000000001083        1.0205028162185661     
   309.76000000001085        1.1016201490270472     
   309.80000000001087        1.1824967071117829     
   309.84000000001089        1.2631733683458788     
   309.88000000001091        1.3436949872797308     
   309.92000000001093        1.4241099158210635     
   309.96000000001095        1.5044695450632015     
   310.00000000001097        1.5848278702849443     
   310.04000000001099        1.6652410803239321     
   310.08000000001101        1.7457671718038246     
   310.12000000001103        1.8264655880707443     
   310.16000000001105        1.9073968821602332     
   310.20000000001107        1.9886224026642840     
   310.24000000001109        2.0702040009897811     
   310.28000000001111        2.1522037581852089     
   310.32000000001113        2.2346837292524060     
   310.36000000001115        2.3177057026455126     
   310.40000000001118        2.4013309724822243     
   310.44000000001120        2.4856201208462907     
   310.48000000001122        2.5706328074396523     
   310.52000000001124        2.6564275637439940     
   310.56000000001126        2.7430615887729788     
   310.60000000001128        2.8305905434378453     
   310.64000000001130        2.9190683405123816     
   310.68000000001132        3.0085469271723597     
   310.72000000001134        3.0990760571052718     
   310.76000000001136        3.1907030492466539     
   310.80000000001138        3.2834725303093553     
   310.84000000001140        3.3774261584436895     
   310.88000000001142        3.4726023256129062     
   310.92000000001144        3.5690358366046242     
   310.96000000001146        3.6667575630402167     
   311.00000000001148        3.7657940713060940     
   311.04000000001150        3.8661672240278868     
   311.08000000001152        3.9678937555530074     
   311.12000000001154        4.0709848229075352     
   311.16000000001156        4.1754455348530506     
   311.20000000001158        4.2812744629836521     
   311.24000000001161        4.3884631402593115     
   311.28000000001163        4.4969955539435400     
   311.32000000001165        4.6068476415624957     
   311.36000000001167        4.7179868001752832     
   311.40000000001169        4.8303714208722495     
   311.44000000001171        4.9439504619147945     
   311.48000000001173        5.0586630751987167     
   311.52000000001175        5.1744383016552069     
   311.56000000001177        5.2911948516864946     
   311.60000000001179        5.4088409866565925     
   311.64000000001181        5.5272745167229038     
   311.68000000001183        5.6463829288245826     
   311.72000000001185        5.7660436563942019     
   311.76000000001187        5.8861244993283250     
   311.80000000001189        6.0064841989889270     
   311.84000000001191        6.1269731686156641     
   311.88000000001193        6.2474343746692336     
   311.92000000001195        6.3677043595103449     
   311.96000000001197        6.4876143906991990     
   312.00000000001199        6.6069917173535941     
   312.04000000001201        6.7256609097104638     
   312.08000000001203        6.8434452545579392     
   312.12000000001206       0.67698286958413234     
   312.16000000001208       0.79246934870056829     
   312.20000000001210       0.90654729966069203     
   312.24000000001212        1.0190488878916137     
   312.28000000001214        1.1298117516774462     
   312.32000000001216        1.2386801081424013     
   312.36000000001218        1.3455057235743930     
   312.40000000001220        1.4501487337080792     
   312.44000000001222        1.5524783047534141     
   312.48000000001224        1.6523731311156680     
   312.52000000001226        1.7497217706544210     
   312.56000000001228        1.8444228227617545     
   312.60000000001230        1.9363849583444110     
   312.64000000001232        2.0255268138675464     
   312.68000000001234        2.1117767639106919     
   312.72000000001236        2.1950725882018007     
   312.76000000001238        2.2753610498770298     
   312.80000000001240        2.3525974018385494     
   312.84000000001242        2.4267448376480805     
   312.88000000001244        2.4977739025092820     
   312.92000000001246        2.5656618786693537     
   312.96000000001249        2.6303921581165692     
   313.00000000001251        2.6919536138631690     
   313.04000000001253        2.7503399794663874     
   313.08000000001255        2.8055492448235331     
   313.12000000001257        2.8575830747339244     
   313.16000000001259        2.9064462552905761     
   313.20000000001261        2.9521461718739723     
   313.24000000001263        2.9946923213840924     
   313.28000000001265        3.0340958603706154     
   313.32000000001267        3.0703691899033778     
   313.36000000001269        3.1035255773585297     
   313.40000000001271        3.1335788147697539     
   313.44000000001273        3.1605429129951359     
   313.48000000001275        3.1844318306645247     
   313.52000000001277        3.2052592366847730     
   313.56000000001279        3.2230383049767801     
   313.60000000001281        3.2377815400851553     
   313.64000000001283        3.2495006323259630     
   313.68000000001285        3.2582063412091404     
   313.72000000001287        3.2639084059794512     
   313.76000000001289        3.2666154822543865     
   313.80000000001291        3.2663351038912420     
   313.84000000001294        3.2630736693816913     
   313.88000000001296        3.2568364522443778     
   313.92000000001298        3.2476276350586959     
   313.96000000001300        3.2354503669509125     
   314.00000000001302        3.2203068445021890     
   314.04000000001304        3.2021984161921395     
   314.08000000001306        3.1811257106164943     
   314.12000000001308        3.1570887888183208     
   314.16000000001310        3.1300873211438507     
   314.20000000001312        3.1001207890708118     
   314.24000000001314        3.0671887124534023     
   314.28000000001316        3.0312909025774881     
   314.32000000001318        2.9924277413158613     
   314.36000000001320        2.9506004865098827     
   314.40000000001322        2.9058116034741106     
   314.44000000001324        2.8580651222185383     
   314.48000000001326        2.8073670196035017     
   314.52000000001328        2.7537256251811977     
   314.56000000001330        2.6971520489329039     
   314.60000000001332        2.6376606284827369     
   314.64000000001334        2.5752693926608399     
   314.68000000001337        2.5100005375089083     
   314.72000000001339        2.4418809099815282     
   314.76000000001341        2.3709424937160346     
   314.80000000001343        2.2972228903457075     
   314.84000000001345        2.2207657889468324     
   314.88000000001347        2.1416214153764161     
   314.92000000001349        2.0598469525172192     
   314.96000000001351        1.9755069218478112     
   315.00000000001353        1.8886735163485047     
   315.04000000001355        1.7994268745905924     
   315.08000000001357        1.7078552859854006     
   315.12000000001359        1.6140553176341961     
   315.16000000001361        1.5181318540528774     
   315.20000000001363        1.4201980422653622     
   315.24000000001365        1.3203751363674405     
   315.28000000001367        1.2187922376382461     
   315.32000000001369        1.1155859285759941     
   315.36000000001371        1.0108998017913331     
   315.40000000001373       0.90488388741657266     
   315.44000000001375       0.79769398547466197     
   315.48000000001377       0.68949091237741944     
   315.52000000001379       0.58043967326155232     
   315.56000000001382       0.47070857409923023     
   315.60000000001384       0.36046828932434943     
   315.64000000001386       0.24989090200277697     
   315.68000000001388       0.13914893427827768     
   315.72000000001390        2.8414385911142481E-002
   315.76000000001392        8.2142201805839865E-002
   315.80000000001394       0.19235264058441140     
   315.84000000001396       0.30205193359213445     
   315.88000000001398       0.41107904533321826     
   315.92000000001400       0.51927759283970265     
   315.96000000001402       0.62649645060906423     
   316.00000000001404       0.73259026434588614     
   316.04000000001406       0.83741987113640914     
   316.08000000001408       0.94085262610229825     
   316.12000000001410        1.0427626377592516     
   316.16000000001412        1.1430309161843213     
   316.20000000001414        1.2415454396331667     
   316.24000000001416        1.3382011464273109     
   316.28000000001418        1.4328998597543301     
   316.32000000001420        1.5255501535101335     
   316.36000000001422        1.6160671674945291     
   316.40000000001424        1.7043723801904926     
   316.44000000001427        1.7903933470604687     
   316.48000000001429        1.8740634118277726     
   316.52000000001431        1.9553213976245500     
   316.56000000001433        2.0341112842231985     
   316.60000000001435        2.1103818768640084     
   316.64000000001437        2.1840864714805366     
   316.68000000001439        2.2551825204321205     
   316.72000000001441        2.3236313022000270     
   316.76000000001443        2.3893975979044155     
   316.80000000001445        2.4524493769628091     
   316.84000000001447        2.5127574937420722     
   316.88000000001449        2.5702953966564022     
   316.92000000001451        2.6250388508322322     
   316.96000000001453        2.6769656751938995     
   317.00000000001455        2.7260554946167361     
   317.04000000001457        2.7722895076413789     
   317.08000000001459        2.8156502701385913     
   317.12000000001461        2.8561214952517684     
   317.16000000001463        2.8936878699186193     
   317.20000000001465        2.9283348882787905     
   317.24000000001467        2.9600487023050945     
   317.28000000001470        2.9888159900478533     
   317.32000000001472        3.0146238419500442     
   317.36000000001474        3.0374596657713875     
   317.40000000001476        3.0573111107481679     
   317.44000000001478        3.0741660117085310     
   317.48000000001480        3.0880123539562989     
   317.52000000001482        3.0988382598257660     
   317.56000000001484        3.1066319978910188     
   317.60000000001486        3.1113820158811167     
   317.64000000001488        3.1130769984013651     
   317.68000000001490        3.1117059505848319     
   317.72000000001492        3.1072583087900965     
   317.76000000001494        3.0997240794133978     
   317.80000000001496        3.0890940067872901     
   317.84000000001498        3.0753597709845741     
   317.88000000001500        3.0585142161259813     
   317.92000000001502        3.0385516094931475     
   317.96000000001504        3.0154679313651753     
   318.00000000001506        2.9892611950187895     
   318.04000000001508        2.9599317957514306     
   318.08000000001510        2.9274828870985310     
   318.12000000001512        2.8919207816191546     
   318.16000000001515        2.8532553727208727     
   318.20000000001517        2.8115005729939044     
   318.24000000001519        2.7666747634416842     
   318.28000000001521        2.7188012468539409     
   318.32000000001523        2.6679086974019319     
   318.36000000001525        2.6140315973863886     
   318.40000000001527        2.5572106509892811     
   318.44000000001529        2.4974931639323072     
   318.48000000001531        2.4349333771968213     
   318.52000000001533        2.3695927424854726     
   318.56000000001535        2.3015401269795372     
   318.60000000001537        2.2308519352383143     
   318.64000000001539        2.1576121368584902     
   318.68000000001541        2.0819121898061743     
   318.72000000001543        2.0038508511735973     
   318.76000000001545        1.9235338694885442     
   318.80000000001547        1.8410735555762074     
   318.84000000001549        1.7565882322630728     
   318.88000000001551        1.6702015668074632     
   318.92000000001553        1.5820417936960378     
   318.96000000001555        1.4922408391888988     
   319.00000000001558        1.4009333625417291     
   319.04000000001560        1.3082557319925499     
   319.08000000001562        1.2143449561955748     
   319.12000000001564        1.1193375936630350     
   319.16000000001566        1.0233686638237154     
   319.20000000001568       0.92657058345830823     
   319.24000000001570       0.82907215151436675     
   319.28000000001572       0.73099760368049504     
   319.32000000001574       0.63246575570443797     
   319.36000000001576       0.53358925141005498     
   319.40000000001578       0.43447392787230665     
   319.44000000001580       0.33521830643369777     
   319.48000000001582       0.23591321437986212     
   319.52000000001584       0.13664153831596604     
   319.56000000001586        3.7478106757779406E-002
   319.60000000001588        6.1510303699670033E-002
   319.64000000001590       0.16026484695309096     
   319.68000000001592       0.25873438117068193     
   319.72000000001594       0.35687514985090085     
   319.76000000001596       0.45465038328962870     
   319.80000000001598       0.55202983413657525     
   319.84000000001600       0.64898926081913899     
   319.88000000001603       0.74550987232135113     
   319.92000000001605       0.84157774719950407     
   319.96000000001607       0.93718323886797250     
   320.00000000001609        1.0323203781685450     
   320.04000000001611        1.1269862831075912     
   320.08000000001613        1.2211805844621719     
   320.12000000001615        1.3149048747635905     
   320.16000000001617        1.4081621869997762     
   320.20000000001619        1.5009565082617575     
   320.24000000001621        1.5932923325112678     
   320.28000000001623        1.6851742556759828     
   320.32000000001625        1.7766066153899089     
   320.36000000001627        1.8675931768884575     
   320.40000000001629        1.9581368658371594     
   320.44000000001631        2.0482395482142173     
   320.48000000001633        2.1379018567738397     
   320.52000000001635        2.2271230630830638     
   320.56000000001637        2.3159009936437895     
   320.60000000001639        2.4042319881792018     
   320.64000000001641        2.4921108977761248     
   320.68000000001643        2.5795311202300311     
   320.72000000001646        2.6664846696365334     
   320.76000000001648        2.7529622770125326     
   320.80000000001650        2.8389535185129917     
   320.84000000001652        2.9244469676372531     
   320.88000000001654        3.0094303676939074     
   320.92000000001656        3.0938908207172804     
   320.96000000001658        3.1778149890029996     
   321.00000000001660        3.2611893054554306     
   321.04000000001662        3.3440001890156830     
   321.08000000001664        3.4262342615638639     
   321.12000000001666        3.5078785628605789     
   321.16000000001668        3.5889207603063857     
   321.20000000001670        3.6693493505489911     
   321.24000000001672        3.7491538502503139     
   321.28000000001674        3.8283249736323768     
   321.32000000001676        3.9068547947449437     
   321.36000000001678        3.9847368927313340     
   321.40000000001680        4.0619664787043028     
   321.44000000001682        4.1385405031740907     
   321.48000000001684        4.2144577432888974     
   321.52000000001686        4.2897188694482251     
   321.56000000001688        4.3643264911266613     
   321.60000000001691        4.4382851819956901     
   321.64000000001693        4.5116014846511323     
   321.68000000001695        4.5842838954419243     
   321.72000000001697        4.6563428300514644     
   321.76000000001699        4.7277905706058547     
   321.80000000001701        4.7986411951753176     
   321.84000000001703        4.8689104905977745     
   321.88000000001705        4.9386158495897030     
   321.92000000001707        5.0077761531221414     
   321.96000000001709        5.0764116390326386     
   322.00000000001711        5.1445437578209177     
   322.04000000001713        5.2121950165410409     
   322.08000000001715        5.2793888116599561     
   322.12000000001717        5.3461492517055111     
   322.16000000001719        5.4125009704801874     
   322.20000000001721        5.4784689315735946     
   322.24000000001723        5.5440782248707059     
   322.28000000001725        5.6093538557269049     
   322.32000000001727        5.6743205274680708     
   322.36000000001729        5.7390024178765442     
   322.40000000001731        5.8034229503438244     
   322.44000000001733        5.8676045604099265     
   322.48000000001736        5.9315684584683606     
   322.52000000001738        5.9953343894953202     
   322.56000000001740        6.0589203907615978     
   322.60000000001742        6.1223425486053333     
   322.64000000001744        6.1856147554812608     
   322.68000000001746        6.2487484686554726     
   322.72000000001748        6.3117524720805696     
   322.76000000001750        6.3746326431604903     
   322.80000000001752        6.4373917262922351     
   322.84000000001754        6.5000291152474574     
   322.88000000001756        6.5625406466236731     
   322.92000000001758        6.6249184067453637     
   322.96000000001760        6.6871505545214589     
   323.00000000001762        6.7492211628592536     
   323.04000000001764        6.8111100812872252     
   323.08000000001766        6.8727928224422445     
   323.12000000001768        6.9342404750225999     
   323.16000000001770        6.9954196456904185     
   323.20000000001772        7.0562924322204044     
   323.24000000001774        7.1168164299328405     
   323.28000000001776        7.1769447731169027     
   323.32000000001779        7.2366262127470593     
   323.36000000001781        7.2958052313256916     
   323.40000000001783        7.3544221951568751     
   323.44000000001785        7.4124135437807537     
   323.48000000001787        7.4697120156889811     
   323.52000000001789        7.5262469088161570     
   323.56000000001791        7.5819443736784340     
   323.60000000001793        7.6367277364287665     
   323.64000000001795        7.6905178485387289     
   323.68000000001797        7.7432334593194909     
   323.72000000001799        7.7947916070776406     
   323.76000000001801        7.8451080243810507     
   323.80000000001803        7.8940975526983133     
   323.84000000001805        7.9416745615810376     
   323.88000000001807        7.9877533675854346     
   323.92000000001809        1.7490633410977008     
   323.96000000001811        1.7918905397476066     
   324.00000000001813        1.8329662566912164     
   324.04000000001815        1.8722086237882682     
   324.08000000001817        1.9095376589474198     
   324.12000000001819        1.9448755982718522     
   324.16000000001821        1.9781472040026484     
   324.20000000001824        2.0092800470718934     
   324.24000000001826        2.0382047637047611     
   324.28000000001828        2.0648552861103435     
   324.32000000001830        2.0891690478574945     
   324.36000000001832        2.1110871650298799     
   324.40000000001834        2.1305545946821138     
   324.44000000001836        2.1475202724675828     
   324.48000000001838        2.1619372315727663     
   324.52000000001840        2.1737627052697763     
   324.56000000001842        2.1829582154884015     
   324.60000000001844        2.1894896498133920     
   324.64000000001846        2.1933273292362392     
   324.68000000001848        2.1944460688391523     
   324.72000000001850        2.1928252333693208     
   324.76000000001852        2.1884487893820053     
   324.80000000001854        2.1813053553002160     
   324.84000000001856        2.1713882503660962     
   324.88000000001858        2.1586955430542965     
   324.92000000001860        2.1432300990907267     
   324.96000000001862        2.1249996287814610     
   325.00000000001864        2.1040167329169273     
   325.04000000001867        2.0802989460868542     
   325.08000000001869        2.0538687758330130     
   325.12000000001871        2.0247537356911023     
   325.16000000001873        1.9929863698417756     
   325.20000000001875        1.9586042668154220     
   325.24000000001877        1.9216500594870500     
   325.28000000001879        1.8821714084671908     
   325.32000000001881        1.8402209659515329     
   325.36000000001883        1.7958563171440536     
   325.40000000001885        1.7491398965214568     
   325.44000000001887        1.7001388764639505     
   325.48000000001889        1.6489250261386723     
   325.52000000001891        1.5955745389836993     
   325.56000000001893        1.5401678276947464     
   325.60000000001895        1.4827892862514782     
   325.64000000001897        1.4235270192197378     
   325.68000000001899        1.3624725393100618     
   325.72000000001901        1.2997204349384257     
   325.76000000001903        1.2353680102966134     
   325.80000000001905        1.1695149011699155     
   325.84000000001907        1.1022626704117651     
   325.88000000001909        1.0337143875723991     
   325.92000000001912       0.96397419765808112     
   325.96000000001914       0.89314688434912026     
   326.00000000001916       0.82133743321402075     
   326.04000000001918       0.74865060051456012     
   326.08000000001920       0.67519049309968326     
   326.12000000001922       0.60106016463859713     
   326.16000000001924       0.52636123305534799     
   326.20000000001926       0.45119352351419084     
   326.24000000001928       0.37565474068766469     
   326.28000000001930       0.29984017334153956     
   326.32000000001932       0.22384243351905453     
   326.36000000001934       0.14775123182836181     
   326.40000000001936        7.1653189558609665E-002
   326.44000000001938        4.3683124032580789E-003
   326.48000000001940        8.0233248588794881E-002
   326.52000000001942       0.15586502927082624     
   326.56000000001944       0.23119054802463568     
   326.60000000001946       0.30614019892656841     
   326.64000000001948       0.38064786615860746     
   326.68000000001950       0.45465088905754858     
   326.72000000001952       0.52809000581978638     
   326.76000000001955       0.60090927915242354     
   326.80000000001957       0.67305600715598979     
   326.84000000001959       0.74448062264307757     
   326.88000000001961       0.81513658395148103     
   326.92000000001963       0.88498026011155473     
   326.96000000001965       0.95397081298720643     
   327.00000000001967        1.0220700787396932     
   327.04000000001969        1.0892424506740102     
   327.08000000001971        1.1554547652290597     
   327.12000000001973        1.2206761925737610     
   327.16000000001975        1.2848781329793386     
   327.20000000001977        1.3480341198595336     
   327.24000000001979        1.4101197301103572     
   327.28000000001981        1.4711125021430773     
   327.32000000001983        1.5309918617909575     
   327.36000000001985        1.5897390560834943     
   327.40000000001987        1.6473370947221211     
   327.44000000001989        1.7037706989584629     
   327.48000000001991        1.7590262574694076     
   327.52000000001993        1.8130917887411551     
   327.56000000001995        1.8659569094152473     
   327.60000000001997        1.9176128080112689     
   327.64000000002000        1.9680522234211786     
   327.68000000002002        2.0172694275666210     
   327.72000000002004        2.0652602116206729     
   327.76000000002006        2.1120218752168545     
   327.80000000002008        2.1575532180985273     
   327.84000000002010        2.2018545336988526     
   327.88000000002012        2.2449276041831823     
   327.92000000002014        2.2867756965303423     
   327.96000000002016        2.3274035592750337     
   328.00000000002018        2.3668174195791520     
   328.04000000002020        2.4050249803440069     
   328.08000000002022        2.4420354171172631     
   328.12000000002024        2.4778593745871218     
   328.16000000002026        2.5125089624913324     
   328.20000000002028        2.5459977507996383     
   328.24000000002030        2.5783407640550808     
   328.28000000002032        2.6095544747820933     
   328.32000000002034        2.6396567958877091     
   328.36000000002036        2.6686670719965369     
   328.40000000002038        2.6966060696708531     
   328.44000000002040        2.7234959664744798     
   328.48000000002042        2.7493603388435210     
   328.52000000002045        2.7742241487289712     
   328.56000000002047        2.7981137289761291     
   328.60000000002049        2.8210567674041580     
   328.64000000002051        2.8430822895464973     
   328.68000000002053        2.8642206400095782     
   328.72000000002055        2.8845034624039165     
   328.76000000002057        2.9039636777984716     
   328.80000000002059        2.9226354616465966     
   328.84000000002061        2.9405542191302123     
   328.88000000002063        2.9577565588682964     
   328.92000000002065        2.9742802649365943     
   328.96000000002067        2.9901642671477338     
   329.00000000002069        3.0054486095447825     
   329.04000000002071        3.0201744170667268     
   329.08000000002073        3.0343838603513080     
   329.12000000002075        3.0481201186491038     
   329.16000000002077        3.0614273408324304     
   329.20000000002079        3.0743506044934814     
   329.24000000002081        3.0869358731377621     
   329.28000000002083        3.0992299514911026     
   329.32000000002085        3.1112804389509936     
   329.36000000002088        3.1231356812253352     
   329.40000000002090        3.1348447202135685     
   329.44000000002092        3.1464572421961821     
   329.48000000002094        3.1580235244083998     
   329.52000000002096        3.1695943800820672     
   329.56000000002098        3.1812211020460262     
   329.60000000002100        3.1929554049792777     
   329.64000000002102        3.2048493664126974     
   329.68000000002104        3.2169553665737021     
   329.72000000002106        3.2293260271639244     
   329.76000000002108        3.2420141491524364     
   329.80000000002110        3.2550726496563289     
   329.84000000002112        3.2685544979664107     
   329.88000000002114        3.2825126507585827     
   329.92000000002116        3.2969999865110209     
   329.96000000002118        3.3120692391240163     
   330.00000000002120        3.3277729307132025     
   330.04000000002122        3.3441633035184468     
   330.08000000002124        3.3612922508400662     
   330.12000000002126        3.3792112468817974     
   330.16000000002128        3.3979712753464897     
   330.20000000002130        3.4176227565963497     
   330.24000000002133        3.4382154731553221     
   330.28000000002135        3.4597984932974017     
   330.32000000002137        3.4824200924320987     
   330.36000000002139        3.5061276719674983     
   330.40000000002141        3.5309676753032275     
   330.44000000002143        3.5569855005808981     
   330.48000000002145        3.5842254097990889     
   330.52000000002147        3.6127304338845705     
   330.56000000002149        3.6425422733021739     
   330.60000000002151        3.6737011937834780     
   330.64000000002153        3.7062459167603734     
   330.68000000002155        3.7402135041046289     
   330.72000000002157        3.7756392367999982     
   330.76000000002159        3.8125564872103399     
   330.80000000002161        3.8509965846568122     
   330.84000000002163        3.8909886740807362     
   330.88000000002165        3.9325595676472727     
   330.92000000002167        3.9757335892397800     
   330.96000000002169        4.0205324119066104     
   331.00000000002171        4.0669748884519494     
   331.04000000002173        4.1150768755107254     
   331.08000000002176        4.1648510516148978     
   331.12000000002178        4.2163067299443915     
   331.16000000002180        4.2694496666599875     
   331.20000000002182        4.3242818659363049     
   331.24000000002184        4.3808013830486310     
   331.28000000002186        4.4390021271149749     
   331.32000000002188        4.4988736653504438     
   331.36000000002190        4.5604010309502625     
   331.40000000002192        4.6235645369743192     
   331.44000000002194        4.6883395988532923     
   331.48000000002196        4.7546965683659561     
   331.52000000002198        4.8226005821401765     
   331.56000000002200        4.8920114278965734     
   331.60000000002202        4.9628834317734167     
   331.64000000002204        5.0351653701333658     
   331.68000000002206        5.1088004092467729     
   331.72000000002208        5.1837260761627508     
   331.76000000002210        5.2598742639094977     
   331.80000000002212        5.3371712739031238     
   331.84000000002214        5.4155378980851845     
   331.88000000002216        5.4948895428526159     
   331.92000000002218        5.5751363962923568     
   331.96000000002221        5.6561836395934639     
   332.00000000002223        5.7379317027930226     
   332.04000000002225        5.8202765642338807     
   332.08000000002227        5.9031100922914872     
   332.12000000002229        5.9863204270866746     
   332.16000000002231        6.0697923990666549     
   332.20000000002233        6.1534079805348458     
   332.24000000002235        6.2370467654692145     
   332.28000000002237        6.3205864723152985     
   332.32000000002239        6.4039034638984171     
   332.36000000002241        6.4868732781908767     
   332.40000000002243        6.5693711634101994     
   332.44000000002245        6.6512726108241349     
   332.48000000002247        6.7324538787016497     
   332.52000000002249        6.8127925010736874     
   332.56000000002251       0.60898246816521140     
   332.60000000002253       0.68727591613211303     
   332.64000000002255       0.76437171359861211     
   332.68000000002257       0.84015708450413806     
   332.72000000002259       0.91452265627946161     
   332.76000000002261       0.98736277398039118     
   332.80000000002264        1.0585757716010851     
   332.84000000002266        1.1280641998070924     
   332.88000000002268        1.1957350101308255     
   332.92000000002270        1.2614996964186274     
   332.96000000002272        1.3252743949925785     
   333.00000000002274        1.3869799455795158     
   333.04000000002276        1.4465419155564803     
   333.08000000002278        1.5038905904621358     
   333.12000000002280        1.5589609340274646     
   333.16000000002282        1.6116925211893531     
   333.20000000002284        1.6620294476732966     
   333.24000000002286        1.7099202197740977     
   333.28000000002288        1.7553176279353591     
   333.32000000002290        1.7981786076396982     
   333.36000000002292        1.8384640909822991     
   333.40000000002294        1.8761388521207607     
   333.44000000002296        1.9111713495838867     
   333.48000000002298        1.9435335681899162     
   333.52000000002300        1.9732008630786395     
   333.56000000002302        2.0001518081086944     
   333.60000000002304        2.0243680506168178     
   333.64000000002306        2.0458341742845088     
   333.68000000002309        2.0645375716130503     
   333.72000000002311        2.0804683272726425     
   333.76000000002313        2.0936191133673319     
   333.80000000002315        2.1039850974453778     
   333.84000000002317        2.1115638638851029     
   333.88000000002319        2.1163553490989431     
   333.92000000002321        2.1183617908228562     
   333.96000000002323        2.1175876915936764     
   334.00000000002325        2.1140397963624165     
   334.04000000002327        2.1077270840459459     
   334.08000000002329        2.0986607726817761     
   334.12000000002331        2.0868543377199416     
   334.16000000002333        2.0723235428612594     
   334.20000000002335        2.0550864827318351     
   334.24000000002337        2.0351636365690648     
   334.28000000002339        2.0125779319841688     
   334.32000000002341        1.9873548177603837     
   334.36000000002343        1.9595223445444534     
   334.40000000002345        1.9291112521922478     
   334.44000000002347        1.8961550624377865     
   334.48000000002349        1.8606901754692942     
   334.52000000002351        1.8227559689170083     
   334.56000000002354        1.7823948976863089     
   334.60000000002356        1.7396525930073201     
   334.64000000002358        1.6945779590196235     
   334.68000000002360        1.6472232651691696     
   334.72000000002362        1.5976442326650244     
   334.76000000002364        1.5459001132272436     
   334.80000000002366        1.4920537583549640     
   334.84000000002368        1.4361716773565658     
   334.88000000002370        1.3783240824123681     
   334.92000000002372        1.3185849189854353     
   334.96000000002374        1.2570318799583668     
   335.00000000002376        1.1937464019539907     
   335.04000000002378        1.1288136423961888     
   335.08000000002380        1.0623224359841670     
   335.12000000002382       0.99436522938977834     
   335.16000000002384       0.92503799314342738     
   335.20000000002386       0.85444010984996988     
   335.24000000002388       0.78267423807206937     
   335.28000000002390       0.70984615143469343     
   335.32000000002392       0.63606455274052986     
   335.36000000002394       0.56144086314135433     
   335.40000000002397       0.48608898668351214     
   335.44000000002399       0.41012505083471612     
   335.48000000002401       0.33366712390152509     
   335.52000000002403       0.25683491055843205     
   335.56000000002405       0.17974942702577462     
   335.60000000002407       0.10253265774898165     
   335.64000000002409        2.5307195739388819E-002
   335.68000000002411        5.1804130970419804E-002
   335.72000000002413       0.12867864403402399     
   335.76000000002415       0.20519420770006741     
   335.80000000002417       0.28122962676222418     
   335.84000000002419       0.35666504623774964     
   335.88000000002421       0.43138234936397080     
   335.92000000002423       0.50526555046331767     
   335.96000000002425       0.57820117925197867     
   336.00000000002427       0.65007865325684100     
   336.04000000002429       0.72079063515972408     
   336.08000000002431       0.79023337210442457     
   336.12000000002433       0.85830701427591671     
   336.16000000002435       0.92491591038522358     
   336.20000000002437       0.98996887805922640     
   336.24000000002439        1.0533794475317477     
   336.28000000002442        1.1150660774493706     
   336.32000000002444        1.1749523420308392     
   336.36000000002446        1.2329670892406996     
   336.40000000002448        1.2890445700447284     
   336.44000000002450        1.3431245391961835     
   336.48000000002452        1.3951523283488489     
   336.52000000002454        1.4450788925976110     
   336.56000000002456        1.4928608318041094     
   336.60000000002458        1.5384603882699035     
   336.64000000002460        1.5818454224705851     
   336.68000000002462        1.6229893686611510     
   336.72000000002464        1.6618711722072641     
   336.76000000002466        1.6984752104918099     
   336.80000000002468        1.7327911991957214     
   336.84000000002470        1.7648140856617904     
   336.88000000002472        1.7945439309262388     
   336.92000000002474        1.8219857818519056     
   336.96000000002476        1.8471495346260003     
   337.00000000002478        1.8700497907015368     
   337.04000000002480        1.8907057060717878     
   337.08000000002482        1.9091408345780125     
   337.12000000002485        1.9253829657685866     
   337.16000000002487        1.9394639576581933     
   337.20000000002489        1.9514195645839201     
   337.24000000002491        1.9612892602252947     
   337.28000000002493        1.9691160557509497     
   337.32000000002495        1.9749463129783715     
   337.36000000002497        1.9788295523868284     
   337.40000000002499        1.9808182558078817     
   337.44000000002501        1.9809676636327751     
   337.48000000002503        1.9793355664204324     
   337.52000000002505        1.9759820908618329     
   337.56000000002507        1.9709694801534210     
   337.60000000002509        1.9643618689503497     
   337.64000000002511        1.9562250532055312     
   337.68000000002513        1.9466262553478473     
   337.72000000002515        1.9356338854072077     
   337.76000000002517        1.9233172988499529     
   337.80000000002519        1.9097465520397565     
   337.84000000002521        1.8949921563812417     
   337.88000000002523        1.8791248323307532     
   337.92000000002525        1.8622152645664347     
   337.96000000002527        1.8443338596938710     
   338.00000000002530        1.8255505079207817     
   338.04000000002532        1.8059343501622660     
   338.08000000002534        1.7855535520354935     
   338.12000000002536        1.7644750861692176     
   338.16000000002538        1.7427645241897252     
   338.20000000002540        1.7204858396525109     
   338.24000000002542        1.6977012230706900     
   338.28000000002544        1.6744709100502306     
   338.32000000002546        1.6508530233825529     
   338.36000000002548        1.6269034297712941     
   338.40000000002550        1.6026756116868401     
   338.44000000002552        1.5782205546543846     
   338.48000000002554        1.5535866500935529     
   338.52000000002556        1.5288196136445624     
   338.56000000002558        1.5039624187416125     
   338.60000000002560        1.4790552450324235     
   338.64000000002562        1.4541354410966689     
   338.68000000002564        1.4292375007880187     
   338.72000000002566        1.4043930524164776     
   338.76000000002568        1.3796308599009872     
   338.80000000002570        1.3549768349574505     
   338.84000000002573        1.3304540593446628     
   338.88000000002575        1.3060828161696227     
   338.92000000002577        1.2818806292536939     
   338.96000000002579        1.2578623095809296     
   339.00000000002581        1.2340400078882641     
   339.04000000002583        1.2104232725126913     
   339.08000000002585        1.1870191116813995     
   339.12000000002587        1.1638320595154465     
   339.16000000002589        1.1408642451143298     
   339.20000000002591        1.1181154641961135     
   339.24000000002593        1.0955832528841110     
   339.28000000002595        1.0732629633550361     
   339.32000000002597        1.0511478411936330     
   339.36000000002599        1.0292291044337640     
   339.40000000002601        1.0074960244044264     
   339.44000000002603       0.98593600863984565     
   339.48000000002605       0.96453468625418703     
   339.52000000002607       0.94327599632190751     
   339.56000000002609       0.92214227994245968     
   339.60000000002611       0.90111437680073236     
   339.64000000002613       0.88017172715958747     
   339.68000000002615       0.85929248033492955     
   339.72000000002618       0.83845361080308933     
   339.76000000002620       0.81763104317031821     
   339.80000000002622       0.79679978728957113     
   339.84000000002624       0.77593408483429194     
   339.88000000002626       0.75500756862563723     
   339.92000000002628       0.73399343595072231     
   339.96000000002630       0.71286463699667690     
   340.00000000002632       0.69159407934980810     
   340.04000000002634       0.67015484926215318     
   340.08000000002636       0.64852045006080439     
   340.12000000002638       0.62666505766123970     
   340.16000000002640       0.60456379263897231     
   340.20000000002642       0.58219300771132809     
   340.24000000002644       0.55953058878402129     
   340.28000000002646       0.53655626693127345     
   340.32000000002648       0.51325193781539358     
   340.36000000002650       0.48960198413099298     
   340.40000000002652       0.46559359570733483     
   340.44000000002654       0.44121708095521628     
   340.48000000002656       0.41646616244628187     
   340.52000000002658       0.39133824861469524     
   340.56000000002660       0.36583467293189542     
   340.60000000002663       0.33996089148689634     
   340.64000000002665       0.31372662976975374     
   340.68000000002667       0.28714596966290273     
   340.72000000002669       0.26023736824324945     
   340.76000000002671       0.23302360102146746     
   340.80000000002673       0.20553162370769668     
   340.84000000002675       0.17779234848312456     
   340.88000000002677       0.14984033303408997     
   340.92000000002679       0.12171338319808067     
   340.96000000002681        9.3452072878343326E-002
   341.00000000002683        6.5099187778998757E-002
   341.04000000002685        3.6699102349790222E-002
   341.08000000002687        8.2971019535538898E-003
   341.12000000002689        2.0061335473340713E-002
   341.16000000002691        4.8331282246461854E-002
   341.20000000002693        7.6469111092582809E-002
   341.24000000002695       0.10443323505702806     
   341.28000000002697       0.13218481987138625     
   341.32000000002699       0.15968845251092595     
   341.36000000002701       0.18691275134859725     
   341.40000000002703       0.21383090555098394     
   341.44000000002706       0.24042113402895482     
   341.48000000002708       0.26666705719870942     
   341.52000000002710       0.29255797786521531     
   341.56000000002712       0.31808907055108093     
   341.60000000002714       0.34326148141580171     
   341.64000000002716       0.36808234342278134     
   341.68000000002718       0.39256471352389233     
   341.72000000002720       0.41672744028536390     
   341.76000000002722       0.44059497154864635     
   341.80000000002724       0.46419711240940109     
   341.84000000002726       0.48756874403592554     
   341.88000000002728       0.51074951368352517     
   341.92000000002730       0.53378350575522449     
   341.96000000002732       0.55671890298052484     
   342.00000000002734       0.57960764580315849     
   342.04000000002736       0.60250509695365717     
   342.08000000002738       0.62546971699457932     
   342.12000000002740       0.64856275541844721     
   342.16000000002742       0.67184796069421937     
   342.20000000002744       0.69539131153071421     
   342.24000000002746       0.71926077057844506     
   342.28000000002748       0.74352606083956974     
   342.32000000002751       0.76825846420627086     
   342.36000000002753       0.79353064080178659     
   342.40000000002755       0.81941646715154715     
   342.44000000002757       0.84599089065712385     
   342.48000000002759       0.87332979737335714     
   342.52000000002761       0.90150988968850321     
   342.56000000002763       0.93060857016779597     
   342.60000000002765       0.96070382753247974     
   342.64000000002767       0.99187412050058210     
   342.68000000002769        1.0241982550058939     
   342.72000000002771        1.0577552501337895     
   342.76000000002773        1.0926241879655079     
   342.80000000002775        1.1288840424085680     
   342.84000000002777        1.1666134820159311     
   342.88000000002779        1.2058906417702229     
   342.92000000002781        1.2467928588457746     
   342.96000000002783        1.2893963674788766     
   343.00000000002785        1.3337759482982894     
   343.04000000002787        1.3800045278208266     
   343.08000000002789        1.4281527243316874     
   343.12000000002791        1.4782883370802304     
   343.16000000002794        1.5304757766649417     
   343.20000000002796        1.5847754356922930     
   343.24000000002798        1.6412430003062672     
   343.28000000002800        1.6999287050258216     
   343.32000000002802        1.7608765355134874     
   343.36000000002804        1.8241233864315176     
   343.40000000002806        1.8896981844032714     
   343.44000000002808        1.9576209892408514     
   343.48000000002810        2.0279020899463989     
   343.52000000002812        2.1005411154272675     
   343.56000000002814        2.1755261832271180     
   343.60000000002816        2.2528331126673042     
   343.64000000002818        2.3324247313806179     
   343.68000000002820        2.4142503060394787     
   343.72000000002822        2.4982451288577536     
   343.76000000002824        2.5843302909131203     
   343.80000000002826        2.6724126712645191     
   343.84000000002828        2.7623851670620412     
   343.88000000002830        2.8541271842969391     
   343.92000000002832        2.9475054015743036     
   343.96000000002834        3.0423748105118116     
   344.00000000002836        3.1385800264277162     
   344.04000000002839        3.2359568523751543     
   344.08000000002841        3.3343340689178582     
   344.12000000002843        3.4335354120040797     
   344.16000000002845        3.5333816925711474     
   344.20000000002847        2.6494923024431611     
   344.24000000002849        2.5488943420661467     
   344.28000000002851        2.4481843829110508     
   344.32000000002853        2.3475312144573497     
   344.36000000002855        2.2470957790894430     
   344.40000000002857        2.1470293705554155     
   344.44000000002859        2.0474720561297222     
   344.48000000002861        1.9485513506104932     
   344.52000000002863        1.8503811596592254     
   344.56000000002865        1.7530609993992390     
   344.60000000002867        1.6566754892427811     
   344.64000000002869        1.5612941061149834     
   344.68000000002871        1.4669711809444932     
   344.72000000002873        1.3737461127025810     
   344.76000000002875        1.2816437714572351     
   344.80000000002877        1.1906750598029894     
   344.84000000002879        1.1008376014698407     
   344.88000000002882        1.0121165266773327     
   344.92000000002884       0.92448532561772012     
   344.96000000002886       0.83790674405035781     
   345.00000000002888       0.75233369810501238     
   345.04000000002890       0.66771018878873312     
   345.08000000002892       0.58397220016985996     
   345.12000000002894       0.50104856861498615     
   345.16000000002896       0.41886181366224129     
   345.20000000002898       0.33732892404684067     
   345.24000000002900       0.25636209500480245     
   345.28000000002902       0.17586941524750754     
   345.32000000002904        9.5755503923365293E-002
   345.36000000002906        1.5922099478469676E-002
   345.40000000002908        6.3731396379235417E-002
   345.44000000002910       0.14330741538753422     
   345.48000000002912       0.22290975510412947     
   345.52000000002914       0.30264314136988268     
   345.56000000002916       0.38261281488983867     
   345.60000000002918       0.46292413572070190     
   345.64000000002920       0.54368219934683593     
   345.68000000002922       0.62499145803913869     
   345.72000000002924       0.70695534131333426     
   345.76000000002927       0.78967586953312408     
   345.80000000002929       0.87325325504138496     
   345.84000000002931       0.95778548565635591     
   345.88000000002933        1.0433678859509872     
   345.92000000002935        1.1300926524572266     
   345.96000000002937        1.2180483598201119     
   346.00000000002939        1.3073194359870337     
   346.04000000002941        1.3979856057721425     
   346.08000000002943        1.4901213035979028     
   346.12000000002945        1.5837950578923146     
   346.16000000002947        1.6790688515091261     
   346.20000000002949        1.7759974646244747     
   346.24000000002951        1.8746278088155444     
   346.28000000002953        1.9749982633941476     
   346.32000000002955        2.0771380274772233     
   346.36000000002957        2.1810665036295092     
   346.40000000002959        2.2867927310891663     
   346.44000000002961        2.3943148884407210     
   346.48000000002963        2.5036198869698696     
   346.52000000002965        2.6146830766508478     
   346.56000000002967        2.7274680866108825     
   346.60000000002970        2.8419268208363961     
   346.64000000002972        2.9579996277145755     
   346.68000000002974        3.0756156586758499     
   346.72000000002976        3.1946934267203009     
   346.76000000002978        3.3151415700587692     
   346.80000000002980        3.4368598196517088     
   346.84000000002982        3.5597401623495726     
   346.88000000002984        3.6836681839709420     
   346.92000000002986        3.8085245694018730     
   346.96000000002988        3.9341867300955533     
   347.00000000002990        4.0605305236240019     
   347.04000000002992        4.1874320255679356     
   347.08000000002994        4.3147693113313670     
   347.12000000002996        4.4424242046268567     
   347.16000000002998        4.5702839504576485     
   347.20000000003000        4.6982427733483743     
   347.24000000003002        4.8262032861413058     
   347.28000000003004        4.9540777205659605     
   347.32000000003006        5.0817889576149797     
   347.36000000003008        5.2092713430870177     
   347.40000000003010        5.3364712810554433     
   347.44000000003012        5.4633476050915455     
   347.48000000003015        5.5898717334766701     
   347.52000000003017        5.7160276201252422     
   347.56000000003019        5.8418115173463194     
   347.60000000003021        5.9672315698218794     
   347.64000000003023        6.0923072612836755     
   347.68000000003025        6.2170687364032178     
   347.72000000003027        6.3415560204974426     
   347.76000000003029        6.4658181589545851     
   347.80000000003031        6.5899122969745552     
   347.84000000003033        6.7139027184702833     
   347.88000000003035        6.8378598609548966     
   347.92000000003037        6.9618593210887774     
   347.96000000003039        7.0859808634017192     
   348.00000000003041        7.2103074426330132     
   348.04000000003043        7.3349242482155708     
   348.08000000003045        7.4599177777132777     
   348.12000000003047        7.5853749445269560     
   348.16000000003049        7.7113822239179566     
   348.20000000003051        7.8380248403495516     
   348.24000000003053        7.9653859982935797     
   348.28000000003055        8.0935461579638766     
   348.32000000003057        8.2225823568848462     
   348.36000000003060        8.3525675777469175     
   348.40000000003062        8.4835701626049680     
   348.44000000003064        8.6156532731084141     
   348.48000000003066        8.7488743960847231     
   348.52000000003068        8.8832848934110817     
   348.56000000003070        9.0189295946894816     
   348.60000000003072        9.1558464307868519     
   348.64000000003074        9.2940661058229193     
   348.68000000003076        9.4336118047049276     
   348.72000000003078        9.5744989328522419     
   348.76000000003080        9.7167348843674368     
   348.80000000003082        9.8603188346447173     
   348.84000000003084        10.005241553317553     
   348.88000000003086        10.151485233593412     
   348.92000000003088        10.299023334458610     
   348.96000000003090        10.447820433006349     
   349.00000000003092        4.3146467780962814     
   349.04000000003094        4.4658193883194466     
   349.08000000003096        4.6180900883340801     
   349.12000000003098        4.7713866310896940     
   349.16000000003100        4.9256273045544052     
   349.20000000003103        5.0807208748089030     
   349.24000000003105        5.2365665695278132     
   349.28000000003107        5.3930541152163114     
   349.32000000003109        5.5500638432879157     
   349.36000000003111        5.7074668811313822     
   349.40000000003113        5.8651254445261731     
   349.44000000003115        6.0228932469650136     
   349.48000000003117        6.1806160395177248     
   349.52000000003119        6.3381322917828680     
   349.56000000003121        6.4952740202674599     
   349.60000000003123        6.6518677653488254     
   349.64000000003125        6.8077357120390607     
   349.68000000003127        6.9626969434082540     
   349.72000000003129        7.1165688091091530     
   349.76000000003131        7.2691683854004374     
   349.80000000003133        7.4203139978061081     
   349.84000000003135        7.5698267734548743     
   349.88000000003137        1.4343468803423867     
   349.92000000003139        1.5800762600689329     
   349.96000000003141        1.7236682106383152     
   350.00000000003143        1.8649699296919391     
   350.04000000003145        2.0038383812897482     
   350.08000000003148        2.1401413053816905     
   350.12000000003150        2.2737580449961641     
   350.16000000003152        2.4045801799718158     
   350.20000000003154        2.5325119627574799     
   350.24000000003156        2.6574705582089231     
   350.28000000003158        2.7793860951047913     
   350.32000000003160        2.8982015420473246     
   350.36000000003162        3.0138724243498043     
   350.40000000003164        3.1263664013700989     
   350.44000000003166        3.2356627255323400     
   350.48000000003168        3.3417516050544469     
   350.52000000003170        3.4446334922832356     
   350.56000000003172        3.5443183186773650     
   350.60000000003174        3.6408246960324235     
   350.64000000003176        3.7341791016745320     
   350.68000000003178        3.8244150632118998     
   350.72000000003180        3.9115723561640685     
   350.76000000003182        3.9956962255007520     
   350.80000000003184        4.0768366399077527     
   350.84000000003186        4.1550475855245974     
   350.88000000003188        4.2303864040142471     
   350.92000000003191        4.3029131781575067     
   350.96000000003193        4.3726901667260254     
   351.00000000003195        4.4397812891781463     
   351.04000000003197        4.5042516597320343     
   351.08000000003199        4.5661671695849044     
   351.12000000003201        4.6255941154460327     
   351.16000000003203        4.6825988721127079     
   351.20000000003205        4.7372476065200235     
   351.24000000003207        4.7896060305153947     
   351.28000000003209        4.8397391895264370     
   351.32000000003211        4.8877112842874659     
   351.36000000003213        4.9335855228486061     
   351.40000000003215        4.9774240001977894     
   351.44000000003217        5.0192876029671272     
   351.48000000003219        5.0592359368609294     
   351.52000000003221        5.0973272746241527     
   351.56000000003223        5.1336185225602922     
   351.60000000003225        5.1681652038010419     
   351.64000000003227        5.2010214567218958     
   351.68000000003229        5.2322400470847619     
   351.72000000003231        5.2618723926679394     
   351.76000000003233        5.2899685993133385     
   351.80000000003236        5.3165775074789572     
   351.84000000003238        5.3417467485301255     
   351.88000000003240        5.3655228101346673     
   351.92000000003242        5.3879511102439306     
   351.96000000003244        5.4090760792425829     
   352.00000000003246        5.4289412499339562     
   352.04000000003248        5.4475893550933030     
   352.08000000003250        5.4650624323671728     
   352.12000000003252        5.4814019363212942     
   352.16000000003254        5.4966488574401096     
   352.20000000003256        5.5108438478558801     
   352.24000000003258        5.5240273535317828     
   352.28000000003260        5.5362397525386404     
   352.32000000003262        5.5475214989461978     
   352.36000000003264        5.5579132716941189     
   352.40000000003266        5.5674561276125214     
   352.44000000003268        5.5761916575244443     
   352.48000000003270        5.5841621440816613     
   352.52000000003272        5.5914107196599581     
   352.56000000003274        5.5979815222714757     
   352.60000000003276        5.6039198470427714     
   352.64000000003279        5.6092722903634904     
   352.68000000003281        5.6140868833406872     
   352.72000000003283        5.6184132107103837     
   352.76000000003285        5.6223025108781366     
   352.80000000003287        5.6258077523059562     
   352.84000000003289        5.6289836810613352     
   352.88000000003291        5.6318868340279469     
   352.92000000003293        5.6345755120842149     
   352.96000000003295        5.6371097075273378     
   353.00000000003297        5.6395509802003660     
   353.04000000003299        5.6419622772135103     
   353.08000000003301        5.6444076918794410     
   353.12000000003303        5.6469521585415245     
   353.16000000003305        5.6496610813876469     
   353.20000000003307        5.6525998971188418     
   353.24000000003309        5.6558335734682785     
   353.28000000003311        5.6594260480038177     
   353.32000000003313        5.6634396143281700     
   353.36000000003315        5.6679342656158722     
   353.40000000003317        5.6729670082660713     
   353.44000000003319        5.6785911611482751     
   353.48000000003321        5.6848556582987317     
   353.52000000003324        5.6918043748029348     
   353.56000000003326        5.6994754967948476     
   353.60000000003328        5.7079009568565056     
   353.64000000003330        5.7171059554910411     
   353.68000000003332        5.7271085877000152     
   353.72000000003334        5.7379195910204519     
   353.76000000003336        5.7495422277409407     
   353.80000000003338        5.7619723095676525     
   353.84000000003340        5.7751983679675689     
   353.88000000003342        5.7892019680503024     
   353.92000000003344        5.8039581584693423     
   353.96000000003346        5.8194360447458751     
   354.00000000003348       0.44758583823568210     
   354.04000000003350       0.43077753216781739     
   354.08000000003352       0.41336867063426963     
   354.12000000003354       0.39540638484408747     
   354.16000000003356       0.37693973231405209     
   354.20000000003358       0.35801882931616280     
   354.24000000003360       0.33869401621571860     
   354.28000000003362       0.31901507487839487     
   354.32000000003364       0.29903051396365710     
   354.36000000003366       0.27878693420876777     
   354.40000000003369       0.25832848197918534     
   354.44000000003371       0.23769639563167710     
   354.48000000003373       0.21692864578507809     
   354.52000000003375       0.19605966755631021     
   354.56000000003377       0.17512018028598808     
   354.60000000003379       0.15413708829418460     
   354.64000000003381       0.13313345477856053     
   354.68000000003383       0.11212854006746831     
   354.72000000003385        9.1137895018877479E-002
   354.76000000003387        7.0173500345174000E-002
   354.80000000003389        4.9243942968818066E-002
   354.84000000003391        2.8354621097516297E-002
   354.88000000003393        7.5079704762412991E-003
   354.92000000003395        1.3296294839705514E-002
   354.96000000003397        3.4060932899028451E-002
   355.00000000003399        5.4790920204254023E-002
   355.04000000003401        7.5493197808990109E-002
   355.08000000003403        9.6176420090257952E-002
   355.12000000003405       0.11685070830988309     
   355.16000000003407       0.13752741034761473     
   355.20000000003409       0.15821886734528778     
   355.24000000003412       0.17893818744714030     
   355.28000000003414       0.19969902635419579     
   355.32000000003416       0.22051537402618249     
   355.36000000003418       0.24140134655732881     
   355.40000000003420       0.26237098201669307     
   355.44000000003422       0.28343803887380004     
   355.48000000003424       0.30461579552124562     
   355.52000000003426       0.32591684935359044     
   355.56000000003428       0.34735291386343459     
   355.60000000003430       0.36893461226955448     
   355.64000000003432       0.39067126629818016     
   355.68000000003434       0.41257067889800680     
   355.72000000003436       0.43463890988463927     
   355.76000000003438       0.45688004378408298     
   355.80000000003440       0.47929594948155763     
   355.84000000003442       0.50188603168554047     
   355.88000000003444       0.52464697469167931     
   355.92000000003446       0.54757247948042109     
   355.96000000003448       0.57065299580792361     
   356.00000000003450       0.59387545165188560     
   356.04000000003452       0.61722298314917312     
   356.08000000003454       0.64067466900325143     
   356.12000000003457       0.66420527423425635     
   356.16000000003459       0.68778500907467022     
   356.20000000003461       0.71137930975379438     
   356.24000000003463       0.73494864883155753     
   356.28000000003465       0.75844838359567879     
   356.32000000003467       0.78182865177677074     
   356.36000000003469       0.80503432440727374     
   356.40000000003471       0.82800502598985970     
   356.44000000003473       0.85067523218326546     
   356.48000000003475       0.87297445489214964     
   356.52000000003477       0.89482752390016129     
   356.56000000003479       0.91615497295849035     
   356.60000000003481       0.93687353649688965     
   356.64000000003483       0.95689676084230224     
   356.68000000003485       0.97613573101989115     
   356.72000000003487       0.99449991091203338     
   356.76000000003489        1.0118980908372293     
   356.80000000003491        1.0282394325940076     
   356.84000000003493        1.0434345978413826     
   356.88000000003495        1.0573969415352638     
   356.92000000003497        1.0700437482116885     
   356.96000000003500        1.0812974854190640     
   357.00000000003502        1.0910870457702340     
   357.04000000003504        1.0993489471153592     
   357.08000000003506        1.1060284594042291     
   357.12000000003508        1.1110806270446596     
   357.16000000003510        1.1144711570495374     
   357.20000000003512        1.1161771460111223     
   357.24000000003514        1.1161876228891177     
   357.28000000003516        1.1145038896192236     
   357.32000000003518        1.1111396474452504     
   357.36000000003520        1.1061209033971489     
   357.40000000003522        1.0994856581835639     
   357.44000000003524        1.0912833836198199     
   357.48000000003526        1.0815743042450363     
   357.52000000003528        1.0704285036861554     
   357.56000000003530        1.0579248813294311     
   357.60000000003532        1.0441499887429595     
   357.64000000003534        1.0291967779064966     
   357.68000000003536        1.0131632945725828     
   357.72000000003538       0.99615135000987820     
   357.76000000003540       0.97826520304443965     
   357.80000000003542       0.95961028186201069     
   357.84000000003545       0.94029197166067213     
   357.88000000003547       0.92041449018005705     
   357.92000000003549       0.90007986862936440     
   357.96000000003551       0.87938705083939195     
   358.00000000003553       0.85843111880481471     
   358.04000000003555       0.83730264836347357     
   358.08000000003557       0.81608719474247193     
   358.12000000003559       0.79486490420596345     
   358.16000000003561       0.77371024514178277     
   358.20000000003563       0.75269184965663749     
   358.24000000003565       0.73187245510853560     
   358.28000000003567       0.71130893395621531     
   358.32000000003569       0.69105239979154320     
   358.36000000003571       0.67114837736989763     
   358.40000000003573       0.65163702478515129     
   358.44000000003575       0.63255339656758980     
   358.48000000003577       0.61392773733549477     
   358.52000000003579       0.59578579663113218     
   358.56000000003581       0.57814915665534339     
   358.60000000003583       0.56103556572779611     
   358.64000000003585       0.54445927139862227     
   358.68000000003588       0.52843134818823700     
   358.72000000003590       0.51296001591151086     
   358.76000000003592       0.49805094543426254     
   358.80000000003594       0.48370754950528694     
   358.84000000003596       0.46993125700247340     
   358.88000000003598       0.45672176952801546     
   358.92000000003600       0.44407729978947952     
   358.96000000003602       0.43199479161704080     
   359.00000000003604       0.42047012180037502     
   359.04000000003606       0.40949828419006984     
   359.08000000003608       0.39907355670682376     
   359.12000000003610       0.38918965204570188     
   359.16000000003612       0.37983985296052536     
   359.20000000003614       0.37101713307257356     
   359.24000000003616       0.36271426417503116     
   359.28000000003618       0.35492391100596343     
   359.32000000003620       0.34763871444335281     
   359.36000000003622       0.34085136404031813     
   359.40000000003624       0.33455466077083962     
   359.44000000003626       0.32874157079926469     
   359.48000000003628       0.32340527102308902     
   359.52000000003630       0.31853918707005313     
   359.56000000003633       0.31413702435902024     
   359.60000000003635       0.31019279276064005     
   359.64000000003637       0.30670082531934195     
   359.68000000003639       0.30365579142333488     
   359.72000000003641       0.30105270473449908     
   359.76000000003643       0.29888692611553580     
   359.80000000003645       0.29715416171766273     
   359.84000000003647       0.29585045631856444     
   359.88000000003649       0.29497218192724617     
   359.92000000003651       0.29451602159991808     
   359.96000000003653       0.29447894833914079     
   360.00000000003655       0.29485819887731690     
   360.04000000003657       0.29565124207550619     
   360.08000000003659       0.29685574159993555     
   360.12000000003661       0.29846951247211706     
   360.16000000003663       0.30049047102518145     
   360.20000000003665       0.30291657774017056     
   360.24000000003667       0.30574577238336609     
   360.28000000003669       0.30897590082150339     
   360.32000000003671       0.31260463285875195     
   360.36000000003673       0.31662937042113404     
   360.40000000003675       0.32104714541483892     
   360.44000000003678       0.32585450660970405     
   360.48000000003680       0.33104739495395519     
   360.52000000003682       0.33662100681787566     
   360.56000000003684       0.34256964480015650     
   360.60000000003686       0.34888655591973627     
   360.64000000003688       0.35556375726702338     
   360.68000000003690       0.36259184951098344     
   360.72000000003692       0.36995981906190822     
   360.76000000003694       0.37765483018237034     
   360.80000000003696       0.38566200892790459     
   360.84000000003698       0.39396422148876065     
   360.88000000003700       0.40254185029511103     
   360.92000000003702       0.41137257213540557     
   360.96000000003704       0.42043114350893274     
   361.00000000003706       0.42968919946776363     
   361.04000000003708       0.43911507326781996     
   361.08000000003710       0.44867364519884823     
   361.12000000003712       0.45832622993967975     
   361.16000000003714       0.46803051261500972     
   361.20000000003716       0.47774054432609026     
   361.24000000003718       0.48740680819178794     
   361.28000000003721       0.49697636676291634     
   361.32000000003723       0.50639310095543810     
   361.36000000003725       0.51559804928915243     
   361.40000000003727       0.52452985413931730     
   361.44000000003729       0.53312531886298364     
   361.48000000003731       0.54132007604899191     
   361.52000000003733       0.54904936281840933     
   361.56000000003735       0.55624889419704493     
   361.60000000003737       0.56285582029391568     
   361.64000000003739       0.56880974762207437     
   361.68000000003741       0.57405379972658377     
   361.72000000003743       0.57853568771747610     
   361.76000000003745       0.58220875773692826     
   361.80000000003747       0.58503298019231809     
   361.84000000003749       0.58697584507218803     
   361.88000000003751       0.58801312904224401     
   361.92000000003753       0.58812950337173819     
   361.96000000003755       0.58731895698979486     
   362.00000000003757       0.58558501587735456     
   362.04000000003759       0.58294074817404817     
   362.08000000003761       0.57940855331050511     
   362.12000000003763       0.57501974257988031     
   362.16000000003766       0.56981392723174207     
   362.20000000003768       0.56383823783853426     
   362.24000000003770       0.55714640487245104     
   362.28000000003772       0.54979773479512961     
   362.32000000003774       0.54185601831998342     
   362.36000000003776       0.53338840783987995     
   362.40000000003778       0.52446429945940087     
   362.44000000003780       0.51515425189818975     
   362.48000000003782       0.50552897009875708     
   362.52000000003784       0.49565837608691110     
   362.56000000003786       0.48561078391220214     
   362.60000000003788       0.47545218972771641     
   362.64000000003790       0.46524568258594057     
   362.68000000003792       0.45505097658967486     
   362.72000000003794       0.44492406082299163     
   362.76000000003796       0.43491696009663094     
   362.80000000003798       0.42507759700362313     
   362.84000000003800       0.41544974406454882     
   362.88000000003802       0.40607305377429781     
   362.92000000003804       0.39698315404139528     
   362.96000000003806       0.38821179671980710     
   363.00000000003809       0.37978704755099146     
   363.04000000003811       0.37173350674534111     
   363.08000000003813       0.36407255053292831     
   363.12000000003815       0.35682258521440913     
   363.16000000003817       0.34999930647132738     
   363.20000000003819       0.34361595789464472     
   363.24000000003821       0.33768358382019281     
   363.28000000003823       0.33221127259250016     
   363.32000000003825       0.32720638729802065     
   363.36000000003827       0.32267478180823694     
   363.40000000003829       0.31862100065240817     
   363.44000000003831       0.31504846180386892     
   363.48000000003833       0.31195962192123972     
   363.52000000003835       0.30935612394705503     
   363.56000000003837       0.30723892724270918     
   363.60000000003839       0.30560842064191762     
   363.64000000003841       0.30446451894647586     
   363.68000000003843       0.30380674347865799     
   363.72000000003845       0.30363428735391462     
   363.76000000003847       0.30394606615433029     
   363.80000000003849       0.30474075467535711     
   363.84000000003851       0.30601681039235418     
   363.88000000003854       0.30777248425528070     
   363.92000000003856       0.31000581937449079     
   363.96000000003858       0.31271463811228806     
   364.00000000003860       0.31589651804741736     
   364.04000000003862       0.31954875723619924     
   364.08000000003864       0.32366832915739563     
   364.12000000003866       0.32825182770064432     
   364.16000000003868       0.33329540254267043     
   364.20000000003870       0.33879468525359790     
   364.24000000003872       0.34474470648944022     
   364.28000000003874       0.35113980465804984     
   364.32000000003876       0.35797352649612746     
   364.36000000003878       0.36523852006575419     
   364.40000000003880       0.37292642077164384     
   364.44000000003882       0.38102773111581678     
   364.48000000003884       0.38953169504534291     
   364.52000000003886       0.39842616791120200     
   364.56000000003888       0.40769748324169441     
   364.60000000003890       0.41733031774085116     
   364.64000000003892       0.42730755614869009     
   364.68000000003894       0.43761015784253132     
   364.72000000003897       0.44821702731230140     
   364.76000000003899       0.45910489090165107     
   364.80000000003901       0.47024818246320610     
   364.84000000003903       0.48161894082103096     
   364.88000000003905       0.49318672215554304     
   364.92000000003907       0.50491853061331859     
   364.96000000003909       0.51677877058263277     
   365.00000000003911       0.52872922415062451     
   365.04000000003913       0.54072905725437703     
   365.08000000003915       0.55273485794096278     
   365.12000000003917       0.56470070994648580     
   365.16000000003919       0.57657830447913838     
   365.20000000003921       0.58831709263681908     
   365.24000000003923       0.59986448030058614     
   365.28000000003925       0.61116606662057826     
   365.32000000003927       0.62216592635663925     
   365.36000000003929       0.63280693536389254     
   365.40000000003931       0.64303113744341545     
   365.44000000003933       0.65278014963674558     
   365.48000000003935       0.66199560186394546     
   365.52000000003937       0.67061960562833445     
   365.56000000003939       0.67859524538137350     
   365.60000000003942       0.68586708510622785     
   365.64000000003944       0.69238168178639103     
   365.68000000003946       0.69808809672265415     
   365.72000000003948       0.70293839518917878     
   365.76000000003950       0.70688812471147422     
   365.80000000003952       0.70989676232997390     
   365.84000000003954       0.71192812159487850     
   365.88000000003956       0.71295071072017091     
   365.92000000003958        5.5702472728871335     
   365.96000000003960        5.5713164750243207     
   366.00000000003962        5.5734580566484322     
   366.04000000003964        5.5766823651288941     
   366.08000000003966        5.5809942141086477     
   366.12000000003968        5.5863929287581282     
   366.16000000003970        5.5928724617308347     
   366.20000000003972        5.6004215763031020     
   366.24000000003974        5.6090240916783864     
   366.28000000003976        5.6186591841282683     
   366.32000000003978        5.6293017365680829     
   366.36000000003980        5.6409227283523959     
   366.40000000003982       0.62969565064006117     
   366.44000000003984       0.61621832756200290     
   366.48000000003987       0.60186873248193939     
   366.52000000003989       0.58668710773683930     
   366.56000000003991       0.57071535669369944     
   366.60000000003993       0.55399659641855459     
   366.64000000003995       0.53657472819092122     
   366.68000000003997       0.51849403169882868     
   366.72000000003999       0.49979878776179570     
   366.76000000004001       0.48053293341571907     
   366.80000000004003       0.46073975218996877     
   366.84000000004005       0.44046160144354585     
   366.88000000004007       0.41973967772894927     
   366.92000000004009       0.39861382033855308     
   366.96000000004011       0.37712235247208648     
   367.00000000004013       0.35530195885297422     
   367.04000000004015       0.33318759811853349     
   367.08000000004017       0.31081244791272677     
   367.12000000004019       0.28820788031517719     
   367.16000000004021       0.26540346503857248     
   367.20000000004023       0.24242699770858012     
   367.24000000004025       0.21930455049494191     
   367.28000000004027       0.19606054237793091     
   367.32000000004030       0.17271782639923838     
   367.36000000004032       0.14929779134948085     
   367.40000000004034       0.12582047547549280     
   367.44000000004036       0.10230468994004438     
   367.48000000004038        7.8768149926384590E-002
   367.52000000004040        5.5227611443085634E-002
   367.56000000004042        3.1699012045308006E-002
   367.60000000004044        8.1976138423003331E-003
   367.64000000004046        1.5261852695727995E-002
   367.68000000004048        3.8665045487600969E-002
   367.72000000004050        6.1997869387788507E-002
   367.76000000004052        8.5246337667630012E-002
   367.80000000004054       0.10839643748198835     
   367.84000000004056       0.13143400029885499     
   367.88000000004058       0.15434457820874070     
   367.92000000004060       0.17711332698097970     
   367.96000000004062       0.19972489669334581     
   368.00000000004064       0.22216333072741601     
   368.04000000004066       0.24441197389252078     
   368.08000000004068       0.26645339041338889     
   368.12000000004070       0.28826929248821731     
   368.16000000004072       0.30984048009236853     
   368.20000000004075       0.33114679266585323     
   368.24000000004077       0.35216707327796948     
   368.28000000004079       0.37287914580797299     
   368.32000000004081       0.39325980561476481     
   368.36000000004083       0.41328482409000267     
   368.40000000004085       0.43292896739686826     
   368.44000000004087       0.45216602959056318     
   368.48000000004089       0.47096888019654359     
   368.52000000004091       0.48930952618921786     
   368.56000000004093       0.50715918816852190     
   368.60000000004095       0.52448839037626571     
   368.64000000004097       0.54126706403071556     
   368.68000000004099       0.55746466328941091     
   368.72000000004101       0.57305029297995991     
   368.76000000004103       0.58799284707017507     
   368.80000000004105       0.60226115668628144     
   368.84000000004107       0.61582414633508864     
   368.88000000004109       0.62865099684700132     
   368.92000000004111       0.64071131343544818     
   368.96000000004113       0.65197529716837255     
   369.00000000004115       0.66241391807205730     
   369.04000000004118       0.67199908803944230     
   369.08000000004120       0.68070383169626381     
   369.12000000004122       0.68850245339011629     
   369.16000000004124       0.69537069851041722     
   369.20000000004126       0.70128590742093977     
   369.24000000004128       0.70622716038993549     
   369.28000000004130       0.71017541203397672     
   369.32000000004132       0.71311361394784734     
   369.36000000004134       0.71502682437079634     
   369.40000000004136       0.71590230393539556     
   369.44000000004138       0.71572959675483616     
   369.48000000004140       0.71450059632322149     
   369.52000000004142       0.71220959592654798     
   369.56000000004144       0.70885332348493080     
   369.60000000004146       0.70443096096462732     
   369.64000000004148       0.69894414870721278     
   369.68000000004150       0.69239697521889343     
   369.72000000004152       0.68479595314185748     
   369.76000000004154       0.67614998228874290     
   369.80000000004156       0.66647030075828972     
   369.84000000004158       0.65577042526317664     
   369.88000000004160       0.64406608188866721     
   369.92000000004163       0.63137512856236233     
   369.96000000004165       0.61771747055100334     
   370.00000000004167       0.60311497031038352     
   370.04000000004169       0.58759135299999254     
   370.08000000004171       0.57117210893646564     
   370.12000000004173       0.55388439420108893     
   370.16000000004175       0.53575693053865781     
   370.20000000004177       0.51681990559033752     
   370.24000000004179       0.49710487439443929     
   370.28000000004181       0.47664466296896690     
   370.32000000004183       0.45547327466123233     
   370.36000000004185       0.43362579981563920     
   370.40000000004187       0.41113832917371701     
   370.44000000004189       0.38804787128339241     
   370.48000000004191       0.36439227405995855     
   370.52000000004193       0.34021015051171438     
   370.56000000004195       0.31554080852111444     
   370.60000000004197       0.29042418445958890     
   370.64000000004199       0.26490078031284753     
   370.68000000004201       0.23901160390510234     
   370.72000000004203       0.21279811173661503     
   370.76000000004206       0.18630215389040297     
   370.80000000004208       0.15956592042165163     
   370.84000000004210       0.13263188861792252     
   370.88000000004212       0.10554277050984870     
   370.92000000004214        7.8341460020614373E-002
   370.96000000004216        5.1070979167748609E-002
   371.00000000004218        2.3774422771937920E-002
   371.04000000004220        3.5050988163025099E-003
   371.08000000004222        3.0724519391458371E-002
   371.12000000004224        5.7840879306809395E-002
   371.16000000004226        8.4811390872498976E-002
   371.20000000004228       0.11159350688286741     
   371.24000000004230       0.13814499231182173     
   371.28000000004232       0.16442399910535729     
   371.32000000004234       0.19038914388980888     
   371.36000000004236       0.21599958830560567     
   371.40000000004238       0.24121512157185110     
   371.44000000004240       0.26599624478948569     
   371.48000000004242       0.29030425640252544     
   371.52000000004244       0.31410133816010011     
   371.56000000004246       0.33735064085868594     
   371.60000000004248       0.36001636909564660     
   371.64000000004251       0.38206386423321081     
   371.68000000004253       0.40345968475716620     
   371.72000000004255       0.42417168321724014     
   371.76000000004257       0.44416907895633362     
   371.80000000004259       0.46342252587300548     
   371.84000000004261       0.48190417451497197     
   371.88000000004263       0.49958772786961381     
   371.92000000004265       0.51644849029893980     
   371.96000000004267       0.53246340915922863     
   372.00000000004269       0.54761110874751262     
   372.04000000004271       0.56187191632587385     
   372.08000000004273       0.57522788008779480     
   372.12000000004275       0.58766277904612385     
   372.16000000004277       0.59916212493719900     
   372.20000000004279       0.60971315634804979     
   372.24000000004281       0.61930482538124376     
   372.28000000004283       0.62792777727294002     
   372.32000000004285       0.63557432347237164     
   372.36000000004287       0.64223840877386718     
   372.40000000004289       0.64791557316447346     
   372.44000000004291       0.65260290911037977     
   372.48000000004293       0.65629901505301902     
   372.52000000004296       0.65900394592059497     
   372.56000000004298       0.66071916148269416     
   372.60000000004300       0.66144747338466547     
   372.64000000004302       0.66119299169485446     
   372.68000000004304       0.65996107178194174     
   372.72000000004306       0.65775826231210233     
   372.76000000004308       0.65459225511707264     
   372.80000000004310       0.65047183763518046     
   372.84000000004312       0.64540684856866870     
   372.88000000004314       0.63940813733298207     
   372.92000000004316       0.63248752779784156     
   372.96000000004318       0.62465778673665773     
   373.00000000004320       0.61593259731089089     
   373.04000000004322       0.60632653782010426     
   373.08000000004324       0.59585506584744974     
   373.12000000004326       0.58453450782495675     
   373.16000000004328       0.57238205393409780     
   373.20000000004330       0.55941575814556788     
   373.24000000004332       0.54565454308903238     
   373.28000000004334       0.53111820932984144     
   373.32000000004336       0.51582744851663698     
   373.36000000004339       0.49980385975275810     
   373.40000000004341       0.48306996843697020     
   373.44000000004343       0.46564924671706331     
   373.48000000004345       0.44756613460523725     
   373.52000000004347       0.42884606071906906     
   373.56000000004349       0.40951546153855012     
   373.60000000004351       0.38960179801062650     
   373.64000000004353       0.36913356829039545     
   373.68000000004355       0.34814031538513485     
   373.72000000004357       0.32665262846610821     
   373.76000000004359       0.30470213663587387     
   373.80000000004361       0.28232149398759071     
   373.84000000004363       0.25954435486911087     
   373.88000000004365       0.23640533836947780     
   373.92000000004367       0.21293998117912372     
   373.96000000004369       0.18918467813712045     
   374.00000000004371       0.16517660996791500     
   374.04000000004373       0.14095365792375641     
   374.08000000004375       0.11655430528417460     
   374.12000000004377        9.2017525916095605E-002
   374.16000000004379        6.7382660362224539E-002
   374.20000000004381        4.2689280195125433E-002
   374.24000000004384        1.7977041643228484E-002
   374.28000000004386        6.7144702444143778E-003
   374.32000000004388        3.1345905382854367E-002
   374.36000000004390        5.5878318651744086E-002
   374.40000000004392        8.0273344185992829E-002
   374.44000000004394       0.10449337187543606     
   374.48000000004396       0.12850172387864575     
   374.52000000004398       0.15226282888828277     
   374.56000000004400       0.17574239186647761     
   374.60000000004402       0.19890755699986964     
   374.64000000004404       0.22172706170474871     
   374.68000000004406       0.24417137964120855     
   374.72000000004408       0.26621285086775570     
   374.76000000004410       0.28782579747943010     
   374.80000000004412       0.30898662331699450     
   374.84000000004414       0.32967389660501262     
   374.88000000004416       0.34986841466490554     
   374.92000000004418       0.36955325014727070     
   374.96000000004420       0.38871377852780420     
   375.00000000004422       0.40733768690530786     
   375.04000000004424       0.42541496442131216     
   375.08000000004427       0.44293787488241210     
   375.12000000004429       0.45990091240311082     
   375.16000000004431       0.47630074109450582     
   375.20000000004433       0.49213611999942108     
   375.24000000004435       0.50740781461566131     
   375.28000000004437       0.52211849645515873     
   375.32000000004439       0.53627263215817078     
   375.36000000004441       0.54987636371960957     
   375.40000000004443       0.56293738139107008     
   375.44000000004445       0.57546479079986956     
   375.48000000004447       0.58746897577860524     
   375.52000000004449       0.59896145832890657     
   375.56000000004451       0.60995475705491364     
   375.60000000004453       0.62046224529933358     
   375.64000000004455       0.63049801010139361     
   375.68000000004457       0.64007671297519242     
   375.72000000004459       0.64921345338211556     
   375.76000000004461       0.65792363564515322     
   375.80000000004463       0.66622283992878506     
   375.84000000004465       0.67412669778788847     
   375.88000000004467       0.68165077267482277     
   375.92000000004469       0.68881044568703231     
   375.96000000004472       0.69562080673943760     
   376.00000000004474       0.70209655125748793     
   376.04000000004476       0.70825188240869064     
   376.08000000004478       0.71410041882310782     
   376.12000000004480       0.71965510769694441     
   376.16000000004482       0.72492814312795162     
   376.20000000004484       0.72993088949684082     
   376.24000000004486       0.73467380968502594     
   376.28000000004488       0.73916639790550698     
   376.32000000004490       0.74341711692022217     
   376.36000000004492       0.74743333942337986     
   376.40000000004494       0.75122129338575050     
   376.44000000004496       0.75478601117926636     
   376.48000000004498       0.75813128233419991     
   376.52000000004500       0.76125960982227503     
   376.56000000004502       0.76417216980798641     
   376.60000000004504       0.76686877486678418     
   376.64000000004506       0.76934784073226403     
   376.68000000004508       0.77160635670466449     
   376.72000000004510       0.77363985992936302     
   376.76000000004512       0.77544241383610513     
   376.80000000004515       0.77700659111672599     
   376.84000000004517       0.77832346171027389     
   376.88000000004519       0.77938258635867408     
   376.92000000004521       0.78017201639205247     
   376.96000000004523       0.78067830049896647     
   377.00000000004525       0.78088649933107002     
   377.04000000004527       0.78078020888180444     
   377.08000000004529       0.78034159366170264     
   377.12000000004531       0.77955143076549971     
   377.16000000004533       0.77838916598462493     
   377.20000000004535       0.77683298315842908     
   377.24000000004537       0.77485988797382632     
   377.28000000004539       0.77244580741057611     
   377.32000000004541       0.76956570598249940     
   377.36000000004543       0.76619371983760265     
   377.40000000004545       0.76230330964639037     
   377.44000000004547       0.75786743302180237     
   377.48000000004549       0.75285873697096073     
   377.52000000004551       0.74724977057384612     
   377.56000000004553       0.74101321771410689     
   377.60000000004555       0.73412214925117214     
   377.64000000004557       0.72655029352180500     
   377.68000000004560       0.71827232349717818     
   377.72000000004562       0.70926415830590084     
   377.76000000004564       0.69950327617545305     
   377.80000000004566       0.68896903515971797     
   377.84000000004568       0.67764299732867284     
   377.88000000004570       0.66550925142206985     
   377.92000000004572       0.65255472834040351     
   377.96000000004574       0.63876950329515803     
   378.00000000004576       0.62414707800007285     
   378.04000000004578       0.60868463599043032     
   378.08000000004580       0.59238326404155472     
   378.12000000004582       0.57524813275089903     
   378.16000000004584       0.55728862967469384     
   378.20000000004586       0.53851843898649510     
   378.24000000004588       0.51895556245705632     
   378.28000000004590       0.49862227763650607     
   378.32000000004592       0.47754503043097662     
   378.36000000004594       0.45575426077271075     
   378.40000000004596       0.43328416173780160     
   378.44000000004598       0.41017237420961811     
   378.48000000004600       0.38645962094980651     
   378.52000000004602       0.36218928564795888     
   378.56000000004605       0.33740694409962979     
   378.60000000004607       0.31215985603777074     
   378.64000000004609       0.28649642725042285     
   378.68000000004611       0.26046565240581110     
   378.72000000004613       0.23411654943912175     
   378.76000000004615       0.20749759641608989     
   378.80000000004617       0.18065618147958196     
   378.84000000004619       0.15363807582830313     
   378.88000000004621       0.12648693871063554     
   378.92000000004623        9.9243862194700050E-002
   378.96000000004625        7.1946962061653519E-002
   379.00000000004627        4.4631019632387803E-002
   379.04000000004629        1.7327177748837630E-002
   379.08000000004631        9.9373074424036201E-003
   379.12000000004633        3.7139258753722704E-002
   379.16000000004635        6.4259715486749247E-002
   379.20000000004637        9.1284018651248688E-002
   379.24000000004639       0.11820184730269689     
   379.28000000004641       0.14500721022690177     
   379.32000000004643       0.17169839778487339     
   379.36000000004645       0.19827789910869353     
   379.40000000004648       0.22475229002370067     
   379.44000000004650       0.25113209708426121     
   379.48000000004652       0.27743164297409528     
   379.52000000004654       0.30366887826408018     
   379.56000000004656       0.32986520416754117     
   379.60000000004658       0.35604529051124878     
   379.64000000004660       0.38223689267361927     
   379.68000000004662       0.40847067075121690     
   379.72000000004664       0.43478001371868724     
   379.76000000004666       0.46120087086048001     
   379.80000000004668       0.48777159228665989     
   379.84000000004670       0.51453277990815427     
   379.88000000004672       0.54152714984453376     
   379.92000000004674       0.56879940687307018     
   379.96000000004676       0.59639613120243662     
   380.00000000004678       0.62436567756749550     
   380.04000000004680       0.65275808639132538     
   380.08000000004682       0.68162500654416158     
   380.12000000004684       0.71101962904286875     
   380.16000000004686       0.74099663087502843     
   380.20000000004688       0.77161212799472478     
   380.24000000004690       0.80292363641853748     
   380.28000000004693       0.83499004024614654     
   380.32000000004695       0.86787156533656873     
   380.36000000004697       0.90162975728486328     
   380.40000000004699       0.93632746226203789     
   380.44000000004701       0.97202880920007728     
   380.48000000004703        1.0087991917221337     
   380.52000000004705        1.0467052481330990     
   380.56000000004707        1.0858148376965568     
   380.60000000004709        1.1261970113296820     
   380.64000000004711        1.1679219747476393     
   380.68000000004713        1.2110610419838963     
   380.72000000004715        1.2556865771035985     
   380.76000000004717        1.3018719218157666     
   380.80000000004719        1.3496913065793477     
   380.84000000004721        1.3992197426920505     
   380.88000000004723        1.4505328927544614     
   380.92000000004725        1.5037069168216139     
   380.96000000004727        1.5588182914978210     
   381.00000000004729        1.6159435992075748     
   381.04000000004731        1.6751592848967385     
   381.08000000004733        1.7365413774967666     
   381.12000000004736        1.8001651736345914     
   381.16000000004738        1.8661048813077659     
   381.20000000004740        1.9344332215852025     
   381.24000000004742        2.0052209868556883     
   381.28000000004744        2.0785365547463295     
   381.32000000004746        2.1544453575870204     
   381.36000000004748        2.2330093082181142     
   381.40000000004750        2.3142861840357050     
   381.44000000004752        2.3983289724450594     
   381.48000000004754        2.4851851823421445     
   381.52000000004756        2.5748961278495219     
   381.56000000004758        2.6674961922666860     
   381.60000000004760        2.7630120820114916     
   381.64000000004762        2.8614620821674097     
   381.68000000004764        2.9628553270320328     
   381.72000000004766        3.0671911006900121     
   381.76000000004768        3.1744581839983912     
   381.80000000004770        3.2846342653538088     
   381.84000000004772        3.3976854330855035     
   381.88000000004774        3.5135657671666518     
   381.92000000004776        3.6322170470565380     
   381.96000000004778        3.7535685908021748     
   382.00000000004781        3.8775372380051949     
   382.04000000004783        4.0040274859141372     
   382.08000000004785        4.1329317838091955     
   382.12000000004787        4.2641309861454619     
   382.16000000004789        4.3974949598131783     
   382.20000000004791        4.5328833356153666     
   382.24000000004793        4.6701463889490302     
   382.28000000004795        4.8091260300191694     
   382.32000000004797        4.9496568800205161     
   382.36000000004799        5.0915674068612953     
   382.40000000004801        1.0485042147931301     
   382.44000000004803       0.90436770436727132     
   382.48000000004805       0.75939137193884854     
   382.52000000004807       0.61375979157269089     
   382.56000000004809       0.46765808011897669     
   382.60000000004811       0.32127095484505863     
   382.64000000004813       0.17478188838054387     
   382.68000000004815        2.8372366882763900E-002
   382.72000000004817       0.11777874795844445     
   382.76000000004819       0.26349575731477870     
   382.80000000004821       0.40860657239893694     
   382.84000000004824       0.55294308204598452     
   382.88000000004826       0.69634145449282148     
   382.92000000004828       0.83864238823214898     
   382.96000000004830       0.97969132682739257     
   383.00000000004832        1.1193386516139752     
   383.04000000004834        1.2574398644352274     
   383.08000000004836        1.3938557701630176     
   383.12000000004838        1.5284526659512248     
   383.16000000004840        1.6611025411871823     
   383.20000000004842        1.7916832891546270     
   383.24000000004844        1.9200789286904008     
   383.28000000004846        2.0461798317614690     
   383.32000000004848        2.1698829510235318     
   383.36000000004850        2.2910920401187549     
   383.40000000004852        2.4097178587554926     
   383.44000000004854        2.5256783544744348     
   383.48000000004856        2.6388988133956452     
   383.52000000004858        2.7493119730842803     
   383.56000000004860        2.8568580918750888     
   383.60000000004862        2.9614849704524882     
   383.64000000004864        3.0631479230872976     
   383.68000000004866        3.1618096975814050     
   383.72000000004869        3.2574403445771942     
   383.76000000004871        3.3500170383737800     
   383.80000000004873        3.4395238526991889     
   383.84000000004875        3.5259514959769609     
   383.88000000004877        3.6092970114755207     
   383.92000000004879        3.6895634483335380     
   383.96000000004881        3.7667595098222524     
   384.00000000004883        3.8408991853552790     
   384.04000000004885        3.9120013727140126     
   384.08000000004887        3.9800894967536458     
   384.12000000004889        4.0451911305241612     
   384.16000000004891        4.1073376243155355     
   384.20000000004893        4.1665637476480359     
   384.24000000004895        4.2229073487047470     
   384.28000000004897        4.2764090351684141     
   384.32000000004899        4.3271118798977124     
   384.36000000004901        4.3750611543740643     
   384.40000000004903        4.4203040923794816     
   384.44000000004905        4.4628896859346954     
   384.48000000004907        4.5028685151374725     
   384.52000000004909        4.5402926131922161     
   384.56000000004911        4.5752153676098022     
   384.60000000004914        4.6076914582743882     
   384.64000000004916        4.6377768328129525     
   384.68000000004918        4.6655287194530555     
   384.72000000004920        4.6910056773028117     
   384.76000000004922        4.7142676837212365     
   384.80000000004924        4.7353762581530976     
   384.84000000004926        4.7543946214657424     
   384.88000000004928        4.7713878894317272     
   384.92000000004930        4.7864232985361035     
   384.96000000004932        4.7995704617380577     
   385.00000000004934        4.8109016511713829     
   385.04000000004936        4.8204921040182036     
   385.08000000004938        4.8284203469298550     
   385.12000000004940        4.8347685333971420     
   385.16000000004942        4.8396227873946893     
   385.20000000004944        4.8430735454536933     
   385.24000000004946        4.8452158880760683     
   385.28000000004948        4.8461498501231492     
   385.32000000004950        4.8459806985379021     
   385.36000000004952        4.8448191645474825     
   385.40000000004954        4.8427816164120800     
   385.44000000004957        4.8399901579172848     
   385.48000000004959        4.8365726372417353     
   385.52000000004961        4.8326625506677487     
   385.56000000004963        4.8283988259407291     
   385.60000000004965        4.8239254710208304     
   385.64000000004967        4.8193910755948455     
   385.68000000004969        4.8149481550959745     
   385.72000000004971        4.8107523301553199     
   385.76000000004973        4.8069613383868948     
   385.80000000004975        4.8037338801493625     
   385.84000000004977        4.8012283053446145     
   385.88000000004979        4.7996011542646544     
   385.92000000004981        4.7990055717897402     
   385.96000000004983        4.7995896206286819     
   386.00000000004985        4.8014945254909014     
   386.04000000004987        4.8048528857737143     
   386.08000000004989        4.8097868992068031     
   386.12000000004991        4.8164066425918248     
   386.16000000004993        4.8248084580047781     
   386.20000000004995        4.8350734933327812     
   386.24000000004997        4.8472664446009555     
   386.28000000004999        4.8614345440992413     
   386.32000000005002        4.8776068328337185     
   386.36000000005004        4.8957937484054384     
   386.40000000005006        4.9159870502837526     
   386.44000000005008        4.9381600939296195     
   386.48000000005010        4.9622684537835831     
   386.52000000005012        4.9882508832967236     
   386.56000000005014        5.0160305885423009     
   386.60000000005016        5.0455167811126707     
   386.64000000005018        5.0766064665680632     
   386.68000000005020        1.1739988900005520     
   386.72000000005022        1.1400500346814386     
   386.76000000005024        1.1048595985135572     
   386.80000000005026        1.0685586897903996     
   386.84000000005028        1.0312800690483195     
   386.88000000005030       0.99315611520158253     
   386.92000000005032       0.95431693470929480     
   386.96000000005034       0.91488865023085719     
   387.00000000005036       0.87499189611925243     
   387.04000000005038       0.83474053869901044     
   387.08000000005040       0.79424063010346069     
   387.12000000005042       0.75358959595459374     
   387.16000000005045       0.71287564970935069     
   387.20000000005047       0.67217742030657424     
   387.24000000005049       0.63156377495390781     
   387.28000000005051       0.59109381551419848     
   387.32000000005053       0.55081702491961559     
   387.36000000005055       0.51077353922533875     
   387.40000000005057       0.47099452113556395     
   387.44000000005059       0.43150261189174488     
   387.48000000005061       0.39231244010053334     
   387.52000000005063       0.35343116820037679     
   387.56000000005065       0.31485905964456773     
   387.60000000005067       0.27659005236425349     
   387.64000000005069       0.23861232654589748     
   387.68000000005071       0.20090885712144724     
   387.72000000005073       0.16345794356049659     
   387.76000000005075       0.12623371153045282     
   387.80000000005077        8.9206582731496731E-002
   387.84000000005079        5.2343710712249969E-002
   387.88000000005081        1.5609381735843364E-002
   387.92000000005083        2.1034619190705595E-002
   387.96000000005085        5.7628676167918780E-002
   388.00000000005087        9.4215042514140812E-002
   388.04000000005090       0.13083757099911208     
   388.08000000005092       0.16754147167988886     
   388.12000000005094       0.20437309453814123     
   388.16000000005096       0.24137973392227074     
   388.20000000005098       0.27860945166798778     
   388.24000000005100       0.31611091569093430     
   388.28000000005102       0.35393325080110616     
   388.32000000005104       0.39212589847023160     
   388.36000000005106       0.43073848228133471     
   388.40000000005108       0.46982067579818487     
   388.44000000005110       0.50942206960708925     
   388.48000000005112       0.54959203430249737     
   388.52000000005114       0.59037957621104953     
   388.56000000005116       0.63183318267786115     
   388.60000000005118       0.67400065377765372     
   388.64000000005120       0.71692891736735342     
   388.68000000005122       0.76066382447332037     
   388.72000000005124       0.80524992211461699     
   388.76000000005126       0.85073020081454764     
   388.80000000005128       0.89714581425873496     
   388.84000000005130       0.94453576883325541     
   388.88000000005133       0.99293658113615901     
   388.92000000005135        1.0423819020160543     
   388.96000000005137        1.0929021062685649     
   389.00000000005139        1.1445238478308200     
   389.04000000005141        1.1972695811694094     
   389.08000000005143        1.2511570505688776     
   389.12000000005145        1.3061987502013974     
   389.16000000005147        1.3624013591925721     
   389.20000000005149        1.4197651573831116     
   389.24000000005151        1.4782834291001579     
   389.28000000005153        1.5379418639606768     
   389.32000000005155        1.5987179654829826     
   389.36000000005157        1.6605804800153436     
   389.40000000005159        1.7234888601205203     
   389.44000000005161        1.7873927779846597     
   389.48000000005163        1.8522317055384163     
   389.52000000005165        1.9179345786701314     
   389.56000000005167        1.9844195630572974     
   389.60000000005169        2.0515939386334070     
   389.64000000005171        2.1193541184512927     
   389.68000000005173        2.1875858156398538     
   389.72000000005175        2.2561643692584679     
   389.76000000005178        2.3249552361633148     
   389.80000000005180        2.3938146516010330     
   389.84000000005182        2.4625904562868559     
   389.88000000005184        2.5311230824133073     
   389.92000000005186        2.5992466856267824     
   389.96000000005188        2.6667904047909765     
   390.00000000005190        2.7335797266289910     
   390.04000000005192        2.7994379283895081     
   390.08000000005194        2.8641875687701122     
   390.12000000005196        2.9276519956467313     
   390.16000000005198        2.9896568388188740     
   390.20000000005200        3.0500314570132252     
   390.24000000005202        3.1086103107287650     
   390.28000000005204        3.1652342360041335     
   390.32000000005206        3.2197515986198577     
   390.36000000005208        3.2720193133396469     
   390.40000000005210        3.3219037182439819     
   390.44000000005212        3.3692812997102854     
   390.48000000005214        3.4140392688617771     
   390.52000000005216        3.4560759950951296     
   390.56000000005218        3.4953013064108074     
   390.60000000005220        3.5316366695741577     
   390.64000000005223        3.5650152655547567     
   390.68000000005225        3.5953819772073206     
   390.72000000005227        3.6226933067990785     
   390.76000000005229        3.6469172408236821     
   390.80000000005231        3.6680330786656845     
   390.84000000005233        3.6860312402042772     
   390.88000000005235        3.7009130654899192     
   390.92000000005237        3.7126906173124823     
   390.96000000005239        3.7213864949192290     
   391.00000000005241        3.7270336644419086     
   391.04000000005243        3.7296753088514416     
   391.08000000005245        3.7293646975636081     
   391.12000000005247        3.7261650732489300     
   391.16000000005249        3.7201495510266929     
   391.20000000005251        3.7114010231133463     
   391.24000000005253        3.7000120602114102     
   391.28000000005255        3.6860847995241990     
   391.32000000005257        3.6697308083168636     
   391.36000000005259        3.6510709114612192     
   391.40000000005261        3.6302349714368320     
   391.44000000005263        3.6073616098368895     
   391.48000000005266        3.5825978605503890     
   391.52000000005268        3.5560987464469740     
   391.56000000005270        3.5280267735378392     
   391.60000000005272        3.4985513391595635     
   391.64000000005274        3.4678480536349081     
   391.68000000005276        3.4360979779881071     
   391.72000000005278        3.4034867834941172     
   391.76000000005280        3.3702038419702016     
   391.80000000005282        3.3364412586175813     
   391.84000000005284        3.3023928617396163     
   391.88000000005286        3.2682531656658074     
   391.92000000005288        3.2342163245886182     
   391.96000000005290        3.2004750956979913     
   392.00000000005292        3.1672198299420513     
   392.04000000005294        3.1346375079604338     
   392.08000000005296        3.1029108372795617     
   392.12000000005298        3.0722174248151908     
   392.16000000005300        3.0427290362151194     
   392.20000000005302        3.0146109507332888     
   392.24000000005304        2.9880214173047235     
   392.28000000005306        2.9631112144375500     
   392.32000000005308        2.9400233135918130     
   392.36000000005311        2.9188926429949245     
   392.40000000005313        2.8998459464461916     
   392.44000000005315        2.8830017296566668     
   392.48000000005317        2.8684702850964450     
   392.52000000005319        2.8563537851938143     
   392.56000000005321        2.8467464330404537     
   392.60000000005323        2.8397346594761372     
   392.64000000005325        2.8353973555127920     
   392.68000000005327        2.8338061294596395     
   392.72000000005329        2.8350255787719840     
   392.76000000005331        2.8391135675086989     
   392.80000000005333        2.8461215012924610     
   392.84000000005335        2.8560945927719761     
   392.88000000005337        2.8690721117423319     
   392.92000000005339        2.8850876152507539     
   392.96000000005341        2.9041691541696726     
   393.00000000005343        2.9263394538330827     
   393.04000000005345        2.9516160673871701     
   393.08000000005347        2.9800115014886588     
   393.12000000005349        3.0115333148843915     
   393.16000000005351        3.0461841912163932     
   393.20000000005354        3.0839619881127609     
   393.24000000005356        3.1248597652420829     
   393.28000000005358        3.1688657945238847     
   393.32000000005360        3.2159635560961219     
   393.36000000005362        3.2661317239390399     
   393.40000000005364        3.3193441452388899     
   393.44000000005366        3.3755698176411761     
   393.48000000005368        3.4347728684883254     
   393.52000000005370        3.4969125399589935     
   393.56000000005372        3.5619431837261417     
   393.60000000005374        3.6298142683315722     
   393.64000000005376        3.7004704019427384     
   393.68000000005378        3.7738513725245886     
   393.72000000005380        3.8498922067410852     
   393.76000000005382        3.9285232481191925     
   393.80000000005384        4.0096702541889915     
   393.84000000005386        4.0932545114883290     
   393.88000000005388        4.1791929665239964     
   393.92000000005390        4.2673983700515112     
   393.96000000005392        4.3577794314107940     
   394.00000000005394        4.4502409791729285     
   394.04000000005396        4.5446841240484712     
   394.08000000005399        4.6410064199094085     
   394.12000000005401        4.7391020189066335     
   394.16000000005403        4.8388618170346183     
   394.20000000005405        4.9401735871055283     
   394.24000000005407        5.0429220969347925     
   394.28000000005409        1.1361960955952919     
   394.32000000005411        1.0309313274593297     
   394.36000000005413       0.92459260170890456     
   394.40000000005415       0.81730629862805260     
   394.44000000005417       0.70920143037683314     
   394.48000000005419       0.60040959061904264     
   394.52000000005421       0.49106489976466661     
   394.56000000005423       0.38130393839242821     
   394.60000000005425       0.27126566083683590     
   394.64000000005427       0.16109128070495815     
   394.68000000005429        5.0924120272873963E-002
   394.72000000005431        5.9090583676279618E-002
   394.76000000005433       0.16880592397001970     
   394.80000000005435       0.27807362207021535     
   394.84000000005437       0.38674438514632364     
   394.88000000005439       0.49466832224587370     
   394.92000000005442       0.60169541831614715     
   394.96000000005444       0.70767606244693804     
   395.00000000005446       0.81246162434794267     
   395.04000000005448       0.91590507086694162     
   395.08000000005450        1.0178616124130047     
   395.12000000005452        1.1181893675763463     
   395.16000000005454        1.2167500331171701     
   395.20000000005456        1.3134095458880508     
   395.24000000005458        1.4080387231865168     
   395.28000000005460        1.5005138685035040     
   395.32000000005462        1.5907173306056586     
   395.36000000005464        1.6785380053040155     
   395.40000000005466        1.7638717710351779     
   395.44000000005468        1.8466218514149175     
   395.48000000005470        1.9266991001112141     
   395.52000000005472        2.0040222056165233     
   395.56000000005474        2.0785178156762205     
   395.60000000005476        2.1501205831623356     
   395.64000000005478        2.2187731369958574     
   395.68000000005480        2.2844259832627740     
   395.72000000005482        2.3470373429042080     
   395.76000000005484        2.4065729332740560     
   395.80000000005487        2.4630057014505704     
   395.84000000005489        2.5163155174777909     
   395.88000000005491        2.5664888357268172     
   395.92000000005493        2.6135183323415658     
   395.96000000005495        2.6574025263098084     
   396.00000000005497        2.6981453911205628     
   396.04000000005499        2.7357559632753814     
   396.08000000005501        2.7702479531531532     
   396.12000000005503        2.8016393629213563     
   396.16000000005505        2.8299521153718672     
   396.20000000005507        2.8552116967621695     
   396.24000000005509        2.8774468159833688     
   396.28000000005511        2.8966890816703286     
   396.32000000005513        2.9129726982273736     
   396.36000000005515        2.9263341811724897     
   396.40000000005517        2.9368120917074600     
   396.44000000005519        2.9444467900020879     
   396.48000000005521        2.9492802063365695     
   396.52000000005523        2.9513556289747100     
   396.56000000005525        2.9507175074384473     
   396.60000000005527        2.9474112697167683     
   396.64000000005530        2.9414831518648699     
   396.68000000005532        2.9329800384274178     
   396.72000000005534        2.9219493121480591     
   396.76000000005536        2.9084387115010433     
   396.80000000005538        2.8924961946951169     
   396.84000000005540        2.8741698089500898     
   396.88000000005542        2.8535075640281717     
   396.92000000005544        2.8305573092107901     
   396.96000000005546        2.8053666131429180     
   397.00000000005548        2.7779826462165578     
   397.04000000005550        2.7484520654288063     
   397.08000000005552        2.7168209019235432     
   397.12000000005554        2.6831344517051083     
   397.16000000005556        2.6474371702931006     
   397.20000000005558        2.6097725723654639     
   397.24000000005560        2.5701831377080930     
   397.28000000005562        2.5287102250490920     
   397.32000000005564        2.4853939956002855     
   397.36000000005566        2.4402733483533110     
   397.40000000005568        2.3933858693781591     
   397.44000000005570        2.3447677975438235     
   397.48000000005572        2.2944540092188022     
   397.52000000005575        2.2424780246083849     
   397.56000000005577        2.1888720384401252     
   397.60000000005579        2.1336669777122608     
   397.64000000005581        2.0768925891649634     
   397.68000000005583        2.0185775590131461     
   397.72000000005585        1.9587496672832918     
   397.76000000005587        1.8974359788156263     
   397.80000000005589        1.8346630726165172     
   397.84000000005591        1.7704573107633765     
   397.88000000005593        1.7048451474647333     
   397.92000000005595        1.6378534781514358     
   397.96000000005597        1.5695100276126404     
   398.00000000005599        1.4998437751867222     
   398.04000000005601        1.4288854138710640     
   398.08000000005603        1.3566678389304190     
   398.12000000005605        1.2832266601734734     
   398.16000000005607        1.2086007305533897     
   398.20000000005609        1.1328326821639911     
   398.24000000005611        1.0559694590954118     
   398.28000000005613       0.97806283504206726     
   398.32000000005615       0.89916990209635528     
   398.36000000005617       0.81935351590134420     
   398.40000000005620       0.73868268137305981     
   398.44000000005622       0.65723286264240266     
   398.48000000005624       0.57508620081294026     
   398.52000000005626       0.49233162368108446     
   398.56000000005628       0.40906483280002875     
   398.60000000005630       0.32538815524222897     
   398.64000000005632       0.24141025014470013     
   398.68000000005634       0.15724566357943770     
   398.72000000005636        7.3014229399193331E-002
   398.76000000005638        1.1159681665579513E-002
   398.80000000005640        9.5148057422998034E-002
   398.84000000005642       0.17882027184663357     
   398.88000000005644       0.26204422769380775     
   398.92000000005646       0.34468759240054381     
   398.96000000005648       0.42661910172679690     
   399.00000000005650       0.50770990273130656     
   399.04000000005652       0.58783490586181553     
   399.08000000005654       0.66687411537001007     
   399.12000000005656       0.74471390794012626     
   399.16000000005658       0.82124823131299574     
   399.20000000005660       0.89637969767315706     
   399.24000000005663       0.97002055045899449     
   399.28000000005665        1.0420934878188146     
   399.32000000005667        1.1125323309047772     
   399.36000000005669        1.1812825303002514     
   399.40000000005671        1.2483015088569833     
   399.44000000005673        1.3135588438502783     
   399.48000000005675        1.3770362954612805     
   399.52000000005677        1.4387276920351542     
   399.56000000005679        1.4986386852661338     
   399.60000000005681        1.5567863903999064     
   399.64000000005683        1.6131989277405419     
   399.68000000005685        1.6679148822593051     
   399.72000000005687        1.7209826980087624     
   399.76000000005689        1.7724600234464121     
   399.80000000005691        1.8224130227737347     
   399.84000000005693        1.8709156671044127     
   399.88000000005695        1.9180490177883485     
   399.92000000005697        1.9639005126238520     
   399.96000000005699        2.0085632640635454     
   400.00000000005701        2.0521353769202064     
