   0.0000000000000000       0.52359877559829882        0.0000000000000000     
   4.0000000000000001E-002  0.52279877559829879       -1.9999999999999997E-002
   8.0000000000000002E-002  0.52122281517172553       -3.9399010664331054E-002
  0.12000000000000000       0.51889594759070523       -5.8171689525507747E-002
  0.16000000000000000       0.51584419075226107       -7.6293920961104378E-002
  0.20000000000000001       0.51209447804915453       -9.3742817577662479E-002
  0.24000000000000002       0.50767460907917883      -0.11049672424939205     
  0.28000000000000003       0.50261320008177379      -0.12653522493512698     
  0.32000000000000001       0.49693963398928015      -0.14183915231234054     
  0.35999999999999999       0.49068400998182177      -0.15639060018645901     
  0.39999999999999997       0.48387709243950261      -0.17017293855797913     
  0.43999999999999995       0.47655025919311494      -0.18317083115969204     
  0.47999999999999993       0.46873544898462383      -0.19537025521227780     
  0.51999999999999991       0.46046510806105428      -0.20675852308923809     
  0.55999999999999994       0.45177213583977083      -0.21732430553208584     
  0.59999999999999998       0.44268982959919700      -0.22705765601434519     
  0.64000000000000001       0.43325182816645380      -0.23595003581857993     
  0.68000000000000005       0.42349205459186895      -0.24399433936462148     
  0.72000000000000008       0.41344465781948664      -0.25118491930955711     
  0.76000000000000012       0.40314395338225029      -0.25751761093090897     
  0.80000000000000016       0.39262436317010224      -0.26298975530370117     
  0.84000000000000019       0.38192035433851934      -0.26760022078957285     
  0.88000000000000023       0.37106637744366261      -0.27134942237141874     
  0.92000000000000026       0.36009680390807203      -0.27423933838976494     
  0.96000000000000030       0.34904586293740658      -0.27627352426663632     
   1.0000000000000002       0.33794757802387265      -0.27745712283834761     
   1.0400000000000003       0.32683570318548660      -0.27779687095965155     
   1.0800000000000003       0.31574365910200197      -0.27730110208711578     
   1.1200000000000003       0.30470446931806144      -0.27597974459851371     
   1.1600000000000004       0.29375069669180581      -0.27384431565639078     
   1.2000000000000004       0.28291438027273524      -0.27090791047676410     
   1.2400000000000004       0.27222697279605196      -0.26718518691708221     
   1.2800000000000005       0.26171927898204861      -0.26269234535008334     
   1.3200000000000005       0.25142139482840625      -0.25744710384105868     
   1.3600000000000005       0.24136264808063310      -0.25146866869432860     
   1.4000000000000006       0.23157154006144751      -0.24477770047963987     
   1.4400000000000006       0.22207568903384903      -0.23739627568996197     
   1.4800000000000006       0.21290177526512150      -0.22934784421818857     
   1.5200000000000007       0.20407548795027894      -0.22065718287106387     
   1.5600000000000007       0.19562147414372236      -0.21135034516391463     
   1.6000000000000008       0.18756328983735063      -0.20145460765929302     
   1.6400000000000008       0.17992335331229553      -0.19099841312637739     
   1.6800000000000008       0.17272290088005390      -0.18001131080604063     
   1.7200000000000009       0.16598194511728931      -0.16852389406911511     
   1.7600000000000009       0.15971923568717250      -0.15656773575291999     
   1.8000000000000009       0.15395222282901072      -0.14417532145404433     
   1.8400000000000010       0.14869702358724007      -0.13137998104426593     
   1.8800000000000010       0.14396839084076096      -0.11821581866197760     
   1.9200000000000010       0.13977968518418921      -0.10471764141429356     
   1.9600000000000011       0.13614284970395468       -9.0920887005863177E-002
   2.0000000000000009       0.13306838768435117       -7.6861550490087902E-002
   2.0400000000000009       0.13056534327164387       -6.2576110317682163E-002
   2.0800000000000010       0.12864128511816067       -4.8101453837079866E-002
   2.1200000000000010       0.12730229302288998       -3.3474802381766977E-002
   2.1600000000000010       0.12655294758041535       -1.8733636061865615E-002
   2.2000000000000011       0.12639632284594401       -3.9156183617833368E-003
   2.2400000000000011       0.12683398202062529        1.0941479367031798E-002
   2.2800000000000011       0.12786597615817819        2.5799853438822205E-002
   2.3200000000000012       0.12949084589091905        4.0621743318521510E-002
   2.3600000000000012       0.13170562617045378        5.5369506988368344E-002
   2.4000000000000012       0.13450585401542675        7.0005696124324321E-002
   2.4400000000000013       0.13788557925565306        8.4493131005657585E-002
   2.4800000000000013       0.14183737825856080        9.8794975072693289E-002
   2.5200000000000014       0.14635237062000475       0.11287480903609899     
   2.5600000000000014       0.15142023879706587       0.12669670442652783     
   2.6000000000000014       0.15702925065532358       0.14022529645644305     
   2.6400000000000015       0.16316628489720511       0.15342585604703818     
   2.6800000000000015       0.16981685933132379       0.16626436085296706     
   2.7200000000000015       0.17696516193519521       0.17870756509678581     
   2.7600000000000016       0.18459408465536750       0.19072306800430749     
   2.8000000000000016       0.19268525987985680       0.20227938061223233     
   2.8400000000000016       0.20121909950790476       0.21334599070119889     
   2.8800000000000017       0.21017483653156699       0.22389342559155592     
   2.9200000000000017       0.21953056903262289       0.23389331252639761     
   2.9600000000000017       0.22926330648691912       0.24331843635740594     
   3.0000000000000018       0.23934901825669525       0.25214279424440295     
   3.0400000000000018       0.24976268413988498       0.26034164707974339     
   3.0800000000000018       0.26047834683405241       0.26789156735418562     
   3.1200000000000019       0.27146916616173061       0.27477048319195491     
   3.1600000000000019       0.28270747489371151       0.28095771829952199     
   3.2000000000000020       0.29416483599751886       0.28643402759518372     
   3.2400000000000020       0.30581210113010826       0.29118162831473565     
   3.2800000000000020       0.31761947018699249       0.29518422642210623     
   3.3200000000000021       0.32955655171468756       0.29842703819237693     
   3.3600000000000021       0.34159242398979195       0.30089680687760928     
   3.4000000000000021       0.35369569656629901       0.30258181441267662     
   3.4400000000000022       0.36583457209302278       0.30347188816809401     
   3.4800000000000022       0.37797690820537444       0.30355840280879187     
   3.5200000000000022       0.39009027930021301       0.30283427737096397     
   3.5600000000000023       0.40214203800911535       0.30129396772255834     
   3.6000000000000023       0.41409937619414211       0.29893345462566928     
   3.6400000000000023       0.42592938530094321       0.29575022767002784     
   3.6800000000000024       0.43759911591674294       0.29174326539499290     
   3.7200000000000024       0.44907563639522219       0.28691301196198105     
   3.7600000000000025       0.46032609042639289       0.28126135077926723     
   3.8000000000000025       0.47131775344702315       0.27479157551575589     
   3.8400000000000025       0.48201808780578198       0.26750835896897063     
   3.8800000000000026       0.49239479661676472       0.25941772027456800     
   3.9200000000000026       0.50241587625515216       0.25052699095968534     
   3.9600000000000026       0.51204966746915437       0.24084478035005394     
   4.0000000000000027       0.52126490510278778       0.23038094084083618     
   4.0400000000000027       0.53003076644412761       0.21914653353349561     
   4.0800000000000027       0.53831691823315608       0.20715379472571110     
   4.1200000000000028       0.54609356238189777       0.19441610371854184     
   4.1600000000000028       0.55333148047689684       0.18094795237497696     
   4.2000000000000028       0.56000207714997630       0.16676491682698591     
   4.2400000000000029       0.56607742241736125       0.15188363168462315     
   4.2800000000000029       0.57153029309940484       0.13632176705108986     
   4.3200000000000029       0.57633421344310187       0.12009800859242556     
   4.3600000000000030       0.58046349507711137       0.10323204085023611     
   4.4000000000000030       0.58389327643395672        8.5744533921133792E-002
   4.4400000000000031       0.58659956177627515        6.7657133557959492E-002
   4.4800000000000031       0.58855925996331449        4.8992454675983461E-002
   4.5200000000000031       0.58975022309022462        2.9774078172754757E-002
   4.5600000000000032       0.59015128512597359        1.0026550893723150E-002
   4.6000000000000032       0.58974230066588695       -1.0224611502166234E-002
   4.6400000000000032       0.58850418390183357       -3.0952919101334894E-002
   4.6800000000000033       0.58641894789695526       -5.2130900121958104E-002
   4.7200000000000033       0.58346974423260112       -7.3730091608853743E-002
   4.7600000000000033       0.57964090307283178       -9.5721028994233626E-002
   4.8000000000000034       0.57491797366660458      -0.11807323515567900     
   4.8400000000000034       0.56928776527966929      -0.14075520967338295     
   4.8800000000000034       0.56273838851746794      -0.16373441905503477     
   4.9200000000000035       0.55525929696716492      -0.18697728875757597     
   4.9600000000000035       0.54684132905159688      -0.21044919788920105     
   5.0000000000000036       0.53747674995075434      -0.23411447752106307     
   5.0400000000000036       0.52715929340776535      -0.25793641357472480     
   5.0800000000000036       0.51588420319668815      -0.28187725527692870     
   5.1200000000000037       0.50364827398924339      -0.30589823018611906     
   5.1600000000000037       0.49044989131749656      -0.32995956679367128     
   5.2000000000000037       0.47628907029008533      -0.35402052568528097     
   5.2400000000000038       0.46116749268157337      -0.37803944021279901     
   5.2800000000000038       0.44508854197867692      -0.40197376757241077     
   5.3200000000000038       0.42805733593427425      -0.42578015111006623     
   5.3600000000000039       0.41008075615114159      -0.44941449457831617     
   5.4000000000000039       0.39116747419316650      -0.47283204894937786     
   5.4400000000000039       0.37132797370328957      -0.49598751224692267     
   5.4800000000000040       0.35057456799553594      -0.51883514269384134     
   5.5200000000000040       0.32892141258410496      -0.54132888528577416     
   5.5600000000000041       0.30638451211643108      -0.56342251169184665     
   5.6000000000000041       0.28298172119015463      -0.58506977315691155     
   5.6400000000000041       0.25873273855669299      -0.60622456583654116     
   5.6800000000000042       0.23365909424706402      -0.62684110774072421     
   5.7200000000000042       0.20778412919909606      -0.64687412619919882     
   5.7600000000000042       0.18113296701926207      -0.66627905449584945     
   5.8000000000000043       0.15373247757695910      -0.68501223605757400     
   5.8400000000000043       0.12561123220371900      -0.70303113433100273     
   5.8800000000000043        9.6799450353904498E-002 -0.72029454624536271     
   5.9200000000000044        6.7328937675953188E-002 -0.73676281694878276     
   5.9600000000000044        3.7233015542931104E-002 -0.75239805332555210     
   6.0000000000000044        6.5464421965253684E-003 -0.76716433366014336     
   6.0400000000000045       -2.4694674232134180E-002 -0.78102791071648869     
   6.0800000000000045       -5.6452970450275107E-002 -0.79395740545352322     
   6.1200000000000045       -8.8689929994465400E-002 -0.80592398860475722     
   6.1600000000000046      -0.12136599189100947      -0.81690154741360188     
   6.2000000000000046      -0.15444066528856212      -0.82686683493881663     
   6.2400000000000047      -0.18787264926958114      -0.83579959952547567     
   6.2800000000000047      -0.22161995696054879      -0.84368269227419113     
   6.3200000000000047      -0.25564004298579091      -0.85050215063105250     
   6.3600000000000048      -0.28988993324807721      -0.85624725655715783     
   6.4000000000000048      -0.32432635597257331      -0.86091056811240296     
   6.4400000000000048      -0.35890587292035875      -0.86448792369463634     
   6.4800000000000049      -0.39358500966446019      -0.86697841860253655     
   6.5200000000000049      -0.42832038382558035      -0.86838435402800340     
   6.5600000000000049      -0.46306883018639911      -0.86871115902046869     
   6.6000000000000050      -0.49778752164201245      -0.86796728639033438     
   6.6400000000000050      -0.53243408499885869      -0.86616408392115540     
   6.6800000000000050      -0.56696671070407612      -0.86331564263043603     
   6.7200000000000051      -0.60134425567001104      -0.85943862414837391     
   6.7600000000000051      -0.63552633845262640      -0.85455206956538365     
   6.8000000000000052      -0.66947342614571548      -0.84867719232722771     
   6.8400000000000052      -0.70314691246280925      -0.84183715792734415     
   6.8800000000000052      -0.73650918659311393      -0.83405685325761614     
   6.9200000000000053      -0.76952369253436737      -0.82536264853133723     
   6.9600000000000053      -0.80215497872185504      -0.81578215468719073     
   7.0000000000000053      -0.83436873788681387      -0.80534397912396982     
   7.0400000000000054      -0.86613183718710018      -0.79407748250715815     
   7.0800000000000054      -0.89741233875654558      -0.78201253923613401     
   7.1200000000000054      -0.92817951091539486      -0.76917930397123213     
   7.1600000000000055      -0.95840383037140831      -0.75560798640033588     
   7.2000000000000055      -0.98805697581870677      -0.74132863618246225     
   7.2400000000000055       -1.0171118134086397      -0.72637093974832201     
   7.2800000000000056       -1.0455423746235291      -0.71076403037223357     
   7.3200000000000056       -1.0733238271300376      -0.69453631266271387     
   7.3600000000000056       -1.1004324392243037      -0.67771530235664923     
   7.4000000000000057       -1.1268455385062834      -0.66032748204949288     
   7.4400000000000057       -1.1525414654365222      -0.64239817325597004     
   7.4800000000000058       -1.1774995224355607      -0.62395142497595868     
   7.5200000000000058       -1.2016999191852153      -0.60500991874136512     
   7.5600000000000058       -1.2251237147829710      -0.58559488994389142     
   7.6000000000000059       -1.2477527573866427      -0.56572606509179024     
   7.6400000000000059       -1.2695696219673023      -0.54542161451648929     
   7.6800000000000059       -1.2905575467651900      -0.52469811994719329     
   7.7200000000000060       -1.3107003690168915      -0.50357055629253611     
   7.7600000000000060       -1.3299824604933688      -0.48205228691193497     
   7.8000000000000060       -1.3483886633583286      -0.46015507162399899     
   7.8400000000000061       -1.3659042268256658      -0.43788908668343085     
   7.8800000000000061       -1.3825147450640423      -0.41526295595940949     
   7.9200000000000061       -1.3982060967666594      -0.39228379256542734     
   7.9600000000000062       -1.4129643867754960      -0.36895725022091136     
   8.0000000000000053       -1.4267758901221606      -0.34528758366661577     
   8.0400000000000045       -1.4396269988224297      -0.32127771750672901     
   8.0800000000000036       -1.4515041717387875      -0.29692932290894425     
   8.1200000000000028       -1.4623938878050902      -0.27224290165756448     
   8.1600000000000019       -1.4722826028899827      -0.24721787712231275     
   8.2000000000000011       -1.4811567105609935      -0.22185269177526926     
   8.2400000000000002       -1.4890025069993429      -0.19614491095873493     
   8.2799999999999994       -1.4958061603063986      -0.17009133267639148     
   8.3199999999999985       -1.5015536844363000      -0.14368810324753595     
   8.3599999999999977       -1.5062309179854243      -0.11693083872810714     
   8.3999999999999968       -1.5098235080678812       -8.9814752061425890E-002
   8.4399999999999959       -1.5123168995068723       -6.2334785974775986E-002
   8.4799999999999951       -1.5136963295742274       -3.4485751683879740E-002
   8.5199999999999942       -1.5139468285144133       -6.2624735046493095E-003
   8.5599999999999934       -1.5130532260943705        2.2340060501067641E-002
   8.5999999999999925       -1.5110001644262443        5.1326541703158847E-002
   8.6399999999999917       -1.5077721173158873        8.0701177758925824E-002
   8.6799999999999908       -1.5033534163953555       0.11046752301329445     
   8.7199999999999900       -1.4977282843018114       0.14062830233859994     
   8.7599999999999891       -1.4908808751675697       0.17118522835604089     
   8.7999999999999883       -1.4827953226856279       0.20213881204854703     
   8.8399999999999874       -1.4734557960110197       0.23348816686520213     
   8.8799999999999866       -1.4628465637497119       0.26523080653269387     
   8.9199999999999857       -1.4509520662724438       0.29736243693170195     
   8.9599999999999849       -1.4377569965697337       0.32987674256775462     
   8.9999999999999840       -1.4232463898349834       0.36276516836875405     
   9.0399999999999832       -1.4074057219239187       0.39601669777661630     
   9.0799999999999823       -1.3902210167891456       0.42961762836932937     
   9.1199999999999815       -1.3716789629270443       0.46355134655253211     
   9.1599999999999806       -1.3517670387992089       0.49779810319588297     
   9.1999999999999797       -1.3304736471009180       0.53233479245727378     
   9.2399999999999789       -1.3077882576435516       0.56713473643416046     
   9.2799999999999780       -1.2837015584955112       0.60216747870101162     
   9.3199999999999772       -1.2582056148863845       0.63739859022816581     
   9.3599999999999763       -1.2312940352215453       0.67278949162097779     
   9.3999999999999755       -1.2029621433792577       0.70829729605719371     
   9.4399999999999746       -1.1732071562704400       0.74387467772044003     
   9.4799999999999738       -1.1420283654339964       0.77946977091108960     
   9.5199999999999729       -1.1094273212203045       0.81502610534229791     
   9.5599999999999721       -1.0754080178852750       0.85048258337573823     
   9.5999999999999712       -1.0399770776815420       0.88577350509332087     
   9.6399999999999704       -1.0031439317970965       0.92082864711113677     
   9.6799999999999695      -0.96492099576139623       0.95557340089250797     
   9.7199999999999687      -0.92532383672214302       0.98992897598132890     
   9.7599999999999678      -0.88437132980094990        1.0238126730298291     
   9.7999999999999670      -0.84208580057234028        1.0571382307152417     
   9.8399999999999661      -0.79849315058785408        1.0898162496121562     
   9.8799999999999653      -0.75362296279569296        1.1217546948040285     
   9.9199999999999644      -0.70750858369645542        1.1528594774809373     
   9.9599999999999635      -0.66018717913662361        1.1830351139957942     
   9.9999999999999627      -0.61169976078197685        1.2121854588661694     
   10.039999999999962      -0.56209118053970231        1.2402145060568626     
   10.079999999999961      -0.51141009051499320        1.2670272506177269     
   10.119999999999960      -0.45970886649679116        1.2925306004550512     
   10.159999999999959      -0.40704349346603397        1.3166343257689295     
   10.199999999999958      -0.35347341220245926        1.3392520315893677     
   10.239999999999958      -0.29906132672277430        1.3603021369921240     
   10.279999999999957      -0.24387297299982047        1.3797088430738458     
   10.319999999999956      -0.18797685017134150        1.3974030707119742     
   10.359999999999955      -0.13144391622680779        1.4133233486133425     
   10.399999999999954       -7.4347250937476961E-002   1.4274166322332709     
   10.439999999999953       -1.6761689542798851E-002   1.4396390348669528     
   10.479999999999952        4.1236568600828617E-002   1.4499564535906866     
   10.519999999999952        9.9570371590569723E-002   1.4583450747435274     
   10.559999999999951       0.15816204144010648        1.4647917462384192     
   10.599999999999950       0.21693380972378370        1.4692942070919304     
   10.639999999999949       0.27580825644582119        1.4718611680509370     
   10.679999999999948       0.33470874608333406        1.4725122409378215     
   10.719999999999947       0.39355985481063793        1.4712777181825967     
   10.759999999999946       0.45228778312280277        1.4681982078041207     
   10.799999999999946       0.51082074843038006        1.4633241326894331     
   10.839999999999945       0.56908935268072181        1.4567151062585431     
   10.879999999999944       0.62702692065553034        1.4484391993702121     
   10.919999999999943       0.68456980527663547        1.4385721155276270     
   10.959999999999942       0.74165765699734498        1.4271962930177380     
   10.999999999999941       0.79823365513870947        1.4143999535341136     
   11.039999999999941       0.85424469982243412        1.4002761170931166     
   11.079999999999940       0.90964156393004714        1.3849216026903264     
   11.119999999999939       0.96437900525876807        1.3684360332180223     
   11.159999999999938        1.0184158397289893        1.3509208617555299     
   11.199999999999937        1.0717149771108718        1.3324784345470611     
   11.239999999999936        1.1242434212668246        1.3132111038988208     
   11.279999999999935        1.1759722373453299        1.2932204019626299     
   11.319999999999935        1.2268764887064090        1.2726062840269783     
   11.359999999999934        1.2769351466103884        1.2514664475994870     
   11.399999999999933        1.3261309758630393        1.2298957313162724     
   11.439999999999932        1.3744503996877759        1.2079855956184156     
   11.479999999999931        1.4218833470974985        1.1858236852430644     
   11.519999999999930        1.4684230859743268        1.1634934719207088     
   11.559999999999929        1.5140660449451466        1.1410739742704961     
   11.599999999999929        1.5588116269750973        1.1186395507487665     
   11.639999999999928        1.6026620174002149        1.0962597606279394     
   11.679999999999927        1.6456219888942238        1.0739992873502233     
   11.719999999999926        1.6876987056219626        1.0519179181934699     
   11.759999999999925        1.7289015285811753        1.0300705739803184     
   11.799999999999924        1.7692418238823522        1.0085073825294220     
   11.839999999999923        1.8087327754687839       0.98727378966078960     
   11.879999999999923        1.8473892035407116       0.96641070179819444     
   11.919999999999922        1.8852273897220573       0.94595465453364280     
   11.959999999999921        1.9222649097983613       0.92593800190759956     
   11.999999999999920        1.9585204746620481       0.90638912159217055     
   12.039999999999919        1.9940137799269986       0.88733263162376330     
   12.079999999999918        2.0287653645190322       0.86878961480084449     
   12.119999999999918        2.0627964784121580       0.85077784732814599     
   12.159999999999917        2.0961289595617831       0.83331202874062982     
   12.199999999999916        2.1287851199846144       0.81640401057078327     
   12.239999999999915        2.1607876408496414       0.80006302162567078     
   12.279999999999914        2.1921594763741141       0.78429588811182305     
   12.319999999999913        2.2229237662614865       0.76910724718430412     
   12.359999999999912        2.2531037563734984       0.75449975280030035     
   12.399999999999912        2.2827227272945985       0.74047427302749935     
   12.439999999999911        2.3118039304223732       0.72703007819437204     
   12.479999999999910        2.3403705312013661       0.71416501947481992     
   12.519999999999909        2.3684455591083871       0.70187569767552116     
   12.559999999999908        2.3960518639941060       0.69015762214297371     
   12.599999999999907        2.4232120783873503       0.67900535983110799     
   12.639999999999906        2.4499485853742264       0.66841267467189780     
   12.679999999999906        2.4762834916731489       0.65837265747306184     
   12.719999999999905        2.5022386055383916       0.64887784663106807     
   12.759999999999904        2.5278354191382495       0.63992033999645015     
   12.799999999999903        2.5530950950688087       0.63149189826398533     
   12.839999999999902        2.5780384566801868       0.62358404028445347     
   12.879999999999901        2.6026859819085559       0.61618813070922918     
   12.919999999999900        2.6270578003239713       0.60929546038538185     
   12.959999999999900        2.6511736931207168       0.60289731991864093     
   12.999999999999899        2.6750530957933463       0.59698506681573460     
   13.039999999999898        2.6987151032576366       0.59155018660725878     
   13.079999999999897        2.7221784771911683       0.58658434833829642     
   13.119999999999896        2.7454616553830578       0.58207945479724055     
   13.159999999999895        2.7685827628964312       0.57802768783433700     
   13.199999999999894        2.7915596248604668       0.57442154910088805     
   13.239999999999894        2.8144097807211992       0.57125389651830338     
   13.279999999999893        2.8371504997917434       0.56851797676360638     
   13.319999999999892        2.8597987979531392       0.56620745403489536     
   13.359999999999891        2.8823714553666133       0.56431643533685205     
   13.399999999999890        2.9048850350667275       0.56283949250284859     
   13.439999999999889        2.9273559023125939       0.56177168114666431     
   13.479999999999889        2.9498002445811284       0.56110855671336501     
   13.519999999999888        2.9722340920921515       0.56084618777557615     
   13.559999999999887        2.9946733387600806       0.56098116669822318     
   13.599999999999886        3.0171337634709534       0.56151061777182054     
   13.639999999999885        3.0396310515866154       0.56243220289154805     
   13.679999999999884        3.0621808165800810       0.56374412483663616     
   13.719999999999883        3.0847986217073586       0.56544512818194603     
   13.759999999999883        3.1075000016213998       0.56753449785103371     
   13.799999999999882        3.1303004838332948       0.57001205529737986     
   13.839999999999881        3.1532156099244069       0.57287815227780070     
   13.879999999999880        3.1762609564107782       0.57613366215928163     
   13.919999999999879        3.1994521551578803       0.57977996867755566     
   13.959999999999878        3.2228049132395866       0.58381895204265410     
   13.999999999999877        3.2463350321301214       0.58825297226336659     
   14.039999999999877        3.2700584261116838       0.59308484953906071     
   14.079999999999876        3.2939911397734303       0.59831784154365686     
   14.119999999999875        3.3181493644695408       0.60395561740276582     
   14.159999999999874        3.3425494535951872       0.61000222814116323     
   14.199999999999873        3.3672079365293475       0.61646207335401082     
   14.239999999999872        3.3921415310826153       0.62333986383169571     
   14.279999999999871        3.4173671542764179       0.63064057984505983     
   14.319999999999871        3.4429019312674343       0.63836942477540781     
   14.359999999999870        3.4687632022175281       0.64653177375234561     
   14.399999999999869        3.4949685268952337       0.65513311694264142     
   14.439999999999868        3.5215356867798504       0.66417899711542083     
   14.479999999999867        3.5484826844235990       0.67367494109371917     
   14.519999999999866        3.5758277398112166       0.68362638469043913     
   14.559999999999865        3.6035892834399745       0.69403859071895113     
   14.599999999999865        3.6317859458266106       0.70491655966590439     
   14.639999999999864        3.6604365431313077       0.71626493261742552     
   14.679999999999863        3.6895600585729498       0.72808788604105446     
   14.719999999999862        3.7191756192947882       0.74038901804595880     
   14.759999999999861        3.7493024683257801       0.75317122577479656     
   14.799999999999860        3.7799599312707346       0.76643657362386275     
   14.839999999999860        3.8111673773525672       0.78018615204580888     
   14.879999999999859        3.8429441744231019       0.79441992676337048     
   14.919999999999858        3.8753096375557186       0.80913657831541475     
   14.959999999999857        3.9082829708345406       0.82433333197054637     
   14.999999999999856        3.9418832019617747       0.84000577818084732     
   15.039999999999855        3.9761291093182312       0.85614768391141238     
   15.079999999999854        4.0110391411331268       0.87275079537238953     
   15.119999999999854        4.0466313264491758       0.88980463290123391     
   15.159999999999853        4.0829231776089934       0.90729627899544807     
   15.199999999999852        4.1199315840402457       0.92521016078130458     
   15.239999999999851        4.1576726971811366       0.94352782852227857     
   15.279999999999850        4.1961618064659998       0.96222773212157497     
   15.319999999999849        4.2354132063841767       0.98128499795442170     
   15.359999999999848        4.2754400547351548        1.0006712087744616     
   15.399999999999848        4.3162542223299392        1.0203541898696109     
   15.439999999999847        4.3578661345335039        1.0402978050891105     
   15.479999999999846        4.4002846052061377        1.0604617668158471     
   15.519999999999845        4.4435166637823169        1.0808014644044803     
   15.559999999999844        4.4875673764235930        1.1012678160319034     
   15.599999999999843        4.5324396623953813        1.1218071492947097     
   15.639999999999842        4.5781341070441233        1.1423611162185399     
   15.679999999999842        4.6246487729878751        1.1628666485938037     
   15.719999999999841        4.6719790113757371        1.1832559596965602     
   15.759999999999840        4.7201172753143812        1.2034565984660970     
   15.799999999999839        4.7690529377969897        1.2233915620652049     
   15.839999999999838        4.8187721166937569        1.2429794724191825     
   15.879999999999837        4.8692575095654060        1.2621348217912345     
   15.919999999999837        4.9204882412328050        1.2807682916849752     
   15.959999999999836        4.9724397271669982        1.2987871483548219     
   15.999999999999835        5.0250835558448212        1.3160957169455823     
   16.039999999999836        5.0783873932358903        1.3325959347767344     
   16.079999999999835        5.1323149125378800        1.3481879825497503     
   16.119999999999834        5.1868257521505399        1.3627709903164904     
   16.159999999999833        5.2418755046683660        1.3762438129456620     
   16.199999999999832        5.2974157393731440        1.3885058676194604     
   16.239999999999831        5.3533940603193262        1.3994580236545584     
   16.279999999999831        5.4097542016294602        1.4090035327533410     
   16.319999999999830        5.4664361610592502        1.4170489857447437     
   16.359999999999829        5.5233763722619100        1.4235052800664956     
   16.399999999999828        5.5805079154926913        1.4282885807695394     
   16.439999999999827        5.6377607657640123        1.4313212567830202     
   16.479999999999826        5.6950620767098155        1.4325327736450881     
   16.519999999999825        5.7523364976675699        1.4318605239438693     
   16.559999999999825        5.8095065207621408        1.4292505773642670     
   16.599999999999824        5.8664928541026296        1.4246583335122256     
   16.639999999999823        5.9232148166054639        1.4180490625708502     
   16.679999999999822        5.9795907494567899        1.4093983212831480     
   16.719999999999821        6.0355384388437869        1.3986922346749346     
   16.759999999999820        6.0909755443326965        1.3859276372227389     
   16.799999999999820        6.1458200271610277        1.3711120707082749     
   16.839999999999819        6.1999905727467093        1.3542636396420364     
   16.879999999999818        6.2534070018961785        1.3354107287367301     
   16.919999999999817        2.2805358329485159E-002   1.3145915903223149     
   16.959999999999816        7.4479510836898438E-002   1.2918538126853321     
   16.999999999999815       0.12516965815576650        1.2672536829717014     
   17.039999999999814       0.17480387657275803        1.2408554604247881     
   17.079999999999814       0.22331309966390778        1.2127305772787438     
   17.119999999999813       0.27063137108635682        1.1829567855612264     
   17.159999999999812       0.31669606182157950        1.1516172683805674     
   17.199999999999811       0.36144805118196638        1.1187997340096714     
   17.239999999999810       0.40483187159341749        1.0845955102862772     
   17.279999999999809       0.44679581781741518        1.0490986555999422     
   17.319999999999808       0.48729202186209447        1.0124051011169821     
   17.359999999999808       0.52627649534208787       0.97461183699983622     
   17.399999999999807       0.56370914147419726       0.93581615330273504     
   17.439999999999806       0.59955373923673549       0.89611494406345493     
   17.479999999999805       0.63377790247456800       0.85560408094581208     
   17.519999999999804       0.66635301690228332       0.81437786069288287     
   17.559999999999803       0.69725415804976953       0.77252852868715571     
   17.599999999999802       0.72645999321486110       0.73014587912729034     
   17.639999999999802       0.75395267044502701       0.68731693075414846     
   17.679999999999801       0.77971769747343533       0.64412567571020907     
   17.719999999999800       0.80374381339356871       0.60065289800333532     
   17.759999999999799       0.82602285568016243       0.55697605716484389     
   17.799999999999798       0.84654962496141828       0.51316923203139619     
   17.839999999999797       0.86532174972632214       0.46930311912259676     
   17.879999999999797       0.88233955291869248       0.42544507980925872     
   17.919999999999796       0.89760592213255130       0.38165923034647070     
   17.959999999999795       0.91112618488676222       0.33800656885527192     
   17.999999999999794       0.92290799022482684       0.29454513345161459     
   18.039999999999793       0.93296119766152097       0.25133018591735323     
   18.079999999999792       0.94129777428405181       0.20841441556327195     
   18.119999999999791       0.94793170061321996       0.16584815822920257     
   18.159999999999791       0.95287888564059897       0.12367962568447508     
   18.199999999999790       0.95615709128138282        8.1955141019596639E-002
   18.239999999999789       0.95778586631923945        4.0719375946416725E-002
   18.279999999999788       0.95778648976888492        1.5586241136032741E-005
   18.319999999999787       0.95618192344356434       -4.0114158133014680E-002
   18.359999999999786       0.95299677338749289       -7.9628751401786407E-002
   18.399999999999785       0.94825725971682173      -0.11848784176677854     
   18.439999999999785       0.94199119430614420      -0.15665163526693726     
   18.479999999999784       0.93422796566031985      -0.19408071614560957     
   18.519999999999783       0.92499853022298706      -0.23073588593331915     
   18.559999999999782       0.91433540929324852      -0.26657802324346253     
   18.599999999999781       0.90227269065052629      -0.30156796606805536     
   18.639999999999780       0.88884603392459394      -0.33566641814830944     
   18.679999999999779       0.87409267869359453      -0.36883388077498658     
   18.719999999999779       0.85805145424794649      -0.40103061114120037     
   18.759999999999778       0.84076278992309939      -0.43221660812117790     
   18.799999999999777       0.82226872487994862      -0.46235162607876784     
   18.839999999999776       0.80261291619928843      -0.49139521701650407     
   18.879999999999775       0.78184064415695498      -0.51930680105833538     
   18.919999999999774       0.75999881356028887      -0.54604576491665358     
   18.959999999999773       0.73713595005514942      -0.57157158762848470     
   18.999999999999773       0.71330219035675657      -0.59584399245982167     
   19.039999999999772       0.68854926541771877      -0.61882312347594637     
   19.079999999999771       0.66293047562308682      -0.64046974486579866     
   19.119999999999770       0.63650065719515969      -0.66074546069817786     
   19.159999999999769       0.60931613909970239      -0.67961295238643149     
   19.199999999999768       0.58143468986941982      -0.69703623075706445     
   19.239999999999768       0.55291545389870000      -0.71298089926799579     
   19.279999999999767       0.52381887691406037      -0.72741442461599215     
   19.319999999999766       0.49420662048517994      -0.74030641072201031     
   19.359999999999765       0.46414146560921710      -0.75162887189907135     
   19.399999999999764       0.43368720557321977      -0.76135650089993356     
   19.439999999999763       0.40290852847243575      -0.76946692751960022     
   19.479999999999762       0.37187088993256884      -0.77594096349667274     
   19.519999999999762       0.34064037674772241      -0.78076282962116095     
   19.559999999999761       0.30928356229912457      -0.78392036121494613     
   19.599999999999760       0.27786735475905333      -0.78540518850178043     
   19.639999999999759       0.24645883920624168      -0.78521288882029117     
   19.679999999999758       0.21512511488038163      -0.78334310814650088     
   19.719999999999757       0.18393312888160249      -0.77979964996947848     
   19.759999999999756       0.15294950767400495      -0.77459053018993884     
   19.799999999999756       0.12224038777920698      -0.76772799736994912     
   19.839999999999755        9.1871247045843984E-002 -0.75922851833407512     
   19.879999999999754        6.1906737854267611E-002 -0.74911272978940935     
   19.919999999999753        3.2410523563258853E-002 -0.73740535727521883     
   19.959999999999752        3.4451194290740228E-003 -0.72413510335462072     
   19.999999999999751       -2.4928260871108266E-002 -0.70933450750455718     
   20.039999999999750       -5.2649852096406449E-002 -0.69303978063245464     
   20.079999999999750       -7.9661476797891151E-002 -0.67529061753711739     
   20.119999999999749      -0.10590667643507103      -0.65612999092949686     
   20.159999999999748      -0.13133083366831674      -0.63560393083114286     
   20.199999999999747      -0.15588128539922919      -0.61376129327281104     
   20.239999999999746      -0.17950742628820768      -0.59065352222446255     
   20.279999999999745      -0.20216080263241717      -0.56633440860523754     
   20.319999999999744      -0.22379519663461359      -0.54085985005491055     
   20.359999999999744      -0.24436670123085005      -0.51428761490591179     
   20.399999999999743      -0.26383378577036332      -0.48667711348783221     
   20.439999999999742      -0.28215735295180583      -0.45808917953606287     
   20.479999999999741      -0.29930078751480549      -0.42858586407499211     
   20.519999999999740      -0.31522999726345263      -0.39823024371617888     
   20.559999999999739      -0.32991344705804926      -0.36708624486491492     
   20.599999999999739      -0.34332218645307477      -0.33521848487563849     
   20.639999999999738      -0.35542987168298695      -0.30269213074780460     
   20.679999999999737      -0.36621278270370350      -0.26957277551791303     
   20.719999999999736      -0.37564983598722429      -0.23592633208801977     
   20.759999999999735      -0.38372259374092316      -0.20181894384247206     
   20.799999999999734      -0.39041527018283567      -0.16731691104781235     
   20.839999999999733      -0.39571473545122055      -0.13248663170962122     
   20.879999999999733      -0.39961051766231259       -9.7394555277301453E-002
   20.919999999999732      -0.40209480355612720       -6.2107147345364648E-002
   20.959999999999731      -0.40316243808808250       -2.6690863298881914E-002
   20.999999999999730      -0.40281092323576584        8.7878713079169654E-003
   21.039999999999729      -0.40104041619708386        4.4262675967050018E-002
   21.079999999999728      -0.39785372706000910        7.9667228426869102E-002
   21.119999999999727      -0.39325631592687144       0.11493527832844223     
   21.159999999999727      -0.38725628937933915       0.15000066368830750     
   21.199999999999726      -0.37986439607558897       0.18479733259375394     
   21.239999999999725      -0.37109402118036428       0.21925937238061724     
   21.279999999999724      -0.36096117924335003       0.25332104842535635     
   21.319999999999723      -0.34948450506322010       0.28691685450324883     
   21.359999999999722      -0.33668524200547933       0.31998157644351954     
   21.399999999999721      -0.32258722718343447       0.35245037055112199     
   21.439999999999721      -0.30721687286482180       0.38425885796531606     
   21.479999999999720      -0.29060314343324339       0.41534323578946020     
   21.519999999999719      -0.27277752721493159       0.44564040545779510     
   21.559999999999718      -0.25377400247862281       0.47508811840771992     
   21.599999999999717      -0.23362899693039860       0.50362513870560499     
   21.639999999999716      -0.21238134005690920       0.53119142183723467     
   21.679999999999715      -0.19007220771977013       0.55772830842847654     
   21.719999999999715      -0.16674505847109480       0.58317873121688324     
   21.759999999999714      -0.14244556114466006       0.60748743316086873     
   21.799999999999713      -0.11722151337822154       0.63060119416096294     
   21.839999999999712       -9.1122750838657521E-002  0.65246906348910028     
   21.879999999999711       -6.4201047051104909E-002  0.67304259468881544     
   21.919999999999710       -3.6510003873774483E-002  0.69227607943326064     
   21.959999999999710       -8.1049328089718396E-003  0.71012677662006607     
   21.999999999999709        2.0957272505107521E-002  0.72655513285198403     
   22.039999999999708        5.0618272121427527E-002  0.74152499040800024     
   22.079999999999707        8.0818423275707374E-002  0.75500377885699621     
   22.119999999999706       0.11149693074003984       0.76696268660831168     
   22.159999999999705       0.14259200309727874       0.77737680893097216     
   22.199999999999704       0.17404101386940068       0.78622526930304870     
   22.239999999999704       0.20578066632414202       0.79349131136853357     
   22.279999999999703       0.23774716069502408       0.79916235927205126     
   22.319999999999702       0.26987636248300811       0.80323004469960047     
   22.359999999999701       0.30210397046547866       0.80569019956176369     
   22.399999999999700       0.33436568302139463       0.80654281389789972     
   22.439999999999699       0.36659736139090981       0.80579195923788027     
   22.479999999999698       0.39873518852344869       0.80344567831347125     
   22.519999999999698       0.43071582222929433       0.79951584264614062     
   22.559999999999697       0.46247654143467137       0.79401798013442604     
   22.599999999999696       0.49395538444691567       0.78697107530610744     
   22.639999999999695       0.52509127826189872       0.77839734537457506     
   22.679999999999694       0.55582415808725494       0.76832199563390535     
   22.719999999999693       0.58609507640866332       0.75677295803520894     
   22.759999999999692       0.61584630108878258       0.74378061700298226     
   22.799999999999692       0.64502140215569848       0.72937752667289757     
   22.839999999999691       0.67356532710622941       0.71359812376327214     
   22.879999999999690       0.70142446471566167       0.69647844023580574     
   22.919999999999689       0.72854669750622281       0.67805581976402807     
   22.959999999999688       0.75488144317899319       0.65836864181925903     
   22.999999999999687       0.78037968545556591       0.63745605691431828     
   23.039999999999687       0.80499399490461720       0.61535773622628320     
   23.079999999999686       0.82867854044315037       0.59211363846332832     
   23.119999999999685       0.85138909230151372       0.56776379645908426     
   23.159999999999684       0.87308301732481608       0.54234812558255785     
   23.199999999999683       0.89371926755094044       0.51590625565310999     
   23.239999999999682       0.91325836305725161       0.48847738765777782     
   23.279999999999681       0.93166237010486852       0.46010017619042204     
   23.319999999999681       0.94889487563188146       0.43081263817532317     
   23.359999999999680       0.96492095915615517       0.40065208810684366     
   23.399999999999679       0.97970716314555228       0.36965509973492694     
   23.439999999999678       0.99322146289976254       0.33785749385525610     
   23.479999999999677        1.0054332369646881       0.30529435162313956     
   23.519999999999676        1.0163132390687126       0.27200005260061055     
   23.559999999999675        1.0258335725312990       0.23800833656466258     
   23.599999999999675        1.0339676680492143       0.20335238794788008     
   23.639999999999674        1.0406902657150974       0.16806494164707536     
   23.679999999999673        1.0459774020677552       0.13217840881644807     
   23.719999999999672        1.0498064029139311        9.5725021154398807E-002
   23.759999999999671        1.0521558825976272        5.8736992092398924E-002
   23.799999999999670        1.0530057503254340        2.1246693195168836E-002
   23.839999999999669        1.0523372240845907       -1.6713156021081949E-002
   23.879999999999669        1.0501328526143481       -5.5109286756069041E-002
   23.919999999999668        1.0463765458101564       -9.3907670104793686E-002
   23.959999999999667        1.0410536138536237      -0.13307329891331746     
   23.999999999999666        1.0341508152683490      -0.17256996463187174     
   24.039999999999665        1.0256564140018434      -0.21236003166263834     
   24.079999999999664        1.0155602455259862      -0.25240421189642709     
   24.119999999999663        1.0038537918320261      -0.29266134234900171     
   24.159999999999663       0.99053026507036301      -0.33308816904157629     
   24.199999999999662       0.97558469944968629      -0.37363914051691755     
   24.239999999999661       0.95901405086422442      -0.41426621463654556     
   24.279999999999660       0.94081730356191628      -0.45491868255770418     
   24.319999999999659       0.92099558300067919      -0.49554301403092765     
   24.359999999999658       0.89955227386556469      -0.53608272837786342     
   24.399999999999658       0.87649314203795992      -0.57647829569011932     
   24.439999999999657       0.85182645912128196      -0.61666707291694822     
   24.479999999999656       0.82556312793869879      -0.65658327956458007     
   24.519999999999655       0.79771680723094696      -0.69615801769379471     
   24.559999999999654       0.76830403360074007      -0.73531934075517102     
   24.599999999999653       0.73734433857978410      -0.77399237552389799     
   24.639999999999652       0.70486035854098739      -0.81209950096991801     
   24.679999999999652       0.67087793504863591      -0.84956058730878670     
   24.719999999999651       0.63542620314015186      -0.88629329771210164     
   24.759999999999650       0.59853766497187111      -0.92221345420701994     
   24.799999999999649       0.56024824624537828      -0.95723546816232075     
   24.839999999999648       0.52059733286730625      -0.99127283445180114     
   24.879999999999647       0.47962778539042922       -1.0242386869219262     
   24.919999999999646       0.43738592894254574       -1.0560464111970873     
   24.959999999999646       0.39392151657572205       -1.0866103091705921     
   24.999999999999645       0.34928766426368357       -1.1158463078009617     
   25.039999999999644       0.30354075613892378       -1.1436727031189953     
   25.079999999999643       0.25674031899024641       -1.1700109287169338     
   25.119999999999642       0.20894886552993794       -1.1947863365077118     
   25.159999999999641       0.16023170647863103       -1.2179289762826726     
   25.199999999999640       0.11065673209337301       -1.2393743596314502     
   25.239999999999640        6.0294164366043353E-002  -1.2590641931832414     
   25.279999999999639        9.2162817284701590E-003  -1.2769470659393298     
   25.319999999999638       -4.2502881300842912E-002  -1.2929790757328268     
   25.359999999999637       -9.4787856524654213E-002  -1.3071243805952826     
   25.399999999999636      -0.14756208300593909       -1.3193556620321223     
   25.439999999999635      -0.20074826256146416       -1.3296544888881270     
   25.479999999999634      -0.25426872546449697       -1.3380115725758208     
   25.519999999999634      -0.30804580173959534       -1.3444269068774590     
   25.559999999999633      -0.36200219326880995       -1.3489097882303647     
   25.599999999999632      -0.41606134187945565       -1.3514787152661432     
   25.639999999999631      -0.47014778865097806       -1.3521611692880604     
   25.679999999999630      -0.52418751986000545       -1.3509932802256832     
   25.719999999999629      -0.57810829527172214       -1.3480193852929168     
   25.759999999999629      -0.63183995487152811       -1.3432914899951498     
   25.799999999999628      -0.68531470059945609       -1.3368686431981986     
   25.839999999999627      -0.73846735018424647       -1.3288162396197591     
   25.879999999999626      -0.79123556075578683       -1.3192052642885099     
   25.919999999999625      -0.84356002052439960       -1.3081114942153189     
   25.959999999999624      -0.89538460743386195       -1.2956146727365583     
   25.999999999999623      -0.94665651430362407       -1.2817976717440529     
   26.039999999999623      -0.99732634055766012       -1.2667456563509005     
   26.079999999999622       -1.0473481511781952       -1.2505452655133773     
   26.119999999999621       -1.0966795040103157       -1.2332838208030097     
   26.159999999999620       -1.1452814469692134       -1.2150485739724444     
   26.199999999999619       -1.1931184870595568       -1.1959260022585827     
   26.239999999999618       -1.2401585334031218       -1.1760011585891241     
   26.279999999999617       -1.2863728166859782       -1.1553570820714094     
   26.319999999999617       -1.3317357875821636       -1.1340742724046360     
   26.359999999999616       -1.3762249967908802       -1.1122302302179161     
   26.399999999999615       -1.4198209593443416       -1.0898990638365358     
   26.439999999999614       -1.4625070058101677       -1.0671511616456530     
   26.479999999999613       -1.5042691229330758       -1.0440529280727031     
   26.519999999999612       -1.5450957861432992       -1.0206665802555857     
   26.559999999999611       -1.5849777862114440      -0.99705000170362046     
   26.599999999999611       -1.6239080521588711      -0.97325664868567807     
   26.639999999999610       -1.6618814723461823      -0.94933550468278050     
   26.679999999999609       -1.6988947154663754      -0.92533107800482806     
   26.719999999999608       -1.7349460529693486      -0.90128343757432938     
   26.759999999999607       -1.7700351842455124      -0.87722828190409707     
   26.799999999999606       -1.8041630657023318      -0.85319703642048450     
   26.839999999999606       -1.8373317446818929      -0.82921697448902865     
   26.879999999999605       -1.8695441989925574      -0.80531135776661278     
   26.919999999999604       -1.9008041826652113      -0.78149959181634721     
   26.959999999999603       -1.9311160783957331      -0.75779739326304307     
   26.999999999999602       -1.9604847570007418      -0.73421696512521584     
   27.039999999999601       -1.9889154440936563      -0.71076717732286154     
   27.079999999999600       -2.0164135940824437      -0.68745374971968198     
   27.119999999999600       -2.0429847714987139      -0.66427943540675616     
   27.159999999999599       -2.0686345395893690      -0.64124420226637591     
   27.199999999999598       -2.0933683560360059      -0.61834541116591946     
   27.239999999999597       -2.1171914756127896      -0.59557798941959761     
   27.279999999999596       -2.1401088595495570      -0.57293459841918482     
   27.319999999999595       -2.1621250913324723      -0.55040579457288086     
   27.359999999999594       -2.1832442986486491      -0.52798018290442161     
   27.399999999999594       -2.2034700811627799      -0.50564456285326564     
   27.439999999999593       -2.2228054438020735      -0.48338406598233902     
   27.479999999999592       -2.2412527352198328      -0.46118228544397971     
   27.519999999999591       -2.2588135911069984      -0.43902139717913946     
   27.559999999999590       -2.2754888820242574      -0.41688227293147501     
   27.599999999999589       -2.2912786654342030      -0.39474458524863926     
   27.639999999999588       -2.3061821416229962      -0.37258690471983452     
   27.679999999999588       -2.3201976132135340      -0.35038678976344662     
   27.719999999999587       -2.3333224479868622      -0.32812086933320828     
   27.759999999999586       -2.3455530447451678      -0.30576491895764552     
   27.799999999999585       -2.3568848019678574      -0.28329393056723895     
   27.839999999999584       -2.3673120890317931      -0.26068217659839626     
   27.879999999999583       -2.3768282197875727      -0.23790326889449487     
   27.919999999999582       -2.3854254283057061      -0.21493021295333622     
   27.959999999999582       -2.3930948466296535      -0.19173545809868561     
   27.999999999999581       -2.3998264843969497      -0.16829094418240692     
   28.039999999999580       -2.4056092102151183      -0.14456814545421542     
   28.079999999999579       -2.4104307347058929      -0.12053811226936847     
   28.119999999999578       -2.4142775951595623       -9.6171511341740873E-002
   28.159999999999577       -2.4171351417712290       -7.1438665291671546E-002
   28.199999999999577       -2.4189875254626547       -4.6309592285642354E-002
   28.239999999999576       -2.4198176873274195       -2.0754046619124156E-002
   28.279999999999575       -2.4196073497736430        5.2584388444091995E-003
   28.319999999999574       -2.4183370094778218        3.1758507395534846E-002
   28.359999999999573       -2.4159859323057913        5.8776929300764016E-002
   28.399999999999572       -2.4125321504027770        8.6344547575351802E-002
   28.439999999999571       -2.4079524617043386       0.11449221746096497     
   28.479999999999571       -2.4022224321741241       0.14325073825536264     
   28.519999999999570       -2.3953164011331229       0.17265077602502812     
   28.559999999999569       -2.3872074901088611       0.20272277560654839     
   28.599999999999568       -2.3778676157020842       0.23349686016942017     
   28.639999999999567       -2.3672675070431493       0.26500271647336959     
   28.679999999999566       -2.3553767284907736       0.29726946380938746     
   28.719999999999565       -2.3421637083120328       0.33032550446851949     
   28.759999999999565       -2.3275957741744313       0.36419835344003915     
   28.799999999999564       -2.3116391963781822       0.39891444490622330     
   28.839999999999563       -2.2942592398589325       0.43449891298124405     
   28.879999999999562       -2.2754202260971295       0.47097534404507441     
   28.919999999999561       -2.2550856061787234       0.50836549796014774     
   28.959999999999560       -2.2332180463610678       0.54668899544139393     
   28.999999999999559       -2.2097795276052961       0.58596296889429422     
   29.039999999999559       -2.1847314606389530       0.62620167415857231     
   29.079999999999558       -2.1580348182062408       0.66741606081780058     
   29.119999999999557       -2.1296502862429900       0.70961329908126758     
   29.159999999999556       -2.0995384357733675       0.75279626174056269     
   29.199999999999555       -2.0676599173582160       0.79696296037878600     
   29.239999999999554       -2.0339756799223574       0.84210593589645977     
   29.279999999999553       -1.9984472157404509       0.88821160454766046     
   29.319999999999553       -1.9610368332570538       0.93525956208492689     
   29.359999999999552       -1.9217079592441637       0.98322185032225462     
   29.399999999999551       -1.8804254715454738        1.0320621924672475     
   29.439999999999550       -1.8371560633069415        1.0817352059633067     
   29.479999999999549       -1.7918686391339340        1.1321856043251866     
   29.519999999999548       -1.7445347430325966        1.1833474025334345     
   29.559999999999548       -1.6951290172750344        1.2351431439390572     
   29.599999999999547       -1.6436296904648902        1.2874831702536054     
   29.639999999999546       -1.5900190920664770        1.3402649599603300     
   29.679999999999545       -1.5342841894970405        1.3933725642359118     
   29.719999999999544       -1.4764171425758494        1.4466761730297755     
   29.759999999999543       -1.4164158686930273        1.5000318470705540     
   29.799999999999542       -1.3542846105342172        1.5532814539702517     
   29.839999999999542       -1.2900344966163197        1.6062528479474354     
   29.879999999999541       -1.2236840833110156        1.6587603326326039     
   29.919999999999540       -1.1552598655277246        1.7106054445822767     
   29.959999999999539       -1.0847967418813105        1.7615780911603520     
   29.999999999999538       -1.0123384190795226        1.8114580700446949     
   30.039999999999537      -0.93793773953648507        1.8600169885759377     
   30.079999999999536      -0.86165691595986771        1.9070205894154340     
   30.119999999999536      -0.78356765697442921        1.9522314746359639     
   30.159999999999535      -0.70375116882356992        1.9954122037714819     
   30.199999999999534      -0.62229801989996558        2.0363287230901075     
   30.239999999999533      -0.53930785732906805        2.0747540642724389     
   30.279999999999532      -0.45488896805488899        2.1104722318544757     
   30.319999999999531      -0.36915768079519024        2.1432821814924692     
   30.359999999999530      -0.28223760972779982        2.1730017766847602     
   30.399999999999530      -0.19425874567235685        2.1994716013860742     
   30.439999999999529      -0.10535640562567501        2.2225585011670459     
   30.479999999999528       -1.5670056541149224E-002   2.2421587271131447     
   30.519999999999527        7.4657966059523490E-002   2.2582005650168178     
   30.559999999999526       0.16548381996275030        2.2706463475806697     
   30.599999999999525       0.25666357071270623        2.2794937687488983     
   30.639999999999525       0.34805462854500446        2.2847764458074562     
   30.679999999999524       0.43951717674349333        2.2865637049622225     
   30.719999999999523       0.53091556065577050        2.2849595978069299     
   30.759999999999522       0.62211960815013412        2.2801011873590915     
   30.799999999999521       0.71300585499579860        2.2721561711416132     
   30.839999999999520       0.80345865232856895        2.2613199333192586     
   30.879999999999519       0.89337113779871846        2.2478121367537374     
   30.919999999999519       0.98264605692331408        2.2318729781148900     
   30.959999999999518        1.0711964263045479        2.2137592345308477     
   30.999999999999517        1.1589460354595575        2.1937402288752414     
   31.039999999999516        1.2458297887935883        2.1720938333507709     
   31.079999999999515        1.3317938935368079        2.1491026185804869     
   31.119999999999514        1.4167959031064428        2.1250502392408737     
   31.159999999999513        1.5008046282560463        2.1002181287400874     
   31.199999999999513        1.5837999304922470        2.0748825559050146     
   31.239999999999512        1.6657724135842982        2.0493120773012801     
   31.279999999999511        1.7467230296111640        2.0237654006716430     
   31.319999999999510        1.8266626159628574        1.9984896587923378     
   31.359999999999509        1.9056113791351281        1.9737190793067698     
   31.399999999999508        1.9835983401371411        1.9496740250503266     
   31.439999999999507        2.0606607549797702        1.9265603710657238     
   31.479999999999507        2.1368435221314979        1.9045691787931958     
   31.519999999999506        2.2121985871134795        1.8838766245495426     
   31.559999999999505        2.2867843526356091        1.8646441380532439     
   31.599999999999504        2.3606651009172674        1.8470187070414574     
   31.639999999999503        2.4339104331407415        1.8311333055868568     
   31.679999999999502        2.5065947293890303        1.8171074062072223     
   31.719999999999501        2.5787966309472719        1.8050475389560443     
   31.759999999999501        2.6505985455122385        1.7950478641241681     
   31.799999999999500        2.7220861746626288        1.7871907287597542     
   31.839999999999499        2.7933480618933846        1.7815471807688887     
   31.879999999999498        2.8644751586047836        1.7781774177849752     
   31.919999999999497        2.9355604046540056        1.7771311512305537     
   31.959999999999496        3.0066983194148102        1.7784478690201144     
   31.999999999999496        3.0779845987420691        1.7821569831814674     
   32.039999999999495        3.1495157127960911        1.7882778513505513     
   32.079999999999494        3.2213884993436483        1.7968196636889306     
   32.119999999999493        3.2936997469185720        1.8077811893730877     
   32.159999999999492        3.3665457620991219        1.8211503795137449     
   32.199999999999491        3.4400219151509766        1.8369038262963699     
   32.239999999999490        3.5142221584074216        1.8550060814111291     
   32.279999999999490        3.5892385120307115        1.8754088405822511     
   32.319999999999489        3.6651605122437658        1.8980500053263543     
   32.359999999999488        3.7420746177663191        1.9228526380638291     
   32.399999999999487        3.8200635710641770        1.9497238324464479     
   32.439999999999486        3.8992057121552226        1.9785535272761359     
   32.479999999999485        3.9795742441410047        2.0092132996445486     
   32.519999999999484        4.0612364513735821        2.0415551808144419     
   32.559999999999484        4.1442528732411397        2.0754105466889401     
   32.599999999999483        4.2286764389673293        2.1105891431547423     
   32.639999999999482        4.3145515715548619        2.1468783146883244     
   32.679999999999481        4.4019132720262846        2.1840425117855644     
   32.719999999999480        4.4907861983573882        2.2218231582775982     
   32.759999999999479        4.5811837568600060        2.2599389625654434     
   32.799999999999478        4.6731072271116050        2.2980867562899707     
   32.839999999999478        4.7665449446704837        2.3359429389719635     
   32.879999999999477        4.8614715685421439        2.3731655967914973     
   32.919999999999476        4.9578474624296476        2.4093973471875949     
   32.959999999999475        5.0556182199466164        2.4442689379242157     
   32.999999999999474        5.1547143639355806        2.4774035997240995     
   33.039999999999473        5.2550512485816254        2.5084221161511295     
   33.079999999999472        5.3565291899598861        2.5369485344565157     
   33.119999999999472        5.4590338459065100        2.5626163986655897     
   33.159999999999471        5.5624368596679528        2.5850753440360674     
   33.199999999999470        5.6665967738069289        2.6039978534744037     
   33.239999999999469        5.7713602116127500        2.6190859451455211     
   33.279999999999468        5.8765633132074280        2.6300775398669383     
   33.319999999999467        5.9820334032057083        2.6367522499570120     
   33.359999999999467        6.0875908568095847        2.6389363400969197     
   33.399999999999466        6.1930511222599227        2.6365066362584479     
   33.439999999999465        1.5041543084262976E-002   2.6293932000981624     
   33.479999999999464       0.11974476872757504        2.6175806410828018     
   33.519999999999463       0.22378908885612331        2.6011080032137071     
   33.559999999999462       0.32699177816451108        2.5800672327096943     
   33.599999999999461       0.42917579024407415        2.5546003019890775     
   33.639999999999461       0.53017159538101222        2.5248951284234509     
   33.679999999999460       0.62981881453853883        2.4911804789381646     
   33.719999999999459       0.72796761814190536        2.4537200900841634     
   33.759999999999458       0.82447986836842402        2.4128062556629657     
   33.799999999999457       0.91922999396478777        2.3687531399090935     
   33.839999999999456        1.0121055965521153        2.3218900646831901     
   33.879999999999455        1.1030077964080267        2.2725549963977834     
   33.919999999999455        1.1918513334330600        2.2210884256258350     
   33.959999999999454        1.2785644451564013        2.1678277930835343     
   33.999999999999453        1.3630885480959387        2.1131025734884323     
   34.039999999999452        1.4453777515714210        2.0572300868870581     
   34.079999999999451        1.5253982342937222        2.0005120680575299     
   34.119999999999450        1.6031275139116377        1.9432319904478876     
   34.159999999999449        1.6785536384316102        1.8856531129993146     
   34.199999999999449        1.7516743262969423        1.8280171966333012     
   34.239999999999448        1.8224960791805600        1.7705438220904439     
   34.279999999999447        1.8910332884486134        1.7134302317013337     
   34.319999999999446        1.9573073529992031        1.6568516137647411     
   34.359999999999445        2.0213458229419405        1.6009617485684393     
   34.399999999999444        2.0831815804912717        1.5458939387332804     
   34.439999999999444        2.1428520665933317        1.4917621525515026     
   34.479999999999443        2.2003985592526312        1.4386623164824863     
   34.519999999999442        2.2558655073025973        1.3866737012491568     
   34.559999999999441        2.3092999214815304        1.3358603544733338     
   34.599999999999440        2.3607508231241381        1.2862725410651918     
   34.639999999999439        2.4102687495375141        1.2379481603344040     
   34.679999999999438        2.4579053141703864        1.1909141158218099     
   34.719999999999438        2.5037128189725202        1.1451876200533413     
   34.759999999999437        2.5477439158427124        1.1007774217548103     
   34.799999999999436        2.5900513137447350        1.0576849475505650     
   34.839999999999435        2.6306875278987278        1.0159053538498257     
   34.879999999999434        2.6697046674016414       0.97542848757283607     
   34.919999999999433        2.7071542576683547       0.93623975666783621     
   34.959999999999432        2.7430870941926164       0.89832091310654061     
   34.999999999999432        2.7775531242848639       0.86165075230618715     
   35.039999999999431        2.8106013536365144       0.82620573379126006     
   35.079999999999430        2.8422797747745689       0.79196052845136156     
   35.119999999999429        2.8726353146961179       0.75888849803872360     
   35.159999999999428        2.9017137992015618       0.72696211263609567     
   35.199999999999427        2.9295599316720122       0.69615331176125783     
   35.239999999999426        2.9562172842559424       0.66643381459825735     
   35.279999999999426        2.9817282996395611       0.63777538459047078     
   35.319999999999425        3.0061343017724895       0.61015005332320627     
   35.359999999999424        3.0294755141038774       0.58353030828469710     
   35.399999999999423        3.0517910840534874       0.55788924874025159     
   35.439999999999422        3.0731191125973814       0.53320071359734977     
   35.479999999999421        3.0934966879889312       0.50943938478874407     
   35.519999999999420        3.1129599227634377       0.48658086936265854     
   35.559999999999420        3.1315439932893754       0.46460176314844653     
   35.599999999999419        3.1492831812319908       0.44347969856538066     
   35.639999999999418        3.1662109163865182       0.42319337886318514     
   35.679999999999417        3.1823598204195616       0.40372260082608613     
   35.719999999999416        3.1977617511290597       0.38504826773745826     
   35.759999999999415        3.2124478468966191       0.36715239418898082     
   35.799999999999415        3.2264485710616442       0.35001810412562834     
   35.839999999999414        3.2397937559954291       0.33362962334462115     
   35.879999999999413        3.2525126466958825       0.31797226751133051     
   35.919999999999412        3.2646339437605496       0.30303242661667990     
   35.959999999999411        3.2761858456276460       0.28879754667741198     
   35.999999999999410        3.2871960900024990       0.27525610937132383     
   36.039999999999409        3.2976919944106147       0.26239761020288810     
   36.079999999999409        3.3077004958389877       0.25021253570932278     
   36.119999999999408        3.3172481894446668       0.23869234014197482     
   36.159999999999407        3.3263613663243370       0.22782942199175218     
   36.199999999999406        3.3350660503511080       0.21761710066927781     
   36.239999999999405        3.3433880340950894       0.20804959359953040     
   36.279999999999404        3.3513529138529354       0.19912199394614688     
   36.319999999999403        3.3589861238185970       0.19083024914153715     
   36.359999999999403        3.3663129694331899       0.18317114036481921     
   36.399999999999402        3.3733586599563781       0.17614226307970521     
   36.439999999999401        3.3801483403051100       0.16974200871829920     
   36.479999999999400        3.3867071222080622       0.16396954757380655     
   36.519999999999399        3.3930601147258601       0.15882481294494258     
   36.559999999999398        3.3992324541881382       0.15430848655695464     
   36.599999999999397        3.4052493335988685       0.15042198526826026     
   36.639999999999397        3.4111360315611647       0.14716744905740423     
   36.679999999999396        3.4169179407720458       0.14454773027202991     
   36.719999999999395        3.4226205961364276       0.14256638410954253     
   36.759999999999394        3.4282697025479405       0.14122766028782824     
   36.799999999999393        3.4338911623820807       0.14053649585350325     
   36.839999999999392        3.4395111027446581       0.14049850906444006     
   36.879999999999391        3.4451559025155571       0.14111999427247637     
   36.919999999999391        3.4508522192243971       0.14240791772099462     
   36.959999999999390        3.4566270157908048       0.14436991416018807     
   36.999999999999389        3.4625075871576056       0.14701428417001891     
   37.039999999999388        3.4685215868402786       0.15034999206682603     
   37.079999999999387        3.4746970534104364       0.15438666425394376     
   37.119999999999386        3.4810624369248049       0.15913458785920820     
   37.159999999999386        3.4876466253041047       0.16460470948249908     
   37.199999999999385        3.4944789706582688       0.17080863385410811     
   37.239999999999384        3.5015893155454418       0.17775862217932062     
   37.279999999999383        3.5090080191420698       0.18546758991570375     
   37.319999999999382        3.5167659832899392       0.19394910369672946     
   37.359999999999381        3.5248946783730597       0.20321737707800930     
   37.399999999999380        3.5334261689626607       0.21328726474003046     
   37.439999999999380        3.5423931391519918       0.22417425473327932     
   37.479999999999379        3.5518289174838880       0.23589445829740197     
   37.519999999999378        3.5617675013528860       0.24846459672494592     
   37.559999999999377        3.5722435807397499       0.26190198467160070     
   37.599999999999376        3.5832925611092716       0.27622450923804331     
   37.639999999999375        3.5949505852717860       0.29145060406285433     
   37.679999999999374        3.6072545539746215       0.30759921757088871     
   37.719999999999374        3.6202421449512778       0.32468977441641089     
   37.759999999999373        3.6339518301130695       0.34274212904479057     
   37.799999999999372        3.6484228905198819       0.36177651017030854     
   37.839999999999371        3.6636954287131043       0.38181345483055451     
   37.879999999999370        3.6798103779343130       0.40287373053021402     
   37.919999999999369        3.6968095076874863       0.42497824382932931     
   37.959999999999368        3.7147354250300646       0.44814793356445698     
   37.999999999999368        3.7336315708987549       0.47240364671725243     
   38.039999999999367        3.7535422106894112       0.49776599476640260     
   38.079999999999366        3.7745124182165717       0.52425518817900985     
   38.119999999999365        3.7965880520774204       0.55189084652121601     
   38.159999999999364        3.8198157233374701       0.58069178150124345     
   38.199999999999363        3.8442427533418320       0.61067575010905140     
   38.239999999999363        3.8699171203376510       0.64185917489547628     
   38.279999999999362        3.8968873934717490       0.67425682835245171     
   38.319999999999361        3.9252026526049426       0.70788147832983861     
   38.359999999999360        3.9549123922638127       0.74274349147175778     
   38.399999999999359        3.9860664079357213       0.77885039179771054     
   38.439999999999358        4.0187146628083763       0.81620637181636502     
   38.479999999999357        4.0529071329672384       0.85481175397155706     
   38.519999999999357        4.0886936289997688       0.89466240081326531     
   38.559999999999356        4.1261235919236396       0.93574907309676425     
   38.599999999999355        4.1652458613668015       0.97805673607904331     
   38.639999999999354        4.2061084139924967        1.0215638156423876     
   38.679999999999353        4.2487580702952847        1.0662414075697075     
   38.719999999999352        4.2932401681097092        1.1120524453606111     
   38.759999999999351        4.3395982014873340        1.1589508344406261     
   38.799999999999351        4.3878734240272008        1.2068805634966668     
   38.839999999999350        4.4381044163060652        1.2557748069716093     
   38.879999999999349        4.4903266177640058        1.3055550364485051     
   38.919999999999348        4.5445718242719657        1.3561301626989961     
   38.959999999999347        4.6008676536508073        1.4073957344710475     
   38.999999999999346        4.6592369826312945        1.4592332245121795     
   39.039999999999345        4.7196973601383547        1.5115094376764970     
   39.079999999999345        4.7822604033383147        1.5640760799989954     
   39.119999999999344        4.8469311845795273        1.6167695310303174     
   39.159999999999343        4.9137076191452609        1.6694108641433405     
   39.199999999999342        4.9825798655667013        1.7218061605360095     
   39.239999999999341        5.0535297520394833        1.7737471618195506     
   39.279999999999340        5.1265302441576033        1.8250123029529943     
   39.319999999999339        5.2015449706158394        1.8753681614559115     
   39.359999999999339        5.2785278246149625        1.9245713499780859     
   39.399999999999338        5.3574226593047127        1.9723708672437459     
   39.439999999999337        5.4381630955900162        2.0185109071325869     
   39.479999999999336        5.5206724598890373        2.0627341074755359     
   39.519999999999335        5.6048638678726199        2.1047851995895575     
   39.559999999999334        5.6906404677737301        2.1444149975277518     
   39.599999999999334        5.7778958535201168        2.1813846436596616     
   39.639999999999333        5.8665146537586157        2.2154700059624814     
   39.679999999999332        5.9563732979149355        2.2464661039080043     
   39.719999999999331        6.0473409549440191        2.2741914257270963     
   39.759999999999330        6.1392806346105244        2.2984919916626372     
   39.799999999999329        6.2320504352838935        2.3192450168342287     
   39.839999999999328        4.2319609477495135E-002   2.3363620343296883     
   39.879999999999328       0.13631126365008001        2.3497913543146214     
   39.919999999999327       0.23069205396387257        2.3595197578448142     
   39.959999999999326       0.32531498810495596        2.3655733535270853     
   39.999999999999325       0.42003569048260225        2.3680175594411579     
   40.039999999999324       0.51471393886590167        2.3669562095824852     
   40.079999999999323       0.60921513170719321        2.3625298210322900     
   40.119999999999322       0.70341165541165485        2.3549130926115396     
   40.159999999999322       0.79718412483831913        2.3443117356666057     
   40.199999999999321       0.89042247528021434        2.3309587610473814     
   40.239999999999320       0.98302688976244590        2.3151103620557887     
   40.279999999999319        1.0749085513875076        2.2970415406265454     
   40.319999999999318        1.1659902163233138        2.2770416233951560     
   40.359999999999317        1.2562066085776238        2.2554098063577497     
   40.399999999999316        1.3455046426878088        2.2324508527546225     
   40.439999999999316        1.4338434846935519        2.2084710501435771     
   40.479999999999315        1.5211944651349012        2.1837745110337301     
   40.519999999999314        1.6075408602773318        2.1586598785607669     
   40.559999999999313        1.6928775593163594        2.1334174759756919     
   40.599999999999312        1.7772106360128346        2.1083269174118771     
   40.639999999999311        1.8605568431490247        2.0836551784047508     
   40.679999999999310        1.9429430474914600        2.0596551085608832     
   40.719999999999310        2.0244056217276256        2.0365643559041389     
   40.759999999999309        2.1049898082397176        2.0146046628022987     
   40.799999999999308        2.1847490677128900        1.9939814868293062     
   40.839999999999307        2.2637444235581263        1.9748838961309052     
   40.879999999999306        2.3420438110553286        1.9574846874300602     
   40.919999999999305        2.4197214380668686        1.9419406752885044     
   40.959999999999305        2.4968571621943876        1.9283931031879773     
   40.999999999999304        2.5735358873942311        1.9169681299960850     
   41.039999999999303        2.6498469813572476        1.9077773490754113     
   41.079999999999302        2.7258837134125229        1.9009183013818816     
   41.119999999999301        2.8017427113384783        1.8964749481488898     
   41.159999999999300        2.8775234342586629        1.8945180730046132     
   41.199999999999299        2.9533276577595711        1.8951055875227041     
   41.239999999999299        3.0292589664884058        1.8982827182208724     
   41.279999999999298        3.1054222487647567        1.9040820569087689     
   41.319999999999297        3.1819231871688016        1.9125234601011192     
   41.359999999999296        3.2588677386506344        1.9236137870458214     
   41.399999999999295        3.3363615974462544        1.9373464698905052     
   41.439999999999294        3.4145096339969383        1.9537009137670986     
   41.479999999999293        3.4934153031676431        1.9726417292676197     
   41.519999999999293        3.5731800153706215        1.9941178050744597     
   41.559999999999292        3.6539024647524365        2.0180612345453768     
   41.599999999999291        3.7356779094310397        2.0443861169650823     
   41.639999999999290        3.8185973999130036        2.0729872620490988     
   41.679999999999289        3.9027469533188834        2.1037388351469977     
   41.719999999999288        3.9882066729340706        2.1364929903796805     
   41.759999999999287        4.0750498149133687        2.1710785494824552     
   41.799999999999287        4.1633418067170229        2.2072997950913442     
   41.839999999999286        4.2531392250414806        2.2449354581114314     
   41.879999999999285        4.3444887445997402        2.2837379889564886     
   41.919999999999284        4.4374260730380808        2.3234332109585147     
   41.959999999999283        4.5319748914392557        2.3637204600293753     
   41.999999999999282        4.6281458240980857        2.4042733164707437     
   42.039999999999281        4.7259354653516867        2.4447410313400288     
   42.079999999999281        4.8253254949387347        2.4847507396762034     
   42.119999999999280        4.9262819163398612        2.5239105350281648     
   42.159999999999279        5.0287544544728187        2.5618134533239396     
   42.199999999999278        5.1326761496308508        2.5980423789507983     
   42.239999999999277        5.2379631833321953        2.6321758425336190     
   42.279999999999276        5.3445149685238560        2.6637946297915147     
   42.319999999999276        5.4522145311856356        2.6924890665444963     
   42.359999999999275        5.5609292027843171        2.7178667899670472     
   42.399999999999274        5.6705116333808956        2.7395607649144726     
   42.439999999999273        5.7808011238388417        2.7572372614486511     
   42.479999999999272        5.8916252630562740        2.7706034804358093     
   42.519999999999271        6.0028018431587231        2.7794145025612309     
   42.559999999999270        6.1141410129734091        2.7834792453671580     
   42.599999999999270        6.2254476187439112        2.7826651442625554     
   42.639999999999269        5.3338364605339805E-002   2.7769013260253632     
   42.679999999999268       0.16398556916614004        2.7661801140200057     
   42.719999999999267       0.27400784068814998        2.7505567880502477     
   42.759999999999266       0.38321374516054529        2.7301476118098833     
   42.799999999999265       0.49141879435560853        2.7051262298765808     
   42.839999999999264       0.59844753902926406        2.6757186168413871     
   42.879999999999264       0.70413541211695518        2.6421968271922784     
   42.919999999999263       0.80833028577221389        2.6048718413814678     
   42.959999999999262       0.91089371891775628        2.5640858286385586     
   42.999999999999261        1.0117018849309216        2.5202041503291315     
   43.039999999999260        1.1106461813647275        2.4736074108451453     
   43.079999999999259        1.2076335345495084        2.4246838296195237     
   43.119999999999258        1.3025864210452580        2.3738221623937417     
   43.159999999999258        1.3954426349356366        2.3214053472594642     
   43.199999999999257        1.4861548347759903        2.2678049960088447     
   43.239999999999256        1.5746899067007007        2.2133767981177628     
   43.279999999999255        1.6610281809608813        2.1584568565045119     
   43.319999999999254        1.7451625382918816        2.1033589332750062     
   43.359999999999253        1.8270974403394620        2.0483725511895066     
   43.399999999999253        1.9068479152543787        1.9937618728729154     
   43.439999999999252        1.9844385258317931        1.9397652644353593     
   43.479999999999251        2.0599023435222783        1.8865954422621236     
   43.519999999999250        2.1332799475247231        1.8344401000611170     
   43.559999999999249        2.2046184641841791        1.7834629164863982     
   43.599999999999248        2.2739706582028236        1.7338048504661172     
   43.639999999999247        2.3413940838244951        1.6855856405417891     
   43.679999999999247        2.4069503012257840        1.6389054350322265     
   43.719999999999246        2.4707041608588063        1.5938464908255565     
   43.759999999999245        2.5327231564360604        1.5504748894313554     
   43.799999999999244        2.5930768456013307        1.5088422291317560     
   43.839999999999243        2.6518363360555579        1.4689872613556849     
   43.879999999999242        2.7090738339594185        1.4309374475965098     
   43.919999999999241        2.7648622507688390        1.3947104202355152     
   43.959999999999241        2.8192748642301479        1.3603153365327283     
   43.999999999999240        2.8723850290247843        1.3277541198659084     
   44.039999999999239        2.9242659324701430        1.2970225861339642     
   44.079999999999238        2.9749903907183932        1.2681114562062565     
   44.119999999999237        3.0246306810189529        1.2410072575139885     
   44.159999999999236        3.0732584057974370        1.2156931194621077     
   44.199999999999235        3.1209443845334661        1.1921494684007319     
   44.239999999999235        3.1677585696748491        1.1703546285345716     
   44.279999999999234        3.2137699830930848        1.1502853354558940     
   44.319999999999233        3.2590466698545941        1.1319171690377303     
   44.359999999999232        3.3036556663459495        1.1152249122838886     
   44.399999999999231        3.3476629800441309        1.1001828424545308     
   44.439999999999230        3.3911335784607082        1.0867649604144289     
   44.479999999999229        3.4341313850095383        1.0749451637207490     
   44.519999999999229        3.4767192797497888        1.0646973685062588     
   44.559999999999228        3.5189591031395522        1.0559955847440863     
   44.599999999999227        3.5609116611002896        1.0488139490184316     
   44.639999999999226        3.6026367298396851        1.0431267184848856     
   44.679999999999225        3.6441930590114446        1.0389082292939864     
   44.719999999999224        3.6856383719066361        1.0361328223797819     
   44.759999999999224        3.7270293614741177        1.0347747391870372     
   44.799999999999223        3.7684216810593454        1.0348079896306925     
   44.839999999999222        3.8098699288334510        1.0362061943526444     
   44.879999999999221        3.8514276249601211        1.0389424031667560     
   44.919999999999220        3.8931471806187465        1.0429888914656360     
   44.959999999999219        3.9350798580709219        1.0483169363043876     
   44.999999999999218        3.9772757210260914        1.0548965738792386     
   45.039999999999218        4.0197835746334736        1.0626963401845562     
   45.079999999999217        4.0626508945039452        1.0716829967617867     
   45.119999999999216        4.1059237442499246        1.0818212436494932     
   45.159999999999215        4.1496466811261410        1.0930734219054059     
   45.199999999999214        4.1938626494620959        1.1053992083988755     
   45.239999999999213        4.2386128617006431        1.1187553059636866     
   45.279999999999212        4.2839366669987857        1.1330951324535730     
   45.319999999999212        4.3298714075088096        1.1483685127505892     
   45.359999999999211        4.3764522626420792        1.1645213783317503     
   45.399999999999210        4.4237120818257187        1.1814954795909822     
   45.439999999999209        4.4716812064947877        1.1992281167267242     
   45.479999999999208        4.5203872823196578        1.2176518956217626     
   45.519999999999207        4.5698550629491734        1.2366945157378824     
   45.559999999999206        4.6201062068530101        1.2562785975959208     
   45.599999999999206        4.6711590691681861        1.2763215578793932     
   45.639999999999205        4.7230284907901989        1.2967355405503225     
   45.679999999999204        4.7757255872925528        1.3174274125588497     
   45.719999999999203        4.8292575406013807        1.3382988327206966     
   45.759999999999202        4.8836273966847665        1.3592464020846386     
   45.799999999999201        4.9388338728276864        1.3801619035729971     
   45.839999999999200        4.9948711783401940        1.4009326378126796     
   45.879999999999200        5.0517288527742030        1.4214418608502151     
   45.919999999999199        5.1093916258877856        1.4415693278395685     
   45.959999999999198        5.1678393036797177        1.4611919447982973     
   45.999999999999197        5.2270466848059316        1.4801845281553490     
   46.039999999999196        5.2869835115696482        1.4984206690929083     
   46.079999999999195        5.3476144594364028        1.5157736966688649     
   46.119999999999195        5.4088991686553687        1.5321177304741527     
   46.159999999999194        5.4707923210647076        1.5473288102334635     
   46.199999999999193        5.5332437645216839        1.5612860864244125     
   46.239999999999192        5.5961986866342253        1.5738730528135272     
   46.279999999999191        5.6595978385919992        1.5849787989443536     
   46.319999999999190        5.7233778089209908        1.5944992582247954     
   46.359999999999189        5.7874713459411247        1.6023384255033533     
   46.399999999999189        5.8518077266225967        1.6084095170368096     
   46.439999999999188        5.9163131684484949        1.6126360456474587     
   46.479999999999187        5.9809112798373345        1.6149527847209799     
   46.519999999999186        6.0455235436987449        1.6153065965352689     
   46.559999999999185        6.1100698278272620        1.6136571032129197     
   46.599999999999184        6.1744689151184033        1.6099771822785380     
   46.639999999999183        6.2386390460482986        1.6042532732473780     
   46.679999999999183        1.9313158336649927E-002   1.5964854866984355     
   46.719999999999182        8.2780658843895530E-002   1.5866875126811399     
   46.759999999999181       0.14577611207728414        1.5748863308347156     
   46.799999999999180       0.20822098127805147        1.5611217300191833     
   46.839999999999179       0.27003880729125551        1.5454456503301015     
   46.879999999999178       0.33115566188649892        1.5279213648810850     
   46.919999999999177       0.39150056278689571        1.5086225225099192     
   46.959999999999177       0.45100584580538594        1.4876320754622550     
   46.999999999999176       0.50960749052737597        1.4650411180497493     
   47.039999999999175       0.56724539705695165        1.4409476632393912     
   47.079999999999174       0.62386361242222577        1.4154553841318531     
   47.119999999999173       0.67941050627821997        1.3886723463998558     
   47.159999999999172       0.73383889652188661        1.3607097560916652     
   47.199999999999172       0.78710612631776899        1.3316807448970609     
   47.239999999999171       0.83917409480487082        1.3016992121775450     
   47.279999999999170       0.89000924440245666        1.2708787399396462     
   47.319999999999169       0.93958250814792754        1.2393315936367730     
   47.359999999999168       0.98786922088257523        1.2071678183661916     
   47.399999999999167        1.0348489983549858        1.1744944368102617     
   47.439999999999166        1.0805055884453720        1.1414147522596580     
   47.479999999999166        1.1248266987386193        1.1080277573311808     
   47.519999999999165        1.1678038046030008        1.0744276466095373     
   47.559999999999164        1.2094319417803392        1.0407034294334574     
   47.599999999999163        1.2497094872772629        1.0069386374230946     
   47.639999999999162        1.2886379320813257       0.97321112010156974     
   47.679999999999161        1.3262216489244580       0.93959292107830961     
   47.719999999999160        1.3624676579926431       0.90615022670462697     
   47.759999999999160        1.3973853931464368       0.87294337884484452     
   47.799999999999159        1.4309864708819324       0.84002694338739170     
   47.839999999999158        1.4632844639341971       0.80744982630661899     
   47.879999999999157        1.4942946811116133       0.77525542943540882     
   47.919999999999156        1.5240339546548665       0.74348183858132710     
   47.959999999999155        1.5525204361420260       0.71216203717898829     
   47.999999999999154        1.5797734017134959       0.68132413928674651     
   48.039999999999154        1.6058130671686821       0.65099163637965529     
   48.079999999999153        1.6306604132902984       0.62118365304040901     
   48.119999999999152        1.6543370215818078       0.59191520728773361     
   48.159999999999151        1.6768649204575525       0.56319747189361680     
   48.199999999999150        1.6982664418022229       0.53503803361675972     
   48.239999999999149        1.7185640877147359       0.50744114781282401     
   48.279999999999148        1.7377804071694671       0.48040798636828358     
   48.319999999999148        1.7559378822631497       0.45393687734206689     
   48.359999999999147        1.7730588236666520       0.42802353508755520     
   48.399999999999146        1.7891652748653775       0.40266127996813822     
   48.439999999999145        1.8042789247483639       0.37784124707466316     
   48.479999999999144        1.8184210280925925       0.35355258360571368     
   48.519999999999143        1.8316123334839975       0.32978263478512471     
   48.559999999999143        1.8438730182187624       0.30651711836911988     
   48.599999999999142        1.8552226297364298       0.28374028794168521     
   48.639999999999141        1.8656800331490271       0.26143508531493426     
   48.679999999999140        1.8752633644468197       0.23958328244481675     
   48.719999999999139        1.8839899889806162       0.21816561334491288     
   48.759999999999138        1.8918764648420292       0.19716189653532329     
   48.799999999999137        1.8989385107861345       0.17655114860263108     
   48.839999999999137        1.9051909783650594       0.15631168947312069     
   48.879999999999136        1.9106478279657453       0.13642124001714914     
   48.919999999999135        1.9153221084701360       0.11685701260976950     
   48.959999999999134        1.9192259402810619        9.7595795273144936E-002
   48.999999999999133        1.9223705014819201        7.8614030021458808E-002
   49.039999999999132        1.9247660169227281        5.9887886020197401E-002
   49.079999999999131        1.9264217500491256        4.1393328159937279E-002
   49.119999999999131        1.9273459973143656        2.3106181630999496E-002
   49.159999999999130        1.9275460850371764        5.0021930702697816E-003
   49.199999999999129        1.9270283685906049       -1.2942911164285389E-002
   49.239999999999128        1.9257982338285289       -3.0753369051898977E-002
   49.279999999999127        1.9238601006774685       -4.8453328776508209E-002
   49.319999999999126        1.9212174288416475       -6.6066795895526942E-002
   49.359999999999125        1.9178727255889643       -8.3617581317081802E-002
   49.399999999999125        1.9138275556046624      -0.10112924960754624     
   49.439999999999124        1.9090825529180484      -0.11862506716535072     
   49.479999999999123        1.9036374349256164      -0.13612794981079776     
   49.519999999999122        1.8974910185514111      -0.15366040935513237     
   49.559999999999121        1.8906412386023852      -0.17124449872564843     
   49.599999999999120        1.8830851683928873      -0.18890175523744906     
   49.639999999999119        1.8748190427282077      -0.20665314161699316     
   49.679999999999119        1.8658382833522804      -0.22451898439818307     
   49.719999999999118        1.8561375269791212      -0.24251890932898126     
   49.759999999999117        1.8457106560412828      -0.26067177344595732     
   49.799999999999116        1.8345508323014270      -0.27899559349639774     
   49.839999999999115        1.8226505334848921      -0.29750747041337061     
   49.879999999999114        1.8100015931017239      -0.31622350957920348     
   49.919999999999114        1.7965952436358019      -0.33515873664805068     
   49.959999999999113        1.7824221632862216      -0.35432700873950962     
   49.999999999999112        1.7674725264516793      -0.37374092086355681     
   50.039999999999111        1.7517360581519419      -0.39341170749343479     
   50.079999999999110        1.7352020925811988      -0.41334913926857342     
   50.119999999999109        1.7178596359857892      -0.43356141488524014     
   50.159999999999108        1.6996974340530120      -0.45405504831943089     
   50.199999999999108        1.6807040439879901      -0.47483475162554878     
   50.239999999999107        1.6608679114413265      -0.49590331366658935     
   50.279999999999106        1.6401774524310204      -0.51726147525765465     
   50.319999999999105        1.6186211403772104      -0.53890780134525174     
   50.359999999999104        1.5961875983371971      -0.56083855100032920     
   50.399999999999103        1.5728656964902621      -0.58304754617337484     
   50.439999999999102        1.5486446548764738      -0.60552604034470414     
   50.479999999999102        1.5235141513404193      -0.62826258840136229     
   50.519999999999101        1.4974644345691290      -0.65124291928226052     
   50.559999999999100        1.4704864420430110      -0.67444981315294794     
   50.599999999999099        1.4425719226391065      -0.69786298509761568     
   50.639999999999098        1.4137135635373292      -0.72145897754443078     
   50.679999999999097        1.3839051209826914      -0.74521106386594527     
   50.719999999999096        1.3531415543501770      -0.76908916581285813     
   50.759999999999096        1.3214191628445999      -0.79305978763942631     
   50.799999999999095        1.2887357240464492      -0.81708596995376648     
   50.839999999999094        1.2550906333877876      -0.84112726646653957     
   50.879999999999093        1.2204850435115286      -0.86513974690647566     
   50.919999999999092        1.1849220023351470      -0.88907602940954200     
   50.959999999999091        1.1484065885088073      -0.91288534565849178     
   50.999999999999091        1.1109460428312390      -0.93651364193920850     
   51.039999999999090        1.0725498940681082      -0.95990371907826855     
   51.079999999999089        1.0332300775112242      -0.98299541392209877     
   51.119999999999088       0.99300104452709015       -1.0057258246033522     
   51.159999999999087       0.95187986127475155       -1.0280295813084661     
   51.199999999999086       0.90988629473039695       -1.0498391636088662     
   51.239999999999085       0.86704288414447350       -1.0710852646480868     
   51.279999999999085       0.82337499608071019       -1.0916972015940822     
   51.319999999999084       0.77891086124944686       -1.1116033707815831     
   51.359999999999083       0.73368159145341882       -1.1307317449007013     
   51.399999999999082       0.68772117511508268       -1.1490104084584025     
   51.439999999999081       0.64106645005195451       -1.1663681265782044     
   51.479999999999080       0.59375705241014465       -1.1827349410452468     
   51.519999999999079       0.54583534095462161       -1.1980427863880767     
   51.559999999999079       0.49734629624431198       -1.2122261177577411     
   51.599999999999078       0.44833739458577704       -1.2252225414633739     
   51.639999999999077       0.39885845705396589       -1.2369734382952784     
   51.679999999999076       0.34896147428385682       -1.2474245692527262     
   51.719999999999075       0.29870040816263943       -1.2565266530304342     
   51.759999999999074       0.24813097197729708       -1.2642359046335587     
   51.799999999999073       0.19731039098509390       -1.2705145248050793     
   51.839999999999073       0.14629714576232616       -1.2753311305691934     
   51.879999999999072        9.5150701037738122E-002  -1.2786611181147010     
   51.919999999999071        4.3931223019939153E-002  -1.2804869504449743     
   51.959999999999070       -7.3007115270449507E-003  -1.2807983636746025     
   51.999999999999069       -5.8484411027595322E-002  -1.2795924875137592     
   52.039999999999068      -0.10955936611944156       -1.2768738772961556     
   52.079999999999067      -0.16046554439199170       -1.2726544568137537     
   52.119999999999067      -0.21114367931819827       -1.2669533731551639     
   52.159999999999066      -0.26153554998369455       -1.2597967666374070     
   52.199999999999065      -0.31158424841197963       -1.2512174607071269     
   52.239999999999064      -0.36123443154427703       -1.2412545783074349     
   52.279999999999063      -0.41043255524862315       -1.2299530926086528     
   52.319999999999062      -0.45912708809439523       -1.2173633211443016     
   52.359999999999062      -0.50726870302435645       -1.2035403732490297     
   52.399999999999061      -0.55481044547424607       -1.1885435612472397     
   52.439999999999060      -0.60170787691774952       -1.1724357860875856     
   52.479999999999059      -0.64791919324052649       -1.1552829080694242     
   52.519999999999058      -0.69340531775988345       -1.1371531129839243     
   52.559999999999057      -0.73812996909689765       -1.1181162834253553     
   52.599999999999056      -0.78205970446707929       -1.0982433842545412     
   52.639999999999056      -0.82516393927742415       -1.0776058702586226     
   52.679999999999055      -0.86741494419715970       -1.0562751229933893     
   52.719999999999054      -0.90878782110358902       -1.0343219226607339     
   52.759999999999053      -0.94926045949184656       -1.0118159597064378     
   52.799999999999052      -0.98881347507829154      -0.98882538966112477     
   52.839999999999051       -1.0274301324232331      -0.96541643362353791     
   52.879999999999050       -1.0650962534523707      -0.94165302572843823     
   52.919999999999050       -1.1018001137713092      -0.91759650797346093     
   52.959999999999049       -1.1375323286479579      -0.89330537191621839     
   52.999999999999048       -1.1722857304881578      -0.86883504600499795     
   53.039999999999047       -1.2060552395552955      -0.84423772667844421     
   53.079999999999046       -1.2388377295897697      -0.81956225086185508     
   53.119999999999045       -1.2706318898736275      -0.79485400709644805     
   53.159999999999044       -1.3014380851638827      -0.77015488225637774     
   53.199999999999044       -1.3312582147889733      -0.74550324062726636     
   53.239999999999043       -1.3600955720701275      -0.72093393202885825     
   53.279999999999042       -1.3879547050961880      -0.69647832565151080     
   53.319999999999041       -1.4148412797493748      -0.67216436632966914     
   53.359999999999040       -1.4407619457527121      -0.64801665008343490     
   53.399999999999039       -1.4657242063891360      -0.62405651591059708     
   53.439999999999038       -1.4897362924289586      -0.60030215099556417     
   53.479999999999038       -1.5128070406973215      -0.57676870670907487     
   53.519999999999037       -1.5349457776171214      -0.55346842299499743     
   53.559999999999036       -1.5561622079759516      -0.53041075897075440     
   53.599999999999035       -1.5764663090879460      -0.50760252779986226     
   53.639999999999034       -1.5958682304528977      -0.48504803412379166     
   53.679999999999033       -1.6143781989553738      -0.46274921256190515     
   53.719999999999033       -1.6320064295953578      -0.44070576599960098     
   53.759999999999032       -1.6487630416987105      -0.41891530258381771     
   53.799999999999031       -1.6646579805199215      -0.39737347053027522     
   53.839999999999030       -1.6797009441206172      -0.37607409001739195     
   53.879999999999029       -1.6939013153845131      -0.35500928159739403     
   53.919999999999028       -1.7072680990123441      -0.33416959069577912     
   53.959999999999027       -1.7198098633282008      -0.31354410789641607     
   53.999999999999027       -1.7315346867210719      -0.29312058482177905     
   54.039999999999026       -1.7424501085417501      -0.27288554551695421     
   54.079999999999025       -1.7525630842750717      -0.25282439333303952     
   54.119999999999024       -1.7618799448103277      -0.23292151338140052     
   54.159999999999023       -1.7704063596381665      -0.21316037069597213     
   54.199999999999022       -1.7781473038100646      -0.19352360429745205     
   54.239999999999021       -1.7851070285061374      -0.17399311740182147     
   54.279999999999021       -1.7912890350684223      -0.15455016405712158     
   54.319999999999020       -1.7966960523695308      -0.13517543252771480     
   54.359999999999019       -1.8013300174005391      -0.11584912577520544     
   54.399999999999018       -1.8051920589769608       -9.6551039410543091E-002
   54.439999999999017       -1.8082824844774912       -7.7260637513260330E-002
   54.479999999999016       -1.8106007695467670       -5.7957126731893009E-002
   54.519999999999015       -1.8121455507105628       -3.8619529094897846E-002
   54.559999999999015       -1.8129146208695319       -1.9226753974229429E-002
   54.599999999999014       -1.8129049276557114        2.4233034551430013E-004
   54.639999999999013       -1.8121125746544877        1.9808825030595164E-002
   54.679999999999012       -1.8105328255134729        3.9493728525369171E-002
   54.719999999999011       -1.8081601109787167        5.9317863368904697E-002
   54.759999999999010       -1.8049880389177977        7.9301801522971657E-002
   54.799999999999010       -1.8010094074085317        9.9465787731651795E-002
   54.839999999999009       -1.7962162209912005       0.11982966043328114     
   54.879999999999008       -1.7905997102012614       0.14041276974847477     
   54.919999999999007       -1.7841503545182977       0.16123389207409214     
   54.959999999999006       -1.7768579088853858       0.18231114082279751     
   54.999999999999005       -1.7687114339709020       0.20366187286209173     
   55.039999999999004       -1.7596993303618538       0.22530259022620688     
   55.079999999999004       -1.7498093768938510       0.24724883670007186     
   55.119999999999003       -1.7390287733375387       0.26951508890780873     
   55.159999999999002       -1.7273441876743314       0.29211464158018102     
   55.199999999999001       -1.7147418082052319       0.31505948672748824     
   55.239999999999000       -1.7012074007449076       0.33836018650810945     
   55.279999999998999       -1.6867263711585130       0.36202573965986667     
   55.319999999998998       -1.6712838335003803       0.38606344145331850     
   55.359999999998998       -1.6548646840109900       0.41047873723476103     
   55.399999999998997       -1.6374536812208356       0.43527506975386210     
   55.439999999998996       -1.6190355323961076       0.46045372061819634     
   55.479999999998995       -1.5995949865406656       0.48601364638605127     
   55.519999999998994       -1.5791169341406219       0.51195131000109240     
   55.559999999998993       -1.5575865138010687       0.53826050848882978     
   55.599999999998992       -1.5349892258780335       0.56493219807587780     
   55.639999999998992       -1.5113110531516862       0.59195431815868171     
   55.679999999998991       -1.4865385885181717       0.61931161583786298     
   55.719999999998990       -1.4606591695963402       0.64698547304578768     
   55.759999999998989       -1.4336610200513245       0.67495373862539632     
   55.799999999998988       -1.4055333973287898       0.70319056806336866     
   55.839999999998987       -1.3762667463714151       0.73166627393436812     
   55.879999999998986       -1.3458528587527090       0.76034719046765398     
   55.919999999998986       -1.3142850365129857       0.78919555599308078     
   55.959999999998985       -1.2815582598190389       0.81816941734866921     
   55.999999999998984       -1.2476693573941315       0.84722256062268386     
   56.039999999998983       -1.2126171784803863       0.87630447284363122     
   56.079999999998982       -1.1764027649042239       0.90536033940406135     
   56.119999999998981       -1.1390295216206523       0.93433108208929205     
   56.159999999998981       -1.1005033839182550       0.96315344255993096     
   56.199999999998980       -1.0608329792787823       0.99176011598681724     
   56.239999999998979       -1.0200297817092305        1.0200799392387938     
   56.279999999998978      -0.97810825620685649        1.0480381375593517     
   56.319999999998977      -0.93508599088595856        1.0755566330224475     
   56.359999999998976      -0.89098381419716199        1.1025544172199135     
   56.399999999998975      -0.84582589461323887        1.1289479895980772     
   56.439999999998975      -0.79963982014795276        1.1546518616321526     
   56.479999999998974      -0.75245665512334381        1.1795791256152224     
   56.519999999998973      -0.70431097171271162        1.2036420852658041     
   56.559999999998972      -0.65524085396645149        1.2267529436565028     
   56.599999999998971      -0.60528787227926906        1.2488245421795601     
   56.639999999998970      -0.55449702658137523        1.2697711424473448     
   56.679999999998969      -0.50291665693175180        1.2895092412405853     
   56.719999999998969      -0.45059832065433414        1.3079584069354413     
   56.759999999998968      -0.39759663568081222        1.3250421243380475     
   56.799999999998967      -0.34396909033646728        1.3406886336086232     
   56.839999999998966      -0.28977582041485905        1.3548317480402050     
   56.879999999998965      -0.23507935501744348        1.3674116349353895     
   56.919999999998964      -0.17994433326737258        1.3783755437517728     
   56.959999999998963      -0.12443719462337269        1.3876784660999972     
   56.999999999998963       -6.8625846099602705E-002   1.3952837130942495     
   57.039999999998962       -1.2579310220897921E-002   1.4011633969676196     
   57.079999999998961        4.3632642008852383E-002   1.4052988057437577     
   57.119999999998960        9.9939868490764777E-002   1.4076806620478099     
   57.159999999998959       0.15627223888147734        1.4083092597678137     
   57.199999999998958       0.21256001788740975        1.4071944751483096     
   57.239999999998957       0.26873424396353457        1.4043556519031204     
   57.279999999998957       0.32472709848187659        1.3998213629585508     
   57.319999999998956       0.38047226065648032        1.3936290543650938     
   57.359999999998955       0.43590524384183438        1.3858245796338515     
   57.399999999998954       0.49096370924838129        1.3764616351636727     
   57.439999999998953       0.54558775362612866        1.3656011094436848     
   57.479999999998952       0.59972016803739103        1.3533103602815606     
   57.519999999998952       0.65330666545267002        1.3396624353819735     
   57.559999999998951       0.70629607553938889        1.3247352521679723     
   57.599999999998950       0.75864050565177621        1.3086107528096840     
   57.639999999998949       0.81029546765299298        1.2913740500304183     
   57.679999999998948       0.86121997079093471        1.2731125784485418     
   57.719999999998947       0.91137658139281441        1.2539152650469918     
   57.759999999998946       0.96073145062933252        1.2338717309129517     
   57.799999999998946        1.0092543120187203        1.2130715347346965     
   57.839999999998945        1.0569184506890408        1.1916034667580131     
   57.879999999998944        1.1037006466916210        1.1695549000645060     
   57.919999999998943        1.1495810948598413        1.1470112042055058     
   57.959999999998942        1.1945433038384929        1.1240552244662920     
   57.999999999998941        1.2385739769742363        1.1007668283935863     
   58.039999999998940        1.2816628777634897        1.0772225197313370     
   58.079999999998940        1.3238026825075384        1.0534951186012147     
   58.119999999998939        1.3649888227335385        1.0296535056500040     
   58.159999999998938        1.4052193198124119        1.0057624269718344     
   58.199999999998937        1.4444946140482713       0.98188235589648609     
   58.239999999998936        1.4828173903365431       0.95806940720679679     
   58.279999999998935        1.5201924022963202       0.93437529899442739     
   58.319999999998934        1.5566262965829720       0.91084735716629273     
   58.359999999998934        1.5921274388851339       0.88752855755404825     
   58.399999999998933        1.6267057429105480       0.86445760063535415     
   58.439999999998932        1.6603725034716457       0.84166901402744232     
   58.479999999998931        1.6931402345972772       0.81919327814079224     
   58.519999999998930        1.7250225134238719       0.79705697066486814     
   58.559999999998929        1.7560338304591532       0.77528292588202974     
   58.599999999998929        1.7861894466653563       0.75389040515507677     
   58.639999999998928        1.8155052576771842       0.73289527529569953     
   58.679999999998927        1.8439976653525754       0.71231019188477773     
   58.719999999998926        1.8716834567514717       0.69214478497241017     
   58.759999999998925        1.8985796905486338       0.67240584492905175     
   58.799999999998924        1.9247035908104004       0.65309750654416676     
   58.839999999998923        1.9500724480012737       0.63422142977182971     
   58.879999999998923        1.9747035270333324       0.61577697580146973     
   58.919999999998922        1.9986139821287423       0.59776137738524715     
   58.959999999998921        2.0218207782319846       0.58016990258105572     
   58.999999999998920        2.0443406186828730       0.56299601127221388     
   59.039999999998919        2.0661898788429700       0.54623150400243115     
   59.079999999998918        2.0873845453557256       0.52986666281888517     
   59.119999999998917        2.1079401607136758       0.51389038394876096     
   59.159999999998917        2.1278717728035597       0.49829030224709270     
   59.199999999998916        2.1471938891014801       0.48305290744800661     
   59.239999999998915        2.1659204351946522       0.46816365232929869     
   59.279999999998914        2.1840647173131917       0.45360705296348863     
   59.319999999998913        2.2016393885643430       0.43936678127878254     
   59.359999999998912        2.2186564185720385       0.42542575019238621     
   59.399999999998911        2.2351270662363527       0.41176619160785444     
   59.439999999998911        2.2510618553399144       0.39836972758903755     
   59.479999999998910        2.2664705527413935       0.38521743503697198     
   59.519999999998909        2.2813621489095497       0.37228990420390223     
   59.559999999998908        2.2957448405648115       0.35956729138154886     
   59.599999999998907        2.3096260152087980       0.34702936609966295     
   59.639999999998906        2.3230122373354631       0.33465555316663331     
   59.679999999998905        2.3359092361305489       0.32242496987714397     
   59.719999999998905        2.3483218944786781       0.31031645870323088     
   59.759999999998904        2.3602542391096812       0.29830861577508355     
   59.799999999998903        2.3717094317275627       0.28637981544704089     
   59.839999999998902        2.3826897609768762       0.27450823123283480     
   59.879999999998901        2.3931966351121794       0.26267185338257643     
   59.919999999998900        2.4032305752466816       0.25084850336254993     
   59.959999999998900        2.4127912090661949       0.23901584548783089     
   59.999999999998899        2.4218772649040869       0.22715139594729708     
   60.039999999998898        2.4304865660821244       0.21523252945094207     
   60.079999999998897        2.4386160254309530       0.20323648372071082     
   60.119999999998896        2.4462616399124935       0.19114036203850865     
   60.159999999998895        2.4534184852748431       0.17892113405873614     
   60.199999999998894        2.4600807106783562       0.16655563508782600     
   60.239999999998894        2.4662415332395535       0.15402056402993594     
   60.279999999998893        2.4718932324474072       0.14129248019634053     
   60.319999999998892        2.4770271444144600       0.12834779917631764     
   60.359999999998891        2.4816336559332441       0.11516278796960620     
   60.399999999998890        2.4857021983166443       0.10171355958500169     
   60.439999999998889        2.4892212410093064        8.7976067316556605E-002
   60.479999999998888        2.4921782849660414        7.3926098918375205E-002
   60.519999999998888        2.4945598558024966        5.9539270911378409E-002
   60.559999999998887        2.4963514967333338        4.4791023270931367E-002
   60.599999999998886        2.4975377613238603        2.9656614763158080E-002
   60.639999999998885        2.4981022060926774        1.4111119220431260E-002
   60.679999999998884        2.4980273830156081       -1.8705769267305713E-003
   60.719999999998883        2.4972948319950907       -1.8313775512940313E-002
   60.759999999998882        2.4958850733746125       -3.5243965511949756E-002
   60.799999999998882        2.4937776005947860       -5.2686819495658371E-002
   60.839999999998881        2.4909508731065690       -7.0668187205425601E-002
   60.879999999998880        2.4873823096781735       -8.9214085709891949E-002
   60.919999999998879        2.4830482822556199      -0.10835068556384483     
   60.959999999998878        2.4779241105629795      -0.12810429231600590     
   60.999999999998877        2.4719840576573966      -0.14850132263957166     
   61.039999999998876        2.4652013266862940      -0.16956827427756890     
   61.079999999998876        2.4575480591300800      -0.19133168890534863     
   61.119999999998875        2.4489953348534916      -0.21381810691470690     
   61.159999999998874        2.4395131743327627      -0.23705401301822820     
   61.199999999998873        2.4290705434744115      -0.26106577145877691     
   61.239999999998872        2.4176353614948844      -0.28587954948817768     
   61.279999999998871        2.4051745123888053      -0.31152122765197465     
   61.319999999998871        2.3916538605773980      -0.33801629528517702     
   61.359999999998870        2.3770382713978333      -0.36538972948911408     
   61.399999999998869        2.3612916371688457      -0.39366585572469404     
   61.439999999998868        2.3443769096477993      -0.42286818802615767     
   61.479999999998867        2.3262561397791366      -0.45301924671656590     
   61.519999999998866        2.3068905257232264      -0.48414035139775757     
   61.559999999998865        2.2862404702471921      -0.51625138690085604     
   61.599999999998865        2.2642656486540806      -0.54937053982778583     
   61.639999999998864        2.2409250885220477      -0.58351400330082648     
   61.679999999998863        2.2161772626188756      -0.61869564757929862     
   61.719999999998862        2.1899801964462466      -0.65492665431572061     
   61.759999999998861        2.1622915919491916      -0.69221511242637745     
   61.799999999998860        2.1330689689946327      -0.73056557386397003     
   61.839999999998859        2.1022698262735875      -0.76997856802613085     
   61.879999999998859        2.0698518233080421      -0.81045007413863623     
   61.919999999998858        2.0357729852383040      -0.85197095174345383     
   61.959999999998857        1.9999919320211972      -0.89452633042767127     
   61.999999999998856        1.9624681335740775      -0.93809496117799451     
   62.039999999998855        1.9231621922435493      -0.98264853326320079     
   62.079999999998854        1.8820361537493138       -1.0281509623558882     
   62.119999999998853        1.8390538474404994       -1.0745576577203606     
   62.159999999998853        1.7941812562916872       -1.1218147787203034     
   62.199999999998852        1.7473869165465632       -1.1698584936281000     
   62.239999999998851        1.6986423462778562       -1.2186142567176750     
   62.279999999998850        1.6479225013642453       -1.2679961228402707     
   62.319999999998849        1.5952062564829304       -1.3179061220328769     
   62.359999999998848        1.5404769076800493       -1.3682337200720249     
   62.399999999998847        1.4837226919159840       -1.4188553941016329     
   62.439999999998847        1.4249373177027542       -1.4696343553307458     
   62.479999999998846        1.3641204995798775       -1.5204204530719188     
   62.519999999998845        1.3012784877481716       -1.5710502957926447     
   62.559999999998844        1.2364245827453160       -1.6213476250713916     
   62.599999999998843        1.1695796236627516       -1.6711239770641089     
   62.639999999998842        1.1007724371434346       -1.7201796629829220     
   62.679999999998842        1.0300402333478396       -1.7683050948898751     
   62.719999999998841       0.95742893432342024       -1.8152824756104839     
   62.759999999998840       0.88299341985621327       -1.8608878616801747     
   62.799999999998839       0.80679767601596231       -1.9048935960062749     
   62.839999999998838       0.72891483231201837       -1.9470710925985979     
   62.879999999998837       0.64942707472230088       -1.9871939397429377     
   62.919999999998836       0.56842542388088568       -2.0250412710353807     
   62.959999999998836       0.48600937041514713       -2.0604013366434639     
   62.999999999998835       0.40228636277235080       -2.0930751910699086     
   63.039999999998834       0.31737114678297385       -2.1228803997344246     
   63.079999999998833       0.23138496054097843       -2.1496546560498855     
   63.119999999998832       0.14445459276274067       -2.1732591944559441     
   63.159999999998831        5.6711317403265446E-002  -2.1935818839868806     
   63.199999999998830       -3.1710278275732875E-002  -2.2105398919749581     
   63.239999999998830      -0.12067355101970020       -2.2240818185991831     
   63.279999999998829      -0.21004111981518353       -2.2341892198870830     
   63.319999999998828      -0.29967621816275319       -2.2408774586892419     
   63.359999999998827      -0.38944405211716776       -2.2441958488603642     
   63.399999999998826      -0.47921313555074663       -2.2442270858394711     
   63.439999999998825      -0.56885657496112318       -2.2410859852594127     
   63.479999999998824      -0.65825327809388745       -2.2349175783191053     
   63.519999999998824      -0.74728906356303781       -2.2258946367287593     
   63.559999999998823      -0.83585765234986764       -2.2142147196707462     
   63.599999999998822      -0.92386152632511842       -2.2000968493812691     
   63.639999999998821       -1.0112126435287030       -2.1837779300896134     
   63.679999999998820       -1.0978330046116644       -2.1655090270740365     
   63.719999999998819       -1.1836550693667689       -2.1455516188776129     
   63.759999999998819       -1.2686220264475343       -2.1241739270191369     
   63.799999999998818       -1.3526879230414908       -2.1016474148489110     
   63.839999999998817       -1.4358176643096645       -2.0782435317043433     
   63.879999999998816       -1.5179868947664339       -2.0542307614192339     
   63.919999999998815       -1.5991817754332891       -2.0298720166713817     
   63.959999999998814       -1.6793986715776539       -2.0054224036091202     
   63.999999999998813       -1.7586437661966947       -1.9811273654760198     
   64.039999999998813       -1.8369326142019278       -1.9572212001308265     
   64.079999999998819       -1.9142896515936130       -1.9339259347921294     
   64.119999999998825       -1.9907476728806806       -1.9114505321766893     
   64.159999999998831       -2.0663472886977865       -1.8899903954276487     
   64.199999999998838       -2.1411363740854381       -1.8697271346912872     
   64.239999999998844       -2.2151695163115326       -1.8508285556523638     
   64.279999999998850       -2.2885074694905794       -1.8334488294761728     
   64.319999999998856       -2.3612166216547728       -1.8177288041048352     
   64.359999999998863       -2.4333684783905229       -1.8037964183937547     
   64.399999999998869       -2.5050391657046038       -1.7917671828520176     
   64.439999999998875       -2.5763089534447698       -1.7817446935041512     
   64.479999999998881       -2.6472617993807672       -1.7738211483999293     
   64.519999999998888       -2.7179849129563820       -1.7680778393903656     
   64.559999999998894       -2.7885683367497700       -1.7645855948346993     
   64.599999999998900       -2.8591045428226578       -1.7634051518221965     
   64.639999999998906       -2.9296880403923171       -1.7645874392414880     
   64.679999999998913       -3.0004149906164184       -1.7681737556025308     
   64.719999999998919       -3.0713828237339111       -1.7741958279373178     
   64.759999999998925       -3.1426898533510257       -1.7826757404278666     
   64.799999999998931       -3.2144348822994253       -1.7936257237099857     
   64.839999999998938       -3.2867167942264266       -1.8070477981750301     
   64.879999999998944       -3.3596341249125019       -1.8229332671518881     
   64.919999999998950       -3.4332846072614207       -1.8412620587229647     
   64.959999999998956       -3.5077646839911911       -1.8620019182442633     
   64.999999999998963       -3.5831689822926514       -1.8851074575365097     
   65.039999999998969       -3.6595897451455413       -1.9105190713222528     
   65.079999999998975       -3.7371162146222847       -1.9381617369185919     
   65.119999999998981       -3.8158339634040583       -1.9679437195443443     
   65.159999999998988       -3.8958241719203657       -1.9997552129076843     
   65.199999999998994       -3.9771628500397789       -2.0334669529853304     
   65.239999999999000       -4.0599200041189940       -2.0689288519803828     
   65.279999999999006       -4.1441587524843708       -2.1059687091344221     
   65.319999999999013       -4.2299343950849773       -2.1443910650151596     
   65.359999999999019       -4.3172934461085450       -2.1839762755891967     
   65.399999999999025       -4.4062726417537856       -2.2244798911310171     
   65.439999999999031       -4.4968979390316752       -2.2656324319472438     
   65.479999999999038       -4.5891835253109043       -2.3071396569807319     
   65.519999999999044       -4.6831308621690324       -2.3486834214532006     
   65.559999999999050       -4.7787277907534937       -2.3899232146115357     
   65.599999999999056       -4.8759477290425375       -2.4304984572260979     
   65.639999999999063       -4.9747489938352318       -2.4700316198173633     
   65.679999999999069       -5.0750742816793082       -2.5081321961019118     
   65.719999999999075       -5.1768503429532853       -2.5444015318494344     
   65.759999999999081       -5.2799878816716337       -2.5784384679587062     
   65.799999999999088       -5.3843817100590083       -2.6098457096843672     
   65.839999999999094       -5.4899111814225012       -2.6382367840873266     
   65.879999999999100       -5.5964409173549567       -2.6632433983113950     
   65.919999999999106       -5.7038218360049839       -2.6845229662506691     
   65.959999999999113       -5.8118924774029139       -2.7017660349482511     
   65.999999999999119       -5.9204806101597311       -2.7147033189204373     
   66.039999999999125       -6.0294050919253968       -2.7231120441416405     
   66.079999999999131       -6.1384779445682396       -2.7268213160710761     
   66.119999999999138       -6.2475065949131077       -2.7257162586217061     
   66.159999999999144       -7.3110916621702771E-002  -2.7197407222045289     
   66.199999999999150      -0.18146685365367105       -2.7088984257992066     
   66.239999999999156      -0.28919695267560763       -2.6932524755484146     
   66.279999999999163      -0.39611388405800524       -2.6729232845599400     
   66.319999999999169      -0.50203728400990766       -2.6480849987975605     
   66.359999999999175      -0.60679570824005324       -2.6189606057536388     
   66.399999999999181      -0.71022834666408208       -2.5858159606007201     
   66.439999999999188      -0.81218646685815066       -2.5489530048517146     
   66.479999999999194      -0.91253456578850534       -2.5087024732588672     
   66.519999999999200       -1.0111512212191962       -2.4654163857672704     
   66.559999999999206       -1.1079296454036545       -2.4194606046114537     
   66.599999999999213       -1.2027779536154883       -2.3712077052958489     
   66.639999999999219       -1.2956191683473763       -2.3210303682972020     
   66.679999999999225       -1.3863909863578381       -2.2692954502615459     
   66.719999999999231       -1.4750453400963985       -2.2163588434640120     
   66.759999999999238       -1.5615477874574246       -2.1625611840256518     
   66.799999999999244       -1.6458767644855885       -2.1082244257040959     
   66.839999999999250       -1.7280227348436297       -2.0536492589510282     
   66.879999999999256       -1.8079872678604612       -1.9991133254207853     
   66.919999999999263       -1.8857820741201763       -1.9448701564928759     
   66.959999999999269       -1.9614280241313655       -1.8911487502797313     
   66.999999999999275       -2.0349541719003841       -1.8381536942254673     
   67.039999999999281       -2.1063968014479304       -1.7860657386886547     
   67.079999999999288       -2.1757985106341016       -1.7350427296542748     
   67.119999999999294       -2.2432073432243822       -1.6852208147570213     
   67.159999999999300       -2.3086759770257350       -1.6367158450338195     
   67.199999999999307       -2.3722609731984998       -1.5896249043191168     
   67.239999999999313       -2.4340220895259321       -1.5440279081858082     
   67.279999999999319       -2.4940216584950199       -1.4999892242271888     
   67.319999999999325       -2.5523240294888292       -1.4575592748452357     
   67.359999999999332       -2.6089950731798712       -1.4167760922760466     
   67.399999999999338       -2.6641017453071547       -1.3776668031820909     
   67.439999999999344       -2.7177117063753364       -1.3402490267045457     
   67.479999999999350       -2.7698929933912906       -1.3045321753988550     
   67.519999999999357       -2.8207137395122128       -1.2705186530230554     
   67.559999999999363       -2.8702419373839341       -1.2382049467930345     
   67.599999999999369       -2.9185452419663696       -1.2075826145608903     
   67.639999999999375       -2.9656908087470955       -1.1786391695181493     
   67.679999999999382       -3.0117451634103141       -1.1513588665804690     
   67.719999999999388       -3.0567740992373049       -1.1257233956747672     
   67.759999999999394       -3.1008425987499049       -1.1017124878149998     
   67.799999999999400       -3.1440147763579165       -1.0793044402002914     
   67.839999999999407       -3.1863538390246853       -1.0584765666692153     
   67.879999999999413       -3.2279220622149460       -1.0392055797565214     
   67.919999999999419       -3.2687807786298784       -1.0214679103733129     
   67.959999999999425       -3.3089903774622544       -1.0052399708093971     
   67.999999999999432       -3.3486103121170592      -0.99049836637011568     
   68.039999999999438       -3.3876991145384765      -0.97722006053543353     
   68.079999999999444       -3.4263144144619444      -0.96538249808670140     
   68.119999999999450       -3.4645129620700166      -0.95496369020179883     
   68.159999999999457       -3.5023506526733752      -0.94594226508396362     
   68.199999999999463       -3.5398825521642578      -0.93829748727206985     
   68.239999999999469       -3.5771629220997214      -0.93200924838658672     
   68.279999999999475       -3.6142452433677321      -0.92705803170026391     
   68.319999999999482       -3.6511822374712812      -0.92342485258872486     
   68.359999999999488       -3.6880258845359069      -0.92109117661564532     
   68.399999999999494       -3.7248274372055650      -0.92003881674145416     
   68.439999999999500       -3.7616374296421475      -0.92024981091456792     
   68.479999999999507       -3.7985056808865854      -0.92170628111094399     
   68.519999999999513       -3.8354812918758694      -0.92439027473209645     
   68.559999999999519       -3.8726126354420565      -0.92828358915467490     
   68.599999999999525       -3.9099473386479544      -0.93336758014744536     
   68.639999999999532       -3.9475322568413738      -0.93962295483548919     
   68.679999999999538       -3.9854134388373064      -0.94702954989831889     
   68.719999999999544       -4.0236360826669193      -0.95556609574032259     
   68.759999999999550       -4.0622444813657417      -0.96520996747055476     
   68.799999999999557       -4.1012819583128035      -0.97593692367653784     
   68.839999999999563       -4.1407907916798230      -0.98772083417548240     
   68.879999999999569       -4.1808121276069423       -1.0005333981779927     
   68.919999999999575       -4.2213858817911509       -1.0143438546052119     
   68.959999999999582       -4.2625506292575928       -1.0291186866610353     
   68.999999999999588       -4.3043434821846294       -1.0448213231759229     
   69.039999999999594       -4.3467999557728678       -1.0614118397059502     
   69.079999999999600       -4.3899538222883114       -1.0788466628860940     
   69.119999999999607       -4.4338369535720732       -1.0970782820940437     
   69.159999999999613       -4.4784791524949092       -1.1160549730708975     
   69.199999999999619       -4.5239079740451267       -1.1357205387554286     
   69.239999999999625       -4.5701485369732451       -1.1560140732029498     
   69.279999999999632       -4.6172233271755543       -1.1768697550577398     
   69.319999999999638       -4.6651519942797455       -1.1982166776047800     
   69.359999999999644       -4.7139511431962644       -1.2199787229129799     
   69.399999999999650       -4.7636341227148549       -1.2420744879647607     
   69.439999999999657       -4.8142108135512025       -1.2644172709086974     
   69.479999999999663       -4.8656874185765231       -1.2869151256330136     
   69.519999999999669       -4.9180662582843926       -1.3094709926967338     
   69.559999999999675       -4.9713455748536441       -1.3319829142312849     
   69.599999999999682       -5.0255193484416463       -1.3543443397000643     
   69.639999999999688       -5.0805771295754161       -1.3764445283442390     
   69.679999999999694       -5.1365038916844457       -1.3981690527257371     
   69.719999999999700       -5.1932799079240883       -1.4194004059910652     
   69.759999999999707       -5.2508806564571193       -1.4400187133257689     
   69.799999999999713       -5.3092767582799709       -1.4599025455712804     
   69.839999999999719       -5.3684339514870576       -1.4789298301771723     
   69.879999999999725       -5.4283131055522214       -1.4969788516290867     
   69.919999999999732       -5.4888702787648587       -1.5139293303159336     
   69.959999999999738       -5.5500568213885266       -1.5296635655916924     
   69.999999999999744       -5.6118195264156787       -1.5440676256788008     
   70.039999999999750       -5.6741008289835682       -1.5570325641972287     
   70.079999999999757       -5.7368390546091090       -1.5684556406385111     
   70.119999999999763       -5.7999687154166368       -1.5782415201881850     
   70.159999999999769       -5.8634208524995408       -1.5863034270725933     
   70.199999999999775       -5.9271234215069128       -1.5925642251843068     
   70.239999999999782       -5.9910017175153074       -1.5969574002098672     
   70.279999999999788       -6.0549788342708615       -1.5994279188888436     
   70.319999999999794       -6.1189761520057324       -1.5999329433717686     
   70.359999999999800       -6.1829138472802576       -1.5984423818631193     
   70.399999999999807       -6.2467114177094736       -1.5949392607304083     
   70.439999999999813       -2.7102906845146713E-002  -1.5894199078814828     
   70.479999999999819       -9.0378664535969627E-002  -1.5818939422705727     
   70.519999999999825      -0.15327402732290010       -1.5723840696732618     
   70.559999999999832      -0.21571105492854570       -1.5609256901411395     
   70.599999999999838      -0.27761370803169760       -1.5475663275787970     
   70.639999999999844      -0.33890830389028792       -1.5323648964647580     
   70.679999999999851      -0.39952393687740967       -1.5153908246780432     
   70.719999999999857      -0.45939285905928817       -1.4967230545469628     
   70.759999999999863      -0.51845081691956241       -1.4764489465068555     
   70.799999999999869      -0.57663734136315936       -1.4546631110899231     
   70.839999999999876      -0.63389598917814205       -1.4314661953745675     
   70.879999999999882      -0.69017453515982141       -1.4069636495419835     
   70.919999999999888      -0.74542511507631792       -1.3812644979124120     
   70.959999999999894      -0.79960432055158936       -1.3544801368817851     
   70.999999999999901      -0.85267324773926290       -1.3267231796918391     
   71.039999999999907      -0.90459750234303049       -1.2981063650941891     
   71.079999999999913      -0.95534716409755882       -1.2687415438632088     
   71.119999999999919       -1.0048967142542811       -1.2387387539180557     
   71.159999999999926       -1.0532249299207004       -1.2082053916604814     
   71.199999999999932       -1.1003147492859962       -1.1772454841323927     
   71.239999999999938       -1.1461531118393313       -1.1459590638333785     
   71.279999999999944       -1.1907307776624547       -1.1144416455780830     
   71.319999999999951       -1.2340421297687758       -1.0827838026580272     
   71.359999999999957       -1.2760849632816895       -1.0510708378228415     
   71.399999999999963       -1.3168602650102530       -1.0193825432140886     
   71.439999999999969       -1.3563719867045727      -0.98779304235799015     
   71.479999999999976       -1.3946268149696441      -0.95637070662678469     
   71.519999999999982       -1.4316339404968099      -0.92517813817914363     
   71.559999999999988       -1.4674048289468056      -0.89427221124989098     
   71.599999999999994       -1.5019529954963076      -0.86370416373755243     
   71.640000000000001       -1.5352937847480741      -0.83351973129416246     
   71.680000000000007       -1.5674441574087157      -0.80375931651604215     
   71.720000000000013       -1.5984224848619388      -0.77445818633057761     
   71.760000000000019       -1.6282483525115306      -0.74564669123979399     
   71.800000000000026       -1.6569423725390673      -0.71735050068841710     
   71.840000000000032       -1.6845260065169974      -0.68959084944825166     
   71.880000000000038       -1.7110213981383002      -0.66238479053257160     
   71.920000000000044       -1.7364512161686372      -0.63574545075842315     
   71.960000000000051       -1.7608385075946240      -0.60968228564966997     
   72.000000000000057       -1.7842065608310627      -0.58420133091096482     
   72.040000000000063       -1.8065787787589502      -0.55930544819718664     
   72.080000000000069       -1.8279785612929980      -0.53499456335119289     
   72.120000000000076       -1.8484291971203546      -0.51126589568391334     
   72.160000000000082       -1.8679537642093658      -0.48811417722528139     
   72.200000000000088       -1.8865750386567202      -0.46553186118386003     
   72.240000000000094       -1.9043154114215084      -0.44350931911970548     
   72.280000000000101       -1.9211968124839895      -0.42203502656202818     
   72.320000000000107       -1.9372406419637458      -0.40109573699390849     
   72.360000000000113       -1.9524677077351149      -0.38067664428422643     
   72.400000000000119       -1.9668981690861396      -0.36076153377561598     
   72.440000000000126       -1.9805514859797446      -0.34133292234012558     
   72.480000000000132       -1.9934463734915315      -0.32237218779467552     
   72.520000000000138       -2.0056007610167099      -0.30385968812945674     
   72.560000000000144       -2.0170317558585893      -0.28577487104698551     
   72.600000000000151       -2.0277556108321986      -0.26809637434022854     
   72.640000000000157       -2.0377876955384946      -0.25080211765739568     
   72.680000000000163       -2.0471424709869250      -0.23386938621075798     
   72.720000000000169       -2.0558334672664866      -0.21727490698903454     
   72.760000000000176       -2.0638732639876514      -0.20099491802912040     
   72.800000000000182       -2.0712734732394353      -0.18500523129459950     
   72.840000000000188       -2.0780447248273077      -0.16928128969680825     
   72.880000000000194       -2.0841966535785166      -0.15379821878021643     
   72.920000000000201       -2.0897378885216544      -0.13853087357844676     
   72.960000000000207       -2.0946760437668983      -0.12345388113109783     
   73.000000000000213       -2.0990177109323098      -0.10854167913528225     
   73.040000000000219       -2.1027684529799080       -9.3768551189952948E-002
   73.080000000000226       -2.1059327993429515       -7.9108659076086218E-002
   73.120000000000232       -2.1085142422430301       -6.4536072501963609E-002
   73.160000000000238       -2.1105152341122468       -5.0024796730423954E-002
   73.200000000000244       -2.1119371860520175       -3.5548798494263747E-002
   73.240000000000251       -2.1127804672759023       -2.1082030597123623E-002
   73.280000000000257       -2.1130444054995161       -6.5984555903454648E-003
   73.320000000000263       -2.1127272882559769        7.9279310884823387E-003
   73.360000000000269       -2.1118263651306894        2.2523078132185216E-002
   73.400000000000276       -2.1103378509245623        3.7212855153176988E-002
   73.440000000000282       -2.1082569297701359        5.2023028860661076E-002
   73.480000000000288       -2.1055777602406409        6.6979238237374131E-002
   73.520000000000294       -2.1022934815077918        8.2106968321228768E-002
   73.560000000000301       -2.0983962206202333        9.7431522188957578E-002
   73.600000000000307       -2.0938771009910888       0.11297799072860928     
   73.640000000000313       -2.0887262522000634       0.12877121977563710     
   73.680000000000319       -2.0829328212331224       0.14483577417352889     
   73.720000000000326       -2.0764849853009348       0.16119589830468983     
   73.760000000000332       -2.0693699663960992       0.17787547262089537     
   73.800000000000338       -2.0615740477686813       0.19489796568544585     
   73.840000000000344       -2.0530825925198162       0.21228638122162893     
   73.880000000000351       -2.0438800645340254       0.23006319964477306     
   73.920000000000357       -2.0339500519924765       0.24825031353872384     
   73.960000000000363       -2.0232752937315648       0.26686895652278719     
   74.000000000000369       -2.0118377087338444       0.28593962494300906     
   74.040000000000376       -1.9996184290613155       0.30548199181322172     
   74.080000000000382       -1.9865978365641996       0.32551481242789537     
   74.120000000000388       -1.9727556037213188       0.34605582107202443     
   74.160000000000394       -1.9580707389907261       0.36712161826481327     
   74.200000000000401       -1.9425216370708929       0.38872754799583198     
   74.240000000000407       -1.9260861344930178       0.41088756444687935     
   74.280000000000413       -1.9087415709833140       0.43361408774259358     
   74.320000000000420       -1.8904648570496843       0.45691784834074595     
   74.360000000000426       -1.8712325482591932       0.48080771976227693     
   74.400000000000432       -1.8510209266801982       0.50529053947487046     
   74.440000000000438       -1.8298060899647655       0.53037091788581792     
   74.480000000000445       -1.8075640485418116       0.55605103557384650     
   74.520000000000451       -1.7842708313778397       0.58233042909929611     
   74.560000000000457       -1.7599026007385887       0.60920576598127452     
   74.600000000000463       -1.7344357763496798       0.63667060972272327     
   74.640000000000470       -1.7078471693055683       0.66471517610278452     
   74.680000000000476       -1.6801141260118537       0.69332608234286519     
   74.720000000000482       -1.6512146823642637       0.72248609118974749     
   74.760000000000488       -1.6211277282664227       0.75217385244602808     
   74.800000000000495       -1.5898331824658898       0.78236364501332456     
   74.840000000000501       -1.5573121775421670       0.81302512309306751     
   74.880000000000507       -1.5235472547099049       0.84412307080655058     
   74.920000000000513       -1.4885225679042957       0.87561717014022933     
   74.960000000000520       -1.4522240963930850       0.90746178778026532     
   75.000000000000526       -1.4146398649109246       0.93960578705401177     
   75.040000000000532       -1.3757601700380060       0.97199237182296405     
   75.080000000000538       -1.3355778112482344        1.0045589697442887     
   75.120000000000545       -1.2940883247360626        1.0372371628042965     
   75.160000000000551       -1.2512902178004406        1.0699526733905520     
   75.200000000000557       -1.2071852012256652        1.1026254143693848     
   75.240000000000563       -1.1617784167604901        1.1351696116293766     
   75.280000000000570       -1.1150786564686923        1.1674940072949449     
   75.320000000000576       -1.0670985704181120        1.1995021512645094     
   75.360000000000582       -1.0178548589042773        1.2310927878458675     
   75.400000000000588      -0.96736844518366794        1.2621603430152353     
   75.440000000000595      -0.91566462453589192        1.2925955161944003     
   75.480000000000601      -0.86277318539927783        1.3222859784153511     
   75.520000000000607      -0.80872849834590477        1.3511171763343266     
   75.560000000000613      -0.75356956879392611        1.3789732387994662     
   75.600000000000620      -0.69734004960896689        1.4057379796239817     
   75.640000000000626      -0.64008821013092532        1.4312959869510400     
   75.680000000000632      -0.58186685868198873        1.4555337862234150     
   75.720000000000638      -0.52273321626521041        1.4783410604194587     
   75.760000000000645      -0.46274873994381638        1.4996119080348511     
   75.800000000000651      -0.40197889528633352        1.5192461164370712     
   75.840000000000657      -0.34049287825190599        1.5371504258606874     
   75.880000000000663      -0.27836328794773191        1.5532397576043515     
   75.920000000000670      -0.21566575278471217        1.5674383790754931     
   75.960000000000676      -0.15247851365197981        1.5796809783183090     
   76.000000000000682       -8.8881968786863885E-002   1.5899136216278982     
   76.040000000000688       -2.4958185993908852E-002   1.5980945698238758     
   76.080000000000695        3.9209611274204428E-002   1.6041949317028321     
   76.120000000000701       0.10353757675530677        1.6081991370275586     
   76.160000000000707       0.16794178539554130        1.6101052160058635     
   76.200000000000713       0.23233878049074463        1.6099248773800827     
   76.240000000000720       0.29664611580157080        1.6076833827706538     
   76.280000000000726       0.36078288462361191        1.6034192205510276     
   76.320000000000732       0.42467022814468958        1.5971835880269409     
   76.360000000000738       0.48823181597707543        1.5890396958096469     
   76.400000000000745       0.55139429248880456        1.5790619127932279     
   76.440000000000751       0.61408768344445352        1.5673347738912240     
   76.480000000000757       0.67624575846547830        1.5539518755256192     
   76.520000000000763       0.73780634589402150        1.5390146857135798     
   76.560000000000770       0.79871159775167999        1.5226312964414628     
   76.600000000000776       0.85890820358695708        1.5049151458819272     
   76.640000000000782       0.91834755306599924        1.4859837369760538     
   76.680000000000788       0.97698584814936429        1.4659573770841252     
   76.720000000000795        1.0347841665873589        1.4449579609498673     
   76.760000000000801        1.0917084792387033        1.4231078162836102     
   76.800000000000807        1.1477296243593205        1.4005286280154301     
   76.840000000000813        1.2028232425137431        1.3773404538605665     
   76.880000000000820        1.2569696761306988        1.3536608404238901     
   76.920000000000826        1.3101538379617472        1.3296040457762108     
   76.960000000000832        1.3623650528164519        1.3052803713676178     
   77.000000000000838        1.4135968769517080        1.2807956033814030     
   77.040000000000845        1.4638468994009302        1.2562505612305521     
   77.080000000000851        1.5131165293564339        1.2317407488875958     
   77.120000000000857        1.5614107734815057        1.2073561031267934     
   77.160000000000863        1.6087380067429589        1.1831808315363297     
   77.200000000000870        1.6551097400351362        1.1592933323044350     
   77.240000000000876        1.7005403875256857        1.1357661872637370     
   77.280000000000882        1.7450470363037862        1.1126662194525136     
   77.320000000000888        1.7886492205628286        1.0900546064760603     
   77.360000000000895        1.8313687022100815        1.0679870411813224     
   77.400000000000901        1.8732292594720696        1.0465139315497034     
   77.440000000000907        1.9142564847611003        1.0256806322257654     
   77.480000000000913        1.9544775927889595        1.0055277006964796     
   77.520000000000920        1.9939212396603367       0.98609117178443029     
   77.560000000000926        2.0326173534519940       0.96740284479142902     
   77.600000000000932        2.0705969765841412       0.94949057830367622     
   77.640000000000938        2.1078921201172576       0.93237858832791021     
   77.680000000000945        2.1445356299595009       0.91608774605608267     
   77.720000000000951        2.1805610648452616       0.90063587214401686     
   77.760000000000957        2.2160025858424808       0.88603802493048145     
   77.800000000000963        2.2508948570630078       0.87230678051317134     
   77.840000000000970        2.2852729571844268       0.85945250303547160     
   77.880000000000976        2.3191723013413319       0.84748360392262256     
   77.920000000000982        2.3526285729069070       0.83640678913937161     
   77.960000000000989        2.3856776646599371       0.82622729382575855     
   78.000000000000995        2.4183556288161916       0.81694910390636144     
   78.040000000001001        2.4506986353947742       0.80857516446456712     
   78.080000000001007        2.4827429383880091       0.80110757483087125     
   78.120000000001014        2.5145248492062704       0.79454777045653135     
   78.160000000001020        2.5460807168756574       0.78889669173468013     
   78.200000000001026        2.5774469144754040       0.78415493999366537     
   78.240000000001032        2.6086598313124072       0.78032292092508271     
   78.280000000001039        2.6397558703413906       0.77740097572458700     
   78.320000000001045        2.6707714503501783       0.77538950021968733     
   78.360000000001051        2.7017430124396831       0.77428905223761757     
   78.400000000001057        2.7327070303368828       0.77410044742999184     
   78.440000000001064        2.7637000240857219       0.77482484372097549     
   78.480000000001070        2.7947585766650636       0.77646381448353674     
   78.520000000001076        2.8259193530840694       0.77901941047515089     
   78.560000000001082        2.8572191215033125       0.78249421048107393     
   78.600000000001089        2.8886947759241428       0.78689136052075748     
   78.640000000001095        2.9203833599790152       0.79221460137180555     
   78.680000000001101        2.9523220913412804       0.79846828405662584     
   78.720000000001107        2.9845483862540858       0.80565737282013183     
   78.760000000001114        3.0170998836542071       0.81378743500303807     
   78.800000000001120        3.0500144683376100       0.82286461708506931     
   78.840000000001126        3.0833302925790709       0.83289560603652280     
   78.880000000001132        3.1170857955781130       0.84388757497605527     
   78.920000000001139        3.1513197200576566       0.85584811198858712     
   78.960000000001145        3.1860711252901170       0.86878513081151509     
   79.000000000001151        3.2213793957682055       0.88270676195220676     
   79.040000000001157        3.2572842446745205       0.89762122265787270     
   79.080000000001164        3.2938257112354816       0.91353666402402467     
   79.120000000001170        3.3310441509716586       0.93046099340442989     
   79.160000000001176        3.3689802177788377       0.94840167017947774     
   79.200000000001182        3.4076748366931660       0.96736547285820818     
   79.240000000001189        3.4471691661107826       0.98735823544041457     
   79.280000000001195        3.4875045481491589        1.0083845509594020     
   79.320000000001201        3.5287224457561654        1.0304474401751682     
   79.360000000001207        3.5708643650964040        1.0535479835059627     
   79.400000000001214        3.6139717616759808        1.0776849144894194     
   79.440000000001220        3.6580859286108147        1.1028541733708523     
   79.480000000001226        3.7032478654046512        1.1290484198459183     
   79.520000000001232        3.7494981255870283        1.1562565045594269     
   79.560000000001239        3.7968766415752104        1.1844628997045510     
   79.600000000001245        3.8454225251752292        1.2136470900004714     
   79.640000000001251        3.8951738422342022        1.2437829264743208     
   79.680000000001257        3.9461673601084364        1.2748379468558599     
   79.720000000001264        3.9984382668295257        1.3067726680272367     
   79.760000000001270        4.0520198611441494        1.3395398578655933     
   79.800000000001276        4.1069432129831061        1.3730837959739166     
   79.840000000001282        4.1632367943912323        1.4073395352031568     
   79.880000000001289        4.2209260815311209        1.4422321784972112     
   79.920000000001295        4.2800331290667932        1.4776761883918150     
   79.960000000001301        4.3405761190425265        1.5135747493933267     
   80.000000000001307        4.4025688872965008        1.5498192063493512     
   80.040000000001314        4.4660204314830372        1.5862886046634106     
   80.080000000001320        4.5309344059082397        1.6228493606300729     
   80.120000000001326        4.5973086095911100        1.6593550920717570     
   80.160000000001332        4.6651344752155666        1.6956466406114123     
   80.200000000001339        4.7343965678980764        1.7315523170627545     
   80.240000000001345        4.8050721039100459        1.7668884002992378     
   80.280000000001351        4.8771305006028767        1.8014599173207779     
   80.320000000001357        4.9505329697169236        1.8350617278511718     
   80.360000000001364        5.0252321669371423        1.8674799305054681     
   80.400000000001370        5.1011719109087394        1.8984935992899210     
   80.440000000001376        5.1782869848679827        1.9278768489810878     
   80.480000000001382        5.2565030335065721        1.9554012159647336     
   80.520000000001389        5.3357365666167924        1.9808383277555142     
   80.560000000001395        5.4158950794246321        2.0039628201959965     
   80.600000000001401        5.4968772973025226        2.0245554469472724     
   80.640000000001407        5.5785735497894544        2.0424063121732861     
   80.680000000001414        5.6608662755982957        2.0573181452210361     
   80.720000000001420        5.7436306566611002        2.0691095265701103     
   80.760000000001426        5.8267353753920288        2.0776179682732070     
   80.800000000001432        5.9100434854037944        2.0827027502941360     
   80.840000000001439        5.9934133820876401        2.0842474170961367     
   80.880000000001445        6.0766998559578722        2.0821618467557981     
   80.920000000001451        6.1597552086630571        2.0763838176296145     
   80.960000000001457        6.2424304092493070        2.0668800146562365     
   81.000000000001464        4.1390959583991638E-002   2.0536464378567629     
   81.040000000001470       0.12285928751692271        2.0367081983232769     
   81.080000000001476       0.20350403594052655        2.0161187105900957     
   81.120000000001482       0.28318236847307204        1.9919583133136374     
   81.160000000001489       0.36175566332300346        1.9643323712482852     
   81.200000000001495       0.43909042049802177        1.9333689293754579     
   81.240000000001501       0.51505906064908813        1.8992160037766599     
   81.280000000001507       0.58954060476270187        1.8620386028403437     
   81.320000000001514       0.66242122782010737        1.8220155764351387     
   81.360000000001520       0.73359468341663736        1.7793363899132502     
   81.400000000001526       0.80296260000440201        1.7341979146941158     
   81.440000000001532       0.87043465274185761        1.6868013184363908     
   81.480000000001539       0.93592861779449099        1.6373491263158344     
   81.520000000001545       0.99937031826008660        1.5860425116398893     
   81.560000000001551        1.0606934726555628        1.5330788598869065     
   81.600000000001558        1.1198394581002542        1.4786496361172838     
   81.640000000001564        1.1767570009918744        1.4229385722905079     
   81.680000000001570        1.2314018081478020        1.3661201788981867     
   81.720000000001576        1.2837361511428675        1.3083585748766366     
   81.760000000001583        1.3337284159914033        1.2498066212133940     
   81.800000000001589        1.3813526294746148        1.1906053370802836     
   81.840000000001595        1.4265879723809345        1.1308835726579904     
   81.880000000001601        1.4694182887775866        1.0707579099163038     
   81.920000000001608        1.5098315992283680        1.0103327612695350     
   81.960000000001614        1.5478196246680129       0.94970063599112298     
   82.000000000001620        1.5833773264794313       0.88894254528546035     
   82.040000000001626        1.6165024672284105       0.82812851872447846     
   82.080000000001633        1.6471951955134705       0.76731820712649779     
   82.120000000001639        1.6754576575005791       0.70656154967771412     
   82.160000000001645        1.7012936369404552       0.64589948599690628     
   82.200000000001651        1.7247082248116201       0.58536469677912106     
   82.240000000001658        1.7457075191921732       0.52498235951382621     
   82.280000000001664        1.7642983555312155       0.46477090847605801     
   82.320000000001670        1.7804880671583956       0.40474279067949992     
   82.360000000001676        1.7942842756273307       0.34490521172337812     
   82.400000000001683        1.8056947103250314       0.28526086744251472     
   82.440000000001689        1.8147270566840945       0.22580865897657618     
   82.480000000001695        1.8213888322966689       0.16654439031436066     
   82.520000000001701        1.8256872902387387       0.10746144855174317     
   82.560000000001708        1.8276293489603748        4.8551468040900041E-002
   82.600000000001714        1.8272215481731036       -1.0195019681777474E-002
   82.640000000001720        1.8244700302608303       -6.8787947806832644E-002
   82.680000000001726        1.8193805468477497      -0.12723708532701689     
   82.720000000001733        1.8119584902677239      -0.18555141450064275     
   82.760000000001739        1.8022089497873417      -0.24373851200955515     
   82.800000000001745        1.7901367925321643      -0.30180393137943640     
   82.840000000001751        1.7757467691454656      -0.35975058466746707     
   82.880000000001758        1.7590436442640436      -0.41757812203555211     
   82.920000000001764        1.7400323519193373      -0.47528230861765919     
   82.960000000001770        1.7187181759569714      -0.53285439905914367     
   83.000000000001776        1.6951069555067544      -0.59028051125542513     
   83.040000000001783        1.6692053154209130      -0.64754100214603461     
   83.080000000001789        1.6410209214239964      -0.70460984992291487     
   83.120000000001795        1.6105627594768783      -0.76145404867794886     
   83.160000000001801        1.5778414385438879      -0.81803302332475825     
   83.200000000001808        1.5428695155617329      -0.87429807455387498     
   83.240000000001814        1.5056618409387208      -0.93019186557530154     
   83.280000000001820        1.4662359223623360      -0.98564796440962088     
   83.320000000001826        1.4246123040650494       -1.0405904574321660     
   83.360000000001833        1.3808149579986635       -1.0949336516596440     
   83.400000000001839        1.3348716826074032       -1.1485818847815064     
   83.440000000001845        1.2868145040854764       -1.2014294630481683     
   83.480000000001851        1.2366800741779034       -1.2533607476893256     
   83.520000000001858        1.1845100577621628       -1.3042504103935129     
   83.560000000001864        1.1303515026670039       -1.3539638773789711     
   83.600000000001870        1.0742571834838130       -1.4023579795797712     
   83.640000000001876        1.0162859105503441       -1.4492818233367237     
   83.680000000001883       0.95650279488495127       -1.4945778916348205     
   83.720000000001889       0.89497945967145243       -1.5380833803374701     
   83.760000000001895       0.83179418898851676       -1.5796317670733910     
   83.800000000001901       0.76703200488607393       -1.6190546025610715     
   83.840000000001908       0.70078466466885181       -1.6561835054305516     
   83.880000000001914       0.63315057137503583       -1.6908523323454006     
   83.920000000001920       0.56423459194074155       -1.7228994858573574     
   83.960000000001926       0.49414777940307092       -1.7521703134417657     
   84.000000000001933       0.42300699767829769       -1.7785195431193306     
   84.040000000001939       0.35093444989649786       -1.8018136945449956     
   84.080000000001945       0.27805711389688548       -1.8219333999903091     
   84.120000000001951       0.20450609118723856       -1.8387755677411732     
   84.160000000001958       0.13041587832981216       -1.8522553214356599     
   84.200000000001964        5.5923572211105610E-002  -1.8623076529676637     
   84.240000000001970       -1.8831977139826275E-002  -1.8688887337732971     
   84.280000000001976       -9.3711050714787567E-002  -1.8719768393740321     
   84.320000000001983      -0.16857396489626389       -1.8715728545369079     
   84.360000000001989      -0.24328197852437072       -1.8677003407026707     
   84.400000000001995      -0.31769818503070180       -1.8604051626582769     
   84.440000000002001      -0.39168837250818844       -1.8497546869371655     
   84.480000000002008      -0.46512183567819443       -1.8358365792501494     
   84.520000000002014      -0.53787212534092721       -1.8187572415683200     
   84.560000000002020      -0.60981772296508208       -1.7986399406038727     
   84.600000000002026      -0.68084263047883742       -1.7756226878438846     
   84.640000000002033      -0.75083686794561588       -1.7498559366694610     
   84.680000000002039      -0.81969687451918838       -1.7215001643393111     
   84.720000000002045      -0.88732581075289607       -1.6907234058426928     
   84.760000000002051      -0.95363376287786616       -1.6576988031242532     
   84.800000000002058       -1.0185378519733663       -1.6226022273875031     
   84.840000000002064       -1.0819622529583262       -1.5856100246239953     
   84.880000000002070       -1.1438381299889520       -1.5468969257656469     
   84.920000000002076       -1.2041034961285348       -1.5066341534895724     
   84.960000000002083       -1.2627030060584372       -1.4649877482475566     
   85.000000000002089       -1.3195876911385598       -1.4221171270030626     
   85.040000000002095       -1.3747146463306903       -1.3781738798032628     
   85.080000000002102       -1.4280466784090122       -1.3333008019580479     
   85.120000000002108       -1.4795519245453801       -1.2876311534091951     
   85.160000000002114       -1.5292034498224465       -1.2412881319266620     
   85.200000000002120       -1.5769788315449680       -1.1943845430630389     
   85.240000000002127       -1.6228597374356524       -1.1470226472671090     
   85.280000000002133       -1.6668315039593875       -1.0992941630933803     
   85.320000000002139       -1.7088827201556755       -1.0512804049072026     
   85.360000000002145       -1.7490048215044964       -1.0030525337205241     
   85.400000000002152       -1.7871916975302664      -0.95467190064425156     
   85.440000000002158       -1.8234393160806057      -0.90619046375848467     
   85.480000000002164       -1.8577453665143351      -0.85765126084323151     
   85.520000000002170       -1.8901089234046586      -0.80908892225808915     
   85.560000000002177       -1.9205301318129471      -0.76053021020721001     
   85.600000000002183       -1.9490099147166478      -0.71199457259251553     
   85.640000000002189       -1.9755497027798081      -0.66349470157901180     
   85.680000000002195       -2.0001511863327566      -0.61503708882371066     
   85.720000000002202       -2.0228160891736162      -0.56662257102149416     
   85.760000000002208       -2.0435459636127105      -0.51824686097736050     
   85.800000000002214       -2.0623420060453186      -0.46990106081520516     
   85.840000000002220       -2.0792048922523998      -0.42157215517702551     
   85.880000000002227       -2.0941346315867042      -0.37324348335761481     
   85.920000000002233       -2.1071304391973875      -0.32489519026708802     
   85.960000000002239       -2.1181906254745209      -0.27650465692833381     
   86.000000000002245       -2.1273125019509833      -0.22804691191155810     
   86.040000000002252       -2.1344923029788538      -0.17949502569676595     
   86.080000000002258       -2.1397251225968641      -0.13082049045025540     
   86.120000000002264       -2.1430048661214607       -8.1993588114914806E-002
   86.160000000002270       -2.1443242161237328       -3.2983750056799210E-002
   86.200000000002277       -2.1436746125953619        1.6240088209276533E-002
   86.240000000002283       -2.1410462472566385        6.5709133468088834E-002
   86.280000000002289       -2.1364280721163640       0.11545437850686371     
   86.320000000002295       -2.1298078225551134       0.16550623903126535     
   86.360000000002302       -2.1211720553677931       0.21589417968300620     
   86.400000000002308       -2.1105062023664503       0.26664632503356978     
   86.440000000002314       -2.0977946403073253       0.31778905147812020     
   86.480000000002320       -2.0830207780642231       0.36934655607755390     
   86.520000000002327       -2.0661671621198665       0.42134039860891292     
   86.560000000002333       -2.0472156015837664       0.47378901340250662     
   86.600000000002339       -2.0261473140642101       0.52670718798891114     
   86.640000000002345       -2.0029430938172306       0.58010550617449230     
   86.680000000002352       -1.9775835036597535       0.63398975393692569     
   86.720000000002358       -1.9500490921593094       0.68836028751110068     
   86.760000000002364       -1.9203206375892885       0.74321136425052481     
   86.800000000002370       -1.8883794200561232       0.79853043832913195     
   86.840000000002377       -1.8542075230513260       0.85429742511992979     
   86.880000000002383       -1.8177881654444585       0.91048394017168399     
   86.920000000002389       -1.7791060645998307       0.96705252111569751     
   86.960000000002395       -1.7381478308569565        1.0239558435718563     
   87.000000000002402       -1.6949023930501945        1.0811359451690497     
   87.040000000002408       -1.6493614540458190        1.1385234751093869     
   87.080000000002414       -1.6015199744370572        1.1960369902190437     
   87.120000000002420       -1.5513766815555725        1.2535823220371163     
   87.160000000002427       -1.4989345998334236        1.3110520430537209     
   87.200000000002433       -1.4442015972921372        1.3683250635321589     
   87.240000000002439       -1.3871909415639629        1.4252663932043528     
   87.280000000002445       -1.3279218573944556        1.4817271042376869     
   87.320000000002452       -1.2664200760775837        1.5375445329217969     
   87.360000000002458       -1.2027183657904434        1.5925427571785031     
   87.400000000002464       -1.1368570303938492        1.6465333849148573     
   87.440000000002470       -1.0688843630299329        1.6993166840979077     
   87.480000000002477      -0.99885703987131191        1.7506830789655270     
   87.520000000002483      -0.92684043875809186        1.8004150278305002     
   87.560000000002489      -0.85290886730001525        1.8482892864519156     
   87.600000000002495      -0.77714568541668305        1.8940795470833045     
   87.640000000002502      -0.69964330831999244        1.9375594274172665     
   87.680000000002508      -0.62050307766717250        1.9785057663204988     
   87.720000000002514      -0.53983499105460409        2.0167021653142116     
   87.760000000002520      -0.45775728316517755        2.0519426972356634     
   87.800000000002527      -0.37439585566091155        2.0840356876066499     
   87.840000000002533      -0.28988355721296816        2.1128074611985843     
   87.880000000002539      -0.20435931971884147        2.1381059373531675     
   87.920000000002545      -0.11796716156408137        2.1598039538690026     
   87.960000000002552       -3.0855073504371305E-002   2.1778022014927516     
   88.000000000002558        5.6826192882022425E-002   2.1920316596598433     
   88.040000000002564       0.14492441044362037        2.2024554390399484     
   88.080000000002570       0.23328720872641448        2.2090699570698527     
   88.120000000002577       0.32176342464323193        2.2119053979204355     
   88.160000000002583       0.41020444211308477        2.2110254367463211     
   88.200000000002589       0.49846549162571330        2.2065262378157140     
   88.240000000002595       0.58640688223751758        2.1985347652951059     
   88.280000000002602       0.67389514112558802        2.1872064722017601     
   88.320000000002608       0.76080403935335883        2.1727224556942701     
   88.360000000002614       0.84701548672041438        2.1552861841763886     
   88.400000000002620       0.93242028323399107        2.1351199128394160     
   88.440000000002627        1.0169187195929663        2.1124609089743798     
   88.480000000002633        1.1004210238672414        2.0875576068568740     
   88.520000000002639        1.1828476560628389        2.0606658048899367     
   88.560000000002645        1.2641294563013479        2.0320450059627224     
   88.600000000002652        1.3442076557747522        2.0019549868351070     
   88.640000000002658        1.4230337623773679        1.9706526650653935     
   88.680000000002664        1.5005693349294860        1.9383893138029520     
   88.720000000002671        1.5767856612009641        1.9054081567869545     
   88.760000000002677        1.6516633555630094        1.8719423590511335     
   88.800000000002683        1.7251918921161495        1.8382134138285022     
   88.840000000002689        1.7973690886536247        1.8044299134368782     
   88.880000000002696        1.8682005559231678        1.7707866817385811     
   88.920000000002702        1.9376991254488909        1.7374642381430774     
   88.960000000002708        2.0058842677665032        1.7046285579403031     
   89.000000000002714        2.0727815113977686        1.6724310907816324     
   89.040000000002721        2.1384218713201264        1.6410089980589424     
   89.080000000002727        2.2028412941372468        1.6104855704280072     
   89.120000000002733        2.2660801256745562        1.5809707884327335     
   89.160000000002739        2.3281826053457846        1.5525619917807099     
   89.200000000002746        2.3891963903857838        1.5253446259999801     
   89.240000000002752        2.4491721119344008        1.4993930387154273     
   89.280000000002758        2.5081629639907979        1.4747713014099291     
   89.320000000002764        2.5662243254354102        1.4515340361153071     
   89.360000000002771        2.6234134146309440        1.4297272298883485     
   89.400000000002777        2.6797889755542617        1.4093890230829396     
   89.440000000002783        2.7354109939653726        1.3905504602777745     
   89.480000000002789        2.7903404417747151        1.3732361952335663     
   89.520000000002796        2.8446390475118379        1.3574651434280660     
   89.560000000002802        2.8983690906142670        1.3432510775607214     
   89.600000000002808        2.9515932171323334        1.3306031629516621     
   89.640000000002814        3.0043742743727044        1.3195264310092765     
   89.680000000002821        3.0567751619702510        1.3100221899386635     
   89.720000000002827        3.1088586968759895        1.3020883726434618     
   89.760000000002833        3.1606874897707953        1.2957198223701454     
   89.800000000002839        3.2123238304544062        1.2909085170902685     
   89.840000000002846        3.2638295798121790        1.2876437339443181     
   89.880000000002852        3.3152660660246149        1.2859121553108972     
   89.920000000002858        3.3666939827544140        1.2856979182449804     
   89.960000000002864        3.4181732871214110        1.2869826091749266     
   90.000000000002871        3.4697630953567646        1.2897452058838359     
   90.040000000002877        3.5215215741147166        1.2939619689488000     
   90.080000000002883        3.5735058255143977        1.2996062849920329     
   90.120000000002889        3.6257717640875762        1.3066484643294622     
   90.160000000002896        3.6783739839236613        1.3150554959021343     
   90.200000000002902        3.7313656144340195        1.3247907627589517     
   90.240000000002908        3.7847981633075776        1.3358137218389470     
   90.280000000002914        3.8387213454031053        1.3480795523881974     
   90.320000000002921        3.8931828965250328        1.3615387780481929     
   90.360000000002927        3.9482283712639439        1.3761368684727777     
   90.400000000002933        4.0039009243546912        1.3918138272686940     
   90.440000000002939        4.0602410753188254        1.4085037741033515     
   90.480000000002946        4.1172864565175731        1.4261345299686901     
   90.520000000002952        4.1750715451499465        1.4446272158093449     
   90.560000000002958        4.2336273801893247        1.4638958759844509     
   90.600000000002964        4.2929812657610054        1.4838471392920050     
   90.640000000002971        4.3531564630205075        1.5043799314875552     
   90.680000000002977        4.4141718731928110        1.5253852543075821     
   90.720000000002983        4.4760417150681189        1.5467460468826939     
   90.760000000002989        4.5387752009083675        1.5683371460062252     
   90.800000000002996        4.6023762153848091        1.5900253619110305     
   90.840000000003002        4.6668430028207064        1.6116696858974244     
   90.880000000003008        4.7321678686305084        1.6331216452450594     
   90.920000000003014        4.7983369013999102        1.6542258192350463     
   90.960000000003021        4.8653297225089291        1.6748205277254804     
   91.000000000003027        4.9331192705292679        1.6947387005084740     
   91.040000000003033        5.0016716277936615        1.7138089316098390     
   91.080000000003039        5.0709458965056209        1.7318567177989843     
   91.120000000003046        5.1408941315030523        1.7487058749357769     
   91.160000000003052        5.2114613362843780        1.7641801195331352     
   91.200000000003058        5.2825855281348817        1.7781047962625991     
   91.240000000003064        5.3541978771484979        1.7903087253404042     
   91.280000000003071        5.4262229226334178        1.8006261371229864     
   91.320000000003077        5.4985788688403252        1.8088986551726753     
   91.360000000003083        5.5711779601965512        1.8149772839056595     
   91.400000000003089        5.6439269343196843        1.8187243530783175     
   91.440000000003096        5.7167275490853973        1.8200153691428265     
   91.480000000003102        5.7894771780126435        1.8187407231811621     
   91.520000000003108        5.8620694662881103        1.8148072068866765     
   91.560000000003114        5.9343950379667234        1.8081392919653239     
   91.600000000003121        6.0063422433388238        1.7986801343025089     
   91.640000000003127        6.0777979342219233        1.7863922720774934     
   91.680000000003133        6.1486482540765959        1.7712579963668047     
   91.720000000003139        6.2187794294051182        1.7532793832130609     
   91.760000000003146        4.8932417102900416E-003   1.7324779871189462     
   91.800000000003152        7.3249009985902142E-002   1.7088942068903024     
   91.840000000003158       0.14055246379119860        1.6825863451324112     
   91.880000000003164       0.20669763947037018        1.6536293919792895     
   91.920000000003171       0.27158218232515674        1.6221135713696633     
   91.960000000003177       0.33510789008714392        1.5881426940496799     
   92.000000000003183       0.39718118469859554        1.5518323652862909     
   92.040000000003189       0.45771350857691961        1.5133080969581023     
   92.080000000003196       0.51662164350990392        1.4727033733246084     
   92.120000000003202       0.57382795221177885        1.4301577175468736     
   92.160000000003208       0.62926054430058298        1.3858148022201040     
   92.200000000003214       0.68285336998538160        1.3398206421199663     
   92.240000000003221       0.73454624604259111        1.2923219014302378     
   92.280000000003227       0.78428481969388752        1.2434643412824102     
   92.320000000003233       0.83202047676785484        1.1933914268491834     
   92.360000000003240       0.87771020103997444        1.1422431068029895     
   92.400000000003246       0.92131639191729120        1.0901547719329199     
   92.440000000003252       0.96280664768939184        1.0372563943025157     
   92.480000000003258        1.0021535214357138       0.98367184365805149     
   92.520000000003265        1.0393342563930852       0.92951837393428705     
   92.560000000003271        1.0743305071799576       0.87490626967181140     
   92.600000000003277        1.1071280527772891       0.81993863993328742     
   92.640000000003283        1.1377165066103991       0.76471134582775313     
   92.680000000003290        1.1660890284880667       0.70931304694168817     
   92.720000000003296        1.1922420425575635       0.65382535173741740     
   92.760000000003302        1.2161749648460356       0.59832305721180157     
   92.800000000003308        1.2378899433944102       0.54287446370936221     
   92.840000000003315        1.2573916134607050       0.48754175165737407     
   92.880000000003321        1.2746868697826237       0.43238140804796577     
   92.920000000003327        1.2897846574488838       0.37744469165650169     
   92.960000000003333        1.3026957825365169       0.32277812719082472     
   93.000000000003340        1.3134327433268580       0.26842401975852848     
   93.040000000003346        1.3220095826139342       0.21442098217690725     
   93.080000000003352        1.3284417613619608       0.16080446870066648     
   93.120000000003358        1.3327460537492901       0.10760730968323062     
   93.160000000003365        1.3349404634494475        5.4860242503934474E-002
   93.200000000003371        1.3350441608405537        2.5924347776563397E-003
   93.240000000003377        1.3330774406970833       -4.9168003586757110E-002
   93.280000000003383        1.3290616997972675      -0.10039352249539540     
   93.320000000003390        1.3230194337704473      -0.15105665067050369     
   93.360000000003396        1.3149742524066295      -0.20112953409544818     
   93.400000000003402        1.3049509125511229      -0.25058349638766220     
   93.440000000003408        1.2929753676067344      -0.29938862360971225     
   93.480000000003415        1.2790748325614305      -0.34751337613259436     
   93.520000000003421        1.2632778633482007      -0.39492423033074436     
   93.560000000003427        1.2456144492243282      -0.44158535309681468     
   93.600000000003433        1.2261161167284742      -0.48745831239635168     
   93.640000000003440        1.2048160436357942      -0.53250182731699791     
   93.680000000003446        1.1817491811845398      -0.57667156128135977     
   93.720000000003452        1.1569523826939898      -0.61991996226374679     
   93.760000000003458        1.1304645365358141      -0.66219615395439213     
   93.800000000003465        1.1023267012627731      -0.70344588182602719     
   93.840000000003471        1.0725822405446626      -0.74361151795276181     
   93.880000000003477        1.0412769554171690      -0.78263212818733863     
   93.920000000003483        1.0084592112211863      -0.82044360489956947     
   93.960000000003490       0.97418005650521489      -0.85697886789928590     
   94.000000000003496       0.93849333108923294      -0.89216813539954898     
   94.040000000003502       0.90145576045264564      -0.92593926591468356     
   94.080000000003508       0.86312703361923571      -0.95821817083524752     
   94.120000000003515       0.82356986177564495      -0.98892929608976810     
   94.160000000003521       0.78285001498314144       -1.0179961698125892     
   94.200000000003527       0.74103633453030537       -1.0453420113209015     
   94.240000000003533       0.69820071873009171       -1.0708903950053421     
   94.280000000003540       0.65441808028964343       -1.0945659610112064     
   94.320000000003546       0.60976627377387627       -1.1162951628941800     
   94.360000000003552       0.56432599214005941       -1.1360070408454206     
   94.400000000003558       0.51818063183326846       -1.1536340076697744     
   94.440000000003565       0.47141612649157405       -1.1691126335423596     
   94.480000000003571       0.42412074990223286       -1.1823844147335296     
   94.520000000003577       0.37638488946050991       -1.1933965110430744     
   94.560000000003583       0.32830079199364381       -1.2021024366716531     
   94.600000000003590       0.27996228440506615       -1.2084626897144415     
   94.640000000003596       0.23146447214896898       -1.2124453064024292     
   94.680000000003602       0.18290341904369159       -1.2140263276319345     
   94.720000000003608       0.13437581235646462       -1.2131901671806744     
   94.760000000003615        8.5978617426294507E-002  -1.2099298732542527     
   94.800000000003621        3.7808726323708401E-002  -1.2042472775646527     
   94.840000000003627       -1.0037394833075149E-002  -1.1961530289195887     
   94.880000000003633       -5.7464055280814552E-002  -1.1856665111934850     
   94.920000000003640      -0.10437668121865847       -1.1728156484460979     
   94.960000000003646      -0.15068214532833543       -1.1576366027419243     
   95.000000000003652      -0.19628908024022443       -1.1401733727972250     
   95.040000000003658      -0.24110817239416157       -1.1204773038484284     
   95.080000000003665      -0.28505243323493679       -1.0986065210193798     
   95.120000000003671      -0.32803744523131245       -1.0746252999093919     
   95.160000000003677      -0.36998158079515170       -1.0486033890959814     
   95.200000000003683      -0.41080619278456687       -1.0206152997353795     
   95.240000000003690      -0.45043577588306466      -0.99073957746244457     
   95.280000000003696      -0.48879809873792507      -0.95905807137151045     
   95.320000000003702      -0.52582430729990826      -0.92565521404957973     
   95.360000000003708      -0.56144900031967904      -0.89061732549426820     
   95.400000000003715      -0.59561027841368985      -0.85403195235027018     
   95.440000000003721      -0.62824976850620096      -0.81598725231277613     
   95.480000000003727      -0.65931262578006855      -0.77657143184668953     
   95.520000000003733      -0.68874751552507130      -0.73587224362506931     
   95.560000000003740      -0.71650657745948865      -0.69397654836043299     
   95.600000000003746      -0.74254537522112130      -0.65096994404081721     
   95.640000000003752      -0.76682283378235772      -0.60693646403091139     
   95.680000000003758      -0.78930116754589430      -0.56195834408841328     
   95.720000000003765      -0.80994580182979636      -0.51611585709755059     
   95.760000000003771      -0.82872529035963649      -0.46948721324600345     
   95.800000000003777      -0.84561123125843118      -0.42214852246986784     
   95.840000000003783      -0.86057818386874629      -0.37417381525787757     
   95.880000000003790      -0.87360358856190201      -0.32563511732889239     
   95.920000000003796      -0.88466769149227031      -0.27660257325920767     
   95.960000000003802      -0.89375347604503574      -0.22714461381913514     
   96.000000000003809      -0.90084660250745752      -0.17732816156054554     
   96.040000000003815      -0.90593535726975116      -0.12721886905734031     
   96.080000000003821      -0.90901061263449334       -7.6881384118553830E-002
   96.120000000003827      -0.91006579808449606       -2.6379636250066597E-002
   96.160000000003834      -0.90909688362926377        2.4222861380808203E-002
   96.200000000003840      -0.90610237561978790        7.4862700236895591E-002
   96.240000000003846      -0.90108332519046908       0.12547626073297155     
   96.280000000003852      -0.89404334925506157       0.17599939838518880     
   96.320000000003859      -0.88498866375027940       0.22636713761955504     
   96.360000000003865      -0.87392812858570856       0.27651337911427176     
   96.400000000003871      -0.86087330352179359       0.32637062659787319     
   96.440000000003877      -0.84583851395913356       0.37586973906650017     
   96.480000000003884      -0.82884092538289245       0.42493971440602890     
   96.520000000003890      -0.80990062496723536       0.47350751039142808     
   96.560000000003896      -0.78904070860855746       0.52149790896694881     
   96.600000000003902      -0.76628737142597558       0.56883342956454563     
   96.640000000003909      -0.74166999954714385       0.61543429697079355     
   96.680000000003915      -0.71522126079191972       0.66121846888060454     
   96.720000000003921      -0.68697719168167148       0.70610172775620617     
   96.760000000003927      -0.65697727804481421       0.74999784092143096     
   96.800000000003934      -0.62526452636690744       0.79281879194766780     
   96.840000000003940      -0.59188552295419083       0.83447508531791603     
   96.880000000003946      -0.55689047795075441       0.87487612508590940     
   96.920000000003952      -0.52033325127938701       0.91393066678418522     
   96.960000000003959      -0.48227135767158597       0.95154734019502629     
   97.000000000003965      -0.44276594811918224       0.98763523881009296     
   97.040000000003971      -0.40188176532280212        1.0221045699095028     
   97.080000000003977      -0.35968707103309355        1.0548673572427143     
   97.120000000003984      -0.31625354357881891        1.0858381863568665     
   97.160000000003990      -0.27165614434810770        1.1149349807677797     
   97.200000000003996      -0.22597295252867339        1.1420797954858579     
   97.240000000004002      -0.17928496800956367        1.1671996129777427     
   97.280000000004009      -0.13167588298767560        1.1902271255472017     
   97.320000000004015       -8.3231823490433121E-002   1.2111014874310619     
   97.360000000004021       -3.4041062702763400E-002   1.2297690196917430     
   97.400000000004027        1.5806291348985514E-002   1.2461838512937229     
   97.440000000004034        6.6218630573075754E-002   1.2603084806022558     
   97.480000000004040       0.11710320029064264        1.2721142429391721     
   97.520000000004046       0.16836646716049225        1.2815816717462405     
   97.560000000004052       0.21991449689201367        1.2887007432880355     
   97.600000000004059       0.27165333679581366        1.2934709975949998     
   97.640000000004065       0.32348939805194193        1.2959015314032074     
   97.680000000004071       0.37532983253488134        1.2960108620734849     
   97.720000000004077       0.42708289912457331        1.2938266647422998     
   97.760000000004084       0.47865831465020031        1.2893853881406749     
   97.800000000004090       0.52996758494982454        1.2827317574906061     
   97.840000000004096       0.58092431197135252        1.2739181755382001     
   97.880000000004102       0.63144447337192477        1.2630040350143050     
   97.920000000004109       0.68144667167412298        1.2500549575549538     
   97.960000000004115       0.73085235068691357        1.2351419753197632     
   98.000000000004121       0.77958597757483439        1.2183406721980199     
   98.040000000004127       0.82757518963874366        1.1997303015977319     
   98.080000000004134       0.87475090553494239        1.1793928974049692     
   98.120000000004140       0.92104740128824492        1.1574123938325629     
   98.160000000004146       0.96640235203296299        1.1338737686179514     
   98.200000000004152        1.0107568409313541        1.1088622224597795     
   98.240000000004159        1.0540553371628509        1.0824624057874206     
   98.280000000004165        1.0962456452437779        1.0547577020231724     
   98.320000000004171        1.1372788282240096        1.0258295745057939     
   98.360000000004177        1.1771091075148585       0.99575698227122167     
   98.400000000004184        1.2156937422347172       0.96461586799646326     
   98.440000000004190        1.2529928910210670       0.93247871965874463     
   98.480000000004196        1.2889694592564396       0.89941420588431231     
   98.520000000004202        1.3235889345999459       0.86548688358765713     
   98.560000000004209        1.3568192136138775       0.83075697534828907     
   98.600000000004215        1.3886304221356349       0.79528021304393759     
   98.640000000004221        1.4189947318777352       0.75910774355250699     
   98.680000000004227        1.4478861755513077       0.72228609183931458     
   98.720000000004234        1.4752804626090910       0.68485717644458088     
   98.760000000004240        1.5011547974994295       0.64685837225846532     
   98.800000000004246        1.5254877021192099       0.60832261549451294     
   98.840000000004252        1.5482588439561520       0.56927854592355431     
   98.880000000004259        1.5694488712235675       0.52975068168538497     
   98.920000000004265        1.5890392561168629       0.48975962233238690     
   98.960000000004271        1.6070121471631296       0.44932227615666726     
   99.000000000004277        1.6233502314947803       0.40845210829126832     
   99.040000000004284        1.6380366077563684       0.36715940653969936     
   99.080000000004290        1.6510546702508413       0.32545156236182471     
   99.120000000004296        1.6623880048474620       0.28333336491551403     
   99.160000000004302        1.6720202971079370       0.24080730651187607     
   99.200000000004309        1.6799352530390779       0.19787389827852320     
   99.240000000004315        1.6861165328483874       0.15453199523273642     
   99.280000000004321        1.6905476980619198       0.11077913033831149     
   99.320000000004327        1.6932121723599494        6.6611857450738832E-002
   99.360000000004334        1.6940932164935552        2.2026103340144737E-002
   99.400000000004340        1.6931739176621634       -2.2982470784795192E-002
   99.440000000004346        1.6904371937561249       -6.8418097650964474E-002
   99.480000000004353        1.6858658128971065      -0.11428452147546124     
   99.520000000004359        1.6794424287397445      -0.16058460393405033     
   99.560000000004365        1.6711496320276999      -0.20731991780111242     
   99.600000000004371        1.6609700189227308      -0.25449032762423146     
   99.640000000004378        1.6488862766430916      -0.30209355699097773     
   99.680000000004384        1.6348812869535945      -0.35012474223742751     
   99.720000000004390        1.6189382480397347      -0.39857597284649332     
   99.760000000004396        1.6010408152678057      -0.44743581929822696     
   99.800000000004403        1.5811732612769089      -0.49668884977241706     
   99.840000000004409        1.5593206557619741      -0.54631513787336905     
   99.880000000004415        1.5354690651838547      -0.59628976445298532     
   99.920000000004421        1.5096057724777252      -0.64658231765323959     
   99.960000000004428        1.4817195166189068      -0.69715639647046124     
   100.00000000000443        1.4518007516407827      -0.74796912445309927     
   100.04000000000444        1.4198419243781528      -0.79897068156574658     
   100.08000000000445        1.3858377698277677      -0.85010386375962532     
   100.12000000000445        1.3497856225739004      -0.90130368134668393     
   100.16000000000446        1.3116857422206496      -0.95249700883126953     
   100.20000000000447        1.2715416502068033       -1.0036023003461583     
   100.24000000000447        1.2293604747592144       -1.0545293861897236     
   100.28000000000448        1.1851533000762327       -1.1051793670745420     
   100.32000000000448        1.1389355151375342       -1.1554446234674631     
   100.36000000000449        1.0907271568291776       -1.2052089577089118     
   100.40000000000450        1.0405532413763663       -1.2543478863202864     
   100.44000000000450       0.98844407741964357       -1.3027290989180684     
   100.48000000000451       0.93443555348622576       -1.3502130983354457     
   100.52000000000452       0.87856939213384666       -1.3966540338094759     
   100.56000000000452       0.82089336271954627       -1.4419007353575104     
   100.60000000000453       0.76146144461083265       -1.4857979527178415     
   100.64000000000453       0.70033393275084177       -1.5281877964997712     
   100.68000000000454       0.63757747784770036       -1.5689113725785355     
   100.72000000000455       0.57326505410939832       -1.6078105934575511     
   100.76000000000455       0.50747584840698845       -1.6447301425602474     
   100.80000000000456       0.44029506602544449       -1.6795195595385992     
   100.84000000000457       0.37181364974170755       -1.7120354070934238     
   100.88000000000457       0.30212791082420182       -1.7421434729376428     
   100.92000000000458       0.23133907262966830       -1.7697209548633379     
   100.96000000000458       0.15955272971572598       -1.7946585728485582     
   101.00000000000459        8.6878227709273503E-002  -1.8168625501613120     
   101.04000000000460        1.3427971477397230E-002  -1.8362564057969069     
   101.08000000000460       -6.0683328662851116E-002  -1.8527825035062087     
   101.12000000000461      -0.13533946098958949       -1.8664033081684597     
   101.16000000000462      -0.21042355331739954       -1.8771023081952507     
   101.20000000000462      -0.28581893622591287       -1.8848845727128334     
   101.24000000000463      -0.36141001318558807       -1.8897769239918798     
   101.28000000000463      -0.43708312192093562       -1.8918277183836882     
   101.32000000000464      -0.51272737160903603       -1.8911062422025109     
   101.36000000000465      -0.58823544128328598       -1.8877017418562498     
   101.40000000000465      -0.66350432605877507       -1.8817221193872276     
   101.44000000000466      -0.73843601945209592       -1.8732923348330215     
   101.48000000000467      -0.81293812205082860       -1.8625525649683174     
   101.52000000000467      -0.88692436899924565       -1.8496561737104269     
   101.56000000000468      -0.96031507110335468       -1.8347675526027265     
   101.60000000000468       -1.0330374667170674       -1.8180598903428180     
   101.64000000000469       -1.1050259838556351       -1.7997129284641937     
   101.68000000000470       -1.1762224141080773       -1.7799107563110552     
   101.72000000000470       -1.2465760018185237       -1.7588396927611596     
   101.76000000000471       -1.3160434536266770       -1.7366862952038318     
   101.80000000000472       -1.3845888747683142       -1.7136355285409279     
   101.84000000000472       -1.4521836395244299       -1.6898691189028909     
   101.88000000000473       -1.5188062038752790       -1.6655641087712276     
   101.92000000000473       -1.5844418687800579       -1.6408916226194701     
   101.96000000000474       -1.6490825025919511       -1.6160158452973288     
   102.00000000000475       -1.7127262309670463       -1.5910932093773806     
   102.04000000000475       -1.7753771022739471       -1.5662717826725205     
   102.08000000000476       -1.8370447360002577       -1.5416908431577674     
   102.12000000000477       -1.8977439610232569       -1.5174806255749791     
   102.16000000000477       -1.9574944499032729       -1.4937622220003983     
   102.20000000000478       -2.0163203546039252       -1.4706476175163079     
   102.24000000000478       -2.0742499482732097       -1.4482398417321094     
   102.28000000000479       -2.1313152769579897       -1.4266332171195002     
   102.32000000000480       -2.1875518243912975       -1.4059136858326984     
   102.36000000000480       -2.2429981923015054       -1.3861591977551959     
   102.40000000000481       -2.2976957980549981       -1.3674401438373198     
   102.44000000000482       -2.3516885908656229       -1.3498198202656195     
   102.48000000000482       -2.4050227872877290       -1.3333549105526548     
   102.52000000000483       -2.4577466262551870       -1.3180959741864495     
   102.56000000000483       -2.5099101435343831       -1.3040879319799024     
   102.60000000000484       -2.5615649651212866       -1.2913705396725907     
   102.64000000000485       -2.6127641188266275       -1.2799788426335206     
   102.68000000000485       -2.6635618630536895       -1.2699436056765452     
   102.72000000000486       -2.7140135315745706       -1.2612917130220236     
   102.76000000000487       -2.7641753929472603       -1.2540465343172476     
   102.80000000000487       -2.8141045230819812       -1.2482282533680169     
   102.84000000000488       -2.8638586893556734       -1.2438541568423049     
   102.88000000000488       -2.9134962445834742       -1.2409388806950243     
   102.92000000000489       -2.9630760290812104       -1.2394946124434092     
   102.96000000000490       -3.0126572789896060       -1.2395312477098925     
   103.00000000000490       -3.0622995389759691       -1.2410564996590823     
   103.04000000000491       -3.1120625773801205       -1.2440759601037878     
   103.08000000000492       -3.1620063018264792       -1.2485931111589712     
   103.12000000000492       -3.2121906732824614       -1.2546092863995555     
   103.16000000000493       -3.2626756165043220       -1.2621235805465203     
   103.20000000000493       -3.3135209247757111       -1.2711327067847302     
   103.24000000000494       -3.3647861568127349       -1.2816308009255946     
   103.28000000000495       -3.4165305236843002       -1.2936091717891383     
   103.32000000000495       -3.4688127635809329       -1.3070559974158129     
   103.36000000000496       -3.5216910022630152       -1.3219559670520629     
   103.40000000000497       -3.5752225970354194       -1.3382898693100997     
   103.44000000000497       -3.6294639621357061       -1.3560341275071714     
   103.48000000000498       -3.6844703734944586       -1.3751602839688173     
   103.52000000000498       -3.7402957509368440       -1.3956344360596360     
   103.56000000000499       -3.7969924160531523       -1.4174166279077107     
   103.60000000000500       -3.8546108241825707       -1.4404602032354592     
   103.64000000000500       -3.9131992692391813       -1.4647111264152632     
   103.68000000000501       -3.9728035604727672       -1.4901072808396454     
   103.72000000000502       -4.0334666707099105       -1.5165777559285782     
   103.76000000000502       -4.0952283561727647       -1.5440421365713504     
   103.80000000000503       -4.1581247486319191       -1.5724098114788696     
   103.84000000000503       -4.2221879214216278       -1.6015793197427184     
   103.88000000000504       -4.2874454317324542       -1.6314377577706491     
   103.92000000000505       -4.3539198425954382       -1.6618602715745963     
   103.96000000000505       -4.4216282290743765       -1.6927096619734532     
   104.00000000000506       -4.4905816743724465       -1.7238361324517406     
   104.04000000000507       -4.5607847628111706       -1.7550772109681056     
   104.08000000000507       -4.6322350779187529       -1.7862578776895470     
   104.12000000000508       -4.7049227151258535       -1.8171909301775095     
   104.16000000000508       -4.7788298197541961       -1.8476776157085741     
   104.20000000000509       -4.8539301620314932       -1.8775085569324277     
   104.24000000000510       -4.9301887617016575       -1.9064649917541123     
   104.28000000000510       -5.0075615753436544       -1.9343203410499281     
   104.32000000000511       -5.0859952596862072       -1.9608421085638270     
   104.36000000000512       -5.1654270239339484       -1.9857941061935378     
   104.40000000000512       -5.2457845833391614       -2.0089389851303201     
   104.44000000000513       -5.3269862249152951       -2.0300410394033368     
   104.48000000000513       -5.4089409942718438       -2.0488692339137180     
   104.52000000000514       -5.4915490100637374       -2.0652003947973401     
   104.56000000000515       -5.5747019095366914       -2.0788224868238423     
   104.60000000000515       -5.6582834251959664       -2.0895378914818785     
   104.64000000000516       -5.7421700888506058       -2.0971665913659794     
   104.68000000000517       -5.8262320553433824       -2.1015491623194129     
   104.72000000000517       -5.9103340343498321       -2.1025494751612399     
   104.76000000000518       -5.9943363149146967       -2.1000570141216182     
   104.80000000000518       -6.0780958640897111       -2.0939887293753672     
   104.84000000000519       -6.1614674783286185       -2.0842903559726760     
   104.88000000000520       -6.2443049643412820       -2.0709371503165954     
   104.92000000000520       -4.3277017845555932E-002  -2.0539340170964930     
   104.96000000000521      -0.12460961876432902       -2.0333150229693273     
   105.00000000000522      -0.20497531143864883       -2.0091423168579956     
   105.04000000000522      -0.28423549140119508       -1.9815044990636557     
   105.08000000000523      -0.36225607144660021       -1.9505145011351290     
   105.12000000000523      -0.43890835362657166       -1.9163070544992868     
   105.16000000000524      -0.51406978712429374       -1.8790358374430518     
   105.20000000000525      -0.58762460299342589       -1.8388703967283035     
   105.24000000000525      -0.65946432066826277       -1.7959929418709222     
   105.28000000000526      -0.72948812495745663       -1.7505951072298469     
   105.32000000000527      -0.79760311576256337       -1.7028747701276690     
   105.36000000000527      -0.86372443588526993       -1.6530330030676634     
   105.40000000000528      -0.92777528491127159       -1.6012712256500412     
   105.44000000000528      -0.98968682923048257       -1.5477886079802736     
   105.48000000000529       -1.0493980197550750       -1.4927797631148094     
   105.52000000000530       -1.1068553298432968       -1.4364327522055473     
   105.56000000000530       -1.1620124263686997       -1.3789274131350697     
   105.60000000000531       -1.2148297868510980       -1.3204340120599551     
   105.64000000000532       -1.2652742751593515       -1.2611122077063401     
   105.68000000000532       -1.3133186875848022       -1.2011103106362646     
   105.72000000000533       -1.3589412801461236       -1.1405648140330351     
   105.76000000000533       -1.4021252868956007       -1.0796001687369277     
   105.80000000000534       -1.4428584378203129       -1.0183287731178041     
   105.84000000000535       -1.4811324837269992      -0.95685114766715929     
   105.88000000000535       -1.5169427343139146      -0.89525626467288189     
   105.92000000000536       -1.5502876145037674      -0.83362200474632020     
   105.96000000000537       -1.5811682430660252      -0.77201571405644553     
   106.00000000000537       -1.6095880366127013      -0.71049483866690089     
   106.04000000000538       -1.6355523412197206      -0.64910761517548288     
   106.08000000000538       -1.6590680932101998      -0.58789379976197731     
   106.12000000000539       -1.6801435100354773      -0.52688542063193777     
   106.16000000000540       -1.6987878116996531      -0.46610754160439544     
   106.20000000000540       -1.7150109727861109      -0.40557902716144584     
   106.24000000000541       -1.7288235048505631      -0.34531330161130763     
   106.28000000000542       -1.7402362687340420      -0.28531909708697040     
   106.32000000000542       -1.7492603162099607      -0.22560118689796574     
   106.36000000000543       -1.7559067603008476      -0.16616110227216968     
   106.40000000000543       -1.7601866735718312      -0.10699783177459000     
   106.44000000000544       -1.7621110137191258       -4.8108503682366265E-002
   106.48000000000545       -1.7616905758128782        1.0510947656191372E-002
   106.52000000000545       -1.7589359706156422        6.8865129930898994E-002
   106.56000000000546       -1.7538576284718683       0.12695855359434921     
   106.60000000000547       -1.7464658283420669       0.18479500324503667     
   106.64000000000547       -1.7367707516301258       0.24237691779852397     
   106.68000000000548       -1.7247825605163709       0.29970477784387223     
   106.72000000000548       -1.7105115005554048       0.35677649902415215     
   106.76000000000549       -1.6939680273198252       0.41358683088948989     
   106.80000000000550       -1.6751629568620805       0.47012676144361515     
   106.84000000000550       -1.6541076397206858       0.52638292853486712     
   106.88000000000551       -1.6308141581077538       0.58233704032329803     
   106.92000000000552       -1.6052955457766589       0.63796530827737186     
   106.96000000000552       -1.5775660298765402       0.69323789750296982     
   107.00000000000553       -1.5476412938499722       0.74811840066420010     
   107.04000000000553       -1.5155387601182779       0.80256334329235501     
   107.08000000000554       -1.4812778909239062       0.85652172985929376     
   107.12000000000555       -1.4448805052612439       0.90993464156655557     
   107.16000000000555       -1.4063711093287907       0.96273489831132786     
   107.20000000000556       -1.3657772373823220        1.0148467986617162     
   107.24000000000557       -1.3231297992695097        1.0661859528203104     
   107.28000000000557       -1.2784634302943618        1.1166592243786955     
   107.32000000000558       -1.2318168384120121        1.1661647970587423     
   107.36000000000558       -1.1832331431125658        1.2145923824861595     
   107.40000000000559       -1.1327601997431616        1.2618235842351042     
   107.44000000000560       -1.0804509024705804        1.3077324318145294     
   107.48000000000560       -1.0263634586366077        1.3521860958493150     
   107.52000000000561      -0.97056162694134873        1.3950457923814754     
   107.56000000000562      -0.91311491174306270        1.4361678799571520     
   107.60000000000562      -0.85409870582298142        1.4754051480020320     
   107.64000000000563      -0.79359437426259494        1.5126082890096619     
   107.68000000000563      -0.73168927264541306        1.5476275404295465     
   107.72000000000564      -0.66847669364256601        1.5803144750711773     
   107.76000000000565      -0.60405573717733796        1.6105239116307006     
   107.80000000000565      -0.53853110077923150        1.6381159099526612     
   107.84000000000566      -0.47201278840893962        1.6629578092572965     
   107.88000000000567      -0.40461573792047756        1.6849262622115511     
   107.92000000000567      -0.33645936936816617        1.7039092138077847     
   107.96000000000568      -0.26766705849198397        1.7198077719045548     
   108.00000000000568      -0.19836554184121552        1.7325379162692116     
   108.04000000000569      -0.12868426203222011        1.7420319952248848     
   108.08000000000570       -5.8754663488465295E-002   1.7482399635938703     
   108.12000000000570        1.1290549409352382E-002   1.7511303224454420     
   108.16000000000571        8.1318178607199781E-002   1.7506907299461849     
   108.20000000000572       0.15119530912642620        1.7469282629806606     
   108.24000000000572       0.22079008195232930        1.7398693206475777     
   108.28000000000573       0.28997244885826273        1.7295591726483355     
   108.32000000000573       0.35861489555189541        1.7160611673408162     
   108.36000000000574       0.42659312056043475        1.6994556252134834     
   108.40000000000575       0.49378665868780236        1.6798384531841901     
   108.44000000000575       0.56007943960723616        1.6573195229858437     
   108.48000000000576       0.62536027411281814        1.6320208626395487     
   108.52000000000577       0.68952326265106767        1.6040747134562392     
   108.56000000000577       0.75246812289602882        1.5736215061240286     
   108.60000000000578       0.81410043522992614        1.5408078083474324     
   108.64000000000578       0.87433180696773949        1.5057842934453334     
   108.68000000000579       0.93307995795250620        1.4687037746191673     
   108.72000000000580       0.99026873169903329        1.4297193436631770     
   108.76000000000580        1.0458280375439188        1.3889826461221391     
   108.80000000000581        1.0996937302527305        1.3466423177202946     
   108.84000000000582        1.1518074342394322        1.3028425996675410     
   108.88000000000582        1.2021163199803295        1.2577221435224326     
   108.92000000000583        1.2505728403770746        1.2114130099186242     
   108.96000000000583        1.2971344347704452        1.1640398598342669     
   109.00000000000584        1.3417632080634432        1.1157193323249488     
   109.04000000000585        1.3844255920157698        1.0665595988081671     
   109.08000000000585        1.4250919952591110        1.0166600810835305     
   109.12000000000586        1.4637364479893358       0.96611131825561991     
   109.16000000000587        1.5003362466501364       0.91499496652001600     
   109.20000000000587        1.5348716032613148       0.86338391527945613     
   109.24000000000588        1.5673253033879615       0.81134250316616885     
   109.28000000000588        1.5976823761137247       0.75892681814407681     
   109.32000000000589        1.6259297787873059       0.70618506683953197     
   109.36000000000590        1.6520560987672288       0.65315799949807141     
   109.40000000000590        1.6760512739030227       0.59987937839484484     
   109.44000000000591        1.6979063330653468       0.54637647905810427     
   109.48000000000592        1.7176131576746281       0.49267061523203243     
   109.52000000000592        1.7351642648767813       0.43877768005383100     
   109.56000000000593        1.7505526127731430       0.38470869740904134     
   109.60000000000593        1.7637714279262575       0.33047037882786534     
   109.64000000000594        1.7748140552291440       0.27606568257216080     
   109.68000000000595        1.7836738301380850       0.22149437272352143     
   109.72000000000595        1.7903439732224367       0.16675357710879180     
   109.76000000000596        1.7948175069738757       0.11183834378597704     
   109.80000000000597        1.7970871948362324        5.6742196558915381E-002
   109.84000000000597        1.7971455024599456        1.4576905928335854E-003
   109.88000000000598        1.7949845812465426       -5.4023030335077445E-002
   109.92000000000598        1.7905962743226940      -0.10970767309621653     
   109.96000000000599        1.7839721451645856      -0.16560322895270779     
   110.00000000000600        1.7751035291756574      -0.22171539972320592     
   110.04000000000600        1.7639816085981126      -0.27804801443861871     
   110.08000000000601        1.7505975112046006      -0.33460243483779700     
   110.12000000000602        1.7349424332643777      -0.39137694850557314     
   110.16000000000602        1.7170077873009122      -0.44836614908663780     
   110.20000000000603        1.6967853751477298      -0.50556030382955841     
   110.24000000000603        1.6742675867582737      -0.56294470973640354     
   110.28000000000604        1.6494476251253152      -0.62049904082396090     
   110.32000000000605        1.6223197575073889      -0.67819669044816011     
   110.36000000000605        1.5928795929352133      -0.73600411430438806     
   110.40000000000606        1.5611243856717945      -0.79388018158547180     
   110.44000000000607        1.5270533639182691      -0.85177554383813203     
   110.48000000000607        1.4906680825872312      -0.90963203327595044     
   110.52000000000608        1.4519727984018815      -0.96738210463374030     
   110.56000000000608        1.4109748649212361       -1.0249483370161343     
   110.60000000000609        1.3676851443407951       -1.0822430145110249     
   110.64000000000610        1.3221184320811739       -1.1391678064905331     
   110.68000000000610        1.2742938892664670       -1.1956135703676729     
   110.72000000000611        1.2242354772284176       -1.2514603009512324     
   110.76000000000612        1.1719723871780197       -1.3065772512599501     
   110.80000000000612        1.1175394571971440       -1.3608232495218928     
   110.84000000000613        1.0609775677613427       -1.4140472358950336     
   110.88000000000613        1.0023340061609283       -1.4660890400103621     
   110.92000000000614       0.94166278949701188       -1.5167804165979089     
   110.96000000000615       0.87902493545315807       -1.5659463510963447     
   111.00000000000615       0.81448866984407020       -1.6134066402271969     
   111.04000000000616       0.74812956008056686       -1.6589777440875826     
   111.08000000000617       0.68003056421872166       -1.7024748965461289     
   111.12000000000617       0.61028198622240570       -1.7437144499078991     
   111.16000000000618       0.53898132948759525       -1.7825164183702602     
   111.20000000000618       0.46623304255668319       -1.8187071732728015     
   111.24000000000619       0.39214815326846525       -1.8521222322054487     
   111.28000000000620       0.31684379029231902       -1.8826090744036565     
   111.32000000000620       0.24044259400148396       -1.9100299072708764     
   111.36000000000621       0.16307202184039304       -1.9342643040272733     
   111.40000000000622        8.4863556601125961E-002  -1.9552116309816769     
   111.44000000000622        5.9518291940216794E-003  -1.9727931851776070     
   111.48000000000623       -7.3526329580318323E-002  -1.9869539693585001     
   111.52000000000623      -0.15343289123011139       -1.9976640412448265     
   111.56000000000624      -0.23362966673580246       -2.0049193876422766     
   111.60000000000625      -0.31397935834607110       -2.0087422902567162     
   111.64000000000625      -0.39434660508193958       -2.0091811683967116     
   111.68000000000626      -0.47459900120000764       -2.0063099029517022     
   111.72000000000627      -0.55460806780076033       -2.0002266650188179     
   111.76000000000627      -0.63425015940903873       -1.9910522902069590     
   111.80000000000628      -0.71340728960814670       -1.9789282549777005     
   111.84000000000628      -0.79196786255158447       -1.9640143235859429     
   111.88000000000629      -0.86982730025989985       -1.9464859427078853     
   111.92000000000630      -0.94688855887678358       -1.9265314654220924     
   111.96000000000630       -1.0230625303511534       -1.9043492868592469     
   112.00000000000631       -1.0982683291846183       -1.8801449708366216     
   112.04000000000632       -1.1724334668101126       -1.8541284406373615     
   112.08000000000632       -1.2454939187472314       -1.8265112984279661     
   112.12000000000633       -1.3173940918416496       -1.7975043273604567     
   112.16000000000633       -1.3880867005987705       -1.7673152189280243     
   112.20000000000634       -1.4575325628525626       -1.7361465563448044     
   112.24000000000635       -1.5257003257816688       -1.7041940732276546     
   112.28000000000635       -1.5925661336289132       -1.6716451961811098     
   112.32000000000636       -1.6581132484451535       -1.6386778704060092     
   112.36000000000637       -1.7223316348217386       -1.6054596594146262     
   112.40000000000637       -1.7852175189602706       -1.5721471034632994     
   112.44000000000638       -1.8467729316171759       -1.5388853164226355     
   112.48000000000638       -1.9070052435141240       -1.5058077974237003     
   112.52000000000639       -1.9659267007785515       -1.4730364316106839     
   112.56000000000640       -2.0235539669193043       -1.4406816535188272     
   112.60000000000640       -2.0799076767905653       -1.4088427467815192     
   112.64000000000641       -2.1350120069844629       -1.3776082548474355     
   112.68000000000642       -2.1888942661428565       -1.3470564789598447     
   112.72000000000642       -2.2415845078082439       -1.3172560416346797     
   112.76000000000643       -2.2931151676527572       -1.2882664961128323     
   112.80000000000643       -2.3435207262376236       -1.2601389646216616     
   112.84000000000644       -2.3928373978637416       -1.2329167906529443     
   112.88000000000645       -2.4411028455743855       -1.2066361927660927     
   112.92000000000645       -2.4883559219582079       -1.1813269095955561     
   112.96000000000646       -2.5346364350677533       -1.1570128277386402     
   113.00000000000647       -2.5799849385077414       -1.1337125859997055     
   113.04000000000647       -2.6244425445500363       -1.1114401510573726     
   113.08000000000648       -2.6680507589901090       -1.0902053610018223     
   113.12000000000648       -2.7108513363647533       -1.0700144343661053     
   113.16000000000649       -2.7528861540951755       -1.0508704432605527     
   113.20000000000650       -2.7941971040963103       -1.0327737500283702     
   113.24000000000650       -2.8348260003959416       -1.0157224074907787     
   113.28000000000651       -2.8748145013303352      -0.99971252335984073     
   113.32000000000652       -2.9142040449217168      -0.98473858978454143     
   113.36000000000652       -2.9530357960928431      -0.97079377927815624     
   113.40000000000653       -2.9913506044315907      -0.95787020846868676     
   113.44000000000653       -3.0291889712809512      -0.94595917123401452     
   113.48000000000654       -3.0665910249946600      -0.93505134284272307     
   113.52000000000655       -3.1035965032639408      -0.92513695673201812     
   113.56000000000655       -3.1402447414849841      -0.91620595552608297     
   113.60000000000656       -3.1765746661985981      -0.90824811784034987     
   113.64000000000657       -3.2126247926920808      -0.90125316233707242     
   113.68000000000657       -3.2484332259081445      -0.89521083040159322     
   113.72000000000658       -3.2840376638562305      -0.89011094870214547     
   113.76000000000658       -3.3194754027675648      -0.88594347278335173     
   113.80000000000659       -3.3547833432767047      -0.88269851272849253     
   113.84000000000660       -3.3899979969491532      -0.88036634181120654     
   113.88000000000660       -3.4251554925069989      -0.87893738894614193     
   113.92000000000661       -3.4602915811326960      -0.87840221564242449     
   113.96000000000662       -3.4954416402553181      -0.87875147806555587     
   114.00000000000662       -3.5306406752442872      -0.87997587472422778     
   114.04000000000663       -3.5659233184530916      -0.88206608022011579     
   114.08000000000663       -3.6013238250703927      -0.88501266543252533     
   114.12000000000664       -3.6368760652486851      -0.88880600445730684     
   114.16000000000665       -3.6726135119919761      -0.89343616858227559     
   114.20000000000665       -3.7085692242944184      -0.89889280756106105     
   114.24000000000666       -3.7447758250322405      -0.90516501844555508     
   114.28000000000667       -3.7812654731224682      -0.91224120225569372     
   114.32000000000667       -3.8180698294747106      -0.92010890880606322     
   114.36000000000668       -3.8552200162776580      -0.92875467007367907     
   114.40000000000668       -3.8927465691809466      -0.93816382258222142     
   114.44000000000669       -3.9306793819568244      -0.94832031939694439     
   114.48000000000670       -3.9690476432557547      -0.95920653247325838     
   114.52000000000670       -4.0078797651070444      -0.97080304628224912     
   114.56000000000671       -4.0472033028610230      -0.98308844384947414     
   114.60000000000672       -4.0870448663246277      -0.99603908659011797     
   114.64000000000672       -4.1274300219087952       -1.0096288896041956     
   114.68000000000673       -4.1683831856851681       -1.0238290944093271     
   114.72000000000673       -4.2099275073425257       -1.0386080414339309     
   114.76000000000674       -4.2520847451412234       -1.0539309449674399     
   114.80000000000675       -4.2948751320876895       -1.0697596736616528     
   114.84000000000675       -4.3383172336913729       -1.0860525400920831     
   114.88000000000676       -4.3824277978238317       -1.1027641033114628     
   114.92000000000677       -4.4272215973737685       -1.1198449887484110     
   114.96000000000677       -4.4727112665821327       -1.1372417302091062     
   115.00000000000678       -4.5189071321466310       -1.1548966391124533     
   115.04000000000678       -4.5658170404030667       -1.1727477064108969     
   115.08000000000679       -4.6134461821190067       -1.1907285428985028     
   115.12000000000680       -4.6617969166694815       -1.2087683637618607     
   115.16000000000680       -4.7108685975999975       -1.2267920232629121     
   115.20000000000681       -4.7606574018132148       -1.2447201053304224     
   115.24000000000682       -4.8111561648353449       -1.2624690755532488     
   115.28000000000682       -4.8623542248189571       -1.2799514995903054     
   115.32000000000683       -4.9142372781117141       -1.2970763323189167     
   115.36000000000683       -4.9667872493565088       -1.3137492811198768     
   115.40000000000684       -5.0199821791779398       -1.3298732455357667     
   115.44000000000685       -5.0737961325435235       -1.3453488341395838     
   115.48000000000685       -5.1281991308565198       -1.3600749578249174     
   115.52000000000686       -5.1831571107325374       -1.3739494969004369     
   115.56000000000687       -5.2386319122276337       -1.3868700373773972     
   115.60000000000687       -5.2945812990168353       -1.3987346697300498     
   115.64000000000688       -5.3509590126668165       -1.4094428412495361     
   115.68000000000688       -5.4077148627059497       -1.4188962509783336     
   115.72000000000689       -5.4647948536735722       -1.4269997741905529     
   115.76000000000690       -5.5221413497361889       -1.4336624015654111     
   115.80000000000690       -5.5796932768034200       -1.4387981766807878     
   115.84000000000691       -5.6373863613762634       -1.4423271143210954     
   115.88000000000692       -5.6951534046334498       -1.4441760814296709     
   115.92000000000692       -5.7529245895297043       -1.4442796224063583     
   115.96000000000693       -5.8106278179657540       -1.4425807109012379     
   116.00000000000693       -5.8681890744179883       -1.4390314113058480     
   116.04000000000694       -5.9255328118094202       -1.4335934347857875     
   116.08000000000695       -5.9825823548852419       -1.4262385768955410     
   116.12000000000695       -6.0392603159452731       -1.4169490265007858     
   116.16000000000696       -6.0954890174977399       -1.4057175388116649     
   116.20000000000697       -6.1511909162452119       -1.3925474686868098     
   116.24000000000697       -6.2062890228000391       -1.3774526638706854     
   116.28000000000698       -6.2607073116534879       -1.3604572213362109     
   116.32000000000698       -3.1185809005123133E-002  -1.3415951132805317     
   116.36000000000699       -8.4022196702412510E-002  -1.3209096924322343     
   116.40000000000700      -0.13596032026468119       -1.2984530890567165     
   116.44000000000700      -0.18693174083660757       -1.2742855142981593     
   116.48000000000701      -0.23687072028474099       -1.2484744862033357     
   116.52000000000702      -0.28571448012054357       -1.2210939958950646     
   116.56000000000702      -0.33340342539621515       -1.1922236318917889     
   116.60000000000703      -0.37988133261713225       -1.1619476805229274     
   116.64000000000703      -0.42509550140955965       -1.1303542198106853     
   116.68000000000704      -0.46899687033522847       -1.0975342231417207     
   116.72000000000705      -0.51154009783984411       -1.0635806876153899     
   116.76000000000705      -0.55268360984854459       -1.0285878002175128     
   116.80000000000706      -0.59238961596941331      -0.99265015302171655     
   116.84000000000707      -0.63062409663161045      -0.95586201655492908     
   116.88000000000707      -0.66735676376617514      -0.91831667836411701     
   116.92000000000708      -0.70256099783670034      -0.88010585176313116     
   116.96000000000708      -0.73621376414810080      -0.84131915778501021     
   117.00000000000709      -0.76829551141076680      -0.80204368156665018     
   117.04000000000710      -0.79879005552221460      -0.76236360278619453     
   117.08000000000710      -0.82768445145751657      -0.72235989838254921     
   117.12000000000711      -0.85496885604242612      -0.68211011462273929     
   117.16000000000712      -0.88063638422832680      -0.64168820464751641     
   117.20000000000712      -0.90468296130477022      -0.60116442691108507     
   117.24000000000713      -0.92710717328167247      -0.56060529942255721     
   117.28000000000713      -0.94791011745668607      -0.52007360437534067     
   117.32000000000714      -0.96709525496042492      -0.47962843759347118     
   117.36000000000715      -0.98466826684868902      -0.43932529720660141     
   117.40000000000715       -1.0006369150912222      -0.39921620606332836     
   117.44000000000716       -1.0150109095944961      -0.35934986258184648     
   117.48000000000717       -1.0278017821943024      -0.31977181499515489     
   117.52000000000717       -1.0390227683644984      -0.28052465425490120     
   117.56000000000718       -1.0486886972123195      -0.24164822119552967     
   117.60000000000719       -1.0568158901688571      -0.20317982391344086     
   117.64000000000719       -1.0634220686357263      -0.16515446167173103     
   117.68000000000720       -1.0685262707153138      -0.12760505198968897     
   117.72000000000720       -1.0721487770317104       -9.0562657909912497E-002
   117.76000000000721       -1.0743110455416778       -5.4056712749186081E-002
   117.80000000000722       -1.0750356551388216       -1.8115239928595601E-002
   117.84000000000722       -1.0743462577684977        1.7234934258095934E-002
   117.88000000000723       -1.0722675386948401        5.1967976841437211E-002
   117.92000000000724       -1.0688251844936270        8.6058855030330200E-002
   117.96000000000724       -1.0640458582845651       0.11948315522654376     
   118.00000000000725       -1.0579571816631244       0.15221691553602112     
   118.04000000000725       -1.0505877227445515       0.18423647296432036     
   118.08000000000726       -1.0419669896905830       0.21551832634921070     
   118.12000000000727       -1.0321254290521782       0.24603901596011896     
   118.16000000000727       -1.0210944282290582       0.27577502057799880     
   118.20000000000728       -1.0089063213187965       0.30470267275653778     
   118.24000000000729      -0.99559439760468371       0.33279809285282086     
   118.28000000000729      -0.98119291191271207       0.36003714229929040     
   118.32000000000730      -0.96573709605406843       0.38639539646609194     
   118.36000000000730      -0.94926317056082321       0.41184813733113090     
   118.40000000000731      -0.93180835591952771       0.43637036603238810     
   118.44000000000732      -0.91341088251065317       0.45993683522186424     
   118.48000000000732      -0.89410999847176298       0.48252210097225467     
   118.52000000000733      -0.87394597471951718       0.50410059380614469     
   118.56000000000734      -0.85296010639055686       0.52464670822400761     
   118.60000000000734      -0.83119470999442702       0.54413490990324598     
   118.64000000000735      -0.80869311561329060       0.56253985952840957     
   118.68000000000735      -0.78549965353345730       0.57983655199583140     
   118.72000000000736      -0.76165963475272758       0.59600046951824293     
   118.76000000000737      -0.73721932487508235       0.61100774694112991     
   118.80000000000737      -0.71222591097996801       0.62483534737785951     
   118.84000000000738      -0.68672746113674688       0.63746124608052979     
   118.88000000000739      -0.66077287632499304       0.64886462029384540     
   118.92000000000739      -0.63441183461715744       0.65902604269588971     
   118.96000000000740      -0.60769472758043719       0.66792767591800650     
   119.00000000000740      -0.58067258895798834       0.67555346556122142     
   119.04000000000741      -0.55339701579426293       0.68188932909313660     
   119.08000000000742      -0.52592008227344211       0.68692333802051897     
   119.12000000000742      -0.49829424664179212       0.69064589079125038     
   119.16000000000743      -0.47057225168235145       0.69304987398601692     
   119.20000000000744      -0.44280701930176047       0.69413080951477513     
   119.24000000000744      -0.41505153987240595       0.69388698573386354     
   119.28000000000745      -0.38735875704667155       0.69231957064335992     
   119.32000000000745      -0.35978144882242252       0.68943270560622594     
   119.36000000000746      -0.33237210568862569       0.68523357834492127     
   119.40000000000747      -0.30518280671621068       0.67973247431037553     
   119.44000000000747      -0.27826509448123316       0.67294280587443811     
   119.48000000000748      -0.25166984971477230       0.66488111916152148     
   119.52000000000749      -0.22544716656680669       0.65556707869913999     
   119.56000000000749      -0.19964622934994913       0.64502343042143906     
   119.60000000000750      -0.17431519159411066       0.63327594389596187     
   119.64000000000750      -0.14950105819595927       0.62035333495378475     
   119.68000000000751      -0.12524957138877355       0.60628717017964306     
   119.72000000000752      -0.10160510119054246       0.59111175495577717     
   119.76000000000752       -7.8610540912691762E-002  0.57486400694626727     
   119.80000000000753       -5.6307208230518324E-002  0.55758331705433595     
   119.84000000000754       -3.4734752231249805E-002  0.53931139998171285     
   119.88000000000754       -1.3931066768595467E-002  0.52009213656635844     
   119.92000000000755        6.0677896343549059E-003  0.49997141007375934     
   119.96000000000755        2.5227667177155761E-002  0.47899693857002135     
   120.00000000000756        4.3516391393781495E-002  0.45721810541564334     
   120.04000000000757        6.0903822985446845E-002  0.43468578979163386     
   120.08000000000757        7.7361910945836929E-002  0.41145219900975211     
   120.12000000000758        9.2864739112710912E-002  0.38757070417184963     
   120.16000000000759       0.10738856633413502       0.36309568053560276     
   120.20000000000759       0.12091186048299461       0.33808235372148987     
   120.24000000000760       0.13341532658958397       0.31258665266473368     
   120.28000000000760       0.14488192938885977       0.28666506998189523     
   120.32000000000761       0.15529691059647135       0.26037453019028967     
   120.36000000000762       0.16464780123624448       0.23377226599432821     
   120.40000000000762       0.17292442934187047       0.20691570264064957     
   120.44000000000763       0.18011892334776106       0.17986235014726443     
   120.48000000000764       0.18622571146912303       0.15266970303404931     
   120.52000000000764       0.19124151735013625       0.12539514702533053     
   120.56000000000765       0.19516535223261355        9.8095872061932793E-002
   120.60000000000765       0.19799850386666579        7.0828790851305876E-002
   120.64000000000766       0.19974452235070722        4.3650462101036042E-002
   120.68000000000767       0.20040920305165008        1.6617017523571261E-002
   120.72000000000767       0.20000056671838115       -1.0215908331723280E-002
   120.76000000000768       0.19852883686360279       -3.6793246369459173E-002
   120.80000000000769       0.19600641445183348       -6.3060560294232640E-002
   120.84000000000769       0.19244784989573732       -8.8964113902404079E-002
   120.88000000000770       0.18786981232986436      -0.11445093914682447     
   120.92000000000770       0.18229105610114793      -0.13946890571791085     
   120.96000000000771       0.17573238438985378      -0.16396679278235357     
   121.00000000000772       0.16821660985375536      -0.18789436340246046     
   121.04000000000772       0.15976851217267010      -0.21120244202713159     
   121.08000000000773       0.15041479236057559      -0.23384299530236266     
   121.12000000000774       0.14018402370866140      -0.25576921629785476     
   121.16000000000774       0.12910659922506865      -0.27693561208981865     
   121.20000000000775       0.11721467544580384      -0.29729809448162015     
   121.24000000000775       0.10454211250632887      -0.31681407348687424     
   121.28000000000776        9.1124410384433169E-002 -0.33544255304739246     
   121.32000000000777        7.6998641251853558E-002 -0.35314422831449027     
   121.36000000000777        6.2203377904253856E-002 -0.36988158368999252     
   121.40000000000778        4.6778618276007732E-002 -0.38561899070615308     
   121.44000000000779        3.0765706087018278E-002 -0.40032280472473636     
   121.48000000000779        1.4207247712717308E-002 -0.41396145935752426     
   121.52000000000780       -2.8529745855206852E-003 -0.42650555745594981     
   121.56000000000780       -2.0370092885056600E-002 -0.43792795748839786     
   121.60000000000781       -3.8298247049911624E-002 -0.44820385412137570     
   121.64000000000782       -5.6590681123753386E-002 -0.45731085184604392     
   121.68000000000782       -7.5199842345538934E-002 -0.46522903054463877     
   121.72000000000783       -9.4077482424399866E-002 -0.47194100197152328     
   121.76000000000784      -0.11317476067358646      -0.47743195622966494     
   121.80000000000784      -0.13244234857171555      -0.48168969745322743     
   121.84000000000785      -0.15183053529403487      -0.48470466805798312     
   121.88000000000785      -0.17128933373763844      -0.48646996109008950     
   121.92000000000786      -0.19076858655310200      -0.48698132038658870     
   121.96000000000787      -0.21021807169124343      -0.48623712845353562     
   122.00000000000787      -0.22958760697785913      -0.48423838216539233     
   122.04000000000788      -0.24882715324136120      -0.48098865658755191     
   122.08000000000789      -0.26788691553807609      -0.47649405741787260     
   122.12000000000789      -0.28671744204720995      -0.47076316272834645     
   122.16000000000790      -0.30526972024161797      -0.46380695486020096     
   122.20000000000790      -0.32349526998085570      -0.45563874348094380     
   122.24000000000791      -0.34134623321872448      -0.44627408094672005     
   122.28000000000792      -0.35877546006772681      -0.43573067122505832     
   122.32000000000792      -0.37573659101650653      -0.42402827371949342     
   122.36000000000793      -0.39218413515239503      -0.41118860339721297     
   122.40000000000794      -0.40807354429851572      -0.39723522865301764     
   122.44000000000794      -0.42336128303241316      -0.38219346834743584     
   122.48000000000795      -0.43800489460978675      -0.36609028943434008     
   122.52000000000795      -0.45196306287158738      -0.34895420654501597     
   122.56000000000796      -0.46519567026450592      -0.33081518482296352     
   122.60000000000797      -0.47766385215285839      -0.31170454720881186     
   122.64000000000797      -0.48933004764325705      -0.29165488725996686     
   122.68000000000798      -0.50015804718155976      -0.27069998845756721     
   122.72000000000799      -0.51011303721382828      -0.24887475080671195     
   122.76000000000799      -0.51916164222892791      -0.22621512537749081     
   122.80000000000800      -0.52727196451960057      -0.20275805726681512     
   122.84000000000800      -0.53441362201108167      -0.17854143728702726     
   122.88000000000801      -0.54055778451145087      -0.15360406250923114     
   122.92000000000802      -0.54567720873583192      -0.12798560560952593     
   122.96000000000802      -0.54974627244730934      -0.10172659278693476     
   123.00000000000803      -0.55274100804109738       -7.4868389844701247E-002
   123.04000000000804      -0.55463913587523739       -4.7453195853499039E-002
   123.08000000000804      -0.55542009762113853       -1.9524043647529313E-002
   123.12000000000805      -0.55506508987089542        8.8751937560772320E-003
   123.16000000000805      -0.55355709819584331        3.7699791876302069E-002
   123.20000000000806      -0.55088093180264830        6.6904159829875354E-002
   123.24000000000807      -0.54702325887981240        9.6441823070897187E-002
   123.28000000000807      -0.54197264266931566       0.12626540526241808     
   123.32000000000808      -0.53571957823578531       0.15632661083825744     
   123.36000000000809      -0.52825652983972260       0.18657620990156717     
   123.40000000000809      -0.51957796875265050       0.21696402717680266     
   123.44000000000810      -0.50968041128138486       0.24743893678164205     
   123.48000000000810      -0.49856245669688115       0.27794886461259261     
   123.52000000000811      -0.48622482469128259       0.30844080013996378     
   123.56000000000812      -0.47267039191600729       0.33886081938188189     
   123.60000000000812      -0.45790422708519363       0.36915412077034149     
   123.64000000000813      -0.44193362406390252       0.39926507553227797     
   123.68000000000814      -0.42476813230058874       0.42913729408284412     
   123.72000000000814      -0.40641958391001337       0.45871370976438369     
   123.76000000000815      -0.38690211666755575       0.48793668106144095     
   123.80000000000815      -0.36623219214040847       0.51674811317868263     
   123.84000000000816      -0.34442860815701254       0.54508959958489878     
   123.88000000000817      -0.32151250480487370       0.57290258380347125     
   123.92000000000817      -0.29750736315006099       0.60012854137031779     
   123.96000000000818      -0.27243899589053133       0.62670918148824140     
   124.00000000000819      -0.24633552919103907       0.65258666748730654     
   124.04000000000819      -0.21922737500058340       0.67770385476139161     
   124.08000000000820      -0.19114719322457904       0.70200454440010862     
   124.12000000000820      -0.16212984321325838       0.72543375028301660     
   124.16000000000821      -0.13221232413481843       0.74793797696099917     
   124.20000000000822      -0.10143370392560261       0.76946550523039547     
   124.24000000000822       -6.9835036648713114E-002  0.78996668192223729     
   124.28000000000823       -3.7459268244902713E-002  0.80939421009526002     
   124.32000000000824       -4.3511308228844428E-003  0.82770343555045678     
   124.36000000000824        2.9442974192684414E-002  0.84485262538922135     
   124.40000000000825        6.3875103561785218E-002  0.86080323422751992     
   124.44000000000825        9.8895909708343277E-002  0.87552015366395131     
   124.48000000000826       0.13445478733579658       0.88897194068633278     
   124.52000000000827       0.17050002817151089       0.90113102089285813     
   124.56000000000827       0.20697898267950221       0.91197386269978264     
   124.60000000000828       0.24383822744367201       0.92148111910424457     
   124.64000000000829       0.28102373680610410       0.92963773406080241     
   124.68000000000829       0.31848105725020726       0.93643301110257926     
   124.72000000000830       0.35615548294934196       0.94186064247836698     
   124.76000000000830       0.39399223086009005       0.94591869776870163     
   124.80000000000831       0.43193661372679959       0.94860957166773896     
   124.84000000000832       0.46993420938093289       0.94993989135333190     
   124.88000000000832       0.50793102476469831       0.94992038459413486     
   124.92000000000833       0.54587365318226921       0.94856571043927296     
   124.96000000000834       0.58370942338161991       0.94589425498376656     
   125.00000000000834       0.62138653919298426       0.94192789528410881     
   125.04000000000835       0.65885420859292232       0.93669173499845026     
   125.08000000000835       0.69606276122225019       0.93021381573319561     
   125.12000000000836       0.73296375355762933       0.92252480838447815     
   125.16000000000837       0.76951006111621534       0.91365768896465105     
   125.20000000000837       0.80565595725621719       0.90364740350004769     
   125.24000000000838       0.84135717831940748       0.89253052657975784     
   125.28000000000839       0.87657097504069459       0.88034491803217862     
   125.32000000000839       0.91125615032131480       0.86712938201550493     
   125.36000000000840       0.94537308362296202       0.85292333254117947     
   125.40000000000840       0.97888374238769382       0.83776646911829467     
   125.44000000000841        1.0117516810207201       0.82169846582565753     
   125.48000000000842        1.0439420280887488       0.80475867670071677     
   125.52000000000842        1.0754214624845351       0.78698585989465852     
   125.56000000000843        1.1061581793882911       0.76841792259389963     
   125.60000000000844        1.1361218469187744       0.74909168826208383     
   125.64000000000844        1.1652835544117461       0.72904268732429400     
   125.68000000000845        1.1936157532919756       0.70830497200573672     
   125.72000000000845        1.2210921915183008       0.68691095565813132     
   125.76000000000846        1.2476878425808695       0.66489127656421942     
   125.80000000000847        1.2733788300172006       0.64227468590827697     
   125.84000000000847        1.2981423483908299       0.61908795934073191     
   125.88000000000848        1.3219565816447898       0.59535583134899783     
   125.92000000000849        1.3448006197037565       0.57110095147416950     
   125.96000000000849        1.3666543741550750       0.54634386128295875     
   126.00000000000850        1.3874984937916339       0.52110299091397427     
   126.04000000000850        1.4073142807502046       0.49539467396426767     
   126.08000000000851        1.4260836079287094       0.46923317946261850     
   126.12000000000852        1.4437888383161734       0.44263075968660159     
   126.16000000000852        1.4604127468208623       0.41559771261722345     
   126.20000000000853        1.4759384451362187       0.38814245788391222     
   126.24000000000854        1.4903493101414211       0.36027162513006017     
   126.28000000000854        1.5036289162942784       0.33199015382143116     
   126.32000000000855        1.5157609724391998       0.30330140362303565     
   126.36000000000855        1.5267292634224494       0.27420727458123961     
   126.40000000000856        1.5365175968810028       0.24470833646383228     
   126.44000000000857        1.5451097555501503       0.21480396672868987     
   126.48000000000857        1.5524894554185060       0.18449249670889517     
   126.52000000000858        1.5586403100471558       0.15377136571624578     
   126.56000000000859        1.5635458013621031       0.12263728287368597     
   126.60000000000859        1.5671892572256270        9.1086396588097723E-002
   126.64000000000860        1.5695538360922630        5.9114471665901544E-002
   126.68000000000860        1.5706225190583771        2.6717074152852190E-002
   126.72000000000861        1.5703781096201377       -6.1102359559834160E-003
   126.76000000000862        1.5688032414624509       -3.9371703942171939E-002
   126.80000000000862        1.5658803946103232       -7.3071171303190990E-002
   126.84000000000863        1.5615919202832969      -0.10721185817566135     
   126.88000000000864        1.5559200748020487      -0.14179613703120403     
   126.92000000000864        1.5488470629028641      -0.17682529747961623     
   126.96000000000865        1.5403550908192070      -0.21229930209142905     
   127.00000000000865        1.5304264294886396      -0.24821653326418180     
   127.04000000000866        1.5190434882363348      -0.28457353130761992     
   127.08000000000867        1.5061888992716852      -0.32136472411624023     
   127.12000000000867        1.4918456133102120      -0.35858214903683117     
   127.16000000000868        1.4759970065971202      -0.39621516782729804     
   127.20000000000869        1.4586269995593579      -0.43425017594405685     
   127.24000000000869        1.4397201872477259      -0.47267030779079988     
   127.28000000000870        1.4192619816472234      -0.51145514001256165     
   127.32000000000870        1.3972387658302106      -0.55058039542532256     
   127.36000000000871        1.3736380598009903      -0.59001765073050927     
   127.40000000000872        1.3484486977301564      -0.62973405177084452     
   127.44000000000872        1.3216610161009077      -0.66969204073121580     
   127.48000000000873        1.2932670520863412      -0.70984910036416249     
   127.52000000000874        1.2632607512459935      -0.75015752100869271     
   127.56000000000874        1.2316381833718606      -0.79056419685332224     
   127.60000000000875        1.1983977650300843      -0.83101045854440714     
   127.64000000000875        1.1635404870369326      -0.87143194982879313     
   127.68000000000876        1.1270701447805234      -0.91175855641023207     
   127.72000000000877        1.0889935689584453      -0.95191439555195034     
   127.76000000000877        1.0493208539532710      -0.99181787512935604     
   127.80000000000878        1.0080655807220393       -1.0313818307807947     
   127.84000000000879       0.96524503074310031       -1.0705137494734751     
   127.88000000000879       0.92088038725706123       -1.1091160871509780     
   127.92000000000880       0.87499691977235117       -1.1470866871177519     
   127.96000000000880       0.82762414759584280       -1.1843193044127083     
   128.00000000000881       0.77879597801149270       -1.2207042396087522     
   128.04000000000880       0.72855081468171168       -1.2561290832445262     
   128.08000000000879       0.67693163190308137       -1.2904795694657571     
   128.12000000000879       0.62398601052439873       -1.3236405344670670     
   128.16000000000878       0.56976613164248757       -1.3554969720477776     
   128.20000000000877       0.51432872463763901       -1.3859351751212148     
   128.24000000000876       0.45773496669896274       -1.4148439484669069     
   128.28000000000876       0.40005033171763560       -1.4421158745331784     
   128.32000000000875       0.34134438728377209       -1.4676486108465876     
   128.36000000000874       0.28169053949425482       -1.4913461947379312     
   128.40000000000873       0.22116572634119061       -1.5131203288266053     
   128.44000000000872       0.15985006157398482       -1.5328916191801445     
   128.48000000000872        9.7826432076970588E-002  -1.5505907374253560     
   128.52000000000871        3.5180052939423903E-002  -1.5661594784386670     
   128.56000000000870       -2.8002014526483418E-002  -1.5795516866476831     
   128.60000000000869       -9.1631375584139779E-002  -1.5907340264414089     
   128.64000000000868      -0.15561883861063130       -1.5996865756622880     
   128.68000000000868      -0.21987496763179556       -1.6064032255291065     
   128.72000000000867      -0.28431064264981504       -1.6108918754504866     
   128.76000000000866      -0.34883761932269775       -1.6131744168220676     
   128.80000000000865      -0.41336907955511137       -1.6132865058103405     
   128.84000000000864      -0.47782016479702294       -1.6112771310477896     
   128.88000000000864      -0.54210848431029013       -1.6072079878316787     
   128.92000000000863      -0.60615459133360816       -1.6011526755829499     
   128.96000000000862      -0.66988242092420713       -1.5931957397649739     
   129.00000000000861      -0.73321968424470418       -1.5834315830124255     
   129.04000000000860      -0.79609821515514656       -1.5719632727610580     
   129.08000000000860      -0.85845426612081399       -1.5589012741416852     
   129.12000000000859      -0.92022875161311790       -1.5443621373075982     
   129.16000000000858      -0.98136743832352902       -1.5284671677602786     
   129.20000000000857       -1.0418210825926073       -1.5113411067269560     
   129.24000000000856       -1.1015455164472099       -1.4931108463650618     
   129.28000000000856       -1.1605016845146927       -1.4739042016870707     
   129.32000000000855       -1.2186556348263238       -1.4538487577907755     
   129.36000000000854       -1.2759784671231729       -1.4330708074212291     
   129.40000000000853       -1.3324462427331014       -1.4116943902482153     
   129.44000000000852       -1.3880398603997504       -1.3898404416662227     
   129.48000000000852       -1.4427449026212753       -1.3676260555381208     
   129.52000000000851       -1.4965514571095972       -1.3451638622080475     
   129.56000000000850       -1.5494539179245848       -1.3225615203746861     
   129.60000000000849       -1.6014507706880876       -1.2999213190875729     
   129.64000000000848       -1.6525443660571386       -1.2773398842262733     
   129.68000000000848       -1.7027406853508971       -1.2549079823439633     
   129.72000000000847       -1.7520491018982856       -1.2327104136847129     
   129.76000000000846       -1.8004821413177274       -1.2108259854860466     
   129.80000000000845       -1.8480552435703090       -1.1893275563145400     
   129.84000000000844       -1.8947865292545609       -1.1682821421062977     
   129.88000000000844       -1.9406965722444767       -1.1477510747478954     
   129.92000000000843       -1.9858081804200329       -1.1277902043889090     
   129.96000000000842       -2.0301461859071921       -1.1084501371789783     
   130.00000000000841       -2.0737372459363432       -1.0897765007287810     
   130.04000000000840       -2.1166096551470757       -1.0718102302683143     
   130.08000000000840       -2.1587931699145031       -1.0545878691856891     
   130.12000000000839       -2.2003188450484514       -1.0381418783487066     
   130.16000000000838       -2.2412188830211890       -1.0225009493184345     
   130.20000000000837       -2.2815264957108776       -1.0076903172422138     
   130.24000000000837       -2.3212757785049072      -0.99373206985074247     
   130.28000000000836       -2.3605015964877691      -0.98064544957154398     
   130.32000000000835       -2.3992394823399263      -0.96844714630392503     
   130.36000000000834       -2.4375255454949554      -0.95715157887572766     
   130.40000000000833       -2.4753963920397233      -0.94677116361919367     
   130.44000000000833       -2.5128890547942464      -0.93731656886307790     
   130.48000000000832       -2.5500409329719664      -0.92879695444300236     
   130.52000000000831       -2.5868897407953648      -0.92122019558496226     
   130.56000000000830       -2.6234734644242241      -0.91459309072148265     
   130.60000000000829       -2.6598303265426266      -0.90892155296005706     
   130.64000000000829       -2.6959987579443534      -0.90421078504317232     
   130.68000000000828       -2.7320173754532493      -0.90046543772239274     
   130.72000000000827       -2.7679249655140277      -0.89768975151946306     
   130.76000000000826       -2.8037604727887802      -0.89588768186881185     
   130.80000000000825       -2.8395629930940425      -0.89506300763155999     
   130.84000000000825       -2.8753717700118142      -0.89521942294429879     
   130.88000000000824       -2.9112261945045885      -0.89636061231935904     
   130.92000000000823       -2.9471658068585764      -0.89849030884969983     
   130.96000000000822       -2.9832303002703116      -0.90161233529338336     
   131.00000000000821       -3.0194595253791991      -0.90573062772219259     
   131.04000000000821       -3.0558934950319419      -0.91084924131856737     
   131.08000000000820       -3.0925723885438203      -0.91697233779695908     
   131.12000000000819       -3.1295365546963119      -0.92410415381228339     
   131.16000000000818       -3.1668265126803887      -0.93224894960191718     
   131.20000000000817       -3.2044829501600476      -0.94141093699146594     
   131.24000000000817       -3.2425467175913076      -0.95159418578149801     
   131.28000000000816       -3.2810588178883595      -0.96280250742630236     
   131.32000000000815       -3.3200603904811921      -0.97503931482081063     
   131.36000000000814       -3.3595926887585197      -0.98830745693318645     
   131.40000000000813       -3.3996970498370871       -1.0026090269641830     
   131.44000000000813       -3.4404148555445744       -1.0179451426871873     
   131.48000000000812       -3.4817874834498932       -1.0343156976329704     
   131.52000000000811       -3.5238562467234886       -1.0517190818398903     
   131.56000000000810       -3.5666623215636593       -1.0701518710042703     
   131.60000000000809       -3.6102466608856125       -1.0896084830488326     
   131.64000000000809       -3.6546498929413183       -1.1100808013926449     
   131.68000000000808       -3.6999122035240557       -1.1315577645684385     
   131.72000000000807       -3.7460732004163617       -1.1540249223076526     
   131.76000000000806       -3.7931717587690010       -1.1774639588159796     
   131.80000000000805       -3.8412458461573324       -1.2018521847082870     
   131.84000000000805       -3.8903323261563902       -1.2271619999764414     
   131.88000000000804       -3.9404667394139778       -1.2533603314396899     
   131.92000000000803       -3.9916830613893599       -1.2804080493845462     
   131.96000000000802       -4.0440134361711282       -1.3082593695442091     
   132.00000000000801       -4.0974878860988939       -1.3368612481941442     
   132.04000000000801       -4.1521339972964535       -1.3661527799389945     
   132.08000000000800       -4.2079765816849761       -1.3960646097130620     
   132.12000000000799       -4.2650373165879492       -1.4265183725743296     
   132.16000000000798       -4.3233343636673629       -1.4574261769853480     
   132.20000000000798       -4.3828819696421117       -1.4886901493687270     
   132.24000000000797       -4.4436900520302949       -1.5202020597045844     
   132.28000000000796       -4.5057637740176615       -1.5518430496841733     
   132.32000000000795       -4.5691031134700033       -1.5834834863085481     
   132.36000000000794       -4.6337024320566131       -1.6149829646652514     
   132.40000000000794       -4.6995500514069084       -1.6461904837573837     
   132.44000000000793       -4.7666278441477026       -1.6769448185198441     
   132.48000000000792       -4.8349108485222523       -1.7070751093637480     
   132.52000000000791       -4.9043669160257668       -1.7364016875878630     
   132.56000000000790       -4.9749564020524470       -1.7647371506670084     
   132.60000000000790       -5.0466319098807704       -1.7918876957080854     
   132.64000000000789       -5.1193380983713688       -1.8176547122649696     
   132.68000000000788       -5.1930115634644087       -1.8418366273259905     
   132.72000000000787       -5.2675808028980216       -1.8642309858403103     
   132.76000000000786       -5.3429662724961942       -1.8846367399543171     
   132.80000000000786       -5.4190805408810396       -1.9028567096211273     
   132.84000000000785       -5.4958285475594808       -1.9187001669610260     
   132.88000000000784       -5.5731079670514658       -1.9319854872996292     
   132.92000000000783       -5.6508096791252180       -1.9425428018438116     
   132.96000000000782       -5.7288183423697667       -1.9502165811137064     
   133.00000000000782       -5.8070130653740941       -1.9548680751081950     
   133.04000000000781       -5.8852681668218789       -1.9563775361946283     
   133.08000000000780       -5.9634540129882199       -1.9546461541585340     
   133.12000000000779       -6.0414379185796188       -1.9495976397849650     
   133.16000000000778       -6.1190850947230553       -1.9411794035859062     
   133.20000000000778       -6.1962596262993683       -1.9293632894078245     
   133.24000000000777       -6.2728254598192041       -1.9141458379958900     
   133.28000000000776       -6.5462075532566999E-002  -1.8955480723237181     
   133.32000000000775      -0.14040666807949284       -1.8736148136731461     
   133.36000000000774      -0.21434321024289837       -1.8484135540851385     
   133.40000000000774      -0.28714452728145878       -1.8200329259640105     
   133.44000000000773      -0.35868776018101545       -1.7885808224889170     
   133.48000000000772      -0.42885504947863440       -1.7541822324404730     
   133.52000000000771      -0.49753412386605911       -1.7169768596856172     
   133.56000000000770      -0.56461878789509223       -1.6771166007258285     
   133.60000000000770      -0.63000930603462391       -1.6347629534882924     
   133.64000000000769      -0.69361268312363400       -1.5900844272252519     
   133.68000000000768      -0.75534284382167560       -1.5432540174510403     
   133.72000000000767      -0.81512071589653101       -1.4944468018713852     
   133.76000000000766      -0.87287422405192872       -1.4438377038849435     
   133.80000000000766      -0.92853820245612817       -1.3915994601049866     
   133.84000000000765      -0.98205423517846246       -1.3379008180583563     
   133.88000000000764       -1.0333704343900136       -1.2829049802887766     
   133.92000000000763       -1.0824411664676090       -1.2267683019398832     
   133.96000000000762       -1.1292267361006041       -1.1696392408248744     
   134.00000000000762       -1.1736930381884854       -1.1116575521970324     
   134.04000000000761       -1.2158111867887846       -1.0529537150074819     
   134.08000000000760       -1.2555571296837251      -0.99364857237351178     
   134.12000000000759       -1.2929112563321981      -0.93385316621182435     
   134.16000000000759       -1.3278580061079468      -0.87366874439371600     
   134.20000000000758       -1.3603854828358495      -0.81318691819756850     
   134.24000000000757       -1.3904850807596576      -0.75248994809520187     
   134.28000000000756       -1.4181511262331010      -0.69165113683608359     
   134.32000000000755       -1.4433805386417964      -0.63073531021738594     
   134.36000000000755       -1.4661725133495116      -0.56979936769287887     
   134.40000000000754       -1.4865282288272217      -0.50889288694275292     
   134.44000000000753       -1.5044505795705714      -0.44805876858374333     
   134.48000000000752       -1.5199439359405587      -0.38733390924968214     
   134.52000000000751       -1.5330139316702562      -0.32674989324244164     
   134.56000000000751       -1.5436672794617019      -0.26633369478613955     
   134.60000000000750       -1.5519116148446379      -0.20610838457339997     
   134.64000000000749       -1.5577553682744258      -0.14609383574469623     
   134.68000000000748       -1.5612076653014000       -8.6307425674350693E-002
   134.72000000000747       -1.5622782545390781       -2.6764730941951226E-002
   134.76000000000747       -1.5609774630848487        3.2519786355735845E-002
   134.80000000000746       -1.5573161789949721        9.1532102246917102E-002
   134.84000000000745       -1.5513058603771639       0.15025796544520398     
   134.88000000000744       -1.5429585706301949       0.20868224367422678     
   134.92000000000743       -1.5322870393227297       0.26678828268662808     
   134.96000000000743       -1.5193047481553725       0.32455727918392807     
   135.00000000000742       -1.5040260413833657       0.38196766930017234     
   135.04000000000741       -1.4864662599859535       0.43899453493530494     
   135.08000000000740       -1.4666418987460312       0.49560903099805503     
   135.12000000000739       -1.4445707852450762       0.55177783752387788     
   135.16000000000739       -1.4202722795791511       0.60746264164812480     
   135.20000000000738       -1.3937674933587556       0.66261965550988955     
   135.24000000000737       -1.3650795262666213       0.71719917730335969     
   135.28000000000736       -1.3342337181130539       0.77114520383918406     
   135.32000000000735       -1.3012579139499147       0.82439510407848138     
   135.36000000000735       -1.2661827393859790       0.87687936409839529     
   135.40000000000734       -1.2290418827950187       0.92852141477401062     
   135.44000000000733       -1.1898723806332956       0.97923755404307666     
   135.48000000000732       -1.1487149015981828        1.0289369758778188     
   135.52000000000731       -1.1056140248805875        1.0775219179398836     
   135.56000000000731       -1.0606185073102272        1.1248879392590088     
   135.60000000000730       -1.0137815337870864        1.1709243380785208     
   135.64000000000729      -0.96516094505952932        1.2155147181889245     
   135.68000000000728      -0.91481943667625287        1.2585377095819121     
   135.72000000000727      -0.86282472283283429        1.2998678460854656     
   135.76000000000727      -0.80924965888062061        1.3393765988053410     
   135.80000000000726      -0.75417231649024929        1.3769335597592822     
   135.84000000000725      -0.69767600588408074        1.4124077651542137     
   135.88000000000724      -0.63984924018494482        1.4456691424783992     
   135.92000000000724      -0.58078563777844161        1.4765900601625814     
   135.96000000000723      -0.52058375964839643        1.5050469532511292     
   136.00000000000722      -0.45934687990466805        1.5309219935932101     
   136.04000000000721      -0.39718268915227845        1.5541047688097402     
   136.08000000000720      -0.33420293191194678        1.5744939310082913     
   136.12000000000720      -0.27052298094487370        1.5919987741768273     
   136.16000000000719      -0.20626135300029713        1.6065406986144144     
   136.20000000000718      -0.14153917212781725        1.6180545218119973     
   136.24000000000717       -7.6479588209736465E-002   1.6264895979520195     
   136.28000000000716       -1.1207159704705885E-002   1.6318107126257644     
   136.32000000000716        5.4152789308906643E-002   1.6339987253403132     
   136.36000000000715       0.11947482689567201        1.6330509396691342     
   136.40000000000714       0.18463407446236604        1.6289811891673507     
   136.44000000000713       0.24950685990359034        1.6218196360306076     
   136.48000000000712       0.31397135144312338        1.6116122884883255     
   136.52000000000712       0.37790816150871448        1.5984202516397779     
   136.56000000000711       0.44120091088622582        1.5823187344377843     
   136.60000000000710       0.50373674458320106        1.5633958424243806     
   136.64000000000709       0.56540679223628387        1.5417511913270694     
   136.68000000000708       0.62610656745746740        1.5174943805295882     
   136.72000000000708       0.68573630216299897        1.4907433676382877     
   136.76000000000707       0.74420121359817049        1.4616227858792870     
   136.80000000000706       0.80141170339752543        1.4302622449838722     
   136.84000000000705       0.85728348954682121        1.3967946537323954     
   136.88000000000704       0.91173767349375479        1.3613545986733402     
   136.92000000000704       0.96470074585358745        1.3240768089958168     
   136.96000000000703        1.0161045351498972        1.2850947324077431     
   137.00000000000702        1.0658861048079120        1.2445392414503704     
   137.04000000000701        1.1139876041771910        1.2025374842319758     
   137.08000000000700        1.1603560797101076        1.1592118883229114     
   137.12000000000700        1.2049432525785011        1.1146793217098399     
   137.16000000000699        1.2477052689944852        1.0690504103996039     
   137.20000000000698        1.2886024293378937        1.0224290085852106     
   137.24000000000697        1.3275989019093026       0.97491181428522478     
   137.28000000000696        1.3646624267513625       0.92658812105149602     
   137.32000000000696        1.3997640145387291       0.87753969468416637     
   137.36000000000695        1.4328776450526550       0.82784076284814634     
   137.40000000000694        1.4639799692520648       0.77755810498524247     
   137.44000000000693        1.4930500184474265       0.72675122988404506     
   137.48000000000692        1.5200689235923970       0.67547262862426327     
   137.52000000000692        1.5450196472433015       0.62376809127261235     
   137.56000000000691        1.5678867303071757       0.57167707659685307     
   137.60000000000690        1.5886560553116966       0.51923312511302233     
   137.64000000000689        1.6073146275887491       0.46646430692631169     
   137.68000000000688        1.6238503754693627       0.41339369701533790     
   137.72000000000688        1.6382519703413008       0.36003987179845198     
   137.76000000000687        1.6505086672202367       0.30641742197339950     
   137.80000000000686        1.6606101663286275       0.25253747770976986     
   137.84000000000685        1.6685464960596450       0.19840824327543810     
   137.88000000000685        1.6743079176227313       0.14403553907716110     
   137.92000000000684        1.6778848516179061        8.9423349879370423E-002
   137.96000000000683        1.6792678267628980        3.4574378624798958E-002
   138.00000000000682        1.6784474509952481       -2.0509394191250883E-002
   138.04000000000681        1.6754144051852320       -7.5826145250401961E-002
   138.08000000000681        1.6701594597190730      -0.13137363665397661     
   138.12000000000680        1.6626735142395066      -0.18714863698915962     
   138.16000000000679        1.6529476608561569      -0.24314633458374568     
   138.20000000000678        1.6409732711549234      -0.29935974253083775     
   138.24000000000677        1.6267421073369568      -0.35577909544916758     
   138.28000000000677        1.6102464577967832      -0.41239123850433773     
   138.32000000000676        1.5914792973984646      -0.46917900995796652     
   138.36000000000675        1.5704344726208319      -0.52612061944081734     
   138.40000000000674        1.5471069116102194      -0.58318902526531435     
   138.44000000000673        1.5214928589941736      -0.64035131540114487     
   138.48000000000673        1.4935901350650622      -0.69756809822778354     
   138.52000000000672        1.4633984186316771      -0.75479291083462929     
   138.56000000000671        1.4309195524541722      -0.81197165443762265     
   138.60000000000670        1.3961578697188692      -0.86904206838257758     
   138.64000000000669        1.3591205394725989      -0.92593325615675981     
   138.68000000000669        1.3198179283221592      -0.98256527876099375     
   138.72000000000668        1.2782639750175420       -1.0388488326154324     
   138.76000000000667        1.2344765737865728       -1.0946850307742293     
   138.80000000000666        1.1884779614873755       -1.1499653074799325     
   138.84000000000665        1.1402951028132489       -1.2045714668531649     
   138.88000000000665        1.0899600669480198       -1.2583758966307235     
   138.92000000000664        1.0375103882610444       -1.3112419671743887     
   138.96000000000663       0.98298940288835845       -1.3630246343171484     
   139.00000000000662       0.92644655241417961       -1.4135712618544700     
   139.04000000000661       0.86793764539339868       -1.4627226755195244     
   139.08000000000661       0.80752506719155348       -1.5103144550461296     
   139.12000000000660       0.74527792861429487       -1.5561784644314665     
   139.16000000000659       0.68127214410009884       -1.6001446128549008     
   139.20000000000658       0.61559043089699528       -1.6420428300775887     
   139.24000000000657       0.54832222166376376       -1.6817052308307885     
   139.28000000000657       0.47956348434008927       -1.7189684330918626     
   139.32000000000656       0.40941644491087953       -1.7536759857302437     
   139.36000000000655       0.33798921081745997       -1.7856808523354886     
   139.40000000000654       0.26539529518917088       -1.8148478907072276     
   139.44000000000653       0.19175304470604998       -1.8410562620780224     
   139.48000000000653       0.11718497665863750       -1.8642017011853120     
   139.52000000000652        4.1817033529394032E-002  -1.8841985782310868     
   139.56000000000651       -3.4222233944011748E-002  -1.9009816868351446     
   139.60000000000650      -0.11080254187888902       -1.9145076983719318     
   139.64000000000649      -0.18779279117627390       -1.9247562324346215     
   139.68000000000649      -0.26506201138512497       -1.9317305052212761     
   139.72000000000648      -0.34248031265741741       -1.9354575318073102     
   139.76000000000647      -0.41991982760972218       -1.9359878738076195     
   139.80000000000646      -0.49725562520892674       -1.9333949399801138     
   139.84000000000646      -0.57436657972798488       -1.9277738629764538     
   139.88000000000645      -0.65113617932131085       -1.9192399898331476     
   139.92000000000644      -0.72745326076716155       -1.9079270361462686     
   139.96000000000643      -0.80321265931022656       -1.8939849635766259     
   140.00000000000642      -0.87831576518955379       -1.8775776469831797     
   140.04000000000642      -0.95267098122550842       -1.8588804008988649     
   140.08000000000641       -1.0261940786369317       -1.8380774352855840     
   140.12000000000640       -1.0988084509479785       -1.8153593077761738     
   140.16000000000639       -1.1704452683214526       -1.7909204343368521     
   140.20000000000638       -1.2410435368409081       -1.7649567129863895     
   140.24000000000638       -1.3105500690998841       -1.7376633064744031     
   140.28000000000637       -1.3789193739099044       -1.7092326202505084     
   140.32000000000636       -1.4461134739985988       -1.6798525022173607     
   140.36000000000635       -1.5121016612448648       -1.6497046811566505     
   140.40000000000634       -1.5768601993153015       -1.6189634517609184     
   140.44000000000634       -1.6403719835635606       -1.5877946062064794     
   140.48000000000633       -1.7026261677783634       -1.5563546053700688     
   140.52000000000632       -1.7636177668676449       -1.5247899772320390     
   140.56000000000631       -1.8233472438973970       -1.4932369257438012     
   140.60000000000630       -1.8818200891141239       -1.4618211304181734     
   140.64000000000630       -1.9390463977152002       -1.4306577150269082     
   140.68000000000629       -1.9950404522321101       -1.3998513629227507     
   140.72000000000628       -2.0498203144915754       -1.3694965564866275     
   140.76000000000627       -2.1034074312463713       -1.3396779188698937     
   140.80000000000626       -2.1558262567422344       -1.3104706373965731     
   140.84000000000626       -2.2071038947247223       -1.2819409495621945     
   140.88000000000625       -2.2572697616999871       -1.2541466743816134     
   140.92000000000624       -2.3063552726513792       -1.2271377737848039     
   140.96000000000623       -2.3543935498811353       -1.2009569307439072     
   141.00000000000622       -2.4014191551916735       -1.1756401327634527     
   141.04000000000622       -2.4474678452406158       -1.1512172512235623     
   141.08000000000621       -2.4925763495923876       -1.1277126087942926     
   141.12000000000620       -2.5367821707409131       -1.1051455287131375     
   141.16000000000619       -2.5801234051858604       -1.0835308611236771     
   141.20000000000618       -2.6226385845021416       -1.0628794829070354     
   141.24000000000618       -2.6643665352422152       -1.0431987685018405     
   141.28000000000617       -2.7053462564466324       -1.0244930301104260     
   141.32000000000616       -2.7456168135042396       -1.0067639264401840     
   141.36000000000615       -2.7852172470939416      -0.99001083974255066     
   141.40000000000614       -2.8241864959500376      -0.97423122140240115     
   141.44000000000614       -2.8625633322185284      -0.95942090671226798     
   141.48000000000613       -2.9003863082086516      -0.94557439975307933     
   141.52000000000612       -2.9376937133890366      -0.93268512950962978     
   141.56000000000611       -2.9745235405285291      -0.92074567848730959     
   141.60000000000610       -3.0109134599356557      -0.90974798517817135     
   141.64000000000610       -3.0469008008060330      -0.89968352175943300     
   141.68000000000609       -3.0825225387422326      -0.89054344840498623     
   141.72000000000608       -3.1178152885645622      -0.88231874555824330     
   141.76000000000607       -3.1528153015829408      -0.87500032545945894     
   141.80000000000607       -3.1875584665488703      -0.86857912414823624     
   141.84000000000606       -3.2220803135519556      -0.86304617507712833     
   141.88000000000605       -3.2564160201671219      -0.85839266537916359     
   141.92000000000604       -3.2906004191964877      -0.85460997573414299     
   141.96000000000603       -3.3246680073836292      -0.85168970467853311     
   142.00000000000603       -3.3586529545077930      -0.84962367810409023     
   142.04000000000602       -3.3925891122915126      -0.84840394459299406     
   142.08000000000601       -3.4265100225772707      -0.84802275714395237     
   142.12000000000600       -3.4604489242475100      -0.84847254175598075     
   142.16000000000599       -3.4944387583777377      -0.84974585325568497     
   142.20000000000599       -3.5285121711249841      -0.85183531868115681     
   142.24000000000598       -3.5627015138638747      -0.85473356847226467     
   142.28000000000597       -3.5970388400904505      -0.85843315566439748     
   142.32000000000596       -3.6315558986201264      -0.86292646324189504     
   142.36000000000595       -3.6662841226113194      -0.86820559977982714     
   142.40000000000595       -3.7012546139509159      -0.87426228348991497     
   142.44000000000594       -3.7364981225425078      -0.88108771478979553     
   142.48000000000593       -3.7720450200439557      -0.88867243753620229     
   142.52000000000592       -3.8079252676081063      -0.89700618910377061     
   142.56000000000591       -3.8441683771902651      -0.90607773955396587     
   142.60000000000591       -3.8808033659992671      -0.91587472022505223     
   142.64000000000590       -3.9178587036867083      -0.92638344218602831     
   142.68000000000589       -3.9553622518921880      -0.93758870513699222     
   142.72000000000588       -3.9933411957924783      -0.94947359750725713     
   142.76000000000587       -4.0318219673405684      -0.96201928870225628     
   142.80000000000587       -4.0708301599278496      -0.97520481468202858     
   142.84000000000586       -4.1103904342605890      -0.98900685831849100     
   142.88000000000585       -4.1505264153116155       -1.0033995262756712     
   142.92000000000584       -4.1912605802910381       -1.0183541244855572     
   142.96000000000583       -4.2326141376770385       -1.0338389346500014     
   143.00000000000583       -4.2746068974603393       -1.0498189945825296     
   143.04000000000582       -4.3172571328846443       -1.0662558856076172     
   143.08000000000581       -4.3605814341107125       -1.0831075306516982     
   143.12000000000580       -4.4045945543939267       -1.1003280070803558     
   143.16000000000579       -4.4493092495438438       -1.1178673787479272     
   143.20000000000579       -4.4947361116284306       -1.1356715521146781     
   143.24000000000578       -4.5408833980938610       -1.1536821616357538     
   143.28000000000577       -4.5877568576904908       -1.1718364899157514     
   143.32000000000576       -4.6353595548237383       -1.1900674283311858     
   143.36000000000575       -4.6836916941808067       -1.2083034839267075     
   143.40000000000575       -4.7327504477154010       -1.2264688383648488     
   143.44000000000574       -4.7825297862965312       -1.2444834645282601     
   143.48000000000573       -4.8330203185370761       -1.2622633060136303     
   143.52000000000572       -4.8842091395049119       -1.2797205241958964     
   143.56000000000572       -4.9360796921753920       -1.2967638167619924     
   143.60000000000571       -4.9886116445995157       -1.3132988106030956     
   143.64000000000570       -5.0417807858278589       -1.3292285307085852     
   143.68000000000569       -5.0955589436370090       -1.3444539452287545     
   143.72000000000568       -5.1499139270443273       -1.3588745851829565     
   143.76000000000568       -5.2048094964608911       -1.3723892354140970     
   143.80000000000567       -5.2602053641157474       -1.3848966913713996     
   143.84000000000566       -5.3160572270836184       -1.3962965741967859     
   143.88000000000565       -5.3723168348621932       -1.4064901944643826     
   143.92000000000564       -5.4289320929764671       -1.4153814528568398     
   143.96000000000564       -5.4858472035422157       -1.4228777641437138     
   144.00000000000563       -5.5430028431081269       -1.4288909891477883     
   144.04000000000562       -5.6003363774295716       -1.4333383580361270     
   144.08000000000561       -5.6577821121231437       -1.4361433673392987     
   144.12000000000560       -5.7152715774294869       -1.4372366326585784     
   144.16000000000560       -5.7727338445944429       -1.4365566791238948     
   144.20000000000559       -5.8300958706884325       -1.4340506523497496     
   144.24000000000558       -5.8872828680448759       -1.4296749339110848     
   144.28000000000557       -5.9442186939331343       -1.4233956472064619     
   144.32000000000556       -6.0008262556108560       -1.4151890419430349     
   144.36000000000556       -6.0570279255424522       -1.4050417482899111     
   144.40000000000555       -6.1127459613385424       -1.3929508949022629     
   144.44000000000554       -6.1679029248744355       -1.3789240883973177     
   144.48000000000553       -6.2224220950877056       -1.3629792553317626     
   144.52000000000552       -6.2762278691336970       -1.3451443511497856     
   144.56000000000552       -4.6060839706377976E-002  -1.3254569438066892     
   144.60000000000551       -9.8219387014391354E-002  -1.3039636827003345     
   144.64000000000550      -0.14944817365659424       -1.2807196660550717     
   144.68000000000549      -0.19967968253327728       -1.2557877219170761     
   144.72000000000548      -0.24884918730847999       -1.2292376193800680     
   144.76000000000548      -0.29689499641004197       -1.2011452275390488     
   144.80000000000547      -0.34375866200877658       -1.1715916399683661     
   144.84000000000546      -0.38938515329945972       -1.1406622822670784     
   144.88000000000545      -0.43372299407786208       -1.1084460194600589     
   144.92000000000544      -0.47672436523212192       -1.0750342788564959     
   144.96000000000544      -0.51834517332932362       -1.0405202024300422     
   145.00000000000543      -0.55854508696874172       -1.0049978409854521     
   145.04000000000542      -0.59728754298495890      -0.96856140040542871     
   145.08000000000541      -0.63453972491358468      -0.93130454821564457     
   145.12000000000540      -0.67027251637940122      -0.89331978664541412     
   145.16000000000540      -0.70446043223404176      -0.85469789636601357     
   145.20000000000539      -0.73708153036267188      -0.81552745321575304     
   145.24000000000538      -0.76811730710327508      -0.77589441851507890     
   145.28000000000537      -0.79755257918597622      -0.73588180206752762     
   145.32000000000536      -0.82537535501205739      -0.69556939565202947     
   145.36000000000536      -0.85157669796191038      -0.65503357374632554     
   145.40000000000535      -0.87615058425702586      -0.61434715737788614     
   145.44000000000534      -0.89909375771172828      -0.57357933636756120     
   145.48000000000533      -0.92040558350357127      -0.53279564479607555     
   145.52000000000533      -0.94008790287413257      -0.49205798426403219     
   145.56000000000532      -0.95814489045050599      -0.45142468940933633     
   145.60000000000531      -0.97458291565721866      -0.41095063016781547     
   145.64000000000530      -0.98941040947279002      -0.37068734538928483     
   145.68000000000529       -1.0026377375779660      -0.33068320262940204     
   145.72000000000529       -1.0142770807462096      -0.29098357920608731     
   145.76000000000528       -1.0243423231429698      -0.25163105991900409     
   145.80000000000527       -1.0328489490295696      -0.21266564716499647     
   145.84000000000526       -1.0398139482106683      -0.17412497952746608     
   145.88000000000525       -1.0452557304211503      -0.13604455526204867     
   145.92000000000525       -1.0491940487185778       -9.8457957435689691E-002
   145.96000000000524       -1.0516499318303654       -6.1397077794687317E-002
   146.00000000000523       -1.0526456252997634       -2.4892336734951247E-002
   146.04000000000522       -1.0522045411806398        1.1027102978090786E-002
   146.08000000000521       -1.0503512159469224        4.6333130842937158E-002
   146.12000000000521       -1.0471112762074579        8.0998493486609591E-002
   146.16000000000520       -1.0425114117500152       0.11499661143606833     
   146.20000000000519       -1.0365793553783815       0.14830140929084301     
   146.24000000000518       -1.0293438689532615       0.18088716062800167     
   146.28000000000517       -1.0208347350003830       0.21272834882196376     
   146.32000000000517       -1.0110827532074205       0.24379954482406513     
   146.36000000000516       -1.0001197410947649       0.27407530281638970     
   146.40000000000515      -0.98797853811366898       0.30353007452739739     
   146.44000000000514      -0.97469301239888384       0.33213814286962895     
   146.48000000000513      -0.96029806938173146       0.35987357542881071     
   146.52000000000513      -0.94482966145389324       0.38671019819595509     
   146.56000000000512      -0.92832479786241429       0.41262158978697483     
   146.60000000000511      -0.91082155401298015       0.43758109623585401     
   146.64000000000510      -0.89235907936193204       0.46156186627620333     
   146.68000000000509      -0.87297760308827410       0.48453690684144940     
   146.72000000000509      -0.85271843675562842       0.50647915831614343     
   146.76000000000508      -0.83162397320118986       0.52736158886096440     
   146.80000000000507      -0.80973768092463572       0.54715730691385411     
   146.84000000000506      -0.78710409329495057       0.56583969074212837     
   146.88000000000505      -0.76376879194739100       0.58338253368898996     
   146.92000000000505      -0.73977838380630934       0.59976020352704162     
   146.96000000000504      -0.71518047124206063       0.61494781410621879     
   147.00000000000503      -0.69002361495127373       0.62892140726967349     
   147.04000000000502      -0.66435728923869242       0.64165814281453248     
   147.08000000000501      -0.63823182947464108       0.65313649410128449     
   147.12000000000501      -0.61169837160376350       0.66333644677193881     
   147.16000000000500      -0.58480878368660960       0.67223969792884875     
   147.20000000000499      -0.55761558956427126       0.67982985305845822     
   147.24000000000498      -0.53017188484580502       0.68609261796165499     
   147.28000000000497      -0.50253124552667272       0.69101598297830802     
   147.32000000000497      -0.47474762965186978       0.69459039687007273     
   147.36000000000496      -0.44687527253773363       0.69680892785340420     
   147.40000000000495      -0.41896857615960897       0.69766740945311645     
   147.44000000000494      -0.39108199339667421       0.69716456907336910     
   147.48000000000494      -0.36326990789852787       0.69530213745365810     
   147.52000000000493      -0.33558651039905701       0.69208493748677169     
   147.56000000000492      -0.30808567235038176       0.68752095121688184     
   147.60000000000491      -0.28082081778234114       0.68162136420101571     
   147.64000000000490      -0.25384479431045176       0.67440058679723447     
   147.68000000000490      -0.22720974421731099       0.66587625232851921     
   147.72000000000489      -0.20096697651919135       0.65606919245299089     
   147.76000000000488      -0.17516684090162468       0.64500339043916677     
   147.80000000000487      -0.14985860436600812       0.63270591339041438     
   147.84000000000486      -0.12509033137491374       0.61920682477735967     
   147.88000000000486      -0.10090876821837226       0.60453907891353686     
   147.92000000000485       -7.7359232248687307E-002  0.58873839924212379     
   147.96000000000484       -5.4485506549257046E-002  0.57184314248575641     
   148.00000000000483       -3.2329740515485747E-002  0.55389415084428251     
   148.04000000000482       -1.0932356735261581E-002  0.53493459450560410     
   148.08000000000482        9.6680355352491282E-003  0.51500980676276775     
   148.12000000000481        2.9434720095566420E-002  0.49416711400793228     
   148.16000000000480        4.8332946607720556E-002  0.47245566280385332     
   148.20000000000479        6.6329996452531959E-002  0.44992624612028492     
   148.24000000000478        8.3395241679385904E-002  0.42663113067134856     
   148.28000000000478        9.9500197163637158E-002  0.40262388710628139     
   148.32000000000477       0.11461856614749052       0.37795922459633419     
   148.36000000000476       0.12872627939274864       0.35269283113145278     
   148.40000000000475       0.14180152821667924       0.32688122059826519     
   148.44000000000474       0.15382479171516569       0.30058158746216157     
   148.48000000000474       0.16477885850024210       0.27385166962691049     
   148.52000000000473       0.17464884329227620       0.24674961980085294     
   148.56000000000472       0.18342219871084661       0.21933388546426055     
   148.60000000000471       0.19108872260333923       0.19166309731231521     
   148.64000000000470       0.19764056123718324       0.16379596584610012     
   148.68000000000470       0.20307220866130585       0.13579118560306522     
   148.72000000000469       0.20738050251574905       0.10770734636107998     
   148.76000000000468       0.21056461653647870        7.9602850518241453E-002
   148.80000000000467       0.21262604996629161        5.1535835745322667E-002
   148.84000000000466       0.21356861404348604        2.3564101929860880E-002
   148.88000000000466       0.21339841569871254       -4.2549586193371611E-003
   148.92000000000465       0.21212383854826394       -3.1864428761215202E-002
   148.96000000000464       0.20975552123007526       -5.9207932954716741E-002
   149.00000000000463       0.20630633308792903       -8.6229703553656098E-002
   149.04000000000462       0.20179134717079200      -0.11287464792842614     
   149.08000000000462       0.19622781047878321      -0.13908841730022004     
   149.12000000000461       0.18963511135585001      -0.16481747807333011     
   149.16000000000460       0.18203474390259153      -0.19000918633146194     
   149.20000000000459       0.17345026926150325      -0.21461186602720680     
   149.24000000000458       0.16390727361180510      -0.23857489124245407     
   149.28000000000458       0.15343332270242632      -0.26184877273446971     
   149.32000000000457       0.14205791274999610      -0.28438524881075555     
   149.36000000000456       0.12981241753403630      -0.30613738039899507     
   149.40000000000455       0.11673003153403740      -0.32705964999997261     
   149.44000000000455       0.10284570897263406      -0.34710806403508343     
   149.48000000000454        8.8196098655442173E-002 -0.36624025792979709     
   149.52000000000453        7.2819474530876852E-002 -0.38441560311413292     
   149.56000000000452        5.6755661931886525E-002 -0.40159531497475809     
   149.60000000000451        4.0045959505306594E-002 -0.41774256066449816     
   149.64000000000451        2.2733056882609709E-002 -0.43282256556742216     
   149.68000000000450        4.8609481972313705E-003 -0.44680271713445846     
   149.72000000000449       -1.3525158392708209E-002 -0.45965266474848948     
   149.76000000000448       -3.2378934962759995E-002 -0.47134441425129475     
   149.80000000000447       -5.1653031593526258E-002 -0.48185241576915666     
   149.84000000000447       -7.1299177333935801E-002 -0.49115364351023860     
   149.88000000000446       -9.1268283984937595E-002 -0.49922766627504478     
   149.92000000000445      -0.11151055228576082      -0.50605670752058063     
   149.96000000000444      -0.13197558004366430      -0.51162569394758695     
   150.00000000000443      -0.15261247171310155      -0.51592229173593118     
   150.04000000000443      -0.17336994890240706      -0.51893692973263750     
   150.08000000000442      -0.19419646126625170      -0.52066280909611595     
   150.12000000000441      -0.21504029723082541      -0.52109589911434240     
   150.16000000000440      -0.23584969399638533      -0.52023491913899844     
   150.20000000000439      -0.25657294626864718      -0.51808130680654674     
   150.24000000000439      -0.27715851318646340      -0.51463917294540495     
   150.28000000000438      -0.29755512293807729      -0.50991524379034714     
   150.32000000000437      -0.31771187459150707      -0.50391879133574458     
   150.36000000000436      -0.33757833670564258      -0.49666155285338814     
   150.40000000000435      -0.35710464233660510      -0.48815764077406243     
   150.44000000000435      -0.37624158010784597      -0.47842344428102213     
   150.48000000000434      -0.39494068107124908      -0.46747752408507703     
   150.52000000000433      -0.41315430114896617      -0.45534050194292752     
   150.56000000000432      -0.43083569901061908      -0.44203494654132258     
   150.60000000000431      -0.44793910930657893      -0.42758525739899611     
   150.64000000000431      -0.46441981124403575      -0.41201754843641980     
   150.68000000000430      -0.48023419255728172      -0.39535953283114966     
   150.72000000000429      -0.49533980898590413      -0.37764041071555948     
   150.76000000000428      -0.50969543943335271      -0.35889076118621349     
   150.80000000000427      -0.52326113703265720      -0.33914243998261273     
   150.84000000000427      -0.53599827639507547      -0.31842848406045793     
   150.88000000000426      -0.54786959736043606      -0.29678302413401453     
   150.92000000000425      -0.55883924560430809      -0.27424120609679942     
   150.96000000000424      -0.56887281048641980      -0.25083912205279157     
   151.00000000000423      -0.57793736054660960      -0.22661375150474591     
   151.04000000000423      -0.58600147706880146      -0.20160291305479691     
   151.08000000000422      -0.59303528613992129      -0.17584522677799463     
   151.12000000000421      -0.59901048962928416      -0.14938008723407042     
   151.16000000000420      -0.60390039550482899      -0.12224764688862017     
   151.20000000000420      -0.60767994788578106       -9.4488809523803036E-002
   151.24000000000419      -0.61032575720706539       -6.6145233032109119E-002
   151.28000000000418      -0.61181613083930686       -3.7259340806036684E-002
   151.32000000000417      -0.61213110446981822       -7.8743407627849295E-003
   151.36000000000416      -0.61125247450491238        2.1965749122646188E-002
   151.40000000000416      -0.60916383170254185        5.2216070059262168E-002
   151.44000000000415      -0.60585059618707215        8.2830887886742172E-002
   151.48000000000414      -0.60130005393537855       0.11376355629234119     
   151.52000000000413      -0.59550139475592812       0.14496647948626071     
   151.56000000000412      -0.58844575171063052       0.17639107613244009     
   151.60000000000412      -0.58012624185365413       0.20798774642441009     
   151.64000000000411      -0.57053800808284127       0.23970584427032077     
   151.68000000000410      -0.55967826181864289       0.27149365660496050     
   151.72000000000409      -0.54754632614357734       0.30329839187663959     
   151.76000000000408      -0.53414367895317449       0.33506617976007197     
   151.80000000000408      -0.51947399558839635       0.36674208411945308     
   151.84000000000407      -0.50354319034098516       0.39827013118527921     
   151.88000000000406      -0.48635945614856180       0.42959335481058414     
   151.92000000000405      -0.46793330172720815       0.46065386053384122     
   151.96000000000404      -0.44827758532745565       0.49139290999381213     
   152.00000000000404      -0.42740754424690536       0.52175102701375797     
   152.04000000000403      -0.40534081919102105       0.55166812639710761     
   152.08000000000402      -0.38209747254488302       0.58108366615345075     
   152.12000000000401      -0.35769999960474352       0.60993682350348744     
   152.16000000000400      -0.33217333182087189       0.63816669459679087     
   152.20000000000400      -0.30554483112402464       0.66571251742118154     
   152.24000000000399      -0.27784427444828891       0.69251391689339348     
   152.28000000000398      -0.24910382762405828       0.71851117060576586     
   152.32000000000397      -0.21935800789713011       0.74364549317320394     
   152.36000000000396      -0.18864363443349647       0.76785933659084082     
   152.40000000000396      -0.15699976629391105       0.79109670348963557     
   152.44000000000395      -0.12446762750671531       0.81330346967989342     
   152.48000000000394       -9.1090519030009115E-002  0.83442771191765497     
   152.52000000000393       -5.6913717572701222E-002  0.85442003643269737     
   152.56000000000392       -2.1984361435267295E-002  0.87323390343584817     
   152.60000000000392        1.3648676268441955E-002  0.89082594259273118     
   152.64000000000391        4.9934926441419787E-002  0.90715625432444580     
   152.68000000000390        8.6822474112778630E-002  0.92218869178397089     
   152.72000000000389       0.12425811885149807       0.93589111846798567     
   152.76000000000388       0.16218754431794435       0.94823563666115729     
   152.80000000000388       0.20055549560887617       0.95919878227329536     
   152.84000000000387       0.23930596289344036       0.96876168211410463     
   152.88000000000386       0.27838236970327851       0.97691017024595361     
   152.92000000000385       0.31772776413320125       0.98363486074806783     
   152.96000000000384       0.35728501113311506       0.98893117499784500     
   153.00000000000384       0.39699698402932321       0.99279932240520330     
   153.04000000000383       0.43680675340533054       0.99524423440018372     
   153.08000000000382       0.47665777149921379       0.99627545234708148     
   153.12000000000381       0.51649405033579143       0.99590697091444058     
   153.16000000000381       0.55626033190556057       0.99415703924422982     
   153.20000000000380       0.59590224882604659       0.99104792301215094     
   153.24000000000379       0.63536647407139557       0.98660563113372590     
   153.28000000000378       0.67460085852861795       0.98085961143055844     
   153.32000000000377       0.71355455532922163       0.97384242001509247     
   153.36000000000377       0.75217813010810020       0.96558936947196339     
   153.40000000000376       0.79042365655234093       0.95613816110601713     
   153.44000000000375       0.82824479681602881       0.94552850659219667     
   153.48000000000374       0.86559686658826829       0.93380174430598750     
   153.52000000000373       0.90243688480602835       0.92100045544400089     
   153.56000000000373       0.93872360819701672       0.90716808477471067     
   153.60000000000372       0.97441755101717487       0.89234857050395444     
   153.64000000000371        1.0094809905097664       0.87658598731478765     
   153.68000000000370        1.0438779587563163       0.85992420616374943     
   153.72000000000369        1.0775742217124273       0.84240657390277651     
   153.76000000000369        1.1105372463230108       0.82407561526458328     
   153.80000000000368        1.1427361566916059       0.80497275921487710     
   153.84000000000367        1.1741416803376592       0.78513809115133104     
   153.88000000000366        1.2047260856148168       0.76461013192893945     
   153.92000000000365        1.2344631113837885       0.74342564422429525     
   153.96000000000365        1.2633278900368028       0.72161946632535723     
   154.00000000000364        1.2912968649589696       0.69922437305417118     
   154.04000000000363        1.3183477034870279       0.67627096320146052     
   154.08000000000362        1.3444592063900613       0.65278757257583453     
   154.12000000000361        1.3696112148519302       0.62880021154671994     
   154.16000000000361        1.3937845158834394       0.60433252578773389     
   154.20000000000360        1.4169607470355854       0.57940577880364663     
   154.24000000000359        1.4391223012254259       0.55403885474601455     
   154.28000000000358        1.4602522324248657       0.52824827998599222     
   154.32000000000357        1.4803341629014004       0.50204826191336549     
   154.36000000000357        1.4993521926399545       0.47545074346384975     
   154.40000000000356        1.5172908115174537       0.44846547193747915     
   154.44000000000355        1.5341348147476488       0.42110008075487954     
   154.48000000000354        1.5498692220636878       0.39336018290097441     
   154.52000000000353        1.5644792010606108       0.36524947492307658     
   154.56000000000353        1.5779499950797533       0.33676985047856495     
   154.60000000000352        1.5902668559822726       0.30792152256298305     
   154.64000000000351        1.6014149821298445       0.27870315368929754     
   154.68000000000350        1.6113794618670627       0.24911199343045617     
   154.72000000000349        1.6201452227821755       0.21914402287782031     
   154.76000000000349        1.6276969870103877       0.18879410570530536     
   154.80000000000348        1.6340192328368341       0.15805614566116044     
   154.84000000000347        1.6390961628542116       0.12692325043443264     
   154.88000000000346        1.6429116789325935        9.5387901959547342E-002
   154.92000000000345        1.6454493642657293        6.3442133328395434E-002
   154.96000000000345        1.6466924727686543        3.1077712573126699E-002
   155.00000000000344        1.6466239261151605       -1.7136663373432531E-003
   155.04000000000343        1.6452263187199494       -3.4940184880280424E-002
   155.08000000000342        1.6424819309883867       -6.8609693289065118E-002
   155.12000000000342        1.6383727511758792      -0.10272949531268405     
   155.16000000000341        1.6328805062180447      -0.13730612394586411     
   155.20000000000340        1.6259867019110035      -0.17234510767603112     
   155.24000000000339        1.6176726728370643      -0.20785072684847933     
   155.28000000000338        1.6079196424434528      -0.24382575984028737     
   155.32000000000338        1.5967087936890214      -0.28027121886078227     
   155.36000000000337        1.5840213506743734      -0.31718607536619980     
   155.40000000000336        1.5698386716626442      -0.35456697529322867     
   155.44000000000335        1.5541423538792445      -0.39240794458499428     
   155.48000000000334        1.5369143504469152      -0.43070008580823527     
   155.52000000000334        1.5181370997650754      -0.46943126704599492     
   155.56000000000333        1.4977936675771000      -0.50858580469938786     
   155.60000000000332        1.4758679018832170      -0.54814414234707076     
   155.64000000000331        1.4523446007475189      -0.58808252839245179     
   155.68000000000330        1.4272096929125297      -0.62837269587472921     
   155.72000000000330        1.4004504309714869      -0.66898154852607128     
   155.76000000000329        1.3720555966548620      -0.70987085791562199     
   155.80000000000328        1.3420157175620895      -0.75099697731931092     
   155.84000000000327        1.3103232944110692      -0.79231057877550926     
   155.88000000000326        1.2769730375867629      -0.83375642060765920     
   155.92000000000326        1.2419621114472734      -0.87527315348723689     
   155.96000000000325        1.2052903844937337      -0.91679317383849346     
   156.00000000000324        1.1669606831333907      -0.95824253400857518     
   156.04000000000323        1.1269790463695921      -0.99954091909496723     
   156.08000000000322        1.0853549783462435       -1.0406017005837174     
   156.12000000000322        1.0421016952682498       -1.0813320769498438     
   156.16000000000321       0.99723636282634598       -1.1216333110475958     
   156.20000000000320       0.95078031988969469       -1.1614010734162830     
   156.24000000000319       0.90275928390985449       -1.2005258994960046     
   156.28000000000318       0.85320353322403797       -1.2388937671454130     
   156.32000000000318       0.80214806127387916       -1.2763867987539712     
   156.36000000000317       0.74963269768838359       -1.3128840896373908     
   156.40000000000316       0.69570219123576738       -1.3482626613154054     
   156.44000000000315       0.64040624984601935       -1.3823985347437009     
   156.48000000000314       0.58379953325852529       -1.4151679146873506     
   156.52000000000314       0.52594159436666610       -1.4464484722964792     
   156.56000000000313       0.46689676601768454       -1.4761207087245387     
   156.60000000000312       0.40673399087793494       -1.5040693784937407     
   156.64000000000311       0.34552659297945060       -1.5301849474621085     
   156.68000000000310       0.28335199070357880       -1.5543650568967946     
   156.72000000000310       0.22029135220262541       -1.5765159625238343     
   156.76000000000309       0.15642919557436852       -1.5965539157064226     
   156.80000000000308        9.1852937443434104E-002  -1.6144064532733604     
   156.84000000000307        2.6652394919326777E-002  -1.6300135631026833     
   156.88000000000306       -3.9080752857875961E-002  -1.6433286944300685     
   156.92000000000306      -0.10525353625771831       -1.6543195849960588     
   156.96000000000305      -0.17177229151750634       -1.6629688814947006     
   157.00000000000304      -0.23854327292506750       -1.6692745351890292     
   157.04000000000303      -0.30547327135700120       -1.6732499607983418     
   157.08000000000303      -0.37247022949960562       -1.6749239535651097     
   157.12000000000302      -0.43944384415816984       -1.6743403664641057     
   157.16000000000301      -0.50630614641791427       -1.6715575564936105     
   157.20000000000300      -0.57297205104047588       -1.6666476155640402     
   157.24000000000299      -0.63935986733549266       -1.6596954073754187     
   157.28000000000299      -0.70539176479951782       -1.6507974366006288     
   157.32000000000298      -0.77099418801858877       -1.6400605804767727     
   157.36000000000297      -0.83609821663595940       -1.6276007154342651     
   157.40000000000296      -0.90063986754074998       -1.6135412726197640     
   157.44000000000295      -0.96456033778575179       -1.5980117561250460     
   157.48000000000295       -1.0278061880463616       -1.5811462565152423     
   157.52000000000294       -1.0903294676465958       -1.5630819900058526     
   157.56000000000293       -1.1520877832688785       -1.5439578905570694     
   157.60000000000292       -1.2130443144067911       -1.5239132784478135     
   157.64000000000291       -1.2731677793979832       -1.5030866247798058     
   157.68000000000291       -1.3324323564802605       -1.4816144270569329     
   157.72000000000290       -1.3908175647475414       -1.4596302066820204     
   157.76000000000289       -1.4483081101507491       -1.4372636350801957     
   157.80000000000288       -1.5048937018040061       -1.4146397913314241     
   157.84000000000287       -1.5605688438350469       -1.3918785507760187     
   157.88000000000287       -1.6153326078795678       -1.3690941011130227     
   157.92000000000286       -1.6691883910826606       -1.3463945800773185     
   157.96000000000285       -1.7221436641572159       -1.3238818268638810     
   158.00000000000284       -1.7742097136792239       -1.3016512380501983     
   158.04000000000283       -1.8254013823918578       -1.2797917178158504     
   158.08000000000283       -1.8757368108608192       -1.2583857117240345     
   158.12000000000282       -1.9252371833871369       -1.2375093131579435     
   158.16000000000281       -1.9739264806525794       -1.2172324316360594     
   158.20000000000280       -2.0218312411567840       -1.1976190126051198     
   158.24000000000279       -2.0689803331116146       -1.1787272988707609     
   158.28000000000279       -2.1154047380924585       -1.1606101245210962     
   158.32000000000278       -2.1611373474116986       -1.1433152329810066     
   158.36000000000277       -2.2062127718782731       -1.1268856116643615     
   158.40000000000276       -2.2506671653396380       -1.1113598365341242     
   158.44000000000275       -2.2945380621680029       -1.0967724207091252     
   158.48000000000275       -2.3378642286500089       -1.0831541620501477     
   158.52000000000274       -2.3806855280660568       -1.0705324854012030     
   158.56000000000273       -2.4230427990998025       -1.0589317758436390     
   158.60000000000272       -2.4649777470971701       -1.0483736999341933     
   158.64000000000271       -2.5065328475947615       -1.0388775124397793     
   158.68000000000271       -2.5477512614567943       -1.0304603465508257     
   158.72000000000270       -2.5886767608948977       -1.0231374859525817     
   158.76000000000269       -2.6293536655934027       -1.0169226174626214     
   158.80000000000268       -2.6698267881216680       -1.0118280632066325     
   158.84000000000268       -2.7101413877819827       -1.0078649915078677     
   158.88000000000267       -2.7503431320145131       -1.0050436058132601     
   158.92000000000266       -2.7904780644575609       -1.0033733110761978     
   158.96000000000265       -2.8305925787402559       -1.0028628570673768     
   159.00000000000264       -2.8707333970640985       -1.0035204580960639     
   159.04000000000264       -2.9109475526080737       -1.0053538885993809     
   159.08000000000263       -2.9512823747681418       -1.0083705540017009     
   159.12000000000262       -2.9917854762147282       -1.0125775361646578     
   159.16000000000261       -3.0325047407205421       -1.0179816126453447     
   159.20000000000260       -3.0734883106749771       -1.0245892488608721     
   159.24000000000260       -3.1147845731600419       -1.0324065621266199     
   159.28000000000259       -3.1564421434159908       -1.0414392563987189     
   159.32000000000258       -3.1985098444725715       -1.0516925264145169     
   159.36000000000257       -3.2410366816643621       -1.0631709297947658     
   159.40000000000256       -3.2840718106865907       -1.0758782255557153     
   159.44000000000256       -3.3276644977820720       -1.0898171773870340     
   159.48000000000255       -3.3718640705817826       -1.1049893199927612     
   159.52000000000254       -3.4167198580529479       -1.1213946867791342     
   159.56000000000253       -3.4622811179416981       -1.1390314972187516     
   159.60000000000252       -3.5085969500353245       -1.1578958023406618     
   159.64000000000252       -3.5557161935156523       -1.1779810870081939     
   159.68000000000251       -3.6036873066344621       -1.1992778279702498     
   159.72000000000250       -3.6525582269196151       -1.2217730071288275     
   159.76000000000249       -3.7023762101227664       -1.2454495800787790     
   159.80000000000248       -3.7531876461535365       -1.2702859007692500     
   159.84000000000248       -3.8050378503188997       -1.2962551041340808     
   159.88000000000247       -3.8579708283094520       -1.3233244497638021     
   159.92000000000246       -3.9120290135560567       -1.3514546311651168     
   159.96000000000245       -3.9672529758316757       -1.3805990568904760     
   160.00000000000244       -4.0236811003048176       -1.4107031118285442     
   160.04000000000244       -4.0813492366737476       -1.4417034092232395     
   160.08000000000243       -4.1402903185344426       -1.4735270465173840     
   160.12000000000242       -4.2005339537688773       -1.5060908808608713     
   160.16000000000241       -4.2621059874898233       -1.5393008430236395     
   160.20000000000240       -4.3250280399467931       -1.5730513114242419     
   160.24000000000240       -4.3893170227831062       -1.6072245709078303     
   160.28000000000239       -4.4549846381283587       -1.6416903836313121     
   160.32000000000238       -4.5220368661984329       -1.6763057017518561     
   160.36000000000237       -4.5904734483323564       -1.7109145533480907     
   160.40000000000236       -4.6602873736876971       -1.7453481338835073     
   160.44000000000236       -4.7314643790989974       -1.7794251352825141     
   160.48000000000235       -4.8039824728214429       -1.8129523430611436     
   160.52000000000234       -4.8778114939687409       -1.8457255286824528     
   160.56000000000233       -4.9529127203358678       -1.8775306591781797     
   160.60000000000232       -5.0292385378938897       -1.9081454389505534     
   160.64000000000232       -5.1067321854739083       -1.9373411895004677     
   160.68000000000231       -5.1853275879424059       -1.9648850617124425     
   160.72000000000230       -5.2649492904429662       -1.9905425625140043     
   160.76000000000229       -5.3455125049887693       -2.0140803636450788     
   160.80000000000229       -5.4269232788099702       -2.0352693455300157     
   160.84000000000228       -5.5090787913946011       -2.0538878146157757     
   160.88000000000227       -5.5918677841518436       -2.0697248189310726     
   160.92000000000226       -5.6751711231524329       -2.0825834750147374     
   160.96000000000225       -5.7588624915819846       -2.0922842107387885     
   161.00000000000225       -5.8428092045341629       -2.0986678238044560     
   161.04000000000224       -5.9268731347551675       -2.1015982555251265     
   161.08000000000223       -6.0109117341297047       -2.1009649843634235     
   161.12000000000222       -6.0947791322757636       -2.0966849536514651     
   161.16000000000221       -6.1783272907837805       -2.0887039627004169     
   161.20000000000221       -6.2614071895604546       -2.0769974694168458     
   161.24000000000220       -6.0684713363234444E-002  -2.0615707745591494     
   161.28000000000219      -0.14238305662671943       -2.0424585815871246     
   161.32000000000218      -0.22317201463557712       -2.0197239502214424     
   161.36000000000217      -0.30291028202947817       -1.9934566848475259     
   161.40000000000217      -0.38146113080484451       -1.9637712193841583     
   161.44000000000216      -0.45869329388604252       -1.9308040770299504     
   161.48000000000215      -0.53448173370835994       -1.8947109955579360     
   161.52000000000214      -0.60870828635166008       -1.8556638160825036     
   161.56000000000213      -0.68126217576750281       -1.8138472353960668     
   161.60000000000213      -0.75204039654160160       -1.7694555193524710     
   161.64000000000212      -0.82094796725973218       -1.7226892679532648     
   161.68000000000211      -0.88789805976328284       -1.6737523125887677     
   161.72000000000210      -0.95281201229313750       -1.6228488132463661     
   161.76000000000209       -1.0156192366695367       -1.5701806094099773     
   161.80000000000209       -1.0762570312207185       -1.5159448637795432     
   161.84000000000208       -1.1346703121675696       -1.4603320236712798     
   161.88000000000207       -1.1908112766355234       -1.4035241116988428     
   161.92000000000206       -1.2446390104590250       -1.3456933455875422     
   161.96000000000205       -1.2961190535415898       -1.2870010770641207     
   162.00000000000205       -1.3452229348156770       -1.2275970318521814     
   162.04000000000204       -1.3919276878917906       -1.1676188269028394     
   162.08000000000203       -1.4362153573718492       -1.1071917370014672     
   162.12000000000202       -1.4780725045970899       -1.0464286806310150     
   162.16000000000201       -1.5174897203652393      -0.98543039420373191     
   162.20000000000201       -1.5544611509345723      -0.92428576423332598     
   162.24000000000200       -1.5889840424722370      -0.86307228844161843     
   162.28000000000199       -1.6210583080291578      -0.80185663892301839     
   162.32000000000198       -1.6506861201530054      -0.74069530309618981     
   162.36000000000197       -1.6778715313952275      -0.67963528105555293     
   162.40000000000197       -1.7026201242324353      -0.61871482093019481     
   162.44000000000196       -1.7249386913057458      -0.55796417683276622     
   162.48000000000195       -1.7448349463791988      -0.49740637683632205     
   162.52000000000194       -1.7623172660224609      -0.43705799108155385     
   162.56000000000193       -1.7773944617241966      -0.37692989254339204     
   162.60000000000193       -1.7900755819300860      -0.31702800514723667     
   162.64000000000192       -1.8003697433624553      -0.25735403580923005     
   162.68000000000191       -1.8082859909057181      -0.19790618858156989     
   162.72000000000190       -1.8138331853225318      -0.13867986042034269     
   162.76000000000190       -1.8170199180894173       -7.9668319172140581E-002
   162.80000000000189       -1.8178544526978861       -2.0863365211722287E-002
   162.84000000000188       -1.8163446918487551        3.7744021228277053E-002
   162.88000000000187       -1.8124981700648204        9.6163044598369968E-002
   162.92000000000186       -1.8063220713524146       0.15440246781014350     
   162.96000000000186       -1.7978232716480260       0.21246999260971233     
   163.00000000000185       -1.7870084058848663       0.27037164407899456     
   163.04000000000184       -1.7738839595989946       0.32811115714679545     
   163.08000000000183       -1.7584563850584127       0.38568936351454397     
   163.12000000000182       -1.7407322419345526       0.44310357809650236     
   163.16000000000182       -1.7207183625369014       0.50034698494127983     
   163.20000000000181       -1.6984220415912874       0.55740802364034792     
   163.24000000000180       -1.6738512504537526       0.61426977843837050     
   163.28000000000179       -1.6470148755083569       0.67090937363489289     
   163.32000000000178       -1.6179229802924449       0.72729738039780245     
   163.36000000000178       -1.5865870906212605       0.78339724177961190     
   163.40000000000177       -1.5530205016407583       0.83916472451255053     
   163.44000000000176       -1.5172386053199227       0.89454740802089194     
   163.48000000000175       -1.4792592364007788       0.94948422297859580     
   163.52000000000174       -1.4391030342571178        1.0039050535915237     
   163.56000000000174       -1.3967938174765653        1.0577304195138155     
   163.60000000000173       -1.3523589672838490        1.1108712548179078     
   163.64000000000172       -1.3058298151794068        1.1632288026110544     
   163.68000000000171       -1.2572420293954949        1.2146946445977969     
   163.72000000000170       -1.2066359939959981        1.2651508849874180     
   163.76000000000170       -1.1540571736962280        1.3144705074942513     
   163.80000000000169       -1.0995564567906879        1.3625179226385005     
   163.84000000000168       -1.0431904679905157        1.4091497200043026     
   163.88000000000167      -0.98502184253217773        1.4542156364584500     
   163.92000000000166      -0.92511945267095685        1.4975597465305219     
   163.96000000000166      -0.86355857766231980        1.5390218752159264     
   164.00000000000165      -0.80042100860336174        1.5784392264739517     
   164.04000000000164      -0.73579508009038541        1.6156482128244092     
   164.08000000000163      -0.66977562157196258        1.6504864629605704     
   164.12000000000162      -0.60246382255018682        1.6827949755443927     
   164.16000000000162      -0.53396700739960767        1.7124203787644774     
   164.20000000000161      -0.46439831750715871        1.7392172473112240     
   164.24000000000160      -0.39387630063982310        1.7630504216833902     
   164.28000000000159      -0.32252440985151781        1.7837972697076319     
   164.32000000000158      -0.25047041675943527        1.8013498273020636     
   164.36000000000158      -0.17784574655030044        1.8156167552283708     
   164.40000000000157      -0.10478474450625114        1.8265250511012325     
   164.44000000000156       -3.1423886052828282E-002   1.8340214613355712     
   164.48000000000155        4.2099055783014552E-002   1.8380735458960709     
   164.52000000000155       0.11564587015728250        1.8386703593566986     
   164.56000000000154       0.18907877913262211        1.8358227243834899     
   164.60000000000153       0.26226130263950620        1.8295630876721025     
   164.64000000000152       0.33505910115344983        1.8199449628485900     
   164.68000000000151       0.40734078031658111        1.8070419790782819     
   164.72000000000151       0.47897864301031412        1.7909465673433251     
   164.76000000000150       0.54984937612412477        1.7717683278452654     
   164.80000000000149       0.61983466137214238        1.7496321312004390     
   164.84000000000148       0.68882170187741154        1.7246760126317293     
   164.88000000000147       0.75670365875836709        1.6970489220238887     
   164.92000000000147       0.82337999449842036        1.6669083935013316     
   164.96000000000146       0.88875672234995584        1.6344181962883875     
   165.00000000000145       0.95274656332414875        1.5997460243548232     
   165.04000000000144        1.0152690143712402        1.5630612761772829     
   165.08000000000143        1.0762503331060220        1.5245329683695477     
   165.12000000000143        1.1356234458453067        1.4843278184821151     
   165.16000000000142        1.1933277867835874        1.4426085234570163     
   165.20000000000141        1.2493090768439277        1.3995322515085082     
   165.24000000000140        1.3035190511227994        1.3552493569717954     
   165.28000000000139        1.3559151439316131        1.3099023202203415     
   165.32000000000139        1.4064601402638575        1.2636249083061102     
   165.36000000000138        1.4551218021297190        1.2165415466465377     
   165.40000000000137        1.5018724776460624        1.1687668879085822     
   165.44000000000136        1.5466887000940301        1.1204055611991974     
   165.48000000000135        1.5895507834015241        1.0715520826873497     
   165.52000000000135        1.6304424197112630        1.0222909077434736     
   165.56000000000134        1.6693502838894358       0.97269660445431827     
   165.60000000000133        1.7062636490418772       0.92283412881103222     
   165.64000000000132        1.7411740163551932       0.87275918283289922     
   165.68000000000131        1.7740747618849102       0.82251863824292759     
   165.72000000000131        1.8049608022821941       0.77215100993209973     
   165.76000000000130        1.8338282808914002       0.72168696523015119     
   165.80000000000129        1.8606742751655361       0.67114985685339734     
   165.84000000000128        1.8854965259356560       0.62055626925299923     
   165.88000000000127        1.9082931887310697       0.56991656988534489     
   165.92000000000127        1.9290626070762706       0.51923545863002452     
   165.96000000000126        1.9478031074828011       0.46851251016325862     
   166.00000000000125        1.9645128157043796       0.41774270553946397     
   166.04000000000124        1.9791894937257164       0.36691695053341661     
   166.08000000000123        1.9918303969036908       0.31602257944936024     
   166.12000000000123        2.0024321506683065       0.26504384411538928     
   166.16000000000122        2.0109906462146534       0.21396238865867664     
   166.20000000000121        2.0175009546709988       0.16275771140863440     
   166.24000000000120        2.0219572593074226       0.11140761591059439     
   166.28000000000119        2.0243528054498827        5.9888653561503490E-002
   166.32000000000119        2.0246798678822771        8.1765608098627665E-003
   166.36000000000118        2.0229297356503362       -4.3753305798520901E-002
   166.40000000000117        2.0190927143225430       -9.5925533194827425E-002
   166.44000000000116        2.0131581459113637      -0.14836421027948082     
   166.48000000000116        2.0051144468094559      -0.20109247754769358     
   166.52000000000115        1.9949491642466508      -0.25413206407012701     
   166.56000000000114        1.9826490519205280      -0.30750280815306841     
   166.60000000000113        1.9682001655920716      -0.36122215821140896     
   166.64000000000112        1.9515879795634148      -0.41530465071641909     
   166.68000000000112        1.9327975250615954      -0.46976136254548340     
   166.72000000000111        1.9118135516343158      -0.52459933568199169     
   166.76000000000110        1.8886207127138279      -0.57982097301219870     
   166.80000000000109        1.8632037765152190      -0.63542340496522298     
   166.84000000000108        1.8355478633965807      -0.69139782796595495     
   166.88000000000108        1.8056387107109508      -0.74772881714074602     
   166.92000000000107        1.7734629660128980      -0.80439361745132065     
   166.96000000000106        1.7390085092350396      -0.86136141944646138     
   167.00000000000105        1.7022648041103337      -0.91859262811764630     
   167.04000000000104        1.6632232786737313      -0.97603813591505961     
   167.08000000000104        1.6218777341218058       -1.0336386137981386     
   167.12000000000103        1.5782247806333238       -1.0913238372120473     
   167.16000000000102        1.5322642979523882       -1.1490120670233905     
   167.20000000000101        1.4839999176080292       -1.2066095086089725     
   167.24000000000100        1.4334395225948615       -1.2640098753291913     
   167.28000000000100        1.3805957591806994       -1.3210940853540500     
   167.32000000000099        1.3254865542595518       -1.3777301230286931     
   167.36000000000098        1.2681356303628792       -1.4337730974168128     
   167.40000000000097        1.2085730091201632       -1.4890655310679031     
   167.44000000000096        1.1468354926750266       -1.5434379111284156     
   167.48000000000096        1.0829671113801114       -1.5967095323728802     
   167.52000000000095        1.0170195250875418       -1.6486896573142367     
   167.56000000000094       0.94905236460482911       -1.6991790120678174     
   167.60000000000093       0.87913349948528441       -1.7479716279886166     
   167.64000000000092       0.80733921835318601       -1.7948570283024612     
   167.68000000000092       0.73375430850542278       -1.8396227461940797     
   167.72000000000091       0.65847202264666560       -1.8820571464689282     
   167.76000000000090       0.58159392234515905       -1.9219525075376638     
   167.80000000000089       0.50322959015155511       -1.9591083048400997     
   167.84000000000088       0.42349620527752058       -1.9933346218508627     
   167.88000000000088       0.34251798121647908       -2.0244556015260375     
   167.92000000000087       0.26042546759521101       -2.0523128405317017     
   167.96000000000086       0.17735472272079744       -2.0767686218603396     
   168.00000000000085        9.3446367546732578E-002  -2.0977088793516216     
   168.04000000000084        8.8445359150153974E-003  -2.1150457907929296     
   168.08000000000084       -7.6304260282527778E-002  -2.1287199049385794     
   168.12000000000083      -0.16185232915470438       -2.1387017218044146     
   168.16000000000082      -0.24765203573020694       -2.1449926643875643     
   168.20000000000081      -0.33355705183207601       -2.1476254025467272     
   168.24000000000080      -0.41942359242564276       -2.1466635148391684     
   168.28000000000080      -0.50511161242985048       -2.1422005001051936     
   168.32000000000079      -0.59048593946548422       -2.1343581758908439     
   168.36000000000078      -0.67541732041901303       -2.1232845238382216     
   168.40000000000077      -0.75978336288244752       -2.1091510615858633     
   168.44000000000077      -0.84346935630096997       -2.0921498354630610     
   168.48000000000076      -0.92636896180826578       -2.0724901376823941     
   168.52000000000075       -1.0083847640327899       -2.0503950556130999     
   168.56000000000074       -1.0894286824027282       -2.0260979592484580     
   168.60000000000073       -1.1694222434714538       -1.9998390267181401     
   168.64000000000073       -1.2482967193703911       -1.9718618974734305     
   168.68000000000072       -1.3259931405542775       -1.9424105295971601     
   168.72000000000071       -1.4024621934599011       -1.9117263226405874     
   168.76000000000070       -1.4776640155207723       -1.8800455515217820     
   168.80000000000069       -1.5515679011722674       -1.8475971412873777     
   168.84000000000069       -1.6241519330817462       -1.8146007977369718     
   168.88000000000068       -1.6954025529074384       -1.7812654956423053     
   168.92000000000067       -1.7653140855061618       -1.7477883149680837     
   168.96000000000066       -1.8338882297595527       -1.7143536063347744     
   169.00000000000065       -1.9011335281598050       -1.6811324600063082     
   169.04000000000065       -1.9670648260739043       -1.6482824478524840     
   169.08000000000064       -2.0317027302675781       -1.6159476048418462     
   169.12000000000063       -2.0950730748841666       -1.5842586154147118     
   169.16000000000062       -2.1572064016954298       -1.5533331702815782     
   169.20000000000061       -2.2181374601151869       -1.5232764604939257     
   169.24000000000061       -2.2779047312254965       -1.4941817777577406     
   169.28000000000060       -2.3365499789312971       -1.4661311926450176     
   169.32000000000059       -2.3941178303464428       -1.4391962853786391     
   169.36000000000058       -2.4506553866277474       -1.4134389070326157     
   169.40000000000057       -2.5062118647138343       -1.3889119521521738     
   169.44000000000057       -2.5608382697875323       -1.3656601268424458     
   169.48000000000056       -2.6145870977562979       -1.3437206992191435     
   169.52000000000055       -2.6675120666245533       -1.3231242217063819     
   169.56000000000054       -2.7196678753035926       -1.3038952169759761     
   169.60000000000053       -2.7711099881571069       -1.2860528213378610     
   169.64000000000053       -2.8218944434017370       -1.2696113811157592     
   169.68000000000052       -2.8720776833613022       -1.2545809989891306     
   169.72000000000051       -2.9217164045001862       -1.2409680284720961     
   169.76000000000050       -2.9708674251264693       -1.2287755156570734     
   169.80000000000049       -3.0195875686505578       -1.2180035881022084     
   169.84000000000049       -3.0679335603031550       -1.2086497913149359     
   169.88000000000048       -3.1159619352514083       -1.2007093737063277     
   169.92000000000047       -3.1637289560989381       -1.1941755211882445     
   169.96000000000046       -3.2112905378102221       -1.1890395427820943     
   170.00000000000045       -3.2587021781592882       -1.1852910087266528     
   170.04000000000045       -3.3060188918646292       -1.1829178426335216     
   170.08000000000044       -3.3532951466350736       -1.1819063692611078     
   170.12000000000043       -3.4005847994142133       -1.1822413194784986     
   170.16000000000042       -3.4479410311736047       -1.1839057939847877     
   170.20000000000041       -3.4954162786676624       -1.1868811873514398     
   170.24000000000041       -3.5430621616267897       -1.1911470739781840     
   170.28000000000040       -3.5909294039311397       -1.1966810576087505     
   170.32000000000039       -3.6390677473772479       -1.2034585861527087     
   170.36000000000038       -3.6875258567258107       -1.2114527337140644     
   170.40000000000038       -3.7363512148036380       -1.2206339519456806     
   170.44000000000037       -3.7855900065292203       -1.2309697931395538     
   170.48000000000036       -3.8352869908425764       -1.2424246078339003     
   170.52000000000035       -3.8854853596495680       -1.2549592201747877     
   170.56000000000034       -3.9362265830422336       -1.2685305848166437     
   170.60000000000034       -3.9875502402335874       -1.2830914297838412     
   170.64000000000033       -4.0394938358513057       -1.2985898904429574     
   170.68000000000032       -4.0920926014731673       -1.3149691405465460     
   170.72000000000031       -4.1453792825609179       -1.3321670271937689     
   170.76000000000030       -4.1993839112607052       -1.3501157174946865     
   170.80000000000030       -4.2541335658887212       -1.3687413657003993     
   170.84000000000029       -4.3096521183103214       -1.3879638105400074     
   170.88000000000028       -4.3659599708482739       -1.4076963134488101     
   170.92000000000027       -4.4230737848175954       -1.4278453492330441     
   170.96000000000026       -4.4810062032751565       -1.4483104614390205     
   171.00000000000026       -4.5397655710837652       -1.4689841952152143     
   171.04000000000025       -4.5993556559119542       -1.4897521207047211     
   171.08000000000024       -4.6597753743082890       -1.5104929599083619     
   171.12000000000023       -4.7210185274859100       -1.5310788294405313     
   171.16000000000022       -4.7830735519094700       -1.5513756105889900     
   171.20000000000022       -4.8459232901703979       -1.5712434565231930     
   171.24000000000021       -4.9095447879434095       -1.5905374443252962     
   171.28000000000020       -4.9739091230120973       -1.6091083767171843     
   171.32000000000019       -5.0389812724092051       -1.6268037349277036     
   171.36000000000018       -5.1047200236141563       -1.6434687801237757     
   171.40000000000018       -5.1710779354659397       -1.6589477962945787     
   171.44000000000017       -5.2380013539679631       -1.6730854625505907     
   171.48000000000016       -5.3054304874737435       -1.6857283376445118     
   171.52000000000015       -5.3732995448475815       -1.6967264343459516     
   171.56000000000014       -5.4415369391015043       -1.7059348563480741     
   171.60000000000014       -5.5100655577382085       -1.7132154659176029     
   171.64000000000013       -5.5788030996099627       -1.7184385467938474     
   171.68000000000012       -5.6476624765764543       -1.7214844241622864     
   171.72000000000011       -5.7165522766607939       -1.7222450021084812     
   171.76000000000010       -5.7853772838201136       -1.7206251789829892     
   171.80000000000010       -5.8540390479278148       -1.7165441026925228     
   171.84000000000009       -5.9224364971721135       -1.7099362311074731     
   171.88000000000008       -5.9904665838712310       -1.7007521674779347     
   171.92000000000007       -6.0580249537440531       -1.6889592468205648     
   171.96000000000006       -6.1250066280011746       -1.6745418564280405     
   172.00000000000006       -6.1913066872666436       -1.6575014816367284     
   172.04000000000005       -6.2568209463221081       -1.6378564763866035     
   172.08000000000004       -3.8261301803000691E-002  -1.6156415665119752     
   172.12000000000003      -0.10189758587115767       -1.5909071017039245     
   172.16000000000003      -0.16444630904341909       -1.5637180793065353     
   172.20000000000002      -0.22581242781242905       -1.5341529692252487     
   172.24000000000001      -0.28590452277200040       -1.5023023739892845     
   172.28000000000000      -0.34463522522252310       -1.4682675612630669     
   172.31999999999999      -0.40192158153377611       -1.4321589077813250     
   172.35999999999999      -0.45768535328655291       -1.3940942938194196     
   172.39999999999998      -0.51185325272728821       -1.3541974860183825     
   172.43999999999997      -0.56435711448110559       -1.3125965438454357     
   172.47999999999996      -0.61513400573779264       -1.2694222814171763     
   172.51999999999995      -0.66412627822199677       -1.2248068121051026     
   172.55999999999995      -0.71128156616406424       -1.1788821985516871     
   172.59999999999994      -0.75655273519249655       -1.1317792257108075     
   172.63999999999993      -0.79989778757355390       -1.0836263095264331     
   172.67999999999992      -0.84127972953679175       -1.0345485490809474     
   172.71999999999991      -0.88066640656244266      -0.98466692564127245     
   172.75999999999991      -0.91803031248745004      -0.93409764812518459     
   172.79999999999990      -0.95334837813453099      -0.88295164117702440     
   172.83999999999989      -0.98660174490721064      -0.83133416931699045     
   172.87999999999988       -1.0177755284477175      -0.77934458851266841     
   172.91999999999987       -1.0468585770472716      -0.72707621498885200     
   172.95999999999987       -1.0738432290510487      -0.67461630009442786     
   172.99999999999986       -1.0987250730318927      -0.62204609952110212     
   173.03999999999985       -1.1215027140337961      -0.56944102504758520     
   173.07999999999984       -1.1421775487214307      -0.51687086719086583     
   173.11999999999983       -1.1607535518258587      -0.46440007761070168     
   173.15999999999983       -1.1772370758564934      -0.41208810076586816     
   173.19999999999982       -1.1916366656604456      -0.35998974509880260     
   173.23999999999981       -1.2039628890554268      -0.30815558487453060     
   173.27999999999980       -1.2142281844423850      -0.25663238467395377     
   173.31999999999979       -1.2224467260185019      -0.20546353940291986     
   173.35999999999979       -1.2286343069583940      -0.15468952349730525     
   173.39999999999978       -1.2328082407087304      -0.10434834375841123     
   173.43999999999977       -1.2349872803458037       -5.4475990926830760E-002
   173.47999999999976       -1.2351915557732847       -5.1068856870202586E-003
   173.51999999999975       -1.2334425283846684        4.3725684715404577E-002
   173.55999999999975       -1.2297629626780133        9.1989142666378920E-002
   173.59999999999974       -1.2241769141858230       0.13965121230476032     
   173.63999999999973       -1.2167097329669503       0.18667953047181715     
   173.67999999999972       -1.2073880817971421       0.23304127924520518     
   173.71999999999971       -1.1962399680877014       0.27870284273601670     
   173.75999999999971       -1.1832947884556013       0.32362949080249970     
   173.79999999999970       -1.1685833847616840       0.36778509234793438     
   173.83999999999969       -1.1521381103253716       0.41113186090780701     
   173.87999999999968       -1.1339929049143003       0.45363013527678331     
   173.91999999999967       -1.1141833769958081       0.49523819796230656     
   173.95999999999967       -1.0927468916253389       0.53591213426172823     
   173.99999999999966       -1.0697226622362808       0.57560573472645549     
   174.03999999999965       -1.0451518444889716       0.61427044368272965     
   174.07999999999964       -1.0190776302366433       0.65185535630820446     
   174.11999999999964      -0.99154533957657198       0.68830726650178431     
   174.15999999999963      -0.96260250887982668       0.72357076741863380     
   174.19999999999962      -0.93229897263730088       0.75758840606314604     
   174.23999999999961      -0.90068693692794477       0.79030089273390314     
   174.27999999999960      -0.86782104231215662       0.82164736539470395     
   174.31999999999960      -0.83375841398382888       0.85156570820819411     
   174.35999999999959      -0.79855869708290705       0.87999292252304662     
   174.39999999999958      -0.76228407518019126       0.90686554756789617     
   174.43999999999957      -0.72499927010028042       0.93212012699776958     
   174.47999999999956      -0.68677152144865961       0.95569371629052025     
   174.51999999999956      -0.64767054445519079       0.97752442483672031     
   174.55999999999955      -0.60776846503732662       0.99755198544660528     
   174.59999999999954      -0.56713973131909368        1.0157183429558228     
   174.63999999999953      -0.52586100121134471        1.0319682526937235     
   174.67999999999952      -0.48401100605816721        1.0462498788294370     
   174.71999999999952      -0.44167039077516013        1.0585153820751765     
   174.75999999999951      -0.39892153133750835        1.0687214859412941     
   174.79999999999950      -0.35584833090814444        1.0768300107340982     
   174.83999999999949      -0.31253599631670009        1.0828083647861082     
   174.87999999999948      -0.26907079699597236        1.0866299830181931     
   174.91999999999948      -0.22553980884198357        1.0882747038497198     
   174.95999999999947      -0.18203064577484362        1.0877290766784988     
   174.99999999999946      -0.13863118203022584        1.0849865936154448     
   175.03999999999945       -9.5429268396810082E-002   1.0800478408353940     
   175.07999999999944       -5.2512445727181070E-002   1.0729205667407253     
   175.11999999999944       -9.9676590845611604E-003   1.0636196660654977     
   175.15999999999943        3.2119024155717289E-002   1.0521670810069612     
   175.19999999999942        7.3662689051290170E-002   1.0385916223893221     
   175.23999999999941       0.11457983767826817        1.0229287156744500     
   175.27999999999940       0.15478864080924032        1.0052200782743035     
   175.31999999999940       0.19420917425073245       0.98551333603730307     
   175.35999999999939       0.23276363776808598       0.96386158793383825     
   175.39999999999938       0.27037655492110191       0.94032292882539770     
   175.43999999999937       0.30697495255117641       0.91495994075186260     
   175.47999999999936       0.34248851908758804       0.88783916341029012     
   175.51999999999936       0.37684974126505777       0.85903055443674370     
   175.55999999999935       0.40999401925555484       0.82860694976242710     
   175.59999999999934       0.44185976060466875       0.79664353372784802     
   175.63999999999933       0.47238845371835592       0.76321732784217966     
   175.67999999999932       0.50152472196283815       0.72840670611205549     
   175.71999999999932       0.52921635971401015       0.69229094377929967     
   175.75999999999931       0.55541435191979982       0.65494980514474077     
   175.79999999999930       0.58007287891808346       0.61646317495709180     
   175.83999999999929       0.60314930838407110       0.57691073664969206     
   175.87999999999928       0.62460417636592203       0.53637169954627406     
   175.91999999999928       0.64440115940818044       0.49492457605645979     
   175.95999999999927       0.66250703976269043       0.45264700886275011     
   175.99999999999926       0.67889166564978753       0.40961564717742799     
   176.03999999999925       0.69352790846291812       0.36590607032826478     
   176.07999999999925       0.70639161871168354       0.32159275621913574     
   176.11999999999924       0.71746158237584523       0.27674909160404237     
   176.15999999999923       0.72671947920006241       0.23144742060542911     
   176.19999999999922       0.73414984429975094       0.18575912749221271     
   176.23999999999921       0.73974003427575008       0.13975474939997828     
   176.27999999999921       0.74348019885234340        9.3504114414834361E-002
   176.31999999999920       0.74536325886205812        4.7076500242867594E-002
   176.35999999999919       0.74538489120361906        5.4080853902314929E-004
   176.39999999999918       0.74354352119817169       -4.6034250136184646E-002
   176.43999999999917       0.73984032256483201       -9.2579965833491651E-002
   176.47999999999917       0.73427922503100529      -0.13902743834566805     
   176.51999999999916       0.72686692938685682      -0.18530739110371283     
   176.55999999999915       0.71761292958793643      -0.23134999497300904     
   176.59999999999914       0.70652954130646217      -0.27708470703685595     
   176.63999999999913       0.69363193613155505      -0.32244012937267746     
   176.67999999999913       0.67893818042346843      -0.36734389270216627     
   176.71999999999912       0.66246927763859420      -0.41172256962185594     
   176.75999999999911       0.64424921276319880      -0.45550162188488391     
   176.79999999999910       0.62430499732732114      -0.49860538589694170     
   176.83999999999909       0.60266671331938670      -0.54095710019836007     
   176.87999999999909       0.57936755419061292      -0.58247897821934491     
   176.91999999999908       0.55444386103031340      -0.62309232900748746     
   176.95999999999907       0.52793515191314444      -0.66271772792922423     
   176.99999999999906       0.49988414237167278      -0.70127523853679175     
   177.03999999999905       0.47033675493684474      -0.73868468587070168     
   177.07999999999905       0.43934211571918685      -0.77486598044144683     
   177.11999999999904       0.40695253607856080      -0.80973949101565101     
   177.15999999999903       0.37322347755294805      -0.84322646314031857     
   177.19999999999902       0.33821349838894688      -0.87524947910002882     
   177.23999999999901       0.30198418023902041      -0.90573295374816165     
   177.27999999999901       0.26460003386211273      -0.93460365942269241     
   177.31999999999900       0.22612838298240578      -0.96179127199267389     
   177.35999999999899       0.18663922582123232      -0.98722892902933657     
   177.39999999999898       0.14620507421310963       -1.0108537902030672     
   177.43999999999897       0.10490077064029135       -1.0326075893204569     
   177.47999999999897        6.2803283961233802E-002  -1.0524371669764385     
   177.51999999999896        1.9991485055591791E-002  -1.0702949726410502     
   177.55999999999895       -2.3454095950619834E-002  -1.0861395251552906     
   177.59999999999894       -6.7451528794267288E-002  -1.0999358210911863     
   177.63999999999893      -0.11191775604385884       -1.1116556812397886     
   177.67999999999893      -0.15676887710846810       -1.1212780266152311     
   177.71999999999892      -0.20192044017953276       -1.1287890767766167     
   177.75999999999891      -0.24728773877680468       -1.1341824649317980     
   177.79999999999890      -0.29278610942260896       -1.1374592661451071     
   177.83999999999889      -0.33833122690108197       -1.1386279369618253     
   177.87999999999889      -0.38383939357371111       -1.1377041668157279     
   177.91999999999888      -0.42922781931887549       -1.1347106436291090     
   177.95999999999887      -0.47441488883785399       -1.1296767379744617     
   177.99999999999886      -0.51932041331684986       -1.1226381119748969     
   178.03999999999886      -0.56386586374547421       -1.1136362607156092     
   178.07999999999885      -0.60797458355632117       -1.1027179952711736     
   178.11999999999884      -0.65157197865576277       -1.0899348774860396     
   178.15999999999883      -0.69458568334997972       -1.0753426173554239     
   178.19999999999882      -0.73694570111929225       -1.0590004442328134     
   178.23999999999882      -0.77858451964507780       -1.0409704631446384     
   178.27999999999881      -0.81943719993474073       -1.0213170072415734     
   178.31999999999880      -0.85944143981032739       -1.0001059968896657     
   178.35999999999879      -0.89853761241601282      -0.97740431514213644     
   178.39999999999878      -0.93666878075118487      -0.95327920837930169     
   178.43999999999878      -0.97378068954350827      -0.92779771980808390     
   178.47999999999877       -1.0098217360364361      -0.90102616232319499     
   178.51999999999876       -1.0447429214763091      -0.87302963599682459     
   178.55999999999875       -1.0784977852453717      -0.84387159422656399     
   178.59999999999874       -1.1110423237002214      -0.81361346137124424     
   178.63999999999874       -1.1423348958431865      -0.78231430357412557     
   178.67999999999873       -1.1723361179807266      -0.75003055343850156     
   178.71999999999872       -1.2010087495127846      -0.71681578830145254     
   178.75999999999871       -1.2283175719551722      -0.68272056105969026     
   178.79999999999870       -1.2542292632289118      -0.64779228184348958     
   178.83999999999870       -1.2787122691613693      -0.61207514831143695     
   178.87999999999869       -1.3017366740392207      -0.57561012194628391     
   178.91999999999868       -1.3232740719377392      -0.53843494746296372     
   178.95999999999867       -1.3432974404290716      -0.50058421228331229     
   178.99999999999866       -1.3617810181480980      -0.46208944297566051     
   179.03999999999866       -1.3787001875715930      -0.42297923558737233     
   179.07999999999865       -1.3940313642475970      -0.38327941690010348     
   179.11999999999864       -1.4077518935994526      -0.34301323379639193     
   179.15999999999863       -1.4198399563245661      -0.30220156812783561     
   179.19999999999862       -1.4302744833127983      -0.26086317470580733     
   179.23999999999862       -1.4390350809240944      -0.21901494028240076     
   179.27999999999861       -1.4461019673896933      -0.17667216163997415     
   179.31999999999860       -1.4514559210357352      -0.13384884115104517     
   179.35999999999859       -1.4550782409715752       -9.0557998395999664E-002
   179.39999999999858       -1.4569507208365566       -4.6811996624534828E-002
   179.43999999999858       -1.4570556361569198       -2.6228830090789385E-003
   179.47999999999857       -1.4553757458271717        4.1997258243700986E-002
   179.51999999999856       -1.4518943081955094        8.7035940791559185E-002
   179.55999999999855       -1.4465951121984013       0.13247989992769899     
   179.59999999999854       -1.4394625239525283       0.17831470614682654     
   179.63999999999854       -1.4304815491700360       0.22452436956230576     
   179.67999999999853       -1.4196379117123263       0.27109093644274113     
   179.71999999999852       -1.4069181485350253       0.31799407943252778     
   179.75999999999851       -1.3923097211988198       0.36521068340513974     
   179.79999999999851       -1.3758011440239082       0.41271442937278791     
   179.83999999999850       -1.3573821288462176       0.46047537944226802     
   179.87999999999849       -1.3370437461877194       0.50845956646245338     
   179.91999999999848       -1.3147786024777659       0.55662859274883469     
   179.95999999999847       -1.2905810327543425       0.60493924308558489     
   179.99999999999847       -1.2644473080310739       0.65334311808171741     
   180.03999999999846       -1.2363758562360700       0.70178629487509403     
   180.07999999999845       -1.2063674953116774       0.75020902310981663     
   180.11999999999844       -1.1744256767106749       0.79854546502506329     
   180.15999999999843       -1.1405567371368721       0.84672348934507058     
   180.19999999999843       -1.1047701559608232       0.89466452940122176     
   180.23999999999842       -1.0670788153011821       0.94228351649102893     
   180.27999999999841       -1.0274992593083170       0.98948889982162946     
   180.31999999999840      -0.98605194873115820        1.0361827644289694     
   180.35999999999839      -0.94276150640564882        1.0822610581377334     
   180.39999999999839      -0.89765694889115022        1.1276139378624650     
   180.43999999999838      -0.85077189911976991        1.1721262442845075     
   180.47999999999837      -0.80214477463491762        1.2156781121213072     
   180.51999999999836      -0.75181894580288167        1.2581457208008993     
   180.55999999999835      -0.69984285830864268        1.2994021873559756     
   180.59999999999835      -0.64627011431743298        1.3393185997802415     
   180.63999999999834      -0.59115950691733699        1.3777651850023995     
   180.67999999999833      -0.53457500287222637        1.4146126011277660     
   180.71999999999832      -0.47658566931966939        1.4497333388139244     
   180.75999999999831      -0.41726554084905398        1.4830032117653853     
   180.79999999999831      -0.35669342438627877        1.5143029115693807     
   180.83999999999830      -0.29495264047850384        1.5435195976943727     
   180.87999999999829      -0.23213070089078408        1.5705484896929940     
   180.91999999999828      -0.16831892386082231        1.5952944257490440     
   180.95999999999827      -0.10361198986397860        1.6176733499210929     
   180.99999999999827       -3.8107442265536501E-002   1.6376136899610525     
   181.03999999999826        2.8094861277038641E-002   1.6550575885643783     
   181.07999999999825        9.4893339413219757E-002   1.6699619534045280     
   181.11999999999824       0.16218531122510055        1.6822992952970197     
   181.15999999999823       0.22986764439372717        1.6920583292156655     
   181.19999999999823       0.29783741717147461        1.6992443194436855     
   181.23999999999822       0.36599258347564445        1.7038791576042465     
   181.27999999999821       0.43423263028903397        1.7060011703347380     
   181.31999999999820       0.50245921675156646        1.7056646615633109     
   181.35999999999819       0.57057678484430252        1.7029392023184007     
   181.39999999999819       0.63849313237913019        1.6979086883706929     
   181.43999999999818       0.70611994007642787        1.6906701924324425     
   181.47999999999817       0.77337324579025291        1.6813326428456266     
   181.51999999999816       0.84017386036958697        1.6700153644833513     
   181.55999999999815       0.90644772116413563        1.6568465198637174     
   181.59999999999815       0.97212618073290213        1.6419614892191634     
   181.63999999999814        1.0371462298349172        1.6255012275503786     
   181.67999999999813        1.1014506552216918        1.6076106346693639     
   181.71999999999812        1.1649881340659229        1.5884369711057769     
   181.75999999999812        1.2277132680162151        1.5681283487573001     
   181.79999999999811        1.2895865608390165        1.5468323205700329     
   181.83999999999810        1.3505743443830360        1.5246945886004906     
   181.87999999999809        1.4106486581743338        1.5018578447824464     
   181.91999999999808        1.4697870883270090        1.4784607538168795     
   181.95999999999808        1.5279725716470900        1.4546370830020241     
   181.99999999999807        1.5851931708335574        1.4305149796616869     
   182.03999999999806        1.6414418265619470        1.4062163932097427     
   182.07999999999805        1.6967160919964488        1.3818566358625453     
   182.11999999999804        1.7510178549403699        1.3575440735980282     
   182.15999999999804        1.8043530524263274        1.3333799371489377     
   182.19999999999803        1.8567313820892144        1.3094582415721772     
   182.23999999999802        1.9081660141773429        1.2858658022032110     
   182.27999999999801        1.9586733075581049        1.2626823345190483     
   182.31999999999800        2.0082725325790980        1.2399806255248336     
   182.35999999999800        2.0569856031661193        1.2178267646755356     
   182.39999999999799        2.1048368200851657        1.1962804229761552     
   182.43999999999798        2.1518526268734370        1.1753951697067868     
   182.47999999999797        2.1980613795588440        1.1552188171351716     
   182.51999999999796        2.2434931309412156        1.1357937845592898     
   182.55999999999796        2.2881794299021951        1.1171574740244870     
   182.59999999999795        2.3321531359441980        1.0993426510500692     
   182.63999999999794        2.3754482489303288        1.0823778246532707     
   182.67999999999793        2.4180997538045217        1.0662876218548270     
   182.71999999999792        2.4601434799115975        1.0510931526768990     
   182.75999999999792        2.5016159744073021        1.0368123623926169     
   182.79999999999791        2.5425543891454252        1.0234603684530745     
   182.83999999999790        2.5829963803494835        1.0110497801014608     
   182.87999999999789        2.6229800203169633       0.99959099918699246     
   182.91999999999788        2.6625437203616462       0.98909250111707514     
   182.95999999999788        2.7017261641712302       0.97956109523959722     
   182.99999999999787        2.7405662507405979       0.97100216423419239     
   183.03999999999786        2.7791030460333137       0.96341988231789477     
   183.07999999999785        2.8173757425230392       0.95681741224313377     
   183.11999999999784        2.8554236257706687       0.95119708119073176     
   183.15999999999784        2.8932860472004078       0.94656053574348098     
   183.19999999999783        2.9310024022473140       0.94290887617265584     
   183.23999999999782        2.9686121130587448       0.94024277028576553     
   183.27999999999781        3.0061546149416998       0.93856254707387599     
   183.31999999999780        3.0436693457563169       0.93786827036542886     
   183.35999999999780        3.0811957374621097       0.93815979264481630     
   183.39999999999779        3.1187732090273856       0.93943678913189477     
   183.43999999999778        3.1564411599132547       0.94169877214672748     
   183.47999999999777        3.1942389633414776       0.94494508570557201     
   183.51999999999776        3.2322059585499905       0.94917488021282648     
   183.55999999999776        3.2703814412312955       0.95438706703262555     
   183.59999999999775        3.3088046513371534       0.96058025264644642     
   183.63999999999774        3.3475147574184740       0.96775265203301697     
   183.67999999999773        3.3865508366523867       0.97590198084781554     
   183.71999999999773        3.4259518496898127       0.98502532593565562     
   183.75999999999772        3.4657566094372458       0.99511899368582835     
   183.79999999999771        3.5060037428668469        1.0061783357400307     
   183.83999999999770        3.5467316449306230        1.0181975515944075     
   183.87999999999769        3.5879784236388068        1.0311694677045979     
   183.91999999999769        3.6297818353513418        1.0450852928133709     
   183.95999999999768        3.6721792093266012        1.0599343493814906     
   183.99999999999767        3.7152073605754636        1.0757037812215635     
   184.03999999999766        3.7589024900842549        1.0923782377197839     
   184.07999999999765        3.8033000714998493        1.1099395353898545     
   184.11999999999765        3.8484347234176455        1.1283662979449001     
   184.15999999999764        3.8943400664818171        1.1476335766042915     
   184.19999999999763        3.9410485646009890        1.1677124529792919     
   184.23999999999762        3.9885913497053469        1.1885696276089526     
   184.27999999999761        4.0369980296272594        1.2101669980478087     
   184.31999999999761        4.0862964788807945        1.2324612313383789     
   184.35999999999760        4.1365126123499349        1.2554033367285102     
   184.39999999999759        4.1876701421741291        1.2789382456048539     
   184.43999999999758        4.2397903184457713        1.3030044067910591     
   184.47999999999757        4.2928916547088276        1.3275334065764022     
   184.51999999999757        4.3469896396713148        1.3524496240621826     
   184.55999999999756        4.4020964370150697        1.3776699335938776     
   184.59999999999755        4.4582205757002988        1.4031034671307383     
   184.63999999999754        4.5153666337132812        1.4286514503245695     
   184.67999999999753        4.5735349187836540        1.4542071267593282     
   184.71999999999753        4.6327211501899797        1.4796557851581467     
   184.75999999999752        4.6929161463621485        1.5048749043042176     
   184.79999999999751        4.7541055235563521        1.5297344298550966     
   184.83999999999750        4.8162694113991069        1.5540971960688679     
   184.87999999999749        4.8793821915442450        1.5778195036284579     
   184.91999999999749        4.9434122660318058        1.6007518621890293     
   184.95999999999748        5.0083218621498800        1.6227399029518494     
   184.99999999999747        5.0740668806495313        1.6436254624912898     
   185.03999999999746        5.1405967940206843        1.6632478342788330     
   185.07999999999745        5.2078546011790463        1.6814451789590594     
   185.11999999999745        5.2757768443227366        1.6980560785922592     
   185.15999999999744        5.3442936928825944        1.7129212139964360     
   185.19999999999743        5.4133290984129445        1.7258851382587543     
   185.23999999999742        5.4828010229627449        1.7367981137450166     
   185.27999999999741        5.5526217419565080        1.7455179748440772     
   185.31999999999741        5.6226982209395953        1.7519119745771827     
   185.35999999999740        5.6929325637555017        1.7558585703976544     
   185.39999999999739        5.7632225278866311        1.7572491032782447     
   185.43999999999738        5.8334621008761012        1.7559893247367533     
   185.47999999999737        5.9035421300320090        1.7520007288976867     
   185.51999999999737        5.9733509960732887        1.7452216510319953     
   185.55999999999736        6.0427753200789907        1.7356081001425587     
   185.59999999999735        6.1117006921124428        1.7231343008362936     
   185.63999999999734        6.1800124092565918        1.7077929286037254     
   185.67999999999734        6.2475962105480685        1.6895950322869144     
   185.71999999999733        3.1153689267435780E-002   1.6685696474738350     
   185.75999999999732        9.6944213839739085E-002   1.6447631143075825     
   185.79999999999731       0.16167373872990476        1.6182381222541418     
   185.83999999999730       0.22523663922176779        1.5890725122965756     
   185.87999999999730       0.28753095416025248        1.5573578734621178     
   185.91999999999729       0.34845887317192625        1.5231979752918443     
   185.95999999999728       0.40792715639981264        1.4867070806971596     
   185.99999999999727       0.46584748378376145        1.4480081845987205     
   186.03999999999726       0.52213673270006744        1.4072312229076500     
   186.07999999999726       0.57671718445911901        1.3645112939762880     
   186.11999999999725       0.62951666169426312        1.3199869308786039     
   186.15999999999724       0.68046860001776888        1.2737984580876442     
   186.19999999999723       0.72951205844290845        1.2260864606284898     
   186.23999999999722       0.77659167395995554        1.1769903879261774     
   186.27999999999722       0.82165756630560116        1.1266473086411393     
   186.31999999999721       0.86466519938771669        1.0751908270528869     
   186.35999999999720       0.90557520603689923        1.0227501662295646     
   186.39999999999719       0.94435318277554225       0.96944941846607580     
   186.43999999999718       0.98096946115121464       0.91540695939180994     
   186.47999999999718        1.0153988619030090       0.86073501879485681     
   186.51999999999717        1.0476204378467173       0.80553939859270984     
   186.55999999999716        1.0776172109056350       0.74991932647294168     
   186.59999999999715        1.1053759082046866       0.69396743247628934     
   186.63999999999714        1.1308867016096709       0.63776983512460572     
   186.67999999999714        1.1541429545505182       0.58140632352118149     
   186.71999999999713        1.1751409794337202       0.52495062208005094     
   186.75999999999712        1.1938798084370685       0.46847072508370580     
   186.79999999999711        1.2103609799986506       0.41202928903955177     
   186.83999999999710        1.2245883428677107       0.35568407172650252     
   186.87999999999710        1.2365678791807444       0.29948840782584407     
   186.91999999999709        1.2463075476630150       0.24349171205676279     
   186.95999999999708        1.2538171477325766       0.18774000173903929     
   186.99999999999707        1.2591082049984068       0.13227643164575781     
   187.03999999999706        1.2621938783927757        7.7141834859222214E-002
   187.07999999999706        1.2630888889561258        2.2375264083751997E-002
   187.11999999999705        1.2618094700956142       -3.1985471512793226E-002
   187.15999999999704        1.2583733389609313       -8.5903278367073871E-002
   187.19999999999703        1.2527996884179211      -0.13934126357525581     
   187.23999999999702        1.2451091989468825      -0.19226223677596432     
   187.27999999999702        1.2353240696435892      -0.24462823258233504     
   187.31999999999701        1.2234680673528338      -0.29640005726888824     
   187.35999999999700        1.2095665928131147      -0.34753686349297547     
   187.39999999999699        1.1936467625340774      -0.39799575697593165     
   187.43999999999699        1.1757375049634773      -0.44773143926500464     
   187.47999999999698        1.1558696693266679      -0.49669589092023414     
   187.51999999999697        1.1340761453388717      -0.54483809969490604     
   187.55999999999696        1.1103919917998277      -0.59210383847609693     
   187.59999999999695        1.0848545718840881      -0.63843549789349352     
   187.63999999999695        1.0575036927417174      -0.68377197855926619     
   187.67999999999694        1.0283817468281948      -0.72804864783806400     
   187.71999999999693       0.99753385219485236      -0.77119736583356169     
   187.75999999999692       0.96500798879934424      -0.81314658488770275     
   187.79999999999691       0.93085512774752133      -0.85382152629557195     
   187.83999999999691       0.89512935026261620      -0.89314443712262737     
   187.87999999999690       0.85788795310426225      -0.93103492895884865     
   187.91999999999689       0.81919153713816872      -0.96741039915233928     
   187.95999999999688       0.77910407579656216       -1.0021865335401650     
   187.99999999999687       0.73769296027830500       -1.0352778879564295     
   188.03999999999687       0.69502901852309029       -1.0665985438803673     
   188.07999999999686       0.65118650526154631       -1.0960628315386001     
   188.11999999999685       0.60624306079523183       -1.1235861116578636     
   188.15999999999684       0.56027963659712299       -1.1490856049527209     
   188.19999999999683       0.51338038634060457       -1.1724812564129603     
   188.23999999999683       0.46563252155577445       -1.1936966196207524     
   188.27999999999682       0.41712613176480290       -1.2126597447742893     
   188.31999999999681       0.36795396964815846       -1.2293040529161108     
   188.35999999999680       0.31821120252232471       -1.2435691781458440     
   188.39999999999679       0.26799513214594844       -1.2554017594094071     
   188.43999999999679       0.21740488559193039       -1.2647561638504514     
   188.47999999999678       0.16654108060351469       -1.2715951247103925     
   188.51999999999677       0.11550546946881224       -1.2758902783675612     
   188.55999999999676        6.4400565977615676E-002  -1.2776225872799138     
   188.59999999999675        1.3329260446612909E-002  -1.2767826382750691     
   188.63999999999675       -3.7605571902338576E-002  -1.2733708087237872     
   188.67999999999674       -8.8301463763232349E-002  -1.2673972965223443     
   188.71999999999673      -0.13865674429772021       -1.2588820133621965     
   188.75999999999672      -0.18857091807127274       -1.2478543443388133     
   188.79999999999671      -0.23794502928732736       -1.2343527804013652     
   188.83999999999671      -0.28668200662069104       -1.2184244333340926     
   188.87999999999670      -0.33468698445137368       -1.2001244457670663     
   188.91999999999669      -0.38186759689293553       -1.1795153110390466     
   188.95999999999668      -0.42813424167316078       -1.1566661195056305     
   188.99999999999667      -0.47340031163552959       -1.1316517490592204     
   189.03999999999667      -0.51758239236319437       -1.1045520181916191     
   189.07999999999666      -0.56060042515930275       -1.0754508199027086     
   189.11999999999665      -0.60237783532663869       -1.0444352541833977     
   189.15999999999664      -0.64284162635636299       -1.0115947757431072     
   189.19999999999663      -0.68192244124407531      -0.97702037219280802     
   189.23999999999663      -0.71955459268908983      -0.94080378612536419     
   189.27999999999662      -0.75567606439113122      -0.90303679255103575     
   189.31999999999661      -0.79022848603278506      -0.86381054104134658     
   189.35999999999660      -0.82315708482465899      -0.82321496979684827     
   189.39999999999660      -0.85441061669511753      -0.78133829676146282     
   189.43999999999659      -0.88394128033205377      -0.73826659092340474     
   189.47999999999658      -0.91170461733691677      -0.69408342512157495     
   189.51999999999657      -0.93765940173906648      -0.64886961005374144     
   189.55999999999656      -0.96176752205033389      -0.60270300778168628     
   189.59999999999656      -0.98399385892468516      -0.55565842185878245     
   189.63999999999655       -1.0043061613353166      -0.50780756026578744     
   189.67999999999654       -1.0226749240001214      -0.45921906662011835     
   189.71999999999653       -1.0390732685842885      -0.40995861460417832     
   189.75999999999652       -1.0534768309929137      -0.36008906021563103     
   189.79999999999652       -1.0658636568428921      -0.30967064624945928     
   189.83999999999651       -1.0762141069768481      -0.25876125334889954     
   189.87999999999650       -1.0845107746560543      -0.20741669198015353     
   189.91999999999649       -1.0907384158466586      -0.15569102976511026     
   189.95999999999648       -1.0948838937954524      -0.10363694871984218     
   189.99999999999648       -1.0969361388782317       -5.1306127069481122E-002
   190.03999999999647       -1.0968861244950445        1.2503595796781730E-003
   190.07999999999646       -1.0947268595810105        5.3981622850853707E-002
   190.11999999999645       -1.0904533980971316       0.10683653709697372     
   190.15999999999644       -1.0840628656603073       0.15976331092060680     
   190.19999999999644       -1.0755545032630787       0.21270905993071482     
   190.23999999999643       -1.0649297278188410       0.26561938610594160     
   190.27999999999642       -1.0521922090448281       0.31843796935032237     
   190.31999999999641       -1.0373479619608252       0.37110617710007449     
   190.35999999999640       -1.0204054540345189       0.42356269815765840     
   190.39999999999640       -1.0013757257435321       0.47574320727466934     
   190.43999999999639      -0.98027252304928059       0.52758006735628671     
   190.47999999999638      -0.95711243998968698       0.57900207648984059     
   190.51999999999637      -0.93191506929862389       0.62993426727657620     
   190.55999999999636      -0.90470315865332107       0.68029776613257142     
   190.59999999999636      -0.87550276984203801       0.73000972028207622     
   190.63999999999635      -0.84434343783995669       0.77898330005203253     
   190.67999999999634      -0.81125832649006957       0.82712778374717899     
   190.71999999999633      -0.77628437721809862       0.87434873179927475     
   190.75999999999632      -0.73946244697794483       0.92054825600384471     
   190.79999999999632      -0.70083743143984123       0.96562538845258883     
   190.83999999999631      -0.66045836931110058        1.0094765532185177     
   190.87999999999630      -0.61837852363322443        1.0519961419469031     
   190.91999999999629      -0.57465543594289925        1.0930771922581293     
   190.95999999999628      -0.52935094933056859        1.1326121653082657     
   190.99999999999628      -0.48253119668930622        1.1704938160315594     
   191.03999999999627      -0.43426655082605725        1.2066161465812240     
   191.07999999999626      -0.38463153361049707        1.2408754303890046     
   191.11999999999625      -0.33370468196253561        1.2731712911990367     
   191.15999999999624      -0.28156836922119849        1.3034078185334281     
   191.19999999999624      -0.22830858128269282        1.3314946984626417     
   191.23999999999623      -0.17401464782536677        1.3573483364331511     
   191.27999999999622      -0.11877892992969243        1.3808929473918585     
   191.31999999999621       -6.2696466422931807E-002   1.4020615876690155     
   191.35999999999621       -5.8645822973346640E-003   1.4207971031399285     
   191.39999999999620        5.1617536468491557E-002   1.4370529691456555     
   191.43999999999619       0.10964929644991413        1.4507939995355643     
   191.47999999999618       0.16812917264881871        1.4619969049726143     
   191.51999999999617       0.22695520001832301        1.4706506842376073     
   191.55999999999617       0.28602547348052398        1.4767568365550239     
   191.59999999999616       0.34523864899138218        1.4803293877714545     
   191.63999999999615       0.40449443812522246        1.4813947283460065     
   191.67999999999614       0.46369408877872470        1.4799912663375556     
   191.71999999999613       0.52274084492539674        1.4761689036668024     
   191.75999999999613       0.58154037887221044        1.4699883486703429     
   191.79999999999612       0.64000119015821200        1.4615202821500399     
   191.83999999999611       0.69803496606176396        1.4508443975887986     
   191.87999999999610       0.75555689961503525        1.4380483388317815     
   191.91999999999609       0.81248596202494072        1.4232265602476379     
   191.95999999999609       0.86874512743157195        1.4064791351657795     
   191.99999999999608       0.92426154896198365        1.3879105382602934     
   192.03999999999607       0.97896668602555847        1.3676284265893701     
   192.07999999999606        1.0327963837178515        1.3457424423073279     
   192.11999999999605        1.0856909060289133        1.3223630577765426     
   192.15999999999605        1.1375949252715742        1.2976004810665238     
   192.19999999999604        1.1884574707431748        1.2715636367900105     
   192.23999999999603        1.2382318401047945        1.2443592340404901     
   192.27999999999602        1.2868754773047728        1.2160909299994602     
   192.31999999999601        1.3343498210925766        1.1868585946950934     
   192.35999999999601        1.3806201282731920        1.1567576795153882     
   192.39999999999600        1.4256552758525429        1.1258786894837711     
   192.43999999999599        1.4694275461343558        1.0943067570453229     
   192.47999999999598        1.5119123986630389        1.0621213132170781     
   192.51999999999597        1.5530882326804789        1.0293958504359988     
   192.55999999999597        1.5929361434919291       0.99619777028625733     
   192.59999999999596        1.6314396758312504       0.96258830848303034     
   192.63999999999595        1.6685845769913610       0.92862252900276510     
   192.67999999999594        1.7043585521530773       0.89434937904290623     
   192.71999999999593        1.7387510240141499       0.85981179652681794     
   192.75999999999593        1.7717528984981663       0.82504686210040967     
   192.79999999999592        1.8033563380163671       0.79008598795501839     
   192.83999999999591        1.8335545434690934       0.75495513631815636     
   192.87999999999590        1.8623415459108963       0.71967506104507395     
   192.91999999999589        1.8897120085664634       0.68426156638917535     
   192.95999999999589        1.9156610396745521       0.64872577770221740     
   192.99999999999588        1.9401840164543311       0.61307441949447716     
   193.03999999999587        1.9632764203324771       0.57731009695364932     
   193.07999999999586        1.9849336834391242       0.54143157766617866     
   193.11999999999585        2.0051510462749920       0.50543407089669157     
   193.15999999999585        2.0239234263691506       0.46930950235396202     
   193.19999999999584        2.0412452976852284       0.43304678290194942     
   193.23999999999583        2.0571105804916496       0.39663207016053253     
   193.27999999999582        2.0715125413869706       0.36004902238302711     
   193.31999999999582        2.0844437031628975       0.32327904439817484     
   193.35999999999581        2.0958957641935250       0.28630152576568579     
   193.39999999999580        2.1058595270583211       0.24909407161990246     
   193.43999999999579        2.1143248361370977       0.21163272696941537     
   193.47999999999578        2.1212805239565076       0.17389219548525084     
   193.51999999999578        2.1267143661185166       0.13584605405023017     
   193.55999999999577        2.1306130447009446        9.7466964560700933E-002
   193.59999999999576        2.1329621200878259        5.8726884672030084E-002
   193.63999999999575        2.1337460112623630        1.9597279363424182E-002
   193.67999999999574        2.1329479846770649       -1.9950664632451855E-002
   193.71999999999574        2.1305501519037420       -5.9945819333076703E-002
   193.75999999999573        2.1265334763598260      -0.10041688859789705     
   193.79999999999572        2.1208777895064261      -0.14139217133500248     
   193.83999999999571        2.1135618170169059      -0.18289931223800532     
   193.87999999999570        2.1045632155217788      -0.22496503737817994     
   193.91999999999570        2.0938586206452583      -0.26761487191301470     
   193.95999999999569        2.0814237071595754      -0.31087283714206987     
   193.99999999999568        2.0672332621934308      -0.35476112415361816     
   194.03999999999567        2.0512612725385408      -0.39929974137225382     
   194.07999999999566        2.0334810272004566      -0.44450613345210516     
   194.11999999999566        2.0138652364333187      -0.49039476917845115     
   194.15999999999565        1.9923861685788877      -0.53697669636077594     
   194.19999999999564        1.9690158060931560      -0.58425906214329659     
   194.23999999999563        1.9437260221832542      -0.63224459774754316     
   194.27999999999562        1.9164887794864540      -0.68093106742000464     
   194.31999999999562        1.8872763521939961      -0.73031068231144458     
   194.35999999999561        1.8560615729464642      -0.78036948118829885     
   194.39999999999560        1.8228181056947073      -0.83108668129392249     
   194.43999999999559        1.7875207455203872      -0.88243400435800223     
   194.47999999999558        1.7501457461320029      -0.93437498470960589     
   194.51999999999558        1.7106711753845201      -0.98686426868706922     
   194.55999999999557        1.6690772987026361       -1.0398469170470974     
   194.59999999999556        1.6253469897094537       -1.0932577248295627     
   194.63999999999555        1.5794661666660574       -1.1470205760849059     
   194.67999999999554        1.5314242525083601       -1.2010478539424352     
   194.71999999999554        1.4812146553250223       -1.2552399295834455     
   194.75999999999553        1.4288352650593730       -1.3094847566412351     
   194.79999999999552        1.3742889610512983       -1.3636576002018690     
   194.83999999999551        1.3175841237829373       -1.4176209317090260     
   194.87999999999550        1.2587351428855755       -1.4712245224340474     
   194.91999999999550        1.1977629121462448       -1.5243057684832717     
   194.95999999999549        1.1346953009746026       -1.5766902792910538     
   194.99999999999548        1.0695675906183384       -1.6281927589066063     
   195.03999999999547        1.0024228624233555       -1.6786182048745708     
   195.07999999999547       0.93331232470568082       -1.7277634429418680     
   195.11999999999546       0.86229556442170774       -1.7754190070993265     
   195.15999999999545       0.78944070987705528       -1.8213713636163107     
   195.19999999999544       0.71482449127944880       -1.8654054649401606     
   195.23999999999543       0.63853218708010351       -1.9073076049836337     
   195.27999999999543       0.56065744580081933       -1.9468685319821046     
   195.31999999999542       0.48130197541974601       -1.9838867595268335     
   195.35999999999541       0.40057509536007752       -2.0181720014917128     
   195.39999999999540       0.31859314962409829       -2.0495486433994810     
   195.43999999999539       0.23547878352863108       -2.0778591523866803     
   195.47999999999539       0.15136009067519898       -2.1029673213358024     
   195.51999999999538        6.6369641043171362E-002  -2.1247612408006904     
   195.55999999999537       -1.9356594782837078E-002  -2.1431558956502110     
   195.59999999999536      -0.10568040646850779       -2.1580952921417680     
   195.63999999999535      -0.19246256787855068       -2.1695540352510720     
   195.67999999999535      -0.27956409967624540       -2.1775382949423676     
   195.71999999999534      -0.36684754458333768       -2.1820861226773065     
   195.75999999999533      -0.45417822876386471       -2.1832671045131757     
   195.79999999999532      -0.54142548328760332       -2.1811813630934656     
   195.83999999999531      -0.62846380113012257       -2.1759579460629812     
   195.87999999999531      -0.71517390758558841       -2.1677526613866469     
   195.91999999999530      -0.80144372515998941       -2.1567454393600238     
   195.95999999999529      -0.88716921778930580       -2.1431373157329094     
   195.99999999999528      -0.97225510337662580       -2.1271471396829997     
   196.03999999999527       -1.0566154279429922       -2.1090081141591610     
   196.07999999999527       -1.1401739989254263       -2.0889642745608508     
   196.11999999999526       -1.2228646791409337       -2.0672670053876860     
   196.15999999999525       -1.3046315465094047       -2.0441716842117756     
   196.19999999999524       -1.3854289276734106       -2.0199345291001456     
   196.23999999999523       -1.4652213160942416       -1.9948097105207723     
   196.27999999999523       -1.5439831870084111       -1.9690467728542396     
   196.31999999999522       -1.6216987228025037       -1.9428883948523163     
   196.35999999999521       -1.6983614629435340       -1.9165685035257551     
   196.39999999999520       -1.7739738926478625       -1.8903107426082124     
   196.43999999999519       -1.8485469840612749       -1.8643272853353079     
   196.47999999999519       -1.9220997029417830       -1.8388179720127009     
   196.51999999999518       -1.9946584927727515       -1.8139697457742108     
   196.55999999999517       -2.0662567469713733       -1.7899563549655457     
   196.59999999999516       -2.1369342784732304       -1.7669382875464241     
   196.63999999999515       -2.2067367945345691       -1.7450629015334707     
   196.67999999999515       -2.2757153831554997       -1.7244647155232626     
   196.71999999999514       -2.3439260161333153       -1.7052658244453900     
   196.75999999999513       -2.4114290724379770       -1.6875764076165374     
   196.79999999999512       -2.4782888843836095       -1.6714952986408158     
   196.83999999999511       -2.5445733079638226       -1.6571105895053233     
   196.87999999999511       -2.6103533177305449       -1.6445002441680561     
   196.91999999999510       -2.6757026257258287       -1.6337326998820909     
   196.95999999999509       -2.7406973232193232       -1.6248674373373613     
   196.99999999999508       -2.8054155433535573       -1.6179555033558464     
   197.03999999999508       -2.8699371422457380       -1.6130399723045223     
   197.07999999999507       -2.9343433956287761       -1.6101563345759513     
   197.11999999999506       -2.9987167077261194       -1.6093328024335809     
   197.15999999999505       -3.0631403287361283       -1.6105905252502224     
   197.19999999999504       -3.1276980770449541       -1.6139437077206444     
   197.23999999999504       -3.1924740620869994       -1.6193996260511332     
   197.27999999999503       -3.2575524036261094       -1.6269585384777534     
   197.31999999999502       -3.3230169431383305       -1.6366134878055292     
   197.35999999999501       -3.3889509429408435       -1.6483499950628244     
   197.39999999999500       -3.4554367687369458       -1.6621456449025565     
   197.43999999999500       -3.5225555513421436       -1.6779695651299478     
   197.47999999999499       -3.5903868235329526       -1.6957818047702271     
   197.51999999999498       -3.6590081282321716       -1.7155326174804704     
   197.55999999999497       -3.7284945946290353       -1.7371616599215975     
   197.59999999999496       -3.7989184793486706       -1.7605971179908861     
   197.63999999999496       -3.8703486704528629       -1.7857547776048144     
   197.67999999999495       -3.9428501528937572       -1.8125370610223597     
   197.71999999999494       -4.0164834350729492       -1.8408320544798114     
   197.75999999999493       -4.0913039373966722       -1.8705125580930830     
   197.79999999999492       -4.1673613451742142       -1.9014351944385444     
   197.83999999999492       -4.2446989298840831       -1.9334396177467210     
   197.87999999999491       -4.3233528447223399       -1.9663478709564186     
   197.91999999999490       -4.4033514024271101       -1.9999639426192639     
   197.95999999999489       -4.4847143456020664       -2.0340735793739064     
   197.99999999999488       -4.5674521220784419       -2.0684444119093937     
   198.03999999999488       -4.6515651801759850       -2.1028264524385865     
   198.07999999999487       -4.7370433009405044       -2.1369530191129957     
   198.11999999999486       -4.8238649864190162       -2.1705421369627986     
   198.15999999999485       -4.9119969246333355       -2.2032984553579880     
   198.19999999999484       -5.0013935529667108       -2.2349157083343818     
   198.23999999999484       -5.0919967420196937       -2.2650797263245699     
   198.27999999999483       -5.1837356214639589       -2.2934719861066402     
   198.31999999999482       -5.2765265678935895       -2.3197736607407555     
   198.35999999999481       -5.3702733720509102       -2.3436701039330048     
   198.39999999999480       -5.4648675990547009       -2.3648556750947760     
   198.43999999999480       -5.5601891504215200       -2.3830387841704836     
   198.47999999999479       -5.6561070308680641       -2.3979470111636081     
   198.51999999999478       -5.7524803163229778       -2.4093321363728455     
   198.55999999999477       -5.8491593125514987       -2.4169749057130225     
   198.59999999999476       -5.9459868866652474       -2.4206893528437128     
   198.63999999999476       -6.0427999469565670       -2.4203265072829829     
   198.67999999999475       -6.1394310403801509       -2.4157773355896048     
   198.71999999999474       -6.2357100320003571       -2.4069747905051577     
   198.75999999999473       -4.8280519988570525E-002  -2.3938948791949910     
   198.79999999999472      -0.14334278815382284       -2.3765567041313074     
   198.83999999999472      -0.23754364718667406       -2.3550214758212804     
   198.87999999999471      -0.33071926887723657       -2.3293905422640635     
   198.91999999999470      -0.42271136977677420       -2.2998025224884406     
   198.95999999999469      -0.51336855649180324       -2.2664296678757268     
   198.99999999999469      -0.60254750060885442       -2.2294736029262792     
   199.03999999999468      -0.69011392521755410       -2.1891606152174905     
   199.07999999999467      -0.77594339209649577       -2.1457366719735407     
   199.11999999999466      -0.85992188562699534       -2.0994623382624904     
   199.15999999999465      -0.94194619604574581       -2.0506077604687625     
   199.19999999999465       -1.0219241104479588       -1.9994478600553254     
   199.23999999999464       -1.0997744247990739       -1.9462578587778796     
   199.27999999999463       -1.1754267939833427       -1.8913092296067178     
   199.31999999999462       -1.2488214395721235       -1.8348661397195214     
   199.35999999999461       -1.3199087365665103       -1.7771824248596664     
   199.39999999999461       -1.3886487009485817       -1.7184991095517883     
   199.43999999999460       -1.4550103995947321       -1.6590424661537575     
   199.47999999999459       -1.5189713031190708       -1.5990225881084696     
   199.51999999999458       -1.5805166006898039       -1.5386324392683279     
   199.55999999999457       -1.6396384939584001       -1.4780473317149054     
   199.59999999999457       -1.6963354851090022       -1.4174247787650536     
   199.63999999999456       -1.7506116718035827       -1.3569046673645135     
   199.67999999999455       -1.8024760595738969       -1.2966096942578567     
   199.71999999999454       -1.8519419000779576       -1.2366460126015171     
   199.75999999999453       -1.8990260616574970       -1.1771040394884857     
   199.79999999999453       -1.9437484368441340       -1.1180593796659246     
   199.83999999999452       -1.9861313898885276       -1.0595738261098389     
   199.87999999999451       -2.0261992460370806       -1.0016964037138256     
   199.91999999999450       -2.0639778231519732      -0.94446442787231111     
   199.95999999999449       -2.0994940053514992      -0.88790455498814835     
   199.99999999999449       -2.1327753576223647      -0.83203380677164229     
   200.03999999999448       -2.1638497798039671      -0.77686055454005876     
   200.07999999999447       -2.1927451979453614      -0.72238545353485939     
   200.11999999999446       -2.2194892907671031      -0.66860232054354873     
   200.15999999999445       -2.2441092488016596      -0.61549895086391437     
   200.19999999999445       -2.2666315637183354      -0.56305787291689569     
   200.23999999999444       -2.2870818453442046      -0.51125704064672772     
   200.27999999999443       -2.3054846639559954      -0.46007046529477497     
   200.31999999999442       -2.3218634155259634      -0.40946878924919888     
   200.35999999999441       -2.3362402077462607      -0.35941980550743202     
   200.39999999999441       -2.3486357648218688      -0.30988892689020259     
   200.43999999999440       -2.3590693492041894      -0.26083960955801833     
   200.47999999999439       -2.3675586986298724      -0.21223373564208098     
   200.51999999999438       -2.3741199770276689      -0.16403195994491165     
   200.55999999999437       -2.3787677380564620      -0.11619402571982783     
   200.59999999999437       -2.3815149002375149       -6.8679054526317368E-002
   200.63999999999436       -2.3823727328414885       -2.1445815099339481E-002
   200.67999999999435       -2.3813508518846733        2.5547023920383036E-002
   200.71999999999434       -2.3784572257782877        7.2340652659642790E-002
   200.75999999999433       -2.3736981903591481       0.11897588547848542     
   200.79999999999433       -2.3670784732091739       0.16549292874935020     
   200.83999999999432       -2.3586012273448493       0.21193114660811480     
   200.87999999999431       -2.3482680745256928       0.25832882047891292     
   200.91999999999430       -2.3360791585926348       0.30472289832644966     
   200.95999999999430       -2.3220332094024414       0.35114872975483252     
   200.99999999999429       -2.3061276180721277       0.39763978325784249     
   201.03999999999428       -2.2883585243864708       0.44422734214142884     
   201.07999999999427       -2.2687209173506102       0.49094017589651490     
   201.11999999999426       -2.2472087499861071       0.53780418411257735     
   201.15999999999426       -2.2238150695698837       0.58484201040557948     
   201.19999999999425       -2.1985321645976725       0.63207262430527578     
   201.23999999999424       -2.1713517298126344       0.67951086962595619     
   201.27999999999423       -2.1422650506705576       0.72716697855191703     
   201.31999999999422       -2.1112632086095329       0.77504605152562056     
   201.35999999999422       -2.0783373084473800       0.82314750405382542     
   201.39999999999421       -2.0434787291367855       0.87146448276486044     
   201.43999999999420       -2.0066793989577509       0.91998325447586005     
   201.47999999999419       -1.9679320960107614       0.96868257367474098     
   201.51999999999418       -1.9272307745830197        1.0175330356935415     
   201.55999999999418       -1.8845709175852901        1.0664964249432418     
   201.59999999999417       -1.8399499147901621        1.1155250698782009     
   201.63999999999416       -1.7933674660370724        1.1645612188272441     
   201.67999999999415       -1.7448260079004936        1.2135364534144730     
   201.71999999999414       -1.6943311615437453        1.2623711589187070     
   201.75999999999414       -1.6418921986044632        1.3109740734820525     
   201.79999999999413       -1.5875225209867563        1.3592419404426712     
   201.83999999999412       -1.5312401493838608        1.4070592900723862     
   201.87999999999411       -1.4730682142455864        1.4542983784568584     
   201.91999999999410       -1.4130354417674913        1.5008193119523765     
   201.95999999999410       -1.3511766263530050        1.5464703853621560     
   201.99999999999409       -1.2875330799342968        1.5910886604677053     
   202.03999999999408       -1.2221530475897586        1.6345008086134536     
   202.07999999999407       -1.1550920781298579        1.6765242364975159     
   202.11999999999406       -1.0864133378078398        1.7169685080504529     
   202.15999999999406       -1.0161878551176122        1.7556370672556860     
   202.19999999999405      -0.94449468483520216        1.7923292570602516     
   202.23999999999404      -0.87142098010093327        1.8268426183567223     
   202.27999999999403      -0.79706196247099526        1.8589754407484500     
   202.31999999999402      -0.72152078151282295        1.8885295239543076     
   202.35999999999402      -0.64490825767603410        1.9153130959197215     
   202.39999999999401      -0.56734250480626880        1.9391438217441326     
   202.43999999999400      -0.48894843171650881        1.9598518272439989     
   202.47999999999399      -0.40985712558919052        1.9772826531829566     
   202.51999999999398      -0.33020512352173403        1.9913000516864121     
   202.55999999999398      -0.25013358209214476        2.0017885357397320     
   202.59999999999397      -0.16978735823816965        2.0086555963493780     
   202.63999999999396       -8.9314017836372675E-002   2.0118335100449243     
   202.67999999999395       -8.8627909676798344E-003   2.0112806717173211     
   202.71999999999395        7.1416505184227916E-002   2.0069824037976938     
   202.75999999999394       0.15137455365033531        1.9989512116526846     
   202.79999999999393       0.23086361267977373        1.9872264757359601     
   202.83999999999392       0.30973855637038761        1.9718735922653468     
   202.87999999999391       0.38785786015902540        1.9529825947159449     
   202.91999999999391       0.46508451243976506        1.9306663070184917     
   202.95999999999390       0.54128683623904938        1.9050580949821070     
   202.99999999999389       0.61633920801203868        1.8763092943247333     
   203.03999999999388       0.69012266406414646        1.8445864013026940     
   203.07999999999387       0.76252538866897812        1.8100681151207909     
   203.11999999999387       0.83344308147821966        1.7729423202310388     
   203.15999999999386       0.90277920514710686        1.7334030917221810     
   203.19999999999385       0.97044511710339154        1.6916477989071173     
   203.23999999999384        1.0363600919718914        1.6478743717124960     
   203.27999999999383        1.1004512432680762        1.6022787824046187     
   203.31999999999383        1.1626533545631286        1.5550527823763083     
   203.35999999999382        1.2229086314001500        1.5063819209255345     
   203.39999999999381        1.2811663858328350        1.4564438608171242     
   203.43999999999380        1.3373826656100383        1.4054069944300784     
   203.47999999999379        1.3915198398020174        1.3534293547994789     
   203.51999999999379        1.4435461521244757        1.3006578080614533     
   203.55999999999378        1.4934352524352199        1.2472275077686081     
   203.59999999999377        1.5411657159239878        1.1932615872191972     
   203.63999999999376        1.5867205584524031        1.1388710632103836     
   203.67999999999375        1.6300867553844545        1.0841549233012848     
   203.71999999999375        1.6712547701260063        1.0292003685387949     
   203.75999999999374        1.7102180975031893       0.97408318442957476     
   203.79999999999373        1.7469728260835782       0.91886821450972012     
   203.83999999999372        1.7815172226019675       0.86360991295973666     
   203.87999999999371        1.8138513408079797       0.80835295515030459     
   203.91999999999371        1.8439766563129940       0.75313288762535835     
   203.95999999999370        1.8718957283811497       0.69797680170389165     
   203.99999999999369        1.8976118890815394       0.64290401750974435     
   204.03999999999368        1.9211289597913286       0.58792676774473041     
   204.07999999999367        1.9424509947054565       0.53305087285319586     
   204.11999999999367        1.9615820507595882       0.47827640135329491     
   204.15999999999366        1.9785259832002098       0.42359831101553702     
   204.19999999999365        1.9932862659301422       0.36900706824830909     
   204.23999999999364        2.0058658357104617       0.31448924450799065     
   204.27999999999363        2.0162669593024214       0.26002808979898867     
   204.31999999999363        2.0244911226776767       0.20560408438138200     
   204.35999999999362        2.0305389415047812       0.15119547067760875     
   204.39999999999361        2.0344100922280504        9.6778768081733524E-002
   204.43999999999360        2.0361032631857032        4.2329273941326552E-002
   204.47999999999359        2.0356161253623846       -1.2178445582969953E-002
   204.51999999999359        2.0329453225319858       -6.6770070759973002E-002
   204.55999999999358        2.0280864807156380      -0.12147104540869301     
   204.59999999999357        2.0210342370525924      -0.17630609157614360     
   204.63999999999356        2.0117822883542322      -0.23129871745900824     
   204.67999999999356        2.0003234597793726      -0.28647071437148763     
   204.71999999999355        1.9866497942277275      -0.34184163879113144     
   204.75999999999354        1.9707526631930103      -0.39742827586792623     
   204.79999999999353        1.9526228999420931      -0.45324408127293020     
   204.83999999999352        1.9322509559857732      -0.50929859890800033     
   204.87999999999352        1.9096270818730972      -0.56559685281690275     
   204.91999999999351        1.8847415333670456      -0.62213871265128740     
   204.95999999999350        1.8575848040360798      -0.67891823327414746     
   204.99999999999349        1.8281478852141211      -0.73592297054896716     
   205.03999999999348        1.7964225541308303      -0.79313327708227210     
   205.07999999999348        1.7624016907839242      -0.85052158367265407     
   205.11999999999347        1.7260796238049700      -0.90805167447385171     
   205.15999999999346        1.6874525051492033      -0.96567796639416770     
   205.19999999999345        1.6465187129090417       -1.0233448060040415     
   205.23999999999344        1.6032792809025711       -1.0809858001617645     
   205.27999999999344        1.5577383529176738       -1.1385231996224319     
   205.31999999999343        1.5099036585990420       -1.1958673579657939     
   205.35999999999342        1.4597870069538499       -1.2529162911298000     
   205.39999999999341        1.4074047923339348       -1.3095553654978800     
   205.43999999999340        1.3527785065477962       -1.3656571446534631     
   205.47999999999340        1.2959352494939300       -1.4210814263466547     
   205.51999999999339        1.2369082294278457       -1.4756755016521053     
   205.55999999999338        1.1757372427295387       -1.5292746674576732     
   205.59999999999337        1.1124691218879836       -1.5817030210388763     
   205.63999999999336        1.0471581394359681       -1.6327745613003852     
   205.67999999999336       0.97986635483137707       -1.6822946151147764     
   205.71999999999335       0.91066389087298982       -1.7300615989596806     
   205.75999999999334       0.83962912624231900       -1.7758691157667719     
   205.79999999999333       0.76684879125352823       -1.8195083747197700     
   205.83999999999332       0.69241795493280534       -1.8607709080180717     
   205.87999999999332       0.61643989317726988       -1.8994515438883877     
   205.91999999999331       0.53902582997361093       -1.9353515800914740     
   205.95999999999330       0.46029454646542167       -1.9682820877047311     
   205.99999999999329       0.38037185598364098       -1.9980672620445177     
   206.03999999999328       0.29938994689377307       -2.0245477272466972     
   206.07999999999328       0.21748659912467005       -2.0475836942275749     
   206.11999999999327       0.13480428435124006       -2.0670578693357498     
   206.15999999999326        5.1489163808208935E-002  -2.0828780135757783     
   206.19999999999325       -3.2309998596250084E-002  -2.0949790601114753     
   206.23999999999324      -0.11644298702555032       -2.1033247107325059     
   206.27999999999324      -0.20075932500872284       -2.1079084495793126     
   206.31999999999323      -0.28510948235943567       -2.1087539337678205     
   206.35999999999322      -0.36934607213588194       -2.1059147444111566     
   206.39999999999321      -0.45332501239390505       -2.0994735064505776     
   206.43999999999320      -0.53690662879929507       -2.0895404101347510     
   206.47999999999320      -0.61995667637614005       -2.0762511894211242     
   206.51999999999319      -0.70234726164367822       -2.0597646316884552     
   206.55999999999318      -0.78395764996003869       -2.0402597079090103     
   206.59999999999317      -0.86467494684661417       -2.0179324221643857     
   206.63999999999317      -0.94439464620009639       -1.9929924838370550     
   206.67999999999316       -1.0230210424042709       -1.9656599051043655     
   206.71999999999315       -1.1004675072437669       -1.9361616209873986     
   206.75999999999314       -1.1766566360406889       -1.9047282199230544     
   206.79999999999313       -1.2515202704636499       -1.8715908605740252     
   206.83999999999313       -1.3249994079192622       -1.8369784363903081     
   206.87999999999312       -1.3970440092912679       -1.8011150343001461     
   206.91999999999311       -1.4676127180418168       -1.7642177187637231     
   206.95999999999310       -1.5366725043639291       -1.7264946580528058     
   206.99999999999309       -1.6041982482291659       -1.6881435966309217     
   207.03999999999309       -1.6701722748819801       -1.6493506663203532     
   207.07999999999308       -1.7345838556736175       -1.6102895197909337     
   207.11999999999307       -1.7974286861882505       -1.5711207628658217     
   207.15999999999306       -1.8587083524743206       -1.5319916571517562     
   207.19999999999305       -1.9184297949305298       -1.4930360614052267     
   207.23999999999305       -1.9766047780750284       -1.4543745786124669     
   207.27999999999304       -2.0332493731039323       -1.4161148757225923     
   207.31999999999303       -2.0883834588658829       -1.3783521440487696     
   207.35999999999302       -2.1420302456766080       -1.3411696702681273     
   207.39999999999301       -2.1942158252947834       -1.3046394904543852     
   207.43999999999301       -2.2449687493926018       -1.2688231024454557     
   207.47999999999300       -2.2943196379883717       -1.2337722148942496     
   207.51999999999299       -2.3423008185653149       -1.1995295144235789     
   207.55999999999298       -2.3889459959768882       -1.1661294352893294     
   207.59999999999297       -2.4342899527275206       -1.1335989187658109     
   207.63999999999297       -2.4783682788093966       -1.1019581520468995     
   207.67999999999296       -2.5212171299603141       -1.0712212787729409     
   207.71999999999295       -2.5628730129735833       -1.0413970753317248     
   207.75999999999294       -2.6033725965272532       -1.0124895888417511     
   207.79999999999293       -2.6427525458959575      -0.98449873421761225     
   207.83999999999293       -2.6810493798542763      -0.95742084895796797     
   207.87999999999292       -2.7182993480666040      -0.93124920530819777     
   207.91999999999291       -2.7545383272768702      -0.90597448025666016     
   207.95999999999290       -2.7898017346548980      -0.88158518445069645     
   207.99999999999289       -2.8241244567185273      -0.85806805159073773     
   208.03999999999289       -2.8575407923265881      -0.83540839020151603     
   208.07999999999288       -2.8900844083229922      -0.81359039991010473     
   208.11999999999287       -2.9217883065030259      -0.79259745450084551     
   208.15999999999286       -2.9526848006664048      -0.77241235408446829     
   208.19999999999285       -2.9828055026155251      -0.75301754872800730     
   208.23999999999285       -3.0121813160497815      -0.73439533585640970     
   208.27999999999284       -3.0408424373964613      -0.71652803366699502     
   208.31999999999283       -3.0688183627045951      -0.69939813270334572     
   208.35999999999282       -3.0961378998095284      -0.68298842762333456     
   208.39999999999281       -3.1228291850524461      -0.66728213107294598     
   208.43999999999281       -3.1489197039103765      -0.65226297144826129     
   208.47999999999280       -3.1744363149582284      -0.63791527619630195     
   208.51999999999279       -3.1994052766452015      -0.62422404217432315     
   208.55999999999278       -3.2238522764235569      -0.61117499445889056     
   208.59999999999278       -3.2478024618184480      -0.59875463487227687     
   208.63999999999277       -3.2712804730734684      -0.58695028137550520     
   208.67999999999276       -3.2943104770480889      -0.57575009936550992     
   208.71999999999275       -3.3169162020804404      -0.56514312580879122     
   208.75999999999274       -3.3391209735622711      -0.55511928704577185     
   208.79999999999274       -3.3609477500026244      -0.54566941100882671     
   208.83999999999273       -3.3824191593831237      -0.53678523451247939     
   208.87999999999272       -3.4035575356309744      -0.52845940619626364     
   208.91999999999271       -3.4243849550561309      -0.52068548562891648     
   208.95999999999270       -3.4449232726167907      -0.51345793901649173     
   208.99999999999270       -3.4651941578926402      -0.50677213189623482     
   209.03999999999269       -3.4852191306583289      -0.50062431914221617     
   209.07999999999268       -3.5050195959606221      -0.49501163255732700     
   209.11999999999267       -3.5246168786117762      -0.48993206627885383     
   209.15999999999266       -3.5440322570190186      -0.48538446018105585     
   209.19999999999266       -3.5632869962757203      -0.48136848141754429     
   209.23999999999265       -3.5824023804440568      -0.47788460420841639     
   209.27999999999264       -3.6013997439617231      -0.47493408794166164     
   209.31999999999263       -3.6203005021067227      -0.47251895362498414     
   209.35999999999262       -3.6391261804544244      -0.47064195869254305     
   209.39999999999262       -3.6578984432600610      -0.46930657014091676     
   209.43999999999261       -3.6766391206976436      -0.46851693593956606     
   209.47999999999260       -3.6953702348829620      -0.46827785463296179     
   209.51999999999259       -3.7141140246039277      -0.46859474302414694     
   209.55999999999258       -3.7328929686760328      -0.46947360180262709     
   209.59999999999258       -3.7517298078341517      -0.47092097895297508     
   209.63999999999257       -3.7706475650643227      -0.47294393075428048     
   209.67999999999256       -3.7896695642705023      -0.47554998015448557     
   209.71999999999255       -3.8088194471616097      -0.47874707227768681     
   209.75999999999254       -3.8281211882334758      -0.48254352679665391     
   209.79999999999254       -3.8475991077085632      -0.48694798687718166     
   209.83999999999253       -3.8672778822835858      -0.49196936437556205     
   209.87999999999252       -3.8871825535214111      -0.49761678094562839     
   209.91999999999251       -3.9073385337089208      -0.50389950468774114     
   209.95999999999250       -3.9277716089868848      -0.51082688194910197     
   209.99999999999250       -3.9485079395414187      -0.51840826386334360     
   210.03999999999249       -3.9695740566293392      -0.52665292719800694     
   210.07999999999248       -3.9909968561918174      -0.53556998906195963     
   210.11999999999247       -4.0128035887922922      -0.54516831501186169     
   210.15999999999246       -4.0350218455958284      -0.55545642008841045     
   210.19999999999246       -4.0576795400882464      -0.56644236231045930     
   210.23999999999245       -4.0808048852146275      -0.57813362815952452     
   210.27999999999244       -4.1044263655986359      -0.59053700960021849     
   210.31999999999243       -4.1285727044868565      -0.60365847220551683     
   210.35999999999243       -4.1532728250465150      -0.61750301399145058     
   210.39999999999242       -4.1785558056311549      -0.63207451461600461     
   210.43999999999241       -4.2044508286177189      -0.64737557466411055     
   210.47999999999240       -4.2309871224108093      -0.66340734482726316     
   210.51999999999239       -4.2581938962066195      -0.68016934489524727     
   210.55999999999239       -4.2861002671110873      -0.69765927261168414     
   210.59999999999238       -4.3147351792153907      -0.71587280260757813     
   210.63999999999237       -4.3441273142482215      -0.73480337582076005     
   210.67999999999236       -4.3743049934496998      -0.75444198003696405     
   210.71999999999235       -4.4052960703478128      -0.77477692245281637     
   210.75999999999235       -4.4371278141663897      -0.79579359546441619     
   210.79999999999234       -4.4698267836555470      -0.81747423722894197     
   210.83999999999233       -4.5034186912128016      -0.83979768893135942     
   210.87999999999232       -4.5379282572573292      -0.86273915111318356     
   210.91999999999231       -4.5733790549326550      -0.88626994188313535     
   210.95999999999231       -4.6097933453457056      -0.91035726032627406     
   210.99999999999230       -4.6471919037037983      -0.93496395895231255     
   211.03999999999229       -4.6855938368864463      -0.96004832956619013     
   211.07999999999228       -4.7250163931861398      -0.98556390749232969     
   211.11999999999227       -4.7654747651710485       -1.0114592996227159     
   211.15999999999227       -4.8069818868617995       -1.0376780422687695     
   211.19999999999226       -4.8495482266719971       -1.0641584952549474     
   211.23999999999225       -4.8931815778348549       -1.0908337790714460     
   211.27999999999224       -4.9378868483218303       -1.1176317621743899     
   211.31999999999223       -4.9836658525478992       -1.1444751056517282     
   211.35999999999223       -5.0305171074449904       -1.1712813724272793     
   211.39999999999222       -5.0784356357617542       -1.1979632079190881     
   211.43999999999221       -5.1274127797044660       -1.2244285985678025     
   211.47999999999220       -5.1774360282595033       -1.2505812138759451     
   211.51999999999219       -5.2284888617205185       -1.2763208365253824     
   211.55999999999219       -5.2805506170706069       -1.3015438837522058     
   211.59999999999218       -5.3335963779286590       -1.3261440214513047     
   211.63999999999217       -5.3875968927473412       -1.3500128704670518     
   211.67999999999216       -5.4425185248364727       -1.3730408022282841     
   211.71999999999215       -5.4983232375704851       -1.3951178183503199     
   211.75999999999215       -5.5549686178152378       -1.4161345061188220     
   211.79999999999214       -5.6124079401741982       -1.4359830589740159     
   211.83999999999213       -5.6705902741074405       -1.4545583483310509     
   211.87999999999212       -5.7294606353242319       -1.4717590304197854     
   211.91999999999211       -5.7889601821014907       -1.4874886694314724     
   211.95999999999211       -5.8490264563515222       -1.5016568562507959     
   211.99999999999210       -5.9095936683737458       -1.5141803005555805     
   212.03999999999209       -5.9705930233016238       -1.5249838731969563     
   212.07999999999208       -6.0319530863265287       -1.5340015756226149     
   212.11999999999207       -6.0936001828760809       -1.5411774137388075     
   212.15999999999207       -6.1554588290781149       -1.5464661550508605     
   212.19999999999206       -6.2174521870846968       -1.5498339501645573     
   212.23999999999205       -6.2795025391933521       -1.5512588027163774     
   212.27999999999204       -5.8346467031043403E-002  -1.5507308754319393     
   212.31999999999204      -0.12027657199720065       -1.5482526241539314     
   212.35999999999203      -0.18203012224389686       -1.5438387561674050     
   212.39999999999202      -0.24353076279567276       -1.5375160137943975     
   212.43999999999201      -0.30470367434905299       -1.5293227888345049     
   212.47999999999200      -0.36547601746100183       -1.5193085777987212     
   212.51999999999200      -0.42577734913461845       -1.5075332918404154     
   212.55999999999199      -0.48554000668161079       -1.4940664386748086     
   212.59999999999198      -0.54469945454063873       -1.4789861964756976     
   212.63999999999197      -0.60319459060720637       -1.4623784016641901     
   212.67999999999196      -0.66096800955201851       -1.4443354736203031     
   212.71999999999196      -0.71796622153834611       -1.4249552996581911     
   212.75999999999195      -0.77413982566443706       -1.4043401031522735     
   212.79999999999194      -0.82944363832687218       -1.3825953165608780     
   212.83999999999193      -0.88383677750161005       -1.3598284793684476     
   212.87999999999192      -0.93728270465267982       -1.3361481787767446     
   212.91999999999192      -0.98974922659063147       -1.3116630484487917     
   212.95999999999191       -1.0412084601056877       -1.2864808378764030     
   212.99999999999190       -1.0916367625907557       -1.2607075621266988     
   213.03999999999189       -1.1410146321482224       -1.2344467389366689     
   213.07999999999188       -1.1893265808467510       -1.2077987174632154     
   213.11999999999188       -1.2365609848681913       -1.1808601005360098     
   213.15999999999187       -1.2827099152705577       -1.1537232600591578     
   213.19999999999186       -1.3277689530026737       -1.1264759433029019     
   213.23999999999185       -1.3717369916522033       -1.0992009662382389     
   213.27999999999184       -1.4146160312041796       -1.0719759887994076     
   213.31999999999184       -1.4564109658442799       -1.0448733660025091     
   213.35999999999183       -1.4971293685716194       -1.0179600681834888     
   213.39999999999182       -1.5367812751003476      -0.99129766321820612     
   213.43999999999181       -1.5753789692371232      -0.96494235341939083     
   213.47999999999180       -1.6129367716305363      -0.93894505983532583     
   213.51999999999180       -1.6494708335052581      -0.91335154686804587     
   213.55999999999179       -1.6849989367232818      -0.88820258045059097     
   213.59999999999178       -1.7195403012609416      -0.86353411344149567     
   213.63999999999177       -1.7531154009561960      -0.83937749238136072     
   213.67999999999176       -1.7857457881676224      -0.81575968028566059     
   213.71999999999176       -1.8174539277955515      -0.79270349069822454     
   213.75999999999175       -1.8482630409468777      -0.77022782878315588     
   213.79999999999174       -1.8781969583778768      -0.74834793577498082     
   213.83999999999173       -1.9072799837229346      -0.72707563362644412     
   213.87999999999172       -1.9355367664102343      -0.70641956718249310     
   213.91999999999172       -1.9629921840767168      -0.68638544166206017     
   213.95999999999171       -1.9896712342224316      -0.66697625364287105     
   213.99999999999170       -2.0155989347871155      -0.64819251411709844     
   214.03999999999169       -2.0408002332877992      -0.63003246251709022     
   214.07999999999168       -2.0652999241238628      -0.61249227090158620     
   214.11999999999168       -2.0891225736336860      -0.59556623774558037     
   214.15999999999167       -2.1122924524734330      -0.57924697099366895     
   214.19999999999166       -2.1348334748822362      -0.56352556022007905     
   214.23999999999165       -2.1567691443978991      -0.54839173789157203     
   214.27999999999165       -2.1781225055921030      -0.53383402985509809     
   214.31999999999164       -2.1989161014030412      -0.51983989527345564     
   214.35999999999163       -2.2191719356555293      -0.50639585631220663     
   214.39999999999162       -2.2389114403732284      -0.49348761794247997     
   214.43999999999161       -2.2581554475040138      -0.48110017826963408     
   214.47999999999161       -2.2769241646971903      -0.46921792982941102     
   214.51999999999160       -2.2952371547897243      -0.45782475231334641     
   214.55999999999159       -2.3131133186775528      -0.44690409719571511     
   214.59999999999158       -2.3305708812670289      -0.43643906473690347     
   214.63999999999157       -2.3476273802204006      -0.42641247383429592     
   214.67999999999157       -2.3642996572277148      -0.41680692518285350     
   214.71999999999156       -2.3806038515555015      -0.40760485819466591     
   214.75999999999155       -2.3965553956399348      -0.39878860211083783     
   214.79999999999154       -2.4121690125087722      -0.39034042172093958     
   214.83999999999153       -2.4274587148321962      -0.38224255808559476     
   214.87999999999153       -2.4424378054176823      -0.37447726463715703     
   214.91999999999152       -2.4571188789781750      -0.36702683901231653     
   214.95999999999151       -2.4715138250161450      -0.35987365094924972     
   214.99999999999150       -2.4856338316785802      -0.35300016656088123     
   215.03999999999149       -2.4994893904495887      -0.34638896927520962     
   215.07999999999149       -2.5130903015581341      -0.34002277771363754     
   215.11999999999148       -2.5264456799884929      -0.33388446075897166     
   215.15999999999147       -2.5395639619903458      -0.32795705004632525     
   215.19999999999146       -2.5524529119940507      -0.32222375009262461     
   215.23999999999145       -2.5651196298446037      -0.31666794626382350     
   215.27999999999145       -2.5775705582751356      -0.31127321076329278     
   215.31999999999144       -2.5898114905475422      -0.30602330681016843     
   215.35999999999143       -2.6018475781940498      -0.30090219116269057     
   215.39999999999142       -2.6136833387991989      -0.29589401512873231     
   215.43999999999141       -2.6253226637669496      -0.29098312419376404     
   215.47999999999141       -2.6367688260223647      -0.28615405638537400     
   215.51999999999140       -2.6480244876016905      -0.28139153948314499     
   215.55999999999139       -2.6590917070886149      -0.27668048717311211     
   215.59999999999138       -2.6699719468581007      -0.27200599423714245     
   215.63999999999137       -2.6806660800924749      -0.26735333085935176     
   215.67999999999137       -2.6911743975374369      -0.26270793612405180     
   215.71999999999136       -2.7014966139683425      -0.25805541077264260     
   215.75999999999135       -2.7116318743395547      -0.25338150928030617     
   215.79999999999134       -2.7215787595918455      -0.24867213130726629     
   215.83999999999133       -2.7313352920947933      -0.24391331257369980     
   215.87999999999133       -2.7408989407028774      -0.23909121520210555     
   215.91999999999132       -2.7502666254055179      -0.23419211756600800     
   215.95999999999131       -2.7594347215526880      -0.22920240367925276     
   215.99999999999130       -2.7683990636389213      -0.22410855215583383     
   216.03999999999129       -2.7771549486295668      -0.21889712476614293     
   216.07999999999129       -2.7856971388140352      -0.21355475461171433     
   216.11999999999128       -2.7940198641715139      -0.20806813393696422     
   216.15999999999127       -2.8021168242352363      -0.20242400159306534     
   216.19999999999126       -2.8099811894418738      -0.19660913016593648     
   216.23999999999126       -2.8176056019529692      -0.19061031277738238     
   216.27999999999125       -2.8249821759355966      -0.18441434956568542     
   216.31999999999124       -2.8321024972895734      -0.17800803384941685     
   216.35999999999123       -2.8389576228086111      -0.17137813797594509     
   216.39999999999122       -2.8455380787627740      -0.16451139885407734     
   216.43999999999122       -2.8518338588895138      -0.15739450316849074     
   216.47999999999121       -2.8578344217803999      -0.15001407227215396     
   216.51999999999120       -2.8635286876504735      -0.14235664675183787     
   216.55999999999119       -2.8689050344769176      -0.13440867066110135     
   216.59999999999118       -2.8739512934935139      -0.12615647541490693     
   216.63999999999118       -2.8786547440271271      -0.11758626334032932     
   216.67999999999117       -2.8830021076622767      -0.10868409087873630     
   216.71999999999116       -2.8869795417197359       -9.9435851436477263E-002
   216.75999999999115       -2.8905726320350800       -8.9827257883605072E-002
   216.79999999999114       -2.8937663850232238       -7.9843824703599811E-002
   216.83999999999114       -2.8965452190152892       -6.9470849801634871E-002
   216.87999999999113       -2.8988929548546802       -5.8693395984781918E-002
   216.91999999999112       -2.9007928057400751       -4.7496272134867963E-002
   216.95999999999111       -2.9022273663042242       -3.5864014103720983E-002
   216.99999999999110       -2.9031786009190843       -2.3780865371501158E-002
   217.03999999999110       -2.9036278312199633       -1.1230757521971611E-002
   217.07999999999109       -2.9035557228441333        1.8027093957450804E-003
   217.11999999999108       -2.9029422713829005        1.5336286530819679E-002
   217.15999999999107       -2.9017667875505055        2.9387095809878295E-002
   217.19999999999106       -2.9000078815786541        4.3972649296281620E-002
   217.23999999999106       -2.8976434468520749        5.9110868164479656E-002
   217.27999999999105       -2.8946506428084717        7.4820101090080249E-002
   217.31999999999104       -2.8910058771358051        9.1119141816669663E-002
   217.35999999999103       -2.8866847873112085       0.10802724561492186     
   217.39999999999102       -2.8816622215393104       0.12556414429745089     
   217.43999999999102       -2.8759122191635735       0.14375005939341831     
   217.47999999999101       -2.8694079906428009       0.16260571301931029     
   217.51999999999100       -2.8621218972065727       0.18215233590570146     
   217.55999999999099       -2.8540254303284409       0.20241167195329021     
   217.59999999999098       -2.8450891911846772       0.22340597859409353     
   217.63999999999098       -2.8352828702996979       0.24515802212448429     
   217.67999999999097       -2.8245752276175078       0.26769106705475421     
   217.71999999999096       -2.8129340732821402       0.29102885838418674     
   217.75999999999095       -2.8003262494597245       0.31519559556039556     
   217.79999999999094       -2.7867176135910769       0.34021589671619473     
   217.83999999999094       -2.7720730235272359       0.36611475159602824     
   217.87999999999093       -2.7563563250717635       0.39291746138681144     
   217.91999999999092       -2.7395303425335586       0.42064956345511739     
   217.95999999999091       -2.7215568729829678       0.44933673876476815     
   217.99999999999091       -2.7023966850026642       0.47900469950759028     
   218.03999999999090       -2.6820095228335514       0.50967905422782134     
   218.07999999999089       -2.6603541169351068       0.54138514746110977     
   218.11999999999088       -2.6373882021092081       0.57414787064746353     
   218.15999999999087       -2.6130685444763699       0.60799144082095380     
   218.19999999999087       -2.5873509787428945       0.64293914333688440     
   218.23999999999086       -2.5601904573556280       0.67901303468166818     
   218.27999999999085       -2.5315411133061385       0.71623360123723212     
   218.31999999999084       -2.5013563385157513       0.75461936975967925     
   218.35999999999083       -2.4695888799035588       0.79418646530481063     
   218.39999999999083       -2.4361909554067793       0.83494811241948741     
   218.43999999999082       -2.4011143923807143       0.87691407565162549     
   218.47999999999081       -2.3643107909466150       0.92009003585247895     
   218.51999999999080       -2.3257317149706886       0.96447689939816428     
   218.55999999999079       -2.2853289134349284        1.0100700383940067     
   218.59999999999079       -2.2430545749868931        1.0568584612008867     
   218.63999999999078       -2.1988616184150453        1.1048239142961955     
   218.67999999999077       -2.1527040216705235        1.1539399186130463     
   218.71999999999076       -2.1045371918246363        1.2041707461471833     
   218.75999999999075       -2.0543183779913878        1.2554703458312071     
   218.79999999999075       -2.0020071287319481        1.3077812314859929     
   218.83999999999074       -1.9475657947686256        1.3610333490830600     
   218.87999999999073       -1.8909600769458010        1.4151429455706113     
   218.91999999999072       -1.8321596182630857        1.4700114670678817     
   218.95999999999071       -1.7711386374551299        1.5255245201988972     
   218.99999999999071       -1.7078765999939249        1.5815509365301221     
   219.03999999999070       -1.6423589205448101        1.6379419862278688     
   219.07999999999069       -1.5745776888327538        1.6945307928014053     
   219.11999999999068       -1.5045324086050522        1.7511320056925432     
   219.15999999999067       -1.4322307369663485        1.8075417909675917     
   219.19999999999067       -1.3576892088926382        1.8635382018427571     
   219.23999999999066       -1.2809339293101389        1.9188819895624805     
   219.27999999999065       -1.2020012128867958        1.9733179105835803     
   219.31999999999064       -1.1209381497872226        2.0265765774893283     
   219.35999999999063       -1.0378030742632565        2.0783768880991516     
   219.39999999999063      -0.95266591227871777        2.1284290496134686     
   219.43999999999062      -0.86560838458175771        2.1764381924240004     
   219.47999999999061      -0.77672404290493335        2.2221085419206101     
   219.51999999999060      -0.68611811941696377        2.2651480871992384     
   219.55999999999059      -0.59390717323787212        2.3052736544772920     
   219.59999999999059      -0.50021852275113166        2.3422162621685105     
   219.63999999999058      -0.40518945850169175        2.3757266062359972     
   219.67999999999057      -0.30896623845766569        2.4055805011006508     
   219.71999999999056      -0.21170287503893800        2.4315840854681920     
   219.75999999999055      -0.11355973119568534        2.4535785960813166     
   219.79999999999055       -1.4701950509696263E-002   2.4714445171497270     
   219.83999999999054        8.4702246681246318E-002   2.4851049297735646     
   219.87999999999053       0.18448336323177342        2.4945279137631773     
   219.91999999999052       0.28447247893212979        2.4997278925089099     
   219.95999999999052       0.38450311323633946        2.5007658576052409     
   219.99999999999051       0.48441305166109849        2.4977484606189750     
   220.03999999999050       0.58404609210334413        2.4908260110561398     
   220.07999999999049       0.68325367084189681        2.4801894684638173     
   220.11999999999048       0.78189633321103802        2.4660665592285302     
   220.15999999999048       0.87984502049806435        2.4487171821756579     
   220.19999999999047       0.97698215208286487        2.4284282896200136     
   220.23999999999046        1.0732024897310237        2.4055084412039731     
   220.27999999999045        1.1684137788063296        2.3802822268826445     
   220.31999999999044        1.2625371685628033        2.3530847439118432     
   220.35999999999044        1.3555074202639024        2.3242562925274788     
   220.39999999999043        1.4472729174037657        2.2941374284965859     
   220.43999999999042        1.5377954966186111        2.2630644803711331     
   220.47999999999041        1.6270501209189570        2.2313656075086463     
   220.51999999999040        1.7150244186741472        2.1993574438797574     
   220.55999999999040        1.8017181124375314        2.1673423440846071     
   220.59999999999039        1.8871423613608849        2.1356062230838333     
   220.63999999999038        1.9713190397872837        2.1044169606599734     
   220.67999999999037        2.0542799728215648        2.0740233258570306     
   220.71999999999036        2.1360661474424285        2.0446543655215916     
   220.75999999999036        2.2167269152115527        2.0165191942281031     
   220.79999999999035        2.2963192000021748        1.9898071197655498     
   220.83999999999034        2.3749067215358934        1.9646880383429637     
   220.87999999999033        2.4525592429782064        1.9413130360578270     
   220.91999999999032        2.5293518484706747        1.9198151373117052     
   220.95999999999032        2.6053642543171973        1.9003101461630594     
   220.99999999999031        2.6806801556202915        1.8828975325773549     
   221.03999999999030        2.7553866084909320        1.8676613217660070     
   221.07999999999029        2.8295734465306488        1.8546709509929173     
   221.11999999999028        2.9033327290969022        1.8439820641563378     
   221.15999999999028        2.9767582178965659        1.8356372199915889     
   221.19999999999027        3.0499448776894602        1.8296664948223582     
   221.23999999999026        3.1229883963057086        1.8260879654062054     
   221.27999999999025        3.1959847187700392        1.8249080616082660     
   221.31999999999024        3.2690295900685551        1.8261217824628941     
   221.35999999999024        3.3422181009779712        1.8297127727353997     
   221.39999999999023        3.4156442313970974        1.8356532604781499     
   221.43999999999022        3.4894003857729472        1.8439038593962433     
   221.47999999999021        3.5635769155011867        1.8544132432059930     
   221.51999999999020        3.6382616236085994        1.8671177026853210     
   221.55999999999020        3.7135392476032050        1.8819405998651373     
   221.59999999999019        3.7894909171175759        1.8987917378592747     
   221.63999999999018        3.8661935838860608        1.9175666692121189     
   221.67999999999017        3.9437194227001933        1.9381459703533090     
   221.71999999999016        4.0221352032895883        1.9603945147348736     
   221.75999999999016        4.1015016345846593        1.9841607823767751     
   221.79999999999015        4.1818726845319896        2.0092762486832667     
   221.83999999999014        4.2632948805424276        2.0355549002609470     
   221.87999999999013        4.3458065977319151        2.0627929297371801     
   221.91999999999013        4.4294373443252804        2.0907686648341253     
   221.95999999999012        4.5142070558740821        2.1192427887200354     
   221.99999999999011        4.6001254122103727        2.1479589084072606     
   222.03999999999010        4.6871911932163206        2.1766445251486939     
   222.07999999999009        4.7753916914115218        2.2050124548800292     
   222.11999999999009        4.8647022009045502        2.2327627373257153     
   222.15999999999008        4.9550856032702892        2.2595850591434665     
   222.19999999999007        5.0464920712447086        2.2851616993604833     
   222.23999999999006        5.1388589106280458        2.3091709845834356     
   222.27999999999005        5.2321105593331083        2.3312912176265592     
   222.31999999999005        5.3261587600238727        2.3512050172690997     
   222.35999999999004        5.4209029192311950        2.3686039801830607     
   222.39999999999003        5.5162306612456664        2.3831935503617863     
   222.43999999999002        5.6120185795882378        2.3946979585642922     
   222.47999999999001        5.7081331826438388        2.4028650763900230     
   222.51999999999001        5.8044320233848650        2.4074710185256429     
   222.55999999999000        5.9007649963466990        2.4083243240458581     
   222.59999999998999        5.9969757785247930        2.4052695544523530     
   222.63999999998998        6.0929033850340764        2.3981901627320776     
   222.67999999998997        6.1883838055787432        2.3870105136166613     
   222.71999999998997        6.6377162847075510E-005   2.3716969690922425     
   222.75999999998996        9.4156696880657642E-002   2.3522579929452641     
   222.79999999998995       0.18730642772290318        2.3287432710561387     
   222.83999999998994       0.27935610321370663        2.3012418872700868     
   222.87999999998993       0.37015128861239266        2.2698796349671500     
   222.91999999998993       0.45954391178020498        2.2348155791953079     
   222.95999999998992       0.54739343223025283        2.1962380112511966     
   222.99999999998991       0.63356783044895171        2.1543599554674717     
   223.03999999998990       0.71794440629331158        2.1094143961089982     
   223.07999999998989       0.80041038193075753        2.0616493909361493     
   223.11999999998989       0.88086331105615667        2.0113232281349789     
   223.15999999998988       0.95921130171497582        1.9586997664704791     
   223.19999999998987        1.0353730647776831        1.9040440765676792     
   223.23999999998986        1.1092778038246256        1.8476184761735654     
   223.27999999998985        1.1808649648663048        1.7896790260419793     
   223.31999999998985        1.2500838659635916        1.7304725274321684     
   223.35999999998984        1.3168932275039544        1.6702340385090737     
   223.39999999998983        1.3812606237514495        1.6091849061873793     
   223.43999999998982        1.4431618754631188        1.5475312927917315     
   223.47999999998981        1.5025804020061571        1.4854631635759548     
   223.51999999998981        1.5595065496709020        1.4231536916186205     
   223.55999999998980        1.6139369108959132        1.3607590306252786     
   223.59999999998979        1.6658736470277642        1.2984184032962747     
   223.63999999998978        1.7153238251338043        1.2362544526510058     
   223.67999999998978        1.7622987773534144        1.1743738054902553     
   223.71999999998977        1.8068134893732561        1.1128678004960422     
   223.75999999998976        1.8488860228862825        1.0518133378256587     
   223.79999999998975        1.8885369753674657       0.99127381202957998     
   223.83999999998974        1.9257889791819178       0.93130009536130276     
   223.87999999998974        1.9606662409329298       0.87193154377530169     
   223.91999999998973        1.9931941210498190       0.81319700292222807     
   223.95999999998972        2.0233987528940687       0.75511579610624335     
   223.99999999998971        2.0513067001092455       0.69769868037942417     
   224.03999999998970        2.0769446505359350       0.64094876066723450     
   224.07999999998970        2.1003391447373501       0.58486235503537309     
   224.11999999998969        2.1215163370147399       0.52942980693474184     
   224.15999999998968        2.1405017867158476       0.47463624252769598     
   224.19999999998967        2.1573202776376745       0.42046227304567013     
   224.23999999998966        2.1719956633817521       0.36688464360193646     
   224.27999999998966        2.1845507366230219       0.31387683103174974     
   224.31999999998965        2.1950071203911294       0.26140959420268306     
   224.35999999998964        2.2033851796261299       0.20945148087500737     
   224.39999999998963        2.2097039514515679       0.15796929563595458     
   224.43999999998962        2.2139810928003034       0.10692853371839006     
   224.47999999998962        2.2162328442272869        5.6293785674585171E-002
   224.51999999998961        2.2164740089446937        6.0291179351743412E-003
   224.55999999998960        2.2147179463152100       -4.3901565737096457E-002
   224.59999999998959        2.2109765792362790       -9.3534176973274791E-002
   224.63999999998958        2.2052604150397253      -0.14290410491383851     
   224.67999999998958        2.1975785797155929      -0.19204588310330376     
   224.71999999998957        2.1879388654447411      -0.24099285677129781     
   224.75999999998956        2.1763477915901879      -0.28977684636383322     
   224.79999999998955        2.1628106794508026      -0.33842780348463569     
   224.83999999998954        2.1473317412209232      -0.38697345574698272     
   224.87999999998954        2.1299141837237756      -0.43543893742868928     
   224.91999999998953        2.1105603275927414      -0.48384640327585382     
   224.95999999998952        2.0892717426597094      -0.53221462332579472     
   224.99999999998951        2.0660494003705585      -0.58055855722876759     
   225.03999999998950        2.0408938440803595      -0.62888890725497537     
   225.07999999998950        2.0138053780806877      -0.67721164999179884     
   225.11999999998949        1.9847842761735119      -0.72552754767939653     
   225.15999999998948        1.9538310105250045      -0.77383164121268344     
   225.19999999998947        1.9209465014024694      -0.82211272806337798     
   225.23999999998946        1.8861323882123728      -0.87035282975241202     
   225.27999999998946        1.8493913220111824      -0.91852665502976183     
   225.31999999998945        1.8107272793476976      -0.96660106658711931     
   225.35999999998944        1.7701458969108861       -1.0145345609202894     
   225.39999999998943        1.7276548259972058       -1.0622767728420097     
   225.43999999998942        1.6832641052741355       -1.1097680180767591     
   225.47999999998942        1.6369865497027252       -1.1569388892852590     
   225.51999999998941        1.5888381527952138       -1.2037099226877861     
   225.55999999998940        1.5388384986318882       -1.2499913540831415     
   225.59999999998939        1.4870111792568219       -1.2956829843766553     
   225.63999999998939        1.4333842122327562       -1.3406741756016420     
   225.67999999998938        1.3779904522848681       -1.3848439986972025     
   225.71999999998937        1.3208679901313676       -1.4280615538375099     
   225.75999999998936        1.2620605308216768       -1.4701864827422693     
   225.79999999998935        1.2016177432217958       -1.5110696899970262     
   225.83999999998935        1.1395955717471928       -1.5505542868650724     
   225.87999999998934        1.0760565010946923       -1.5884767663125126     
   225.91999999998933        1.0110697646152242       -1.6246684119867005     
   225.95999999998932       0.94471148714510733       -1.6589569367529222     
   225.99999999998931       0.87706475361469827       -1.6911683382602261     
   226.03999999998931       0.80821959560963885       -1.7211289501264855     
   226.07999999998930       0.73827288928744206       -1.7486676580549187     
   226.11999999998929       0.66732815964905678       -1.7736182409596304     
   226.15999999998928       0.59549528810908459       -1.7958217884993060     
   226.19999999998927       0.52289012255493961       -1.8151291388536246     
   226.23999999998927       0.44963399156732498       -1.8314032746903655     
   226.27999999998926       0.37585312710380631       -1.8445216115879670     
   226.31999999998925       0.30167800261835370       -1.8543781121363154     
   226.35999999998924       0.22724259618472309       -1.8608851608407653     
   226.39999999998923       0.15268359058757297       -1.8639751399287530     
   226.43999999998923        7.8139524422361606E-002  -1.8636016541302840     
   226.47999999998922        3.7499098949366622E-003  -1.8597403631856235     
   226.51999999998921       -7.0345665854473050E-002  -1.8523893937352429     
   226.55999999998920      -0.14400843852268683       -1.8415693167053444     
   226.59999999998919      -0.21710134618387650       -1.8273226915297420     
   226.63999999998919      -0.28948987393171821       -1.8097131936960422     
   226.67999999998918      -0.36104284818485344       -1.7888243563283805     
   226.71999999998917      -0.43163316694696674       -1.7647579690528323     
   226.75999999998916      -0.50113845445105976       -1.7376321876023264     
   226.79999999998915      -0.56944163105317736       -1.7075794150529391     
   226.83999999998915      -0.63643139185304476       -1.6747440199966841     
   226.87999999998914      -0.70200259018558020       -1.6392799583133868     
   226.91999999998913      -0.76605652473238883       -1.6013483636702148     
   226.95999999998912      -0.82850113144374804       -1.5611151677839787     
   226.99999999998911      -0.88925108365519989       -1.5187488052862950     
   227.03999999998911      -0.94822780566603360       -1.4744180502708424     
   227.07999999998910       -1.0053594065796483       -1.4282900228403677     
   227.11999999998909       -1.0605805423700181       -1.3805283947592422     
   227.15999999998908       -1.1138322149362168       -1.3312918141549674     
   227.19999999998907       -1.1650615173570862       -1.2807325605217366     
   227.23999999998907       -1.2142213346927322       -1.2289954333911495     
   227.27999999998906       -1.2612700095399940       -1.1762168711815435     
   227.31999999998905       -1.3061709811821955       -1.1225242910550379     
   227.35999999998904       -1.3488924066282557       -1.0680356361515044     
   227.39999999998903       -1.3894067711606746       -1.0128591133104714     
   227.43999999998903       -1.4276904952510139      -0.95709310225848299     
   227.47999999998902       -1.4637235438955671      -0.90082621611383140     
   227.51999999998901       -1.4974890436076236      -0.84413749280140982     
   227.55999999998900       -1.5289729115046207      -0.78709669742492760     
   227.59999999998900       -1.5581635001709653      -0.72976471665861653     
   227.63999999998899       -1.5850512612769803      -0.67219402765037284     
   227.67999999998898       -1.6096284303026167      -0.61442922564091129     
   227.71999999998897       -1.6318887341579627      -0.55650759638364622     
   227.75999999998896       -1.6518271230139898      -0.49845972140068162     
   227.79999999998896       -1.6694395272561000      -0.44031010605275595     
   227.83999999998895       -1.6847226401470505      -0.38207782227376447     
   227.87999999998894       -1.6976737265301516      -0.32377715957752684     
   227.91999999998893       -1.7082904577122697      -0.26541827955295183     
   227.95999999998892       -1.7165707725323376      -0.20700787050169633     
   227.99999999998892       -1.7225127645373930      -0.14854980012638314     
   228.03999999998891       -1.7261145951470038       -9.0045765240268860E-002
   228.07999999998890       -1.7273744326805283       -3.1495938338108979E-002
   228.11999999998889       -1.7262904171422353        2.7100388457321614E-002
   228.15999999998888       -1.7228606506991562        8.5744161076980019E-002
   228.19999999998888       -1.7170832138379655       0.14443592152976964     
   228.23999999998887       -1.7089562072425688       0.20317516488491719     
   228.27999999998886       -1.6984778194857124       0.26195969392140989     
   228.31999999998885       -1.6856464206681152       0.32078497043993220     
   228.35999999998884       -1.6704606821595021       0.37964346271533145     
   228.39999999998884       -1.6529197225895185       0.43852398924959157     
   228.43999999998883       -1.6330232801947293       0.49741105986972650     
   228.47999999998882       -1.6107719115425807       0.55628421630371661     
   228.51999999998881       -1.5861672165161946       0.61511737565965363     
   228.55999999998880       -1.5592120892472703       0.67387818172310665     
   228.59999999998880       -1.5299109944207432       0.73252737066317930     
   228.63999999998879       -1.4982702680376414       0.79101815957754607     
   228.67999999998878       -1.4642984413065194       0.84929566827804726     
   228.71999999998877       -1.4280065858355571       0.90729638677405677     
   228.75999999998876       -1.3894086777160797       0.96494770298693433     
   228.79999999998876       -1.3485219774263697        1.0221675072427487     
   228.83999999998875       -1.3053674217487989        1.0788638919392664     
   228.87999999998874       -1.2599700230950488        1.1349349663437560     
   228.91999999998873       -1.2123592707907158        1.1902688076083268     
   228.95999999998872       -1.1625695280054473        1.2447435696317133     
   228.99999999998872       -1.1106404171581057        1.2982277711835424     
   229.03999999998871       -1.0566171858152502        1.3505807835713874     
   229.07999999998870       -1.0005510443786239        1.4016535359156579     
   229.11999999998869      -0.94249946627176151        1.4512894526715585     
   229.15999999998868      -0.88252644093926080        1.4993256333125171     
   229.19999999998868      -0.82070266981775042        1.5455942780377594     
   229.23999999998867      -0.75710569557620100        1.5899243560387362     
   229.27999999998866      -0.69181995540022245        1.6321435043994645     
   229.31999999998865      -0.62493674994565962        1.6720801363640716     
   229.35999999998864      -0.55655412083209754        1.7095657278390508     
   229.39999999998864      -0.48677663118933651        1.7444372410690256     
   229.43999999998863      -0.41571504579013169        1.7765396349801201     
   229.47999999998862      -0.34348590965699638        1.8057284033283827     
   229.51999999998861      -0.27021102665128255        1.8318720751428454     
   229.55999999998861      -0.19601684234719607        1.8548546076021619     
   229.59999999998860      -0.12103373834990770        1.8745775999322094     
   229.63999999998859       -4.5395248009056879E-002   1.8909622585212704     
   229.67999999998858        3.0762793926706888E-002   1.9039510483940940     
   229.71999999998857       0.10730315290351876        1.9135089744202969     
   229.75999999998857       0.18408813077850034        1.9196244468745389     
   229.79999999998856       0.26098051876673212        1.9223096997057947     
   229.83999999998855       0.33784454858285617        1.9216007454031012     
   229.87999999998854       0.41454682325532349        1.9175568668116827     
   229.91999999998853       0.49095720976430318        1.9102596627244919     
   229.95999999998853       0.56694967694897369        1.8998116796167628     
   229.99999999998852       0.64240306397487301        1.8863346756474839     
   230.03999999998851       0.71720176694720228        1.8699675743082309     
   230.07999999998850       0.79123633388078651        1.8508641733396047     
   230.11999999998849       0.86440396105958028        1.8291906794698447     
   230.15999999998849       0.93660888670385223        1.8051231411067994     
   230.19999999998848        1.0077626806839883        1.7788448495034002     
   230.23999999998847        1.0777844316630847        1.7505437744774091     
   230.27999999998846        1.1466008354231043        1.7204100940004905     
   230.31999999998845        1.2141461901619228        1.6886338684704651     
   230.35999999998845        1.2803623061966909        1.6554029008692042     
   230.39999999998844        1.3451983387525717        1.6209008138970178     
   230.43999999998843        1.4086105533572246        1.5853053651163240     
   230.47999999998842        1.4705620338212573        1.5487870116008153     
   230.51999999998841        1.5310223428986940        1.5115077269359161     
   230.55999999998841        1.5899671455349766        1.4736200659070651     
   230.59999999998840        1.6473778041747031        1.4352664659931598     
   230.63999999998839        1.7032409549709788        1.3965787699068895     
   230.67999999998838        1.7575480729655908        1.3576779498653011     
   230.71999999998837        1.8102950334433723        1.3186740119445348     
   230.75999999998837        1.8614816757489892        1.2796660576404213     
   230.79999999998836        1.9111113749275193        1.2407424794632542     
   230.83999999998835        1.9591906256423450        1.2019812678706436     
   230.87999999998834        2.0057286419590472        1.1634504079175554     
   230.91999999998833        2.0507369757797504        1.1252083455175845     
   230.95999999998833        2.0942291559805550        1.0873045050201178     
   230.99999999998832        2.1362203496521421        1.0497798417896753     
   231.03999999998831        2.1767270462730521        1.0126674155227513     
   231.07999999998830        2.2157667651558990       0.97599297207117197     
   231.11999999998829        2.2533577860957559       0.93977552349641902     
   231.15999999998829        2.2895189028122060       0.90402791791125459     
   231.19999999998828        2.3242691985059416       0.86875739234339056     
   231.23999999998827        2.3576278426404906       0.83396610336372690     
   231.27999999998826        2.3896139079025667       0.79965163155190522     
   231.31999999998826        2.4202462061835894       0.76580745702556430     
   231.35999999998825        2.4495431423533334       0.73242340424359453     
   231.39999999998824        2.4775225845580833       0.69948605511875128     
   231.43999999998823        2.5042017497642695       0.66697913015465116     
   231.47999999998822        2.5295971032791238       0.63488383787136160     
   231.51999999998822        2.5537242710078383       0.60317919321786295     
   231.55999999998821        2.5765979632479898       0.57184230600379216     
   231.59999999998820        2.5982319088732555       0.54084864063164095     
   231.63999999998819        2.6186387988167557       0.51017224858750509     
   231.67999999998818        2.6378302378273935       0.47978597526594141     
   231.71999999998818        2.6558167035383384       0.44966164277362763     
   231.75999999998817        2.6726075119538248       0.41977021038716472     
   231.79999999998816        2.6882107885274689       0.39008191434110151     
   231.83999999998815        2.7026334440714908       0.36056638860055157     
   231.87999999998814        2.7158811548008894       0.33119276823496296     
   231.91999999998814        2.7279583458793324       0.30192977696107304     
   231.95999999998813        2.7388681778940684       0.27274580036840346     
   231.99999999998812        2.7486125357454130       0.24360894628361635     
   232.03999999998811        2.7571920194923658       0.21448709367382099     
   232.07999999998810        2.7646059367498119       0.18534793143615283     
   232.11999999998810        2.7708522962847653       0.15615898837382811     
   232.15999999998809        2.7759278025095346       0.12688765561923010     
   232.19999999998808        2.7798278506188936        9.7501202733976139E-002
   232.23999999998807        2.7825465221667196        6.7966788695650648E-002
   232.27999999998806        2.7840765809256034        3.8251468972098163E-002
   232.31999999998806        2.7844094689211185        8.3221998878753138E-003
   232.35999999998805        2.7835353025813006       -2.1854158495450637E-002
   232.39999999998804        2.7814428689920132       -5.2310839732188738E-002
   232.43999999998803        2.7781196223008378       -8.3081167279389245E-002
   232.47999999998802        2.7735516803665732      -0.11419854835661172     
   232.51999999998802        2.7677238218089961      -0.14569646393943200     
   232.55999999998801        2.7606194836748883      -0.17760845335269154     
   232.59999999998800        2.7522207600021860      -0.20996809181756321     
   232.63999999998799        2.7425084016350936      -0.24280895917730874     
   232.67999999998798        2.7314618177198851      -0.27616459788020797     
   232.71999999998798        2.7190590793944853      -0.31006845813499134     
   232.75999999998797        2.7052769262754803      -0.34455382797512979     
   232.79999999998796        2.6900907764444786      -0.37965374577504485     
   232.83999999998795        2.6734747407422370      -0.41540089255604384     
   232.87999999998794        2.6554016422940006      -0.45182746120591610     
   232.91999999998794        2.6358430423132697      -0.48896499951827010     
   232.95999999998793        2.6147692733635872      -0.52684422374205941     
   232.99999999998792        2.5921494813985282      -0.56549479912647727     
   233.03999999998791        2.5679516780480509      -0.60494508376193468     
   233.07999999998790        2.5421428047733565      -0.64522183186736370     
   233.11999999998790        2.5146888106703962      -0.68634985257400860     
   233.15999999998789        2.4855547458613469      -0.72835162022622824     
   233.19999999998788        2.4547048725699536      -0.77124683228483659     
   233.23999999998787        2.4221027961256789      -0.81505191110686970     
   233.27999999998787        2.3877116182768412      -0.85977944622093883     
   233.31999999998786        2.3514941153065210      -0.90543757425800475     
   233.35999999998785        2.3134129435274504      -0.95202929447676110     
   233.39999999998784        2.2734308747719161      -0.99955171888835481     
   233.43999999998783        2.2315110644764151       -1.0479952573875244     
   233.47999999998783        2.1876173548728803       -1.0973427400883673     
   233.51999999998782        2.1417146156211433       -1.1475684812934270     
   233.55999999998781        2.0937691239315424       -1.1986372922400186     
   233.59999999998780        2.0437489858114288       -1.2505034530028418     
   233.63999999998779        1.9916245995032127       -1.3031096577054049     
   233.67999999998779        1.9373691614432786       -1.3563859514983510     
   233.71999999998778        1.8809592141408695       -1.4102486825602285     
   233.75999999998777        1.8223752342376325       -1.4645994975809238     
   233.79999999998776        1.7616022576512376       -1.5193244146598706     
   233.83999999998775        1.6986305371278643       -1.5742930130843320     
   233.87999999998775        1.6334562257371912       -1.6293577847668250     
   233.91999999998774        1.5660820778630165       -1.6843536968543689     
   233.95999999998773        1.4965181571136081       -1.7390980187352072     
   233.99999999998772        1.4247825383596342       -1.7933904688493507     
   234.03999999998771        1.3509019888878691       -1.8470137367941271     
   234.07999999998771        1.2749126115430101       -1.8997344336214774     
   234.11999999998770        1.1968604308472912       -1.9513045173929719     
   234.15999999998769        1.1168019015864492       -2.0014632315210497     
   234.19999999998768        1.0348043183916942       -2.0499395798688749     
   234.23999999998767       0.95094610459444329       -2.0964553449312726     
   234.27999999998767       0.86531695923790197       -2.1407286339135339     
   234.31999999998766       0.77801784272675678       -2.1824779127786296     
   234.35999999998765       0.68916078427168881       -2.2214264613766992     
   234.39999999998764       0.59886849806978537       -2.2573071550475858     
   234.43999999998763       0.50727380001363920       -2.2898674514036550     
   234.47999999998763       0.41451882251701899       -2.3188744374155048     
   234.51999999998762       0.32075403157360682       -2.3441197735853039     
   234.55999999998761       0.22613705713648294       -2.3654243609280972     
   234.59999999998760       0.13083135496199971       -2.3826425543620804     
   234.63999999998759        3.5004724801099604E-002  -2.3956657540225028     
   234.67999999998759       -6.1172284169940652E-002  -2.4044252242760065     
   234.71999999998758      -0.15752804489996117       -2.4088940182505127     
   234.75999999998757      -0.25389156178130368       -2.4090879220335633     
   234.79999999998756      -0.35009417678304700       -2.4050653750435838     
   234.83999999998755      -0.44597123152507884       -2.3969263685507962     
   234.87999999998755      -0.54136364631315304       -2.3848103697018548     
   234.91999999998754      -0.63611938073222829       -2.3688933604768811     
   234.95999999998753      -0.73009474540857711       -2.3493841169087197     
   234.99999999998752      -0.82315554066339414       -2.3265198813704262     
   235.03999999998751      -0.91517800459754017       -2.3005615983536503     
   235.07999999998751       -1.0060495602531632       -2.2717888913905755     
   235.11999999998750       -1.0956693584921520       -2.2404949559747225     
   235.15999999998749       -1.1839486197576494       -2.2069815316374379     
   235.19999999998748       -1.2708107836552078       -2.1715540974389609     
   235.23999999998748       -1.3561914800985089       -2.1345174110825273     
   235.27999999998747       -1.4400383394911165       -2.0961714848151920     
   235.31999999998746       -1.5223106620231319       -2.0568080633003860     
   235.35999999998745       -1.6029789676845094       -2.0167076415344352     
   235.39999999998744       -1.6820244491270941       -1.9761370360646189     
   235.43999999998744       -1.7594383491776995       -1.9353475012651311     
   235.47999999998743       -1.8352212837712356       -1.8945733648384053     
   235.51999999998742       -1.9093825295014262       -1.8540311432547665     
   235.55999999998741       -1.9819392930387654       -1.8139190884334797     
   235.59999999998740       -2.0529159774899051       -1.7744171112784974     
   235.63999999998740       -2.1223434584991856       -1.7356870252320085     
   235.67999999998739       -2.1902583806285270       -1.6978730532335378     
   235.71999999998738       -2.2567024823798421       -1.6611025437828821     
   235.75999999998737       -2.3217219562052200       -1.6254868456344522     
   235.79999999998736       -2.3853668480246206       -1.5911222954850111     
   235.83999999998736       -2.4476904991612254       -1.5580912784151226     
   235.87999999998735       -2.5087490322190726       -1.5264633264461860     
   235.91999999998734       -2.5686008812630665       -1.4962962260998431     
   235.95999999998733       -2.6273063657066671       -1.4676371110900159     
   235.99999999998732       -2.6849273065507173       -1.4405235211012555     
   236.03999999998732       -2.7415266830278129       -1.4149844119273918     
   236.07999999998731       -2.7971683272687353       -1.3910411060230616     
   236.11999999998730       -2.8519166542988534       -1.3687081757529547     
   236.15999999998729       -2.9058364244720418       -1.3479942543297110     
   236.19999999998728       -2.9589925353379689       -1.3289027716481785     
   236.23999999998728       -3.0114498398979026       -1.3114326139983441     
   236.27999999998727       -3.0632729882188685       -1.2955787080241477     
   236.31999999998726       -3.1145262894326473       -1.2813325303444674     
   236.35999999998725       -3.1652735912333907       -1.2686825450185817     
   236.39999999998724       -3.2155781740962386       -1.2576145715711942     
   236.43999999998724       -3.2655026575617367       -1.2481120866374587     
   236.47999999998723       -3.3151089160612428       -1.2401564624876520     
   236.51999999998722       -3.3644580018924777       -1.2337271457808678     
   236.55999999998721       -3.4136100730888566       -1.2288017799094755     
   236.59999999998720       -3.4626243240592167       -1.2253562742590072     
   236.63999999998720       -3.5115589170050465       -1.2233648236457484     
   236.67999999998719       -3.5604709122501399       -1.2227998811273331     
   236.71999999998718       -3.6094161957432553       -1.2236320873278812     
   236.75999999998717       -3.6584494021190110       -1.2258301593938885     
   236.79999999998716       -3.7076238318275374       -1.2293607427131616     
   236.83999999998716       -3.7569913609714374       -1.2341882285974997     
   236.87999999998715       -3.8066023426218227       -1.2402745412596379     
   236.91999999998714       -3.8565054985263569       -1.2475788976133568     
   236.95999999998713       -3.9067478002742710       -1.2560575436978565     
   236.99999999998712       -3.9573743391493359       -1.2656634718766184     
   237.03999999998712       -4.0084281840848437       -1.2763461233876978     
   237.07999999998711       -4.0599502273378238       -1.2880510813244987     
   237.11999999998710       -4.1119790177257487       -1.3007197596981221     
   237.15999999998709       -4.1645505815203450       -1.3142890948649086     
   237.19999999998709       -4.2176982313716227       -1.3286912462819336     
   237.23999999998708       -4.2714523639420223       -1.3438533142599876     
   237.27999999998707       -4.3258402472657584       -1.3596970830933941     
   237.31999999998706       -4.3808857992108887       -1.3761387986282656     
   237.35999999998705       -4.4366093588088367       -1.3930889899486911     
   237.39999999998705       -4.4930274526236769       -1.4104523453710114     
   237.43999999998704       -4.5501525587553306       -1.4281276532913354     
   237.47999999998703       -4.6079928714984471       -1.4460078185779188     
   237.51999999998702       -4.6665520701017362       -1.4639799650822185     
   237.55999999998701       -4.7258290954779021       -1.4819256344041434     
   237.59999999998701       -4.7858179390872868       -1.4997210902346187     
   237.63999999998700       -4.8465074485418755       -1.5172377363647267     
   237.67999999998699       -4.9078811547322232       -1.5343426547586916     
   237.71999999998698       -4.9699171254488874       -1.5508992679166012     
   237.75999999998697       -5.0325878505329262       -1.5667681271009672     
   237.79999999998697       -5.0958601635286449       -1.5818078248929615     
   237.83999999998696       -5.1596952046099300       -1.5958760270321282     
   237.87999999998695       -5.2240484291964000       -1.6088306146617397     
   237.91999999998694       -5.2888696661590879       -1.6205309240671975     
   237.95999999998693       -5.3541032288352604       -1.6308390669043029     
   237.99999999998693       -5.4196880812329349       -1.6396213099418586     
   238.03999999998692       -5.4855580608202397       -1.6467494896826091     
   238.07999999998691       -5.5516421581835029       -1.6521024340815778     
   238.11999999998690       -5.6178648526296060       -1.6555673611525739     
   238.15999999998689       -5.6841465015386818       -1.6570412227268898     
   238.19999999998689       -5.7504037799849570       -1.6564319611568821     
   238.23999999998688       -5.8165501658829655       -1.6536596474502181     
   238.27999999998687       -5.8824964647321707       -1.6486574712301252     
   238.31999999998686       -5.9481513669733550       -1.6413725560295975     
   238.35999999998685       -6.0134220300797647       -1.6317665776602506     
   238.39999999998685       -6.0782146768236940       -1.6198161685982224     
   238.43999999998684       -6.1424352007152043       -1.6055130972877509     
   238.47999999998683       -6.2059897694238542       -1.5888642177162531     
   238.51999999998682       -6.2687854170746062       -1.5698911912688094     
   238.55999999998681       -4.7545309471732189E-002  -1.5486299894177942     
   238.59999999998681      -0.10855051714955516       -1.5251301919455744     
   238.63999999998680      -0.16852868118407349       -1.4994541008629581     
   238.67999999998679      -0.22739570897394107       -1.4716756947466894     
   238.71999999998678      -0.28507088704224015       -1.4418794517074767     
   238.75999999998677      -0.34147724990280581       -1.4101590715141419     
   238.79999999998677      -0.39654189504309173       -1.3766161285071477     
   238.83999999998676      -0.45019624251789997       -1.3413586868702059     
   238.87999999998675      -0.50237623886530558       -1.3044999086851414     
   238.91999999998674      -0.55302250618985738       -1.2661566831137954     
   238.95999999998674      -0.60208043827813440       -1.2264483022069255     
   238.99999999998673      -0.64950024649530114       -1.1854952054291696     
   239.03999999998672      -0.69523695894379234       -1.1434178112122790     
   239.07999999998671      -0.73925037693980689       -1.1003354499003641     
   239.11999999998670      -0.78150499328012690       -1.0563654085080014     
   239.15999999998670      -0.82196987703721125       -1.0116220939271092     
   239.19999999998669      -0.86061852974578534      -0.96621631771435368     
   239.23999999998668      -0.89742871784413425      -0.92025470245872198     
   239.27999999998667      -0.93238228612528296      -0.87383920702871709     
   239.31999999998666      -0.96546495675573363      -0.82706676576126570     
   239.35999999998666      -0.99666611815114559      -0.78002903488529940     
   239.39999999998665       -1.0259786076774016      -0.73281223815639773     
   239.43999999998664       -1.0533984917887194      -0.68549710278294573     
   239.47999999998663       -1.0789248468369395      -0.63815887620550082     
   239.51999999998662       -1.1025595434008919      -0.59086741409880905     
   239.55999999998662       -1.1243070366027395      -0.54368733004618919     
   239.59999999998661       -1.1441741645081263      -0.49667819763466914     
   239.63999999998660       -1.1621699563555030      -0.44989479618441819     
   239.67999999998659       -1.1783054520318983      -0.40338739190988404     
   239.71999999998658       -1.1925935339107012      -0.35720204697007574     
   239.75999999998658       -1.2050487718932978      -0.31138094956491702     
   239.79999999998657       -1.2156872822510156      -0.26596275894294458     
   239.83999999998656       -1.2245266006461444      -0.22098295987821737     
   239.87999999998655       -1.2315855695194269      -0.17647422183206501     
   239.91999999998654       -1.2368842398643991      -0.13246675862430540     
   239.95999999998654       -1.2404437872639735       -8.8988684989362021E-002
   239.99999999998653       -1.2422864419391617       -4.6066366879703273E-002
   240.03999999998652       -1.2424354324511575       -3.7247627998975574E-003
   240.07999999998651       -1.2409149426035457        3.8012246190295050E-002
   240.11999999998650       -1.2377500810086062        7.9121539873489535E-002
   240.15999999998650       -1.2329668627082184       0.11958045750969590     
   240.19999999998649       -1.2265922021735756       0.15936651336607205     
   240.23999999998648       -1.2186539169469359       0.19845713066598852     
   240.27999999998647       -1.2091807411313868       0.23682939538872461     
   240.31999999998646       -1.1982023478798118       0.27445983128937407     
   240.35999999998646       -1.1857493799810093       0.31132419747006590     
   240.39999999998645       -1.1718534875886142       0.34739730980987510     
   240.43999999998644       -1.1565473720868864       0.38265288754319360     
   240.47999999998643       -1.1398648350366343       0.41706342625630494     
   240.51999999998642       -1.1218408310949930       0.45060009854103411     
   240.55999999998642       -1.1025115237552128       0.48323268349450688     
   240.59999999998641       -1.0819143427081068       0.51492952617764720     
   240.63999999998640       -1.0600880415867036       0.54565752803507950     
   240.67999999998639       -1.0370727548215255       0.57538216912945328     
   240.71999999998638       -1.0129100523075698       0.60406756284889362     
   240.75999999998638      -0.98764299056742566       0.63167654350360491     
   240.79999999998637      -0.96131615909004486       0.65817078693452014     
   240.83999999998636      -0.93397572053352174       0.68351096391307731     
   240.87999999998635      -0.90566944350478151       0.70765692571850569     
   240.91999999998635      -0.87644672667112311       0.73056792084145927     
   240.95999999998634      -0.84635861301964765       0.75220284128688586     
   240.99999999998633      -0.81545779316190858       0.77252049644347565     
   241.03999999998632      -0.78379859668338581       0.79147991196307088     
   241.07999999998631      -0.75143697066080850       0.80904065056443153     
   241.11999999998631      -0.71843044461452843       0.82516315115700156     
   241.15999999998630      -0.68483808132698687       0.83980908218854011     
   241.19999999998629      -0.65072041314005236       0.85294170467336217     
   241.23999999998628      -0.61613936354111654       0.86452623997339495     
   241.27999999998627      -0.58115815405712823       0.87453023709970801     
   241.31999999998627      -0.54584119669337783       0.88292393409375880     
   241.35999999998626      -0.51025397237540771       0.88968060794925430     
   241.39999999998625      -0.47446289607307796       0.89477690755824424     
   241.43999999998624      -0.43853516950043137       0.89819316431616414     
   241.47999999998623      -0.40253862248830996       0.89991367530303445     
   241.51999999998623      -0.36654154431350233       0.89992695437019121     
   241.55999999998622      -0.33061250643361467       0.89822594699719127     
   241.59999999998621      -0.29482017821639811       0.89480820543041406     
   241.63999999998620      -0.25923313736210546       0.88967602135731683     
   241.67999999998619      -0.22391967679457539       0.88283651418825160     
   241.71999999998619      -0.18894760983905939       0.87430167388790014     
   241.75999999998618      -0.15438407551125433       0.86408835819512664     
   241.79999999998617      -0.12029534571258854       0.85221824496664467     
   241.83999999998616       -8.6746636062607047E-002  0.83871774124953713     
   241.87999999998615       -5.3801922002418678E-002  0.82361785150470923     
   241.91999999998615       -2.1523761676642564E-002  0.80695400814440277     
   241.95999999998614        1.0026873051026737E-002  0.78876586819173244     
   241.99999999998613        4.0790756267129386E-002  0.76909708040256608     
   242.03999999998612        7.0710557371058608E-002  0.74799502759823044     
   242.07999999998611        9.9730979340439604E-002  0.72551054923452485     
   242.11999999998611       0.12779888531548980       0.70169764937625501     
   242.15999999998610       0.15486341312586957       0.67661319525949415     
   242.19999999998609       0.18087607758638108       0.65031661151278763     
   242.23999999998608       0.20579086058173807       0.62286957488392491     
   242.27999999998607       0.22956428914149968       0.59433571399404006     
   242.31999999998607       0.25215550187074515       0.56478031823113650     
   242.35999999998606       0.27352630424744351       0.53427005941745964     
   242.39999999998605       0.29364121342171734       0.50287272935684602     
   242.43999999998604       0.31246749325397583       0.47065699580646275     
   242.47999999998603       0.32997518040752138       0.43769217883863853     
   242.51999999998603       0.34613710236663897       0.40404804897793917     
   242.55999999998602       0.36092888828382824       0.36979464792973205     
   242.59999999998601       0.37432897357066014       0.33500213217079788     
   242.63999999998600       0.38631859913704619       0.29974063915965093     
   242.67999999998599       0.39688180615511182       0.26408017545164020     
   242.71999999998599       0.40600542717820043       0.22809052557721554     
   242.75999999998598       0.41367907438479096       0.19184118016476387     
   242.79999999998597       0.41989512564336723       0.15540128146440735     
   242.83999999998596       0.42464870900964968       0.11883958415706082     
   242.87999999998596       0.42793768617420141        8.2224429113793893E-002
   242.91999999998595       0.42976263527833281        4.5623727603285417E-002
   242.95999999998594       0.43012683341147412        9.1049533285334008E-003
   242.99999999998593       0.42903623899572696       -2.7264860393679174E-002
   243.03999999998592       0.42649947415502476       -6.3419121017555355E-002
   243.07999999998592       0.42252780705904913       -9.9291677399390946E-002
   243.11999999998591       0.41713513412750780      -0.13481682328853398     
   243.15999999998590       0.41033796188026728      -0.16992930618101343     
   243.19999999998589       0.40215538812477575      -0.20456434388728789     
   243.23999999998588       0.39260908208577783      -0.23865765097494790     
   243.27999999998588       0.38172326300502646      -0.27214547701878355     
   243.31999999998587       0.36952467667198563      -0.30496465832602104     
   243.35999999998586       0.35604256929175798      -0.33705268450569059     
   243.39999999998585       0.34130865805494026      -0.36834778092044335     
   243.43999999998584       0.32535709774694982      -0.39878900769976044     
   243.47999999998584       0.30822444272257832      -0.42831637560928748     
   243.51999999998583       0.28994960357590682      -0.45687097866678683     
   243.55999999998582       0.27057379785683672      -0.48439514297675274     
   243.59999999998581       0.25014049422363749      -0.51083259082998023     
   243.63999999998580       0.22869534947606759      -0.53612861868924744     
   243.67999999998580       0.20628613798540207      -0.56023028726663837     
   243.71999999998579       0.18296267312533784      -0.58308662150160584     
   243.75999999998578       0.15877672041006191      -0.60464881788189861     
   243.79999999998577       0.13378190216116334      -0.62487045622246429     
   243.83999999998576       0.10803359365152976      -0.64370771274083960     
   243.87999999998576        8.1588810809479634E-002 -0.66111957105125307     
   243.91999999998575        5.4506089707373001E-002 -0.67706802755266582     
   243.95999999998574        2.6845358202739068E-002 -0.69151828761584833     
   243.99999999998573       -1.3321997567442255E-003 -0.70443894898708237     
   244.03999999998572       -2.9964286513732685E-002 -0.71580216892471149     
   244.07999999998572       -5.8987638984555821E-002 -0.72558381177057840     
   244.11999999998571       -8.8338181941741381E-002 -0.73376357392963898     
   244.15999999998570      -0.11795118528506743      -0.74032508358315108     
   244.19999999998569      -0.14776142420052457      -0.74525597288642853     
   244.23999999998568      -0.17770334103617180      -0.74854792089118039     
   244.27999999998568      -0.20771120767507259      -0.75019666597251966     
   244.31999999998567      -0.23771928715977364      -0.75020198711752639     
   244.35999999998566      -0.26766199332097618      -0.74856765403006409     
   244.39999999998565      -0.29747404718533016      -0.74530134660884895     
   244.43999999998564      -0.32709062898316715      -0.74041454494592462     
   244.47999999998564      -0.35644752464534929      -0.73392239155455286     
   244.51999999998563      -0.38548126576751229      -0.72584352805407437     
   244.55999999998562      -0.41412926212756324      -0.71619990900127373     
   244.59999999998561      -0.44232992596564707      -0.70501659595209554     
   244.63999999998560      -0.47002278737187325      -0.69232153515565498     
   244.67999999998560      -0.49714860027261892      -0.67814532251864168     
   244.71999999998559      -0.52364943865780100      -0.66252095962955149     
   244.75999999998558      -0.54946878284574607      -0.64548360469862542     
   244.79999999998557      -0.57455159573588965      -0.62707032225358872     
   244.83999999998557      -0.59884438914941884      -0.60731983533822997     
   244.87999999998556      -0.62229528050132032      -0.58627228379753626     
   244.91999999998555      -0.64485404018164427      -0.56396899200809936     
   244.95999999998554      -0.66647213014706452      -0.54045224913550571     
   244.99999999998553      -0.68710273433433333      -0.51576510468172121     
   245.03999999998553      -0.70670078160375727      -0.48995118173559787     
   245.07999999998552      -0.72522296200250946      -0.46305450996880632     
   245.11999999998551      -0.74262773720400332      -0.43511938003734657     
   245.15999999998550      -0.75887534603056572      -0.40619022066406041     
   245.19999999998549      -0.77392780600247857      -0.37631149929782043     
   245.23999999998549      -0.78774891187754059      -0.34552764687654947     
   245.27999999998548      -0.80030423215229440      -0.31388300686884418     
   245.31999999998547      -0.81156110448974217      -0.28142180843619397     
   245.35999999998546      -0.82148863101961045      -0.24818816324670606     
   245.39999999998545      -0.83005767442692036      -0.21422608518274849     
   245.43999999998545      -0.83724085570366913      -0.17957953191871923     
   245.47999999998544      -0.84301255438766931      -0.14429246710000468     
   245.51999999998543      -0.84734891205279528      -0.10840894162814801     
   245.55999999998542      -0.85022783974670613       -7.1973192347770554E-002
   245.59999999998541      -0.85162902999610657       -3.5029756235012220E-002
   245.63999999998541      -0.85153397391619712        2.3764019977364007E-003
   245.67999999998540      -0.84992598387047391        4.0199751143081323E-002
   245.71999999998539      -0.84679022202968579        7.8394046019702776E-002
   245.75999999998538      -0.84211373507468124       0.11691217387511524     
   245.79999999998537      -0.83588549517717914       0.15570599743755256     
   245.83999999998537      -0.82809644727526621       0.19472619754782289     
   245.87999999998536      -0.81873956253677582       0.23392211846225872     
   245.91999999998535      -0.80780989777385992       0.27324161907289757     
   245.95999999998534      -0.79530466043636994       0.31263093343724963     
   245.99999999998533      -0.78122327867067276       0.35203454414242913     
   246.03999999998533      -0.76556747578504847       0.39139507214060731     
   246.07999999998532      -0.74834134831397692       0.43065318677678888     
   246.11999999998531      -0.72955144672291494       0.46974753977654909     
   246.15999999998530      -0.70920685764450753       0.50861472696018639     
   246.19999999998529      -0.68731928638892970       0.54718928138944556     
   246.23999999998529      -0.66390313832806158       0.58540370152170174     
   246.27999999998528      -0.63897559761876510       0.62318851773241279     
   246.31999999998527      -0.61255670160842624       0.66047240025847265     
   246.35999999998526      -0.58466940916031596       0.69718231120275687     
   246.39999999998525      -0.55533966105168886       0.73324370271567640     
   246.43999999998525      -0.52459643053857574       0.76858076282782795     
   246.47999999998524      -0.49247176215267652       0.80311670964748039     
   246.51999999998523      -0.45900079680224071       0.83677413376089582     
   246.55999999998522      -0.42422178129460325       0.86947538769093602     
   246.59999999998522      -0.38817606048682168       0.90114302019453951     
   246.63999999998521      -0.35090805040548945       0.93170025203330586     
   246.67999999998520      -0.31246519085905766       0.96107148866079484     
   246.71999999998519      -0.27289787629631723       0.98918286406851019     
   246.75999999998518      -0.23225936394197547        1.0159628088585440     
   246.79999999998518      -0.19060565856168044        1.0413426345073760     
   246.83999999998517      -0.14799537356976780        1.0652571247978160     
   246.87999999998516      -0.10448956858694246        1.0876451245706336     
   246.91999999998515       -6.0151563973804341E-002   1.1084501153284529     
   246.95999999998514       -1.5046733299718597E-002   1.1276207668521436     
   246.99999999998514        3.0757724856185963E-002   1.1451114538976139     
   247.03999999998513        7.7193033946297798E-002   1.1608827272527960     
   247.07999999998512       0.12418910310483822        1.1749017289635104     
   247.11999999998511       0.17167480480014852        1.1871425423827577     
   247.15999999998510       0.21957826355402216        1.1975864688468407     
   247.19999999998510       0.26782715252224865        1.2062222242056622     
   247.23999999998509       0.31634899452594356        1.2130460500923734     
   247.27999999998508       0.36507146399220208        1.2180617366564628     
   247.31999999998507       0.41392268620989225        1.2212805554422537     
   247.35999999998506       0.46283153033402474        1.2227211031033116     
   247.39999999998506       0.51172789267927843        1.2224090586313410     
   247.43999999998505       0.56054296702630302        1.2203768586756141     
   247.47999999998504       0.60920949891711074        1.2166632972701932     
   247.51999999998503       0.65766202122964579        1.2113130578133751     
   247.55999999998502       0.70583706868603524        1.2043761864097353     
   247.59999999998502       0.75367336935224805        1.1959075166553190     
   247.63999999998501       0.80111201161625745        1.1859660566002350     
   247.67999999998500       0.84809658557440259        1.1746143489536289     
   247.71999999998499       0.89457329819883868        1.1619178156109013     
   247.75999999998498       0.94049106209090327        1.1479440973016157     
   247.79999999998498       0.98580155803525804        1.1327623986088684     
   247.83999999998497        1.0304592719486656        1.1164428478351895     
   247.87999999998496        1.0744215071578735        1.0990558802302013     
   247.91999999998495        1.1176483732378006        1.0806716519981772     
   247.95999999998494        1.1601027528904733        1.0613594913168143     
   247.99999999998494        1.2017502485451830        1.0411873913677403     
   248.03999999998493        1.2425591105110561        1.0202215491468263     
   248.07999999998492        1.2825001486160814       0.99852595262563182     
   248.11999999998491        1.3215466293243086       0.97616201770568045     
   248.15999999998490        1.3596741603390994       0.95318827536976958     
   248.19999999998490        1.3968605646794021       0.92966010850756575     
   248.23999999998489        1.4330857461629372       0.90562953708837379     
   248.27999999998488        1.4683315481500727       0.88114504967838825     
   248.31999999998487        1.5025816073002296       0.85625147875392293     
   248.35999999998486        1.5358212039739363       0.83098991684266765     
   248.39999999998486        1.5680371107829381       0.80539767022504605     
   248.43999999998485        1.5992174406524453       0.77950824673768382     
   248.47999999998484        1.6293514956176236       0.75335137412945796     
   248.51999999998483        1.6584296174342292       0.72695304541514094     
   248.55999999998483        1.6864430409438054       0.70033558773940541     
   248.59999999998482        1.7133837509994905       0.67351775139212966     
   248.63999999998481        1.7392443436311844       0.64651481579234826     
   248.67999999998480        1.7640178920100424       0.61933870947145298     
   248.71999999998479        1.7876978176630858       0.59199814132608453     
   248.75999999998479        1.8102777672898267       0.56449874066852246     
   248.79999999998478        1.8317514954446061       0.53684320386948736     
   248.83999999998477        1.8521127532709498       0.50903144565859137     
   248.87999999998476        1.8713551834075879       0.48106075341595239     
   248.91999999998475        1.8894722211296109       0.45292594305057388     
   248.95999999998475        1.9064570017421663       0.42461951531388392     
   248.99999999998474        1.9223022742076932       0.39613181163817512     
   249.03999999998473        1.9370003209604219       0.36745116881821804     
   249.07999999998472        1.9505428838431949       0.33856407206932643     
   249.11999999998471        1.9629210960910559       0.30945530619652784     
   249.15999999998471        1.9741254202829570       0.28010810479752668     
   249.19999999998470        1.9841455921868558       0.25050429759746873     
   249.23999999998469        1.9929705704339367       0.22062445617702192     
   249.27999999998468        2.0005884919742560       0.19044803850798872     
   249.31999999998467        2.0069866332884008       0.15995353285362243     
   249.35999999998467        2.0121513773574060       0.12911860172513118     
   249.39999999998466        2.0160681864259056        9.7920226712485889E-002
   249.43999999998465        2.0187215806310022        6.6334855127415659E-002
   249.47999999998464        2.0200951226114028        3.4338549510012799E-002
   249.51999999998463        2.0201714082577222        1.9071411579884984E-003
   249.55999999998463        2.0189320638152930       -3.0983611060732684E-002
   249.59999999998462        2.0163577496050471       -6.4357855256148913E-002
   249.63999999998461        2.0124281706857965       -9.8239472981265230E-002
   249.67999999998460        2.0071220948421380      -0.13265189609145833     
   249.71999999998459        2.0004173783458281      -0.16761791240774879     
   249.75999999998459        1.9922910000042235      -0.20315945854011258     
   249.79999999998458        1.9827191040765599      -0.23929739819159054     
   249.83999999998457        1.9716770527064982      -0.27605128425154185     
   249.87999999998456        1.9591394885863820      -0.31343910300290223     
   249.91999999998455        1.9450804086335469      -0.35147699882087907     
   249.95999999998455        1.9294732495200480      -0.39017897783747335     
   249.99999999998454        1.9122909859521591      -0.42955658919722084     
   250.03999999998453        1.8935062426423375      -0.46961858274554019     
   250.07999999998452        1.8730914209509697      -0.51037054228419154     
   250.11999999998451        1.8510188411944959      -0.55181449391184390     
   250.15999999998451        1.8272609016162680      -0.59394848945569989     
   250.19999999998450        1.8017902549919880      -0.63676616560699950     
   250.23999999998449        1.7745800037874531      -0.68025628011337436     
   250.27999999998448        1.7456039146967379      -0.72440222726787606     
   250.31999999998447        1.7148366532575590      -0.76918153597947669     
   250.35999999998447        1.6822540390607141      -0.81456535492112347     
   250.39999999998446        1.6478333218354202      -0.86051793063234983     
   250.43999999998445        1.6115534783953989      -0.90699608600053117     
   250.47999999998444        1.5733955300655686      -0.95394870824575617     
   250.51999999998444        1.5333428797709563       -1.0013162573653107     
   250.55999999998443        1.4913816674542588       -1.0490303079174379     
   250.59999999998442        1.4475011418947923       -1.0970131389866618     
   250.63999999998441        1.4016940463306926       -1.1451773891024897     
   250.67999999998440        1.3539570145431850       -1.1934257946876905     
   250.71999999998440        1.3042909732560244       -1.2416510321790135     
   250.75999999998439        1.2527015458496307       -1.2897356851598409     
   250.79999999998438        1.1991994515087798       -1.3375523585212699     
   250.83999999998437        1.1438008930422296       -1.3849639616637539     
   250.87999999998436        1.0865279257662595       -1.4318241818992559     
   250.91999999998436        1.0274087990721303       -1.4779781673532275     
   250.95999999998435       0.96647826164592088       -1.5232634356552368     
   250.99999999998434       0.90377782082830582       -1.5675110204403777     
   251.03999999998433       0.83935594634402566       -1.6105468621070025     
   251.07999999998432       0.77326820864775325       -1.6521934424068097     
   251.11999999998432       0.70557734247234771       -1.6922716543851388     
   251.15999999998431       0.63635322686646956       -1.7306028901469526     
   251.19999999998430       0.56567277409810124       -1.7670113192092081     
   251.23999999998429       0.49361972128887538       -1.8013263202306460     
   251.27999999998428       0.42028432052100811       -1.8333850191966821     
   251.31999999998428       0.34576292539055198       -1.8630348782614041     
   251.35999999998427       0.27015747450948457       -1.8901362720266843     
   251.39999999998426       0.19357487520246919       -1.9145649826753850     
   251.43999999998425       0.11612629349791273       -1.9362145426139112     
   251.47999999998424        3.7926359356149769E-002  -1.9549983535440740     
   251.51999999998424       -4.0907701221173182E-002  -1.9708515144330738     
   251.55999999998423      -0.12025699313052861       -1.9837322977338856     
   251.59999999998422      -0.20000192206037801       -1.9936232232462350     
   251.63999999998421      -0.28002318973186713       -2.0005316917872284     
   251.67999999998420      -0.36020279596123700       -2.0044901557342465     
   251.71999999998420      -0.44042502874981687       -2.0055558197144969     
   251.75999999998419      -0.52057742400343221       -2.0038098813403842     
   251.79999999998418      -0.60055167752290994       -1.9993563379869443     
   251.83999999998417      -0.68024449353405392       -1.9923204002785999     
   251.87999999998416      -0.75955835615061096       -1.9828465654139273     
   251.91999999998416      -0.83840221267463988       -1.9710964131007240     
   251.95999999998415      -0.91669206040693019       -1.9572461933072585     
   251.99999999998414      -0.99435143153100813       -1.9414842781019495     
   252.03999999998413       -1.0713117735160476       -1.9240085496259882     
   252.07999999998412       -1.1475127252360537       -1.9050237930001528     
   252.11999999998412       -1.2229022915220964       -1.8847391571510657     
   252.15999999998411       -1.2974369210704757       -1.8633657387094824     
   252.19999999998410       -1.3710814944664143       -1.8411143348984647     
   252.23999999998409       -1.4438092305189527       -1.8181934013134624     
   252.27999999998408       -1.5156015201302186       -1.7948072402816457     
   252.31999999998408       -1.5864476975535398       -1.7711544355830271     
   252.35999999998407       -1.6563447591588738       -1.7474265401333497     
   252.39999999998406       -1.7252970397617962       -1.7238070150730580     
   252.43999999998405       -1.7933158562327649       -1.7004704117742206     
   252.47999999998405       -1.8604191275393080       -1.6775817826635782     
   252.51999999998404       -1.9266309796382379       -1.6552963024732470     
   252.55999999998403       -1.9919813427786037       -1.6337590785091460     
   252.59999999998402       -2.0565055478448877       -1.6131051266570955     
   252.63999999998401       -2.1202439274040779       -1.5934594889797511     
   252.67999999998401       -2.1832414261531903       -1.5749374687278126     
   252.71999999998400       -2.2455472245221975       -1.5576449592251822     
   252.75999999998399       -2.3072143782911749       -1.5416788442244416     
   252.79999999998398       -2.3682994762437279       -1.5271274488138222     
   252.83999999998397       -2.4288623171099486       -1.5140710216555164     
   252.87999999998397       -2.4889656063553125       -1.5025822311340968     
   252.91999999998396       -2.5486746727473464       -1.4927266598008497     
   252.95999999998395       -2.6080572040770988       -1.4845632832438074     
   252.99999999998394       -2.6671830009227975       -1.4781449211424693     
   253.03999999998393       -2.7261237469126560       -1.4735186497464619     
   253.07999999998393       -2.7849527935658509       -1.4707261663298736     
   253.11999999998392       -2.8437449574583331       -1.4698040973120550     
   253.15999999998391       -2.9025763271666039       -1.4707842427067728     
   253.19999999998390       -2.9615240771817937       -1.4736937503797423     
   253.23999999998389       -3.0206662857531028       -1.4785552142827332     
   253.27999999998389       -3.0800817534099321       -1.4853866914207305     
   253.31999999998388       -3.1398498187232691       -1.4942016328334280     
   253.35999999998387       -3.2000501676983073       -1.5050087243759576     
   253.39999999998386       -3.2607626330428747       -1.5178116336141871     
   253.43999999998385       -3.3220669794333051       -1.5326086597607587     
   253.47999999998385       -3.3840426708064375       -1.5493922843283072     
   253.51999999998384       -3.4467686156516466       -1.5681486211302300     
   253.55999999998383       -3.5103228862710760       -1.5888567654857402     
   253.59999999998382       -3.5747824080333546       -1.6114880440569652     
   253.63999999998381       -3.6402226147827603       -1.6360051687351482     
   253.67999999998381       -3.7067170668016716       -1.6623613004727833     
   253.71999999998380       -3.7743370280814736       -1.6904990319950486     
   253.75999999998379       -3.8431510001603462       -1.7203493019718179     
   253.79999999998378       -3.9132242104613879       -1.7518302575260425     
   253.83999999998377       -3.9846180539374512       -1.7848460869015845     
   253.87999999998377       -4.0573894879246213       -1.8192858496792470     
   253.91999999998376       -4.1315903814456538       -1.8550223380258102     
   253.95999999998375       -4.2072668218029188       -1.8919110089316173     
   253.99999999998374       -4.2844583831629341       -1.9297890340003816     
   254.03999999998373       -4.3631973639537183       -1.9684745197696085     
   254.07999999998373       -4.4435080022468787       -2.0077659573290112     
   254.11999999998372       -4.5254056808321907       -2.0474419646328070     
   254.15999999998371       -4.6088961363418717       -2.0872613877420334     
   254.19999999998370       -4.6939746894453540       -2.1269638275870597     
   254.23999999998370       -4.7806255156845499       -2.1662706559798881     
   254.27999999998369       -4.8688209787977534       -2.2048865778300950     
   254.31999999998368       -4.9585210502070085       -2.2425017852313660     
   254.35999999998367       -5.0496728395225521       -2.2787947328885787     
   254.39999999998366       -5.1422102612484544       -2.3134355431475560     
   254.43999999998366       -5.2360538621671608       -2.3460900229676684     
   254.47999999998365       -5.3311108319798741       -2.3764242453178341     
   254.51999999998364       -5.4272752165792104       -2.4041096149834127     
   254.55999999998363       -5.5244283487981152       -2.4288283054726270     
   254.59999999998362       -5.6224395056735501       -2.4502789218858774     
   254.63999999998362       -5.7211667943473028       -2.4681822168438208     
   254.67999999998361       -5.8204582609684792       -2.4822866655294136     
   254.71999999998360       -5.9201532087309818       -2.4923736940625640     
   254.75999999998359       -6.0200837029219976       -2.4982623547754041     
   254.79999999998358       -6.1200762330695220       -2.4998132536881008     
   254.83999999998358       -6.2199534954607865       -2.4969315597816149     
   254.87999999998357       -3.6350946743887391E-002  -2.4895689615671870     
   254.91999999998356      -0.13545992601890727       -2.4777244818754971     
   254.95999999998355      -0.23391769056580872       -2.4614441136725360     
   254.99999999998354      -0.33155046233843716       -2.4408192943157108     
   255.03999999998354      -0.42818983389698290       -2.4159842889636431     
   255.07999999998353      -0.52367433797534235       -2.3871126019589850     
   255.11999999998352      -0.61785084095855314       -2.3544125745802704     
   255.15999999998351      -0.71057573520473716       -2.3181223561546007     
   255.19999999998350      -0.80171591327579661       -2.2785044517764854     
   255.23999999998350      -0.89114951541899301       -2.2358400535799090     
   255.27999999998349      -0.97876644959988046       -2.1904233545221867     
   255.31999999998348       -1.0644686906276553       -2.1425560256943670     
   255.35999999998347       -1.1481703711319979       -2.0925420126085643     
   255.39999999998346       -1.2297976821463374       -2.0406827753584897     
   255.43999999998346       -1.3092886047320449       -1.9872730646426835     
   255.47999999998345       -1.3865924964433389       -1.9325972927823523     
   255.51999999998344       -1.4616695575653607       -1.8769265280505454     
   255.55999999998343       -1.5344902020991329       -1.8205161133443069     
   255.59999999998342       -1.6050343575964221       -1.7636038874322331     
   255.63999999998342       -1.6732907163625070       -1.7064089691521229     
   255.67999999998341       -1.7392559584443033       -1.6491310520449078     
   255.71999999998340       -1.8029339643917719       -1.5919501486867176     
   255.75999999998339       -1.8643350331871544       -1.5350267198845644     
   255.79999999998338       -1.9234751181176164       -1.4785021232615478     
   255.83999999998338       -1.9803750908316613       -1.4224993178511238     
   255.87999999998337       -2.0350600414490789       -1.3671237654354369     
   255.91999999998336       -2.0875586204429424       -1.3124644748465830     
   255.95999999998335       -2.1379024261123409       -1.2585951417349608     
   255.99999999998334       -2.1861254398294792       -1.2055753429284595     
   256.03999999998337       -2.2322635098732855       -1.1534517510951567     
   256.07999999998339       -2.2763538835417529       -1.1022593417116888     
   256.11999999998341       -2.3184347863475954       -1.0520225701460606     
   256.15999999998343       -2.3585450464226234       -1.0027565018757048     
   256.19999999998345       -2.3967237617596280      -0.95446788342511224     
   256.23999999998347       -2.4330100075801222      -0.90715614551235180     
   256.27999999998349       -2.4674425809066123      -0.86081433316225042     
   256.31999999998351       -2.5000597793153880      -0.81542996021939129     
   256.35999999998353       -2.5308992108287067      -0.77098578783296601     
   256.39999999998355       -2.5599976319547468      -0.72746052815100315     
   256.43999999998357       -2.5873908109834809      -0.68482947571834707     
   256.47999999998359       -2.6131134137828367      -0.64306506998389401     
   256.51999999998361       -2.6371989095007109      -0.60213739294686019     
   256.55999999998363       -2.6596794937552164      -0.56201460636264200     
   256.59999999998365       -2.6805860270805519      -0.52266333313338353     
   256.63999999998367       -2.6999479865832590      -0.48404898756768033     
   256.67999999998369       -2.7177934289489714      -0.44613605914280929     
   256.71999999998371       -2.7341489631197988      -0.40888835427068349     
   256.75999999998373       -2.7490397311349772      -0.37226920037945543     
   256.79999999998375       -2.7624893957908112      -0.33624161639585248     
   256.83999999998377       -2.7745201339293915      -0.30076845346450282     
   256.87999999998380       -2.7851526343086692      -0.26581250948194080     
   256.91999999998382       -2.7944060991392328      -0.23133662076409153     
   256.95999999998384       -2.8022982484957906      -0.19730373391394485     
   256.99999999998386       -2.8088453269244331      -0.16367696071606819     
   257.03999999998388       -2.8140621116708453      -0.13041961866030091     
   257.07999999998390       -2.8179619220504830       -9.7495259490943120E-002
   257.11999999998392       -2.8205566295701470       -6.4867687991603667E-002
   257.15999999998394       -2.8218566684921664       -3.2500973050485667E-002
   257.19999999998396       -2.8218710466084311       -3.5945290661970608E-004
   257.23999999998398       -2.8206073560626055        3.1592263645640391E-002
   257.27999999998400       -2.8180717841258454        6.3389298419001247E-002
   257.31999999998402       -2.8142691238950501        9.5066505769885748E-002
   257.35999999998404       -2.8092027849438708       0.12665847377948275     
   257.39999999998406       -2.8028748040161378       0.15819952319332070     
   257.43999999998408       -2.7952858559097513       0.18972370265965841     
   257.47999999998410       -2.7864352647571002       0.22126477881627951     
   257.51999999998412       -2.7763210159663494       0.25285621976877559     
   257.55999999998414       -2.7649397691470576       0.28453117048228860     
   257.59999999998416       -2.7522868724040852       0.31632241857431470     
   257.63999999998418       -2.7383563784460803       0.34826234895012004     
   257.67999999998420       -2.7231410630194235       0.38038288566642109     
   257.71999999998422       -2.7066324462456062       0.41271541934543843     
   257.75999999998425       -2.6888208175098898       0.44529071839290901     
   257.79999999998427       -2.6696952646217569       0.47813882220332510     
   257.83999999998429       -2.6492437080430586       0.51128891446745162     
   257.87999999998431       -2.6274529410576282       0.54476917463575758     
   257.91999999998433       -2.6043086768359318       0.57860660554241305     
   257.95999999998435       -2.5797956034293432       0.61282683516471048     
   257.99999999998437       -2.5538974478097360       0.64745389049018498     
   258.03999999998439       -2.5265970501498263       0.68250994149774113     
   258.07999999998441       -2.4978764496161983       0.71801501334070550     
   258.11999999998443       -2.4677169830177368       0.75398666496154043     
   258.15999999998445       -2.4360993977143663       0.79043963258426397     
   258.19999999998447       -2.4030039802408694       0.82738543683742383     
   258.23999999998449       -2.3684107021338554       0.86483195267535262     
   258.27999999998451       -2.3322993844615665       0.90278294180722374     
   258.31999999998453       -2.2946498825402908       0.94123754803188953     
   258.35999999998455       -2.2554422922710282       0.98018975673156905     
   258.39999999998457       -2.2146571794382948        1.0196278208183363     
   258.43999999998459       -2.1722758331714451        1.0595336566712377     
   258.47999999998461       -2.1282805445689550        1.0998822150622576     
   258.51999999998463       -2.0826549112187949        1.1406408337539995     
   258.55999999998465       -2.0353841680043789        1.1817685803604023     
   258.59999999998468       -1.9864555441570808        1.2232155961824553     
   258.63999999998470       -1.9358586459955729        1.2649224540376955     
   258.67999999998472       -1.8835858641735170        1.3068195455513987     
   258.71999999998474       -1.8296328035373715        1.3488265159036410     
   258.75999999998476       -1.7739987328757674        1.3908517665401032     
   258.79999999998478       -1.7166870509262062        1.4327920487390287     
   258.83999999998480       -1.6577057640047093        1.4745321730374212     
   258.87999999998482       -1.5970679695573426        1.5159448611841653     
   258.91999999998484       -1.5347923388249494        1.5568907683098328     
   258.95999999998486       -1.4709035906982215        1.5972187031681944     
   258.99999999998488       -1.4054329477625902        1.6367660733907841     
   259.03999999998490       -1.3384185645430777        1.6753595804878105     
   259.07999999998492       -1.2699059171176479        1.7128161856357473     
   259.11999999998494       -1.1999481426388270        1.7489443619705252     
   259.15999999998496       -1.1286063169554941        1.7835456420833242     
   259.19999999998498       -1.0559496585267754        1.8164164607179674     
   259.23999999998500      -0.98205564722922944        1.8473502824386470     
   259.27999999998502      -0.90701004752702730        1.8761399925550535     
   259.31999999998504      -0.83090682683560702        1.9025805172855066     
   259.35999999998506      -0.75384796177256974        1.9264716265759316     
   259.39999999998508      -0.67594312733796702        1.9476208608650665     
   259.43999999998510      -0.59730926685104513        1.9658465121730475     
   259.47999999998513      -0.51807004361081499        1.9809805810057539     
   259.51999999998515      -0.43835517863100715        1.9928716244951965     
   259.55999999998517      -0.35829968228631320        2.0013874086173487     
   259.59999999998519      -0.27804299113648712        2.0064172787456518     
   259.63999999998521      -0.19772802439769738        2.0078741684697432     
   259.67999999998523      -0.11750017733764542        2.0056961765012988     
   259.71999999998525       -3.7506271127487847E-002   1.9998476552539395     
   259.75999999998527        4.2106519739196518E-002   1.9903197716671091     
   259.79999999998529       0.12119174054417027        1.9771305201243436     
   259.83999999998531       0.19960470805533789        1.9603241877791904     
   259.87999999998533       0.27720351977655394        1.9399702930304008     
   259.91999999998535       0.35385000125930594        1.9161620370687995     
   259.95999999998537       0.42941057426917090        1.8890143252466236     
   259.99999999998539       0.50375703141284167        1.8586614285917697     
   260.03999999998541       0.57676720603160159        1.8252543654689966     
   260.07999999998543       0.64832552958560796        1.7889580888501591     
   260.11999999998545       0.71832347222090021        1.7499485658823071     
   260.15999999998547       0.78665986556935619        1.7084098337113995     
   260.19999999998549       0.85324110994316493        1.6645311093452198     
   260.23999999998551       0.91798127083953651        1.6185040224092881     
   260.27999999998553       0.98080207198953451        1.5705200287499503     
   260.31999999998555        1.0416327940207493        1.5207680507803700     
   260.35999999998558        1.1004100891415363        1.4694323780196741     
   260.39999999998560        1.1570777231065275        1.4166908491247818     
   260.43999999998562        1.2115862561231643        1.3627133254159183     
   260.47999999998564        1.2638926743577943        1.3076604558657490     
   260.51999999998566        1.3139599833589517        1.2516827250289349     
   260.55999999998568        1.3617567741016963        1.1949197685686115     
   260.59999999998570        1.4072567715379514        1.1374999359063755     
   260.63999999998572        1.4504383745781901        1.0795400760059699     
   260.67999999998574        1.4912841953882592        1.0211455202517243     
   260.71999999998576        1.5297806048126392       0.96241023560950201     
   260.75999999998578        1.5659172896744586       0.90341712154548581     
   260.79999999998580        1.5996868266867050       0.84423842530615978     
   260.83999999998582        1.6310842767634759       0.78493625191927197     
   260.87999999998584        1.6601068026621384       0.72556314746655992     
   260.91999999998586        1.6867533121275367       0.66616273663495773     
   260.95999999998588        1.7110241280527949       0.60677039813145728     
   260.99999999998590        1.7329206866181128       0.54741396413294940     
   261.03999999998592        1.7524452639160180       0.48811443244762570     
   261.07999999998594        1.7696007312129776       0.42888668242399108     
   261.11999999998596        1.7843903387254867       0.36974018781272683     
   261.15999999998598        1.7968175275950033       0.31067972173791703     
   261.19999999998601        1.8068857696211316       0.25170605065320556     
   261.23999999998603        1.8145984342467709       0.19281661564098265     
   261.27999999998605        1.8199586822732277       0.13400620066141894     
   261.31999999998607        1.8229693858084377        7.5267588380249939E-002
   261.35999999998609        1.8236330740088043        1.6592205009163807E-002
   261.39999999998611        1.8219519042564265       -4.2029243809441209E-002
   261.43999999998613        1.8179276585107751      -0.10060614364128354     
   261.47999999998615        1.8115617646795683      -0.15914734578017120     
   261.51999999998617        1.8028553429603398      -0.21766054298071419     
   261.55999999998619        1.7918092772047025      -0.27615164389093405     
   261.59999999998621        1.7784243114443523      -0.33462414400875223     
   261.63999999998623        1.7627011717840919      -0.39307849150650859     
   261.67999999998625        1.7446407139050883      -0.45151144697508944     
   261.71999999998627        1.7242440964235339      -0.50991543703885911     
   261.75999999998629        1.7015129803079656      -0.56827790288920654     
   261.79999999998631        1.6764497544647092      -0.62658064608140940     
   261.83999999998633        1.6490577874472443      -0.68479917543662083     
   261.87999999998635        1.6193417050239398      -0.74290206058261199     
   261.91999999998637        1.5873076930423355      -0.80085029954010467     
   261.95999999998639        1.5529638246506468      -0.85859670979221969     
   261.99999999998641        1.5163204104736272      -0.91608535442548888     
   262.03999999998643        1.4773903697876853      -0.97325101714854445     
   262.07999999998646        1.4361896200994169       -1.0300187422067142     
   262.11999999998648        1.3927374818064533       -1.0863034573240897     
   262.15999999998650        1.3470570938182960       -1.1420096997039304     
   262.19999999998652        1.2991758351516387       -1.1970314666664319     
   262.23999999998654        1.2491257466099150       -1.2512522135430941     
   262.27999999998656        1.1969439457376285       -1.3045450218071624     
   262.31999999998658        1.1426730273408268       -1.3567729599200424     
   262.35999999998660        1.0863614410273470       -1.4077896578369955     
   262.39999999998662        1.0280638364921046       -1.4574401133810573     
   262.43999999998664       0.96784136670673260       -1.5055617446343024     
   262.47999999998666       0.90576193882535139       -1.5519856970345292     
   262.51999999998668       0.84190040254538900       -1.5965384069990596     
   262.55999999998670       0.77633866591691081       -1.6390434157119556     
   262.59999999998672       0.70916572922096366       -1.6793234173986786     
   262.63999999998674       0.64047762856974189       -1.7172025162805433     
   262.67999999998676       0.57037728233479257       -1.7525086558737335     
   262.71999999998678       0.49897423537866026       -1.7850761739033083     
   262.75999999998680       0.42638429832052649       -1.8147484264533447     
   262.79999999998682       0.35272908165138245       -1.8413804167286005     
   262.83999999998684       0.27813542734664642       -1.8648413576184000     
   262.87999999998686       0.20273474359742072       -1.8850170937306430     
   262.91999999998689       0.12666225126990843       -1.9018123081878071     
   262.95999999998691        5.0056153567490588E-002  -1.9151524425604460     
   262.99999999998693       -2.6943257030597273E-002  -1.9249852649521964     
   263.03999999998695      -0.10419453828228860       -1.9312820312922832     
   263.07999999998697      -0.18155606619958281       -1.9340381979323551     
   263.11999999998699      -0.25888701256137547       -1.9332736590448172     
   263.15999999998701      -0.33604831253132772       -1.9290324992488055     
   263.19999999998703      -0.41290360330690390       -1.9213822693894047     
   263.23999999998705      -0.48932011572526329       -1.9104128104589844     
   263.27999999998707      -0.56516950237749264       -1.8962346663057346     
   263.31999999998709      -0.64032858794423853       -1.8789771391686472     
   263.35999999998711      -0.71468003004577907       -1.8587860525385125     
   263.39999999998713      -0.78811288176294758       -1.8358212929292139     
   263.43999999998715      -0.86052304998948459       -1.8102542056634250     
   263.47999999998717      -0.93181364678117540       -1.7822649197922704     
   263.51999999998719       -1.0018952337437419       -1.7520396740641651     
   263.55999999998721       -1.0706859621396949       -1.7197682098988261     
   263.59999999998723       -1.1381116137076415       -1.6856412891986614     
   263.63999999998725       -1.2041055491155501       -1.6498483851977184     
   263.67999999998727       -1.2686085724784879       -1.6125755840734426     
   263.71999999998729       -1.3315687214526379       -1.5740037243537486     
   263.75999999998731       -1.3929409930841574       -1.5343067907879844     
   263.79999999998734       -1.4526870158744898       -1.4936505697583116     
   263.83999999998736       -1.5107746784670848       -1.4521915648148751     
   263.87999999998738       -1.5671777250164511       -1.4100761637341586     
   263.91999999998740       -1.6218753267255206       -1.3674400427267384     
   263.95999999998742       -1.6748516382881693       -1.3244077890662147     
   263.99999999998744       -1.7260953471044926       -1.2810927204080849     
   264.03999999998746       -1.7755992221962151       -1.2375968772930597     
   264.07999999998748       -1.8233596687812144       -1.1940111646249800     
   264.11999999998750       -1.8693762935052702       -1.1504156181013987     
   264.15999999998752       -1.9136514844041810       -1.1068797724727659     
   264.19999999998754       -1.9561900088017168       -1.0634631099383935     
   264.23999999998756       -1.9969986315534345       -1.0202155687929444     
   264.27999999998758       -2.0360857553324196      -0.97717809447462500     
   264.31999999998760       -2.0734610840250700      -0.93438321731625762     
   264.35999999998762       -2.1091353097637260      -0.89185564346640134     
   264.39999999998764       -2.1431198236659204      -0.84961284755486310     
   264.43999999998766       -2.1754264499727385      -0.80766565767045750     
   264.47999999998768       -2.2060672029751931      -0.76601882506136443     
   264.51999999998770       -2.2350540658806812      -0.72467157263719884     
   264.55999999998772       -2.2623987905941325      -0.68361811783627802     
   264.59999999998774       -2.2881127172629423      -0.64284816672024758     
   264.63999999998777       -2.3122066123540179      -0.60234737727688670     
   264.67999999998779       -2.3346905239884692      -0.56209779086127754     
   264.71999999998781       -2.3555736532484532      -0.52207823149960242     
   264.75999999998783       -2.3748642401858340      -0.48226467343451285     
   264.79999999998785       -2.3925694632987566      -0.44263057782307125     
   264.83999999998787       -2.4086953512957368      -0.40314719992449904     
   264.87999999998789       -2.4232467060338005      -0.36378386845159572     
   264.91999999998791       -2.4362270355946811      -0.32450823902201725     
   264.95999999998793       -2.4476384965485907      -0.28528652384773601     
   264.99999999998795       -2.4574818445468174      -0.24608369995567078     
   265.03999999998797       -2.4657563924808601      -0.20686369835106988     
   265.07999999998799       -2.4724599755459700      -0.16758957662775148     
   265.11999999998801       -2.4775889226501460      -0.12822367760439601     
   265.15999999998803       -2.4811380337153919       -8.8727776631148614E-002
   265.19999999998805       -2.4831005625262734       -4.9063220272036134E-002
   265.23999999998807       -2.4834682048915209       -9.1910591311828646E-003
   265.27999999998809       -2.4822310919978623        3.0927822341468347E-002
   265.31999999998811       -2.4793777889517310        7.1332576153283422E-002
   265.35999999998813       -2.4748952986244031       0.11206225818320090     
   265.39999999998815       -2.4687690710399095       0.15315568961233605     
   265.43999999998817       -2.4609830186731796       0.19465130916825046     
   265.47999999998819       -2.4515195381586596       0.23658701286299949     
   265.51999999998822       -2.4403595390474075       0.27899997778130137     
   265.55999999998824       -2.4274824803934409       0.32192646634916094     
   265.59999999998826       -2.4128664160977960       0.36540160739112654     
   265.63999999998828       -2.3964880500908294       0.40945915017415824     
   265.67999999998830       -2.3783228025888978       0.45413118754828963     
   265.71999999998832       -2.3583448888192171       0.49944784424201805     
   265.75999999998834       -2.3365274117644237       0.54543692636983854     
   265.79999999998836       -2.3128424706332185       0.59212352828012571     
   265.83999999998838       -2.2872612869117379       0.63952959303701118     
   265.87999999998840       -2.2597543499870447       0.68767342311732660     
   265.91999999998842       -2.2302915844532625       0.73656913834456039     
   265.95999999998844       -2.1988425413047947       0.78622607871168815     
   265.99999999998846       -2.1653766152806755       0.83664815060298181     
   266.03999999998848       -2.1298632906385229       0.88783311605382020     
   266.07999999998850       -2.0922724175932750       0.93977182613119392     
   266.11999999998852       -2.0525745215404774       0.99244740131994136     
   266.15999999998854       -2.0107411469804068        1.0458343640017600     
   266.19999999998856       -1.9667452377504038        1.0998977307500746     
   266.23999999998858       -1.9205615547401329        1.1545920752567733     
   266.27999999998860       -1.8721671316896509        1.2098605762620509     
   266.31999999998862       -1.8215417689353779        1.2656340688568228     
   266.35999999998864       -1.7686685640587285        1.3218301219162354     
   266.39999999998867       -1.7135344772943795        1.3783521691087270     
   266.43999999998869       -1.6561309282638530        1.4350887257631628     
   266.47999999998871       -1.5964544191173307        1.4919127286630598     
   266.51999999998873       -1.5345071775052095        1.5486810403030291     
   266.55999999998875       -1.4702978109871372        1.6052341629518063     
   266.59999999998877       -1.4038419625624361        1.6613962106175291     
   266.63999999998879       -1.3351629550324773        1.7169751882489714     
   266.67999999998881       -1.2642924099628021        1.7717636267418804     
   266.71999999998883       -1.1912708252004081        1.8255396190598516     
   266.75999999998885       -1.1161480933375536        1.8780682965713584     
   266.79999999998887       -1.0389839423300049        1.9291037751887172     
   266.83999999998889      -0.95984827881536572        1.9783915878659784     
   266.87999999998891      -0.87882141467592778        2.0256716034859488     
   266.91999999998893      -0.79599415817841745        2.0706814124377591     
   266.95999999998895      -0.71146775270322293        2.1131601368798623     
   266.99999999998897      -0.62535364871222754        2.1528525997748860     
   267.03999999998899      -0.53777309820871333        2.1895137625878545     
   267.07999999998901      -0.44885656546237379        2.2229133186584886     
   267.11999999998903      -0.35874295308335741        2.2528403094754097     
   267.15999999998905      -0.26757864843470269        2.2791076162163670     
   267.19999999998907      -0.17551640160857473        2.3015561706531988     
   267.23999999998910       -8.2714052440759953E-002   2.3200587291953694     
   267.27999999998912        1.0666870050521152E-002   2.3345230622820274     
   267.31999999998914       0.10446264719774701        2.3448944286806461     
   267.35999999998916       0.19850893639408917        2.3511572299085546     
   267.39999999998918       0.29264236729835685        2.3533357726066924     
   267.43999999998920       0.38670213146814902        2.3514941042448045     
   267.47999999998922       0.48053152856893339        2.3457349275196093     
   267.51999999998924       0.57397943410783370        2.3361976384725067     
   267.55999999998926       0.66690165690706860        2.3230555699808724     
   267.59999999998928       0.75916215904494944        2.3065125534470208     
   267.63999999998930       0.85063411645823384        2.2867989353321101     
   267.67999999998932       0.94120080447662180        2.2641672004597004     
   267.71999999998934        1.0307562988889836        2.2388873603090440     
   267.75999999998936        1.1192059893745419        2.2112422621389567     
   267.79999999998938        1.2064669079618089        2.1815229646816747     
   267.83999999998940        1.2924678803522769        2.1500243097616978     
   267.87999999998942        1.3771495122828159        2.1170407982634742     
   267.91999999998944        1.4604640264921311        2.0828628552328823     
   267.95999999998946        1.5423749682648473        2.0477735443179066     
   267.99999999998948        1.6228567989764822        2.0120457677908714     
   268.03999999998950        1.7018943976285974        1.9759399663028792     
   268.07999999998952        1.7794824901568973        1.9397023132074980     
   268.11999999998955        1.8556250254493067        1.9035633823102365     
   268.15999999998957        1.9303345156687213        1.8677372554853613     
   268.19999999998959        2.0036313567772579        1.8324210277134190     
   268.23999999998961        2.0755431432366374        1.7977946614844882     
   268.27999999998963        2.1461039888283997        1.7640211397940566     
   268.31999999998965        2.2153538634947623        1.7312468666590644     
   268.35999999998967        2.2833379541227496        1.6996022656996892     
   268.39999999998969        2.3501060553378417        1.6692025303773013     
   268.43999999998971        2.4157119946778347        1.6401484834998206     
   268.47999999998973        2.4802130950062091        1.6125275082093558     
   268.51999999998975        2.5436696757072972        1.5864145175272006     
   268.55999999998977        2.6061445930829037        1.5618729343901625     
   268.59999999998979        2.6677028194339854        1.5389556587770397     
   268.63999999998981        2.7284110595484048        1.5177060028604876     
   268.67999999998983        2.7883374027101282        1.4981585790430809     
   268.71999999998985        2.8475510078782649        1.4803401292034144     
   268.75999999998987        2.9061218193373439        1.4642702864769783     
   268.79999999998989        2.9641203098749274        1.4499622634395908     
   268.83999999998991        3.0216172483820323        1.4374234626776266     
   268.87999999998993        3.0786834886804182        1.4266560074596468     
   268.91999999998995        3.1353897763450345        1.4176571916154097     
   268.95999999998998        3.1918065702982679        1.4104198488308375     
   268.99999999999000        3.2480038759955536        1.4049326424321411     
   269.03999999999002        3.3040510870918967        1.4011802774085793     
   269.07999999999004        3.3600168325702371        1.3991436369585095     
   269.11999999999006        3.4159688264215067        1.3987998462817408     
   269.15999999999008        3.4719737170904521        1.4001222667236337     
   269.19999999999010        3.5280969340400610        1.4030804237402210     
   269.23999999999012        3.5844025289413666        1.4076398725326420     
   269.27999999999014        3.6409530091663065        1.4137620056234974     
   269.31999999999016        3.6978091614520521        1.4214038071436406     
   269.35999999999018        3.7550298638195612        1.4305175591877328     
   269.39999999999020        3.8126718840714973        1.4410505062984034     
   269.43999999999022        3.8707896634700862        1.4529444849647193     
   269.47999999999024        3.9294350845091888        1.4661355259775604     
   269.51999999999026        3.9886572220520669        1.4805534385719472     
   269.55999999999028        4.0485020775118850        1.4961213864954588     
   269.59999999999030        4.1090122962100359        1.5127554674537804     
   269.63999999999032        4.1702268685607908        1.5303643087688783     
   269.67999999999034        4.2321808163007519        1.5488486934990293     
   269.71999999999036        4.2949048656069735        1.5681012326555319     
   269.75999999999038        4.3584251096244104        1.5880061004359183     
   269.79999999999040        4.4227626636440212        1.6084388504902609     
   269.83999999999043        4.4879333169257771        1.6292663320438914     
   269.87999999999045        4.5539471859298830        1.6503467251026471     
   269.91999999999047        4.6208083744836221        1.6715297138434804     
   269.95999999999049        4.6885146471443893        1.6926568165191775     
   269.99999999999051        4.7570571226908420        1.7135618886613146     
   270.03999999999053        4.8264199952486502        1.7340718139451989     
   270.07999999999055        4.8965802909968481        1.7540073937049478     
   270.11999999999057        4.9675076686654336        1.7731844417146263     
   270.15999999999059        5.0391642720850989        1.7914150854916302     
   270.19999999999061        5.1115046428492059        1.8085092691026776     
   270.23999999999063        5.1844757006653523        1.8242764454036711     
   270.27999999999065        5.2580167981870272        1.8385274380418639     
   270.31999999999067        5.3320598560145509        1.8510764456880882     
   270.35999999999069        5.4065295821430821        1.8617431532132902     
   270.39999999999071        5.4813437784349297        1.8703549072961987     
   270.43999999999073        5.5564137347428311        1.8767489076975303     
   270.47999999999075        5.6316447091672890        1.8807743606114395     
   270.51999999999077        5.7069364906682143        1.8822945375231388     
   270.55999999999079        5.7821840379564904        1.8811886822068968     
   270.59999999999081        5.8572781863615706        1.8773537101270132     
   270.63999999999083        5.9321064123077045        1.8707056486533573     
   270.67999999999086        6.0065536432321442        1.8611807731109828     
   270.71999999999088        6.0805030993330123        1.8487364025217095     
   270.75999999999090        6.1538371525160729        1.8333513295765202     
   270.79999999999092        6.2264381873711461        1.8150258713768246     
   270.83999999999094        1.5004141798593551E-002   1.7937815401758461     
   270.87999999999096        8.5790555641057434E-002   1.7696603460615969     
   270.91999999999098       0.15549950586397118        1.7427237555728436     
   270.95999999999100       0.22402155950414354        1.7130513410043093     
   270.99999999999102       0.29125112606860543        1.6807391641115474     
   271.03999999999104       0.35708704385579954        1.6458979446798525     
   271.07999999999106       0.42143308660556933        1.6086510687442448     
   271.11999999999108       0.48419838632853074        1.5691324930740360     
   271.15999999999110       0.54529777040690008        1.5274846019592345     
   271.19999999999112       0.60465201319043349        1.4838560695883347     
   271.23999999999114       0.66218800425950364        1.4383997767267531     
   271.27999999999116       0.71783883723562014        1.3912708244029124     
   271.31999999999118       0.77154382444881364        1.3426246803298383     
   271.35999999999120       0.82324844389995999        1.2926154862786587     
   271.39999999999122       0.87290422577958870        1.2413945469907164     
   271.43999999999124       0.92046858633271189        1.1891090138280791     
   271.47999999999126       0.96590461711314723        1.1359007695108827     
   271.51999999999128        1.0091808376808142        1.0819055141916767     
   271.55999999999131        1.0502709195973605        1.0272520479136560     
   271.59999999999133        1.0891533892078720       0.97206174026278880     
   271.63999999999135        1.1258113161984127       0.91644817476351781     
   271.67999999999137        1.1602319943281794       0.86051695324416944     
   271.71999999999139        1.1924066200855472       0.80436564393419874     
   271.75999999999141        1.2223299743394782       0.74808385634827301     
   271.79999999999143        1.2500001113772725       0.69175342594485889     
   271.83999999999145        1.2754180590571642       0.63544869199729259     
   271.87999999999147        1.2985875331757033       0.57923685296347593     
   271.91999999999149        1.3195146685666790       0.52317838477439138     
   271.95999999999151        1.3382077689179244       0.46732750878113599     
   271.99999999999153        1.3546770768186562       0.41173269751829566     
   272.03999999999155        1.3689345651340858       0.35643720788574218     
   272.07999999999157        1.3809937504446104       0.30147963276311240     
   272.11999999999159        1.3908695289808644       0.24689446340635163     
   272.15999999999161        1.3985780352288950       0.19271265620076583     
   272.19999999999163        1.4041365231663925       0.13896219843743635     
   272.23999999999165        1.4075632699154210        8.5668668725713215E-002
   272.27999999999167        1.4088775014533044        3.2855788447084110E-002
   272.31999999999169        1.4080993399050645       -1.9454038705998301E-002
   272.35999999999171        1.4052497718420507       -7.1239201575344524E-002
   272.39999999999173        1.4003506369263707      -0.12247837289199637     
   272.43999999999176        1.3934246361640539      -0.17315001905792377     
   272.47999999999178        1.3844953589566147      -0.22323193018598161     
   272.51999999999180        1.3735873280664364      -0.27270077225446110     
   272.55999999999182        1.3607260615323054      -0.32153166335327393     
   272.59999999999184        1.3459381504843115      -0.36969777619984334     
   272.63999999999186        1.3292513517096183      -0.41716996936733142     
   272.67999999999188        1.3106946937105084      -0.46391644997774523     
   272.71999999999190        1.2902985948725800      -0.50990247094821051     
   272.75999999999192        1.2680949922238092      -0.55509006621927270     
   272.79999999999194        1.2441174791151317      -0.59943782771693821     
   272.83999999999196        1.2184014499918767      -0.64290072808137277     
   272.87999999999198        1.1909842502554933      -0.68542999340958533     
   272.91999999999200        1.1619053290402510      -0.72697303038105487     
   272.95999999999202        1.1312063925547347      -0.76747341213791154     
   272.99999999999204        1.0989315554687586      -0.80687092714939912     
   273.03999999999206        1.0651274876695600      -0.84510169497996468     
   273.07999999999208        1.0298435535743400      -0.88209835238049894     
   273.11999999999210       0.99313194107768044      -0.91779031241648801     
   273.15999999999212       0.95504777714069389      -0.95210409842466404     
   273.19999999999214       0.91564922700275375      -0.98496375344850273     
   273.23999999999216       0.87499757402478062       -1.0162913244493275     
   273.27999999999219       0.83315727726312727       -1.0460074190413333     
   273.31999999999221       0.79019600403172874       -1.0740318307849628     
   273.35999999999223       0.74618463494230536       -1.1002842272355853     
   273.39999999999225       0.70119723922080668       -1.1246848930374682     
   273.43999999999227       0.65531101848312501       -1.1471555184420428     
   273.47999999999229       0.60860621761154754       -1.1676200217894379     
   273.51999999999231       0.56116600189935861       -1.1860053928047236     
   273.55999999999233       0.51307630021496498       -1.2022425421098404     
   273.59999999999235       0.46442561456609249       -1.2162671412218120     
   273.63999999999237       0.41530479710313106       -1.2280204365740359     
   273.67999999999239       0.36580679627012957       -1.2374500208250372     
   273.71999999999241       0.31602637447188031       -1.2445105449562315     
   273.75999999999243       0.26605980025452075       -1.2491643554339888     
   273.79999999999245       0.21600451857354688       -1.2513820420243464     
   273.83999999999247       0.16595880322644971       -1.2511428836774292     
   273.87999999999249       0.11602139593873903       -1.2484351821927671     
   273.91999999999251        6.6291136896297259E-002  -1.2432564760610441     
   273.95999999999253        1.6866591702073754E-002  -1.2356136298555875     
   273.99999999999255       -3.2154320206113883E-002  -1.2255227977046910     
   274.03999999999257       -8.0674690709713948E-002  -1.2130092625900015     
   274.07999999999259      -0.12859897696410816       -1.1981071563598555     
   274.11999999999261      -0.17583333969598328       -1.1808590682968778     
   274.15999999999264      -0.22228596180497778       -1.1613155527248626     
   274.19999999999266      -0.26786734374044546       -1.1395345483866923     
   274.23999999999268      -0.31249057270447061       -1.1155807241006293     
   274.27999999999270      -0.35607156336286183       -1.0895247664597811     
   274.31999999999272      -0.39852926840519881       -1.0614426260584244     
   274.35999999999274      -0.43978585796178449       -1.0314147389146413     
   274.39999999999276      -0.47976686753941400      -0.99952523944073846     
   274.43999999999278      -0.51840131476104556      -0.96586118054078962     
   274.47999999999280      -0.55562178577119847      -0.93051177525382267     
   274.51999999999282      -0.59136449268671454      -0.89356767288790173     
   274.55999999999284      -0.62556930392217569      -0.85512028088652914     
   274.59999999999286      -0.65817974959485515      -0.81526114181698628     
   274.63999999999288      -0.68914300451283339      -0.77408137294945656     
   274.67999999999290      -0.71840985147194747      -0.73167117397785308     
   274.71999999999292      -0.74593462773515495      -0.68811940658018611     
   274.75999999999294      -0.77167515764629624      -0.64351324777853269     
   274.79999999999296      -0.79559267434527114      -0.59793791747437153     
   274.83999999999298      -0.81765173351047227      -0.55147647913002906     
   274.87999999999300      -0.83782012196469047      -0.50420971135545534     
   274.91999999999302      -0.85606876385050024      -0.45621604714524333     
   274.95999999999304      -0.87237162691804082      -0.40757157668851512     
   274.99999999999307      -0.88670563127930513      -0.35835010903160880     
   275.03999999999309      -0.89905056277500839      -0.30862328739258016     
   275.07999999999311      -0.90938899287844088      -0.25846075258581286     
   275.11999999999313      -0.91770620683007631      -0.20793034879088493     
   275.15999999999315      -0.92399014146079572      -0.15709836576798469     
   275.19999999999317      -0.92823133392315127      -0.10602981155888863     
   275.23999999999319      -0.93042288231098014       -5.4788709695721582E-002
   275.27999999999321      -0.93056041890897112       -3.4384149497742600E-003
   275.31999999999323      -0.92864209657589025        4.7958058327020631E-002
   275.35999999999325      -0.92466858852798095        9.9337701197733053E-002
   275.39999999999327      -0.91864310155209583       0.15063717439712909     
   275.43999999999329      -0.91057140244072887       0.20179247778417356     
   275.47999999999331      -0.90046185720259964       0.25273863095323001     
   275.51999999999333      -0.88832548236225739       0.30340937100855592     
   275.55999999999335      -0.87417600742009738       0.35373687355400041     
   275.59999999999337      -0.85802994730047311       0.40365150299060559     
   275.63999999999339      -0.83990668337114827       0.45308159823312022     
   275.67999999999341      -0.81982855137383437       0.50195329993284821     
   275.71999999999343      -0.79782093436557522       0.55019042520647787     
   275.75999999999345      -0.77391235853780838       0.59771439569417206     
   275.79999999999347      -0.74813458955862044       0.64444422447969818     
   275.83999999999349      -0.72052272687960950       0.69029656697527386     
   275.87999999999352      -0.69111529326840460       0.73518584028012146     
   275.91999999999354      -0.65995431667865889       0.77902441474364292     
   275.95999999999356      -0.62708540145922798       0.82172288048577369     
   275.99999999999358      -0.59255778584164920       0.86319039043946888     
   276.03999999999360      -0.55642438263832195       0.90333508008318109     
   276.07999999999362      -0.51874180014092419       0.94206456243494407     
   276.11999999999364      -0.47957034033665991       0.97928649510660759     
   276.15999999999366      -0.43897397176457104        1.0149092143022220     
   276.19999999999368      -0.39702027461908090        1.0488424286372535     
   276.23999999999370      -0.35378035607440833        1.0809979636168143     
   276.27999999999372      -0.30932873424982904        1.1112905456144817     
   276.31999999999374      -0.26374318975700406        1.1396386123206250     
   276.35999999999376      -0.21710458435827876        1.1659651349681324     
   276.39999999999378      -0.16949664690696670        1.1901984362828018     
   276.43999999999380      -0.12100572742175478        1.2122729871302980     
   276.47999999999382       -7.1720520849081856E-002   1.2321301643168230     
   276.51999999999384       -2.1731762768811738E-002   1.2497189520067529     
   276.55999999999386        2.8868100022687651E-002   1.2649965697874848     
   276.59999999999388        7.9985260484892018E-002   1.2779290115551092     
   276.63999999999390       0.13152491972898428        1.2884914811023065     
   276.67999999999392       0.18339166822983971        1.2966687125213858     
   276.71999999999395       0.23548987487871875        1.3024551662219759     
   276.75999999999397       0.28772407865514005        1.3058550944105325     
   276.79999999999399       0.33999937758205567        1.3068824731728901     
   276.83999999999401       0.39222180965055331        1.3055608017124407     
   276.87999999999403       0.44429872055811120        1.3019227726889477     
   276.91999999999405       0.49613911339175842        1.2960098208411805     
   276.95999999999407       0.54765397579311703        1.2878715600339652     
   276.99999999999409       0.59875658065056925        1.2775651214363051     
   277.03999999999411       0.64936275695550261        1.2651544076233328     
   277.07999999999413       0.69939112811304760        1.2507092789386263     
   277.11999999999415       0.74876331568988674        1.2343046894209795     
   277.15999999999417       0.79740410728932942        1.2160197899860663     
   277.19999999999419       0.84524158794456250        1.1959370163808272     
   277.23999999999421       0.89220723509428457        1.1741411787430525     
   277.27999999999423       0.93823597783293500        1.1507185684662617     
   277.31999999999425       0.98326622169575406        1.1257560965704774     
   277.35999999999427        1.0272398407358043        1.0993404760012555     
   277.39999999999429        1.0701021390683547        1.0715574583137606     
   277.43999999999431        1.1118017843937598        1.0424911331351263     
   277.47999999999433        1.1522907162625529        1.0122232967198301     
   277.51999999999435        1.1915240320182630       0.98083289389275519     
   277.55999999999437        1.2294598534492462       0.94839553577458091     
   277.59999999999440        1.2660591772073462       0.91498309395249788     
   277.63999999999442        1.3012857120165862       0.88066337023099983     
   277.67999999999444        1.3351057056083742       0.84549983979470011     
   277.71999999999446        1.3674877641902905       0.80955146454791116     
   277.75999999999448        1.3984026670928502       0.77287257256399267     
   277.79999999999450        1.4278231790517533       0.73551279897257693     
   277.83999999999452        1.4557238623805282       0.69751708321937533     
   277.87999999999454        1.4820808910777798       0.65892571743129214     
   277.91999999999456        1.5068718687012135       0.61977444058584197     
   277.95999999999458        1.5300756516329588       0.58009457329363312     
   277.99999999999460        1.5516721791621944       0.53991318823088907     
   278.03999999999462        1.5716423116254468       0.49925331158131120     
   278.07999999999464        1.5899676776750502       0.45813415124008594     
   278.11999999999466        1.6066305315941123       0.41657134797655082     
   278.15999999999468        1.6216136214432013       0.37457724622722360     
   278.19999999999470        1.6349000687104460       0.33216118168111841     
   278.23999999999472        1.6464732600428622       0.28932978331040471     
   278.27999999999474        1.6563167515620436       0.24608728797953333     
   278.31999999999476        1.6644141862110362       0.20243586622481630     
   278.35999999999478        1.6707492245400610       0.15837595822561920     
   278.39999999999480        1.6753054893152843       0.11390661938058075     
   278.43999999999482        1.6780665243253357        6.9025875251282912E-002
   278.47999999999485        1.6790157677627702        2.3731085935863566E-002
   278.51999999999487        1.6781365405700013       -2.1980679819222727E-002
   278.55999999999489        1.6754120501589933       -6.8112260275199302E-002
   278.59999999999491        1.6708254099385840      -0.11466600551023552     
   278.63999999999493        1.6643596751098333      -0.16164337071876822     
   278.67999999999495        1.6559978952151395      -0.20904449736734337     
   278.71999999999497        1.6457231839475814      -0.25686778168895130     
   278.75999999999499        1.6335188067392941      -0.30510943020718168     
   278.79999999999501        1.6193682866475620      -0.35376300229329871     
   278.83999999999503        1.6032555290402697      -0.40281894018231151     
   278.87999999999505        1.5851649655435927      -0.45226408741692720     
   278.91999999999507        1.5650817176492371      -0.50208119735889023     
   278.95999999999509        1.5429917802807533      -0.55224843421209557     
   278.99999999999511        1.5188822254829502      -0.60273886994507875     
   279.03999999999513        1.4927414262196477      -0.65351998158255975     
   279.07999999999515        1.4645593000375599      -0.70455315455219436     
   279.11999999999517        1.4343275720730551      -0.75579319911262022     
   279.15999999999519        1.4020400565397293      -0.80718788833314203     
   279.19999999999521        1.3676929554351358      -0.85867752761483929     
   279.23999999999523        1.3312851727432711      -0.91019456729661796     
   279.27999999999525        1.2928186418863246      -0.96166327142366470     
   279.31999999999528        1.2522986635982711       -1.0129994572013377     
   279.35999999999530        1.2097342507610194       -1.0641103209312968     
   279.39999999999532        1.1651384760717893       -1.1148943672307521     
   279.43999999999534        1.1185288177134127       -1.1652414589594164     
   279.47999999999536        1.0699274974973370       -1.2150330054018954     
   279.51999999999538        1.0193618052672881       -1.2641423057512180     
   279.55999999999540       0.96686440271968888       -1.3124350636899806     
   279.59999999999542       0.91247359924933702       -1.3597700867587972     
   279.63999999999544       0.85623359200334870       -1.4060001811497069     
   279.67999999999546       0.79819466206287060       -1.4509732485119533     
   279.71999999999548       0.73841331861071635       -1.4945335863038571     
   279.75999999999550       0.67695238312183581       -1.5365233872220125     
   279.79999999999552       0.61388100606533225       -1.5767844264125894     
   279.83999999999554       0.54927460935649608       -1.6151599177209039     
   279.87999999999556       0.48321474885870469       -1.6514965124447851     
   279.91999999999558       0.41578889260758906       -1.6856464062778904     
   279.95999999999560       0.34709011209662066       -1.7174695127742097     
   279.99999999999562       0.27721668588916293       -1.7468356551864428     
   280.03999999999564       0.20627161695355378       -1.7736267233902283     
   280.07999999999566       0.13436206738397311       -1.7977387392395170     
   280.11999999999568        6.1598716484841276E-002  -1.8190837724782958     
   280.15999999999570       -1.1904949536417006E-002  -1.8375916505314569     
   280.19999999999573       -8.6033405906388055E-002  -1.8532114092492762     
   280.23999999999575      -0.16066990342491155       -1.8659124379630878     
   280.27999999999577      -0.23569731465815180       -1.8756852808310058     
   280.31999999999579      -0.31099899734020864       -1.8825420670514208     
   280.35999999999581      -0.38645965952381967       -1.8865165545902758     
   280.39999999999583      -0.46196621092319190       -1.8876637849843052     
   280.43999999999585      -0.53740858531751112       -1.8860593598579811     
   280.47999999999587      -0.61268051981050253       -1.8817983623247863     
   280.51999999999589      -0.68768027812141908       -1.8749939577729144     
   280.55999999999591      -0.76231130684513315       -1.8657757180928507     
   280.59999999999593      -0.83648281567527916       -1.8542877207536490     
   280.63999999999595      -0.91011027483529572       -1.8406864790004138     
   280.67999999999597      -0.98311582530423913       -1.8251387617235844     
   280.71999999999599       -1.0554285997564237       -1.8078193613046121     
   280.75999999999601       -1.1269849543638208       -1.7889088651849270     
   280.79999999999603       -1.1977286136585272       -1.7685914823676594     
   280.83999999999605       -1.2676107324569061       -1.7470529699594706     
   280.87999999999607       -1.3365898803630047       -1.7244786976524675     
   280.91999999999609       -1.4046319555710001       -1.7010518801998833     
   280.95999999999611       -1.4717100355667916       -1.6769519998947877     
   280.99999999999613       -1.5378041728951197       -1.6523534332082030     
   281.03999999999616       -1.6029011444312293       -1.6274242884027403     
   281.07999999999618       -1.6669941626053721       -1.6023254543535697     
   281.11999999999620       -1.7300825568111309       -1.5772098551439666     
   281.15999999999622       -1.7921714328249874       -1.5522219003464108     
   281.19999999999624       -1.8532713175159647       -1.5274971172744340     
   281.23999999999626       -1.9133977954704668       -1.5031619488625543     
   281.27999999999628       -1.9725711434355577       -1.4793336991272694     
   281.31999999999630       -2.0308159677266677       -1.4561206072777531     
   281.35999999999632       -2.0881608489810666       -1.4336220313599704     
   281.39999999999634       -2.1446379978892600       -1.4119287227048312     
   281.43999999999636       -2.2002829248205948       -1.3911231732833660     
   281.47999999999638       -2.2551341255898296       -1.3712800192308652     
   281.51999999999640       -2.3092327849970404       -1.3524664851802657     
   281.55999999999642       -2.3626224992190301       -1.3347428555497434     
   281.59999999999644       -2.4153490176383388       -1.3181629604827112     
   281.63999999999646       -2.4674600042654471       -1.3027746656777055     
   281.67999999999648       -2.5190048185383596       -1.2886203568228116     
   281.71999999999650       -2.5700343149675287       -1.2757374107292316     
   281.75999999999652       -2.6206006608282348       -1.2641586465176524     
   281.79999999999654       -2.6707571708816391       -1.2539127513351043     
   281.83999999999656       -2.7205581579241525       -1.2450246760628307     
   281.87999999999658       -2.7700587978168469       -1.2375159973173595     
   281.91999999999661       -2.8193150075269413       -1.2314052427523552     
   281.95999999999663       -2.8683833346167971       -1.2267081772463915     
   281.99999999999665       -2.9173208565377005       -1.2234380480225855     
   282.03999999999667       -2.9661850880218168       -1.2216057871029111     
   282.07999999999669       -3.0150338948124968       -1.2212201697670009     
   282.11999999999671       -3.0639254119275869       -1.2222879278772565     
   282.15999999999673       -3.1129179646101663       -1.2248138170644809     
   282.19999999999675       -3.1620699900844427       -1.2288006368569073     
   282.23999999999677       -3.2114399582003115       -1.2342492028967176     
   282.27999999999679       -3.2610862890178587       -1.2411582704386754     
   282.31999999999681       -3.3110672653531688       -1.2495244083827555     
   282.35999999999683       -3.3614409382801607       -1.2593418231747999     
   282.39999999999685       -3.4122650235615741       -1.2706021320353351     
   282.43999999999687       -3.4635967869682474       -1.2832940851668304     
   282.47999999999689       -3.5154929164428501       -1.2974032368650719     
   282.51999999999691       -3.5680093790765746       -1.3129115658431099     
   282.55999999999693       -3.6212012609001518       -1.3297970455894264     
   282.59999999999695       -3.6751225875501108       -1.3480331662489775     
   282.63999999999697       -3.7298261239644992       -1.3675884103597069     
   282.67999999999699       -3.7853631513972972       -1.3884256858199540     
   282.71999999999701       -3.8417832202262288       -1.4105017207232904     
   282.75999999999704       -3.8991338772738988       -1.4337664261917520     
   282.79999999999706       -3.9574603666768908       -1.4581622350747974     
   282.83999999999708       -4.0168053037312506       -1.4836234263590007     
   282.87999999999710       -4.0772083216248314       -1.5100754473395246     
   282.91999999999712       -4.1387056915452343       -1.5374342480100709     
   282.95999999999714       -4.2013299173326342       -1.5656056446849920     
   282.99999999999716       -4.2651093066327919       -1.5944847325039435     
   283.03999999999718       -4.3300675213962991       -1.6239553690876865     
   283.07999999999720       -4.3962231115597392       -1.6538897540860078     
   283.11999999999722       -4.4635890368208386       -1.6841481315274858     
   283.15999999999724       -4.5321721825631931       -1.7145786435588515     
   283.19999999999726       -4.6019728771686426       -1.7450173651362375     
   283.23999999999728       -4.6729844191394605       -1.7752885492704575     
   283.27999999999730       -4.7451926235912838       -1.8052051112955720     
   283.31999999999732       -4.8185753987150948       -1.8345693780952852     
   283.35999999999734       -4.8931023636785156       -1.8631741240855229     
   283.39999999999736       -4.9687345200732294       -1.8908039098678362     
   283.43999999999738       -5.0454239893440853       -1.9172367317714047     
   283.47999999999740       -5.1231138285854021       -1.9422459810329205     
   283.51999999999742       -5.2017379365972696       -1.9656027002966969     
   283.55999999999744       -5.2812210611082531       -1.9870781127745840     
   283.59999999999746       -5.3614789165589114       -2.0064463862664521     
   283.63999999999749       -5.4424184197964198       -2.0234875809377133     
   283.67999999999751       -5.5239380484779668       -2.0379907170386797     
   283.71999999999753       -5.6059283239769888       -2.0497568874755423     
   283.75999999999755       -5.6882724172240078       -2.0586023311754671     
   283.79999999999757       -5.7708468723181694       -2.0643613773540448     
   283.83999999999759       -5.8535224390698160       -2.0668891687911692     
   283.87999999999761       -5.9361650020516139       -2.0660640745449550     
   283.91999999999763       -6.0186365904277004       -2.0617897094021544     
   283.95999999999765       -6.1007964499747400       -2.0539964886759923     
   283.99999999999767       -6.1825021564658282       -2.0426426622772031     
   284.03999999999769       -6.2636107480873120       -2.0277147905370931     
   284.07999999999771       -6.0794546708396346E-002  -2.0092276450167752     
   284.11999999999773      -0.14028348827917703       -1.9872235392695170     
   284.15999999999775      -0.21875433291614840       -1.9617711159242843     
   284.19999999999777      -0.29607287836612606       -1.9329636362494411     
   284.23999999999779      -0.37210955178209248       -1.9009168353991601     
   284.27999999999781      -0.44674020857969510       -1.8657664199400661     
   284.31999999999783      -0.51984682031581675       -1.8276652934030402     
   284.35999999999785      -0.59131804432547153       -1.7867806002413700     
   284.39999999999787      -0.66104967147630400       -1.7432906787708120     
   284.43999999999789      -0.72894495186779396       -1.6973820097872496     
   284.47999999999791      -0.79491480147618865       -1.6492462402098660     
   284.51999999999794      -0.85887789551826887       -1.5990773510520053     
   284.55999999999796      -0.92076065660350215       -1.5470690271308321     
   284.59999999999798      -0.98049714752546613       -1.4934122730491006     
   284.63999999999800       -1.0380288798021309       -1.4382933069166175     
   284.67999999999802       -1.0933045498307201       -1.3818917507147324     
   284.71999999999804       -1.1462797148184365       -1.3243791246929071     
   284.75999999999806       -1.1969164205430669       -1.2659176431157630     
   284.79999999999808       -1.2451827925547636       -1.2066593002924153     
   284.83999999999810       -1.2910526017234869       -1.1467452292180806     
   284.87999999999812       -1.3345048141364271       -1.0863053103235016     
   284.91999999999814       -1.3755231343224690       -1.0254580046510455     
   284.95999999999816       -1.4140955496857675      -0.96431038408246328     
   284.99999999999818       -1.4502138829184577      -0.90295833081725307     
   285.03999999999820       -1.4838733580748338      -0.84148687890940377     
   285.07999999999822       -1.5150721849580708      -0.77997067208092774     
   285.11999999999824       -1.5438111655189961      -0.71847451402312990     
   285.15999999999826       -1.5700933251099283      -0.65705398977330542     
   285.19999999999828       -1.5939235706837358      -0.59575613934519089     
   285.23999999999830       -1.6153083773819410      -0.53462016745513197     
   285.27999999999832       -1.6342555044143718      -0.47367817581077198     
   285.31999999999834       -1.6507737406915872      -0.41295590693038325     
   285.35999999999837       -1.6648726803227072      -0.35247349077799867     
   285.39999999999839       -1.6765625278263800      -0.29224618759182369     
   285.43999999999841       -1.6858539327114654      -0.23228512212713726     
   285.47999999999843       -1.6927578529562257      -0.17259800611900589     
   285.51999999999845       -1.6972854468399527      -0.11318984709317334     
   285.55999999999847       -1.6994479925487767       -5.4063642720594912E-002
   285.59999999999849       -1.6992568349780413        4.7789392683849352E-003
   285.63999999999851       -1.6967233591776956        6.3336895008642036E-002
   285.67999999999853       -1.6918589899257330       0.12160923129906405     
   285.71999999999855       -1.6846752169594044       0.17959432415821813     
   285.75999999999857       -1.6751836454367710       0.23728928806583424     
   285.79999999999859       -1.6633960712346134       0.29468935505393973     
   285.83999999999861       -1.6493245807055839       0.35178726322574072     
   285.87999999999863       -1.6329816745109720       0.40857265486529803     
   285.91999999999865       -1.6143804151090508       0.46503148504802888     
   285.95999999999867       -1.5935345974065893       0.52114544256153905     
   285.99999999999869       -1.5704589419671209       0.57689138598670975     
   286.03999999999871       -1.5451693100088990       0.63224079895554863     
   286.07999999999873       -1.5176829392138740       0.68715926987562415     
   286.11999999999875       -1.4880186991032620       0.74160600276530009     
   286.15999999999877       -1.4561973644134132       0.79553336724622048     
   286.19999999999879       -1.4222419045275219       0.84888649714728148     
   286.23999999999882       -1.3861777865861131       0.90160294853521739     
   286.27999999999884       -1.3480332894166072       0.95361242923765066     
   286.31999999999886       -1.3078398248969743        1.0048366129908213     
   286.35999999999888       -1.2656322628113001        1.0551890521418548     
   286.39999999999890       -1.2214492546804321        1.1045752032716991     
   286.43999999999892       -1.1753335514771557        1.1528925800819090     
   286.47999999999894       -1.1273323095848458        1.2000310473077496     
   286.51999999999896       -1.0774973788573046        1.2458732681885292     
   286.55999999999898       -1.0258855662147677        1.2902953160634234     
   286.59999999999900      -0.97255886789842061        1.3331674579086759     
   286.63999999999902      -0.91758466333592614        1.3743551140623607     
   286.67999999999904      -0.86103586357556960        1.4137199940089145     
   286.71999999999906      -0.80299100745638019        1.4511214029797348     
   286.75999999999908      -0.74353429912090419        1.4864177083868995     
   286.79999999999910      -0.68275558116398283        1.5194679489230332     
   286.83999999999912      -0.62075023865320234        1.5501335627695114     
   286.87999999999914      -0.55761903045123262        1.5782802050492433     
   286.91999999999916      -0.49346784570031543        1.6037796187729301     
   286.95999999999918      -0.42840738496363440        1.6265115184170253     
   286.99999999999920      -0.36255276731174974        1.6463654412971169     
   287.03999999999922      -0.29602306653590915        1.6632425193960141     
   287.07999999999925      -0.22894078159387227        1.6770571235509222     
   287.11999999999927      -0.16143124827003583        1.6877383330959110     
   287.15999999999929       -9.3622000778620068E-002   1.6952311872853938     
   287.19999999999931       -2.5642093576249483E-002   1.6994976800592645     
   287.23999999999933        4.2378605095268793E-002   1.7005174667879570     
   287.27999999999935       0.11031013550593120        1.6982882602665603     
   287.31999999999937       0.17802317162635900        1.6928259030106947     
   287.35999999999939       0.24538973616067153        1.6841641133578131     
   287.39999999999941       0.31228389269909712        1.6723539134606398     
   287.43999999999943       0.37858240299626605        1.6574627574292233     
   287.47999999999945       0.44416533848106932        1.6395733871200822     
   287.51999999999947       0.50891663651864505        1.6187824509393942     
   287.55999999999949       0.57272459360567840        1.5951989271758342     
   287.59999999999951       0.63548228950895047        1.5689423975818002     
   287.63999999999953       0.69708793827230686        1.5401412190839088     
   287.67999999999955       0.75744516393860262        1.5089306416573947     
   287.71999999999957       0.81646320068631340        1.4754509186927696     
   287.75999999999959       0.87405701880070785        1.4398454528598603     
   287.79999999999961       0.93014737943453174        1.4022590158455965     
   287.83999999999963       0.98466082242488229        1.3628360747587649     
   287.87999999999965        1.0375295924976780        1.3217192518198897     
   287.91999999999967        1.0886915099991223        1.2790479375361077     
   287.95999999999970        1.1380897928476776        1.2349570712138842     
   287.99999999999972        1.1856728367137708        1.1895760966523272     
   288.03999999999974        1.2313939605295652        1.1430280953948577     
   288.07999999999976        1.2752111243353592        1.0954290951448484     
   288.11999999999978        1.3170866262137875        1.0468875469607057     
   288.15999999999980        1.3569867846807362       0.99750396167371669     
   288.19999999999982        1.3948816124250851       0.94737069360872095     
   288.23999999999984        1.4307444867486203       0.89657185808837847     
   288.27999999999986        1.4645518214804336       0.84518336829533136     
   288.31999999999988        1.4962827445510258       0.79327307676480807     
   288.35999999999990        1.5259187848304749       0.74090100698622696     
   288.39999999999992        1.5534435712787582       0.68811966120708368     
   288.43999999999994        1.5788425469371636       0.63497439146013424     
   288.47999999999996        1.6021026998166428       0.58150382198697659     
   288.51999999999998        1.6232123123177831       0.52774031252850895     
   288.56000000000000        1.6421607304508723       0.47371045332722894     
   288.60000000000002        1.6589381538141115       0.41943558408098119     
   288.64000000000004        1.6735354470323685       0.36493233045642376     
   288.68000000000006        1.6859439731554489       0.31021315307700914     
   288.72000000000008        1.6961554493601381       0.25528690511722918     
   288.76000000000010        1.7041618251898223       0.20015939574210612     
   288.80000000000013        1.7099551834943891       0.14483395761417361     
   288.84000000000015        1.7135276641959760        8.9312017539674618E-002
   288.88000000000017        1.7148714109973633        3.3593670034683207E-002
   288.92000000000019        1.7139785411635875       -2.2321745844392893E-002
   288.96000000000021        1.7108411385377178       -7.8435065646743421E-002
   289.00000000000023        1.7054512699925863      -0.13474671362828750     
   289.04000000000025        1.6978010255653266      -0.19125611068149367     
   289.08000000000027        1.6878825825643753      -0.24796107502378334     
   289.12000000000029        1.6756882939724376      -0.30485721479844147     
   289.16000000000031        1.6612108014868210      -0.36193731214041613     
   289.20000000000033        1.6444431735332354      -0.41919069883964138     
   289.24000000000035        1.6253790685530800      -0.47660262450388435     
   289.28000000000037        1.6040129237895642      -0.53415361908789538     
   289.32000000000039        1.5803401696767689      -0.59181885281988023     
   289.36000000000041        1.5543574697599589      -0.64956749792025226     
   289.40000000000043        1.5260629858373300      -0.70736209806572514     
   289.44000000000045        1.4954566677057084      -0.76515795329053837     
   289.48000000000047        1.4625405665092288      -0.82290252991198709     
   289.52000000000049        1.4273191702259367      -0.88053490708230331     
   289.56000000000051        1.3897997592799209      -0.93798527365039541     
   289.60000000000053        1.3499927796361662      -0.99517449109387213     
   289.64000000000055        1.3079122300256498       -1.0520137402629075     
   289.68000000000058        1.2635760591676315       -1.1084042714504583     
   289.72000000000060        1.2170065680182345       -1.1642372787349280     
   289.76000000000062        1.1682308111990469       -1.2193939204796886     
   289.80000000000064        1.1172809908729362       -1.2737455081527653     
   289.84000000000066        1.0641948354698885       -1.3271538850761939     
   289.88000000000068        1.0090159548635733       -1.3794720151578765     
   289.92000000000070       0.95179416290576380       -1.4305447989452376     
   289.96000000000072       0.89258575769184434       -1.4802101303479871     
   290.00000000000074       0.83145374961042395       -1.5283002020355085     
   290.04000000000076       0.76846802717759743       -1.5746430608206632     
   290.08000000000078       0.70370545092235359       -1.6190644063810948     
   290.12000000000080       0.63724986621722901       -1.6613896176281147     
   290.16000000000082       0.56919202696885340       -1.7014459812093912     
   290.20000000000084       0.49962942351150597       -1.7390650864336865     
   290.24000000000086       0.42866600987775183       -1.7740853408438537     
   290.28000000000088       0.35641182782464770       -1.8063545513276036     
   290.32000000000090       0.28298252751751318       -1.8357325076783633     
   290.36000000000092       0.20849878753613388       -1.8620934995344829     
   290.40000000000094       0.13308563976758861       -1.8853286942136316     
   290.44000000000096        5.6871707664017612E-002  -1.9053483025892750     
   290.48000000000098       -2.0011630861261953E-002  -1.9220834631319892     
   290.52000000000100       -9.7431142087494926E-002  -1.9354877806558244     
   290.56000000000103      -0.17525268072861866       -1.9455384660280928     
   290.60000000000105      -0.25334216215803224       -1.9522370357353398     
   290.64000000000107      -0.33156654396354307       -1.9556095451377706     
   290.68000000000109      -0.40979479779122119       -1.9557063456919521     
   290.72000000000111      -0.48789885272942801       -1.9526013734551708     
   290.76000000000113      -0.56575449244272613       -1.9463909928324539     
   290.80000000000115      -0.64324218983664083       -1.9371924348478671     
   290.84000000000117      -0.72024786513193850       -1.9251418823824418     
   290.88000000000119      -0.79666355573843817       -1.9103922651624927     
   290.92000000000121      -0.87238798911301163       -1.8931108343643372     
   290.96000000000123      -0.94732705272610129       -1.8734765903272408     
   291.00000000000125       -1.0213941582092996       -1.8516776370799586     
   291.04000000000127       -1.0945104995872832       -1.8279085344495927     
   291.08000000000129       -1.1666052081022389       -1.8023677128738942     
   291.12000000000131       -1.2376154084319839       -1.7752550082436269     
   291.16000000000133       -1.3074861830236699       -1.7467693647921496     
   291.20000000000135       -1.3761704527784624       -1.7171067438698113     
   291.24000000000137       -1.4436287834184904       -1.6864582660007013     
   291.28000000000139       -1.5098291275567084       -1.6550086034554485     
   291.32000000000141       -1.5747465128016964       -1.6229346311246995     
   291.36000000000143       -1.6383626862045353       -1.5904043350709738     
   291.40000000000146       -1.7006657250439841       -1.5575759709862174     
   291.44000000000148       -1.7616496234038697       -1.5245974589971407     
   291.48000000000150       -1.8213138632781454       -1.4916059968568935     
   291.52000000000152       -1.8796629780974126       -1.4587278704816777     
   291.56000000000154       -1.9367061156542507       -1.4260784389209504     
   291.60000000000156       -1.9924566064558253       -1.3937622700393673     
   291.64000000000158       -2.0469315425865018       -1.3618734032669069     
   291.68000000000160       -2.1001513712490656       -1.3304957165640985     
   291.72000000000162       -2.1521395062922877       -1.2997033760805468     
   291.76000000000164       -2.2029219602402366       -1.2695613486987187     
   291.80000000000166       -2.2525269986246914       -1.2401259596113730     
   291.84000000000168       -2.3009848177911434       -1.2114454791613005     
   291.88000000000170       -2.3483272468023149       -1.1835607252792910     
   291.92000000000172       -2.3945874735989054       -1.1565056699147618     
   291.96000000000174       -2.4397997951911905       -1.1303080398071212     
   292.00000000000176       -2.4839993913414169       -1.1049899037556645     
   292.04000000000178       -2.5272221209489065       -1.0805682401872365     
   292.08000000000180       -2.5695043401601714       -1.0570554802816174     
   292.12000000000182       -2.6108827410878321       -1.0344600231915162     
   292.16000000000184       -2.6513942099274832       -1.0127867209912771     
   292.20000000000186       -2.6910757032040875      -0.99203733191510812     
   292.24000000000188       -2.7299641408526627      -0.97221094121438034     
   292.28000000000191       -2.7680963148362210      -0.95330434958895760     
   292.32000000000193       -2.8055088120220284      -0.93531242964519012     
   292.36000000000195       -2.8422379500707811      -0.91822845121881802     
   292.40000000000197       -2.8783197251383741      -0.90204437668982973     
   292.44000000000199       -2.9137897702432816      -0.88675112762268637     
   292.48000000000201       -2.9486833232113789      -0.87233882420243058     
   292.52000000000203       -2.9830352031720593      -0.85879699901700790     
   292.56000000000205       -3.0168797946428287      -0.84611478676923890     
   292.60000000000207       -3.0502510383027301      -0.83428109149753493     
   292.64000000000209       -3.0831824276167565      -0.82328473285066517     
   292.68000000000211       -3.1157070105329763      -0.81311457290548916     
   292.72000000000213       -3.1478573955307074      -0.80375962494328179     
   292.76000000000215       -3.1796657613513033      -0.79520914551489363     
   292.80000000000217       -3.2111638697925615      -0.78745271103145820     
   292.84000000000219       -3.2423830809933154      -0.78048028001884706     
   292.88000000000221       -3.2733543706762425      -0.77428224207317420     
   292.92000000000223       -3.3041083488543790      -0.76884945445341646     
   292.96000000000225       -3.3346752795402681      -0.76417326714722289     
   293.00000000000227       -3.3650851010262075      -0.76024553714849052     
   293.04000000000229       -3.3953674463298578      -0.75705863259125217     
   293.08000000000231       -3.4255516634216403      -0.75460542729456015     
   293.12000000000234       -3.4556668348691573      -0.75287928618792699     
   293.16000000000236       -3.4857417965494353      -0.75187404200695518     
   293.20000000000238       -3.5158051550924103      -0.75158396357437562     
   293.24000000000240       -3.5458853037289364      -0.75200371591315152     
   293.28000000000242       -3.5760104362239722      -0.75312831237589850     
   293.32000000000244       -3.6062085585807289      -0.75495305891891162     
   293.36000000000246       -3.6365074982047263      -0.75747349059994007     
   293.40000000000248       -3.6669349102182038      -0.76068530033693393     
   293.44000000000250       -3.6975182806154345      -0.76458425993076518     
   293.48000000000252       -3.7282849259485937      -0.76916613332898409     
   293.52000000000254       -3.7592619892322219      -0.77442658209070392     
   293.56000000000256       -3.7904764317524409      -0.78036106300547259     
   293.60000000000258       -3.8219550204653370      -0.78696471782240796     
   293.64000000000260       -3.8537243106677757      -0.79423225506096640     
   293.68000000000262       -3.8858106236238794      -0.80215782390259494     
   293.72000000000264       -3.9182400188320563      -0.81073488020442241     
   293.76000000000266       -3.9510382606213921      -0.81995604473339745     
   293.80000000000268       -3.9842307787731217      -0.82981295379323838     
   293.84000000000270       -4.0178426228734665      -0.84029610250862130     
   293.88000000000272       -4.0518984101191702      -0.85139468114258221     
   293.92000000000274       -4.0864222663173875      -0.86309640495542150     
   293.96000000000276       -4.1214377598480922      -0.87538733826761761     
   294.00000000000279       -4.1569678283907434      -0.88825171356627752     
   294.04000000000281       -4.1930346982585434      -0.90167174669500649     
   294.08000000000283       -4.2296597962341771      -0.91562744939083396     
   294.12000000000285       -4.2668636538613152      -0.93009644067846042     
   294.16000000000287       -4.3046658042173256      -0.94505375890025090     
   294.20000000000289       -4.3430846712752400      -0.96047167644786746     
   294.24000000000291       -4.3821374520578340      -0.97631951956484508     
   294.28000000000293       -4.4218399918939992      -0.99256349590411974     
   294.32000000000295       -4.4622066532077760       -1.0091665328444281     
   294.36000000000297       -4.5032501784032526       -1.0260881298869138     
   294.40000000000299       -4.5449815475536033       -1.0432842287587705     
   294.44000000000301       -4.5874098317589294       -1.0607071051331534     
   294.48000000000303       -4.6305420432037652       -1.0783052861209008     
   294.52000000000305       -4.6743829831191741       -1.0960234978852279     
   294.56000000000307       -4.7189350890335486       -1.1138026478593528     
   294.60000000000309       -4.7641982828772216       -1.1315798460918258     
   294.64000000000311       -4.8101698216847142       -1.1492884701873169     
   294.68000000000313       -4.8568441528100763       -1.1668582781340451     
   294.72000000000315       -4.9042127757299179       -1.1842155729960453     
   294.76000000000317       -4.9522641126492815       -1.2012834229840865     
   294.80000000000319       -5.0009833902409353       -1.2179819397913556     
   294.84000000000322       -5.0503525349321876       -1.2342286172812971     
   294.88000000000324       -5.1003500841979124       -1.2499387316431185     
   294.92000000000326       -5.1509511163175139       -1.2650258029900463     
   294.96000000000328       -5.2021272010006721       -1.2794021170789600     
   295.00000000000330       -5.2538463731766250       -1.2929793043988178     
   295.04000000000332       -5.3060731320702184       -1.3056689723398422     
   295.08000000000334       -5.3587684674524434       -1.3173833845556329     
   295.12000000000336       -5.4118899146530381       -1.3280361800148621     
   295.16000000000338       -5.4653916395596092       -1.3375431226642835     
   295.20000000000340       -5.5192245544057084       -1.3458228711524824     
   295.24000000000342       -5.5733364646760872       -1.3527977567594656     
   295.28000000000344       -5.6276722469403380       -1.3583945566062701     
   295.32000000000346       -5.6821740568780719       -1.3625452484433502     
   295.36000000000348       -5.7367815661937289       -1.3651877328914293     
   295.40000000000350       -5.7914322265528355       -1.3662665089776744     
   295.44000000000352       -5.8460615581209492       -1.3657332892028331     
   295.48000000000354       -5.9006034597690862       -1.3635475412034141     
   295.52000000000356       -5.9549905375422769       -1.3596769443297763     
   295.56000000000358       -6.0091544475870178       -1.3540977511185137     
   295.60000000000360       -6.0630262494129541       -1.3467950456484021     
   295.64000000000362       -6.1165367651356677       -1.3377628930678402     
   295.68000000000364       -6.1696169402191670       -1.3270043770874893     
   295.72000000000367       -6.2221982012132848       -1.3145315248529390     
   295.76000000000369       -6.2742128060633169       -1.3003651212507947     
   295.80000000000371       -4.2408875574083460E-002  -1.2845344172588307     
   295.84000000000373       -9.3091945147389638E-002  -1.2670767393326545     
   295.88000000000375      -0.14301342550511667       -1.2480370089431756     
   295.92000000000377      -0.19211211283193685       -1.2274671831705044     
   295.96000000000379      -0.24032913797863842       -1.2054256286675389     
   296.00000000000381      -0.28760819567049922       -1.1819764422965195     
   296.04000000000383      -0.33389574496252061       -1.1571887323005341     
   296.08000000000385      -0.37914117992273022       -1.1311358740052397     
   296.12000000000387      -0.42329697007383943       -1.1038947537777297     
   296.16000000000389      -0.46631877064738403       -1.0755450143386145     
   296.20000000000391      -0.50816550319062648       -1.0461683135810615     
   296.24000000000393      -0.54879940750487022       -1.0158476078560947     
   296.28000000000395      -0.58818606627689585      -0.98466646930064139     
   296.32000000000397      -0.62629440408802961      -0.95270844527834408     
   296.36000000000399      -0.66309666274544266      -0.92005646643532524     
   296.40000000000401      -0.69856835507748982      -0.88679230830117983     
   296.44000000000403      -0.73268819947108155      -0.85299610983979191     
   296.48000000000405      -0.76543803750776129      -0.81874595091699287     
   296.52000000000407      -0.79680273708117866      -0.78411748933543368     
   296.56000000000409      -0.82677008335777902      -0.74918365691500788     
   296.60000000000412      -0.85533065988116375      -0.71401441308461688     
   296.64000000000414      -0.88247772202535801      -0.67867655360485779     
   296.68000000000416      -0.90820706487980862      -0.64323357136126535     
   296.72000000000418      -0.93251688750573480      -0.60774556564815352     
   296.76000000000420      -0.95540765534547234      -0.57226919599343862     
   296.80000000000422      -0.97688196239912850      -0.53685767634140402     
   296.84000000000424      -0.99694439461102013      -0.50156080529729163     
   296.88000000000426       -1.0156013957361343      -0.46642502812785580     
   296.92000000000428       -1.0328611367876677      -0.43149352628833471     
   296.96000000000430       -1.0487333900033400      -0.39680633039181062     
   297.00000000000432       -1.0632294081127693      -0.36240045273573557     
   297.04000000000434       -1.0763618095422882      -0.32831003573797163     
   297.08000000000436       -1.0881444700582110      -0.29456651289806846     
   297.12000000000438       -1.0985924212253080      -0.26119877917742212     
   297.16000000000440       -1.1077217559443076      -0.22823336797498753     
   297.20000000000442       -1.1155495412305303      -0.19569463215556920     
   297.24000000000444       -1.1220937383049001      -0.16360492685924313     
   297.28000000000446       -1.1273731299880416      -0.13198479207853664     
   297.32000000000448       -1.1314072553172927      -0.10085313323127879     
   297.36000000000450       -1.1342163512444670       -7.0227398179357498E-002
   297.40000000000452       -1.1358213012183007       -4.0123749345845824E-002
   297.44000000000455       -1.1362435904088906       -1.0557229764747714E-002
   297.48000000000457       -1.1355052672912624        1.8458077940703067E-002
   297.52000000000459       -1.1336289112707523        4.6908900512753378E-002
   297.56000000000461       -1.1306376060034007        7.4782631683792011E-002
   297.60000000000463       -1.1265549180394183       0.10206719909955779     
   297.64000000000465       -1.1214048803963963       0.12875094107555329     
   297.68000000000467       -1.1152119806508030       0.15482249363983591     
   297.72000000000469       -1.1080011531210312       0.18027068824429204     
   297.76000000000471       -1.0997977747024801       0.20508446046377635     
   297.80000000000473       -1.0906276639046355       0.22925276994611227     
   297.84000000000475       -1.0805170826316763       0.25276453182398056     
   297.88000000000477       -1.0694927402416639       0.27560855975031429     
   297.92000000000479       -1.0575817994148518       0.29777352067030483     
   297.96000000000481       -1.0448118833590916       0.31924790139400172     
   298.00000000000483       -1.0312110838797950       0.34001998698241342     
   298.04000000000485       -1.0168079698435593       0.36007785090589445     
   298.08000000000487       -1.0016315955685364       0.37940935687557331     
   298.12000000000489      -0.98571150868109680       0.39800217218598988     
   298.16000000000491      -0.96907775698751197       0.41584379233962210     
   298.20000000000493      -0.95176089392145125       0.43292157665151798     
   298.24000000000495      -0.93379198214325188       0.44922279445498436     
   298.28000000000497      -0.91520259488534339       0.46473468144771324     
   298.32000000000500      -0.89602481466003836       0.47944450563262470     
   298.36000000000502      -0.87629122897123501       0.49333964222008436     
   298.40000000000504      -0.85603492270046222       0.50640765676931987     
   298.44000000000506      -0.83528946687012862       0.51863639575833975     
   298.48000000000508      -0.81408890352272223       0.53001408368515901     
   298.52000000000510      -0.79246772649390074       0.54052942572053708     
   298.56000000000512      -0.77046085789967100       0.55017171485574301     
   298.60000000000514      -0.74810362020286725       0.55893094242009456     
   298.64000000000516      -0.72543170377149835       0.56679791078422315     
   298.68000000000518      -0.70248112989077183       0.57376434701816226     
   298.72000000000520      -0.67928820924116207       0.57982301624024524     
   298.76000000000522      -0.65588949590615975       0.58496783337505764     
   298.80000000000524      -0.63232173702465366       0.58919397203765211     
   298.84000000000526      -0.60862181825353778       0.59249796927789600     
   298.88000000000528      -0.58482670525538549       0.59487782495380837     
   298.92000000000530      -0.56097338147313602       0.59633309455623618     
   298.96000000000532      -0.53709878249797816       0.59686497437894792     
   299.00000000000534      -0.51323972737728019       0.59647637801744968     
   299.04000000000536      -0.48943284724586633       0.59517200328534614     
   299.08000000000538      -0.46571451169557770       0.59295838875721529     
   299.12000000000540      -0.44212075332439071       0.58984395927967548     
   299.16000000000543      -0.41868719092698409       0.58583905993516572     
   299.20000000000545      -0.39544895180325590       0.58095597809320498     
   299.24000000000547      -0.37244059366971177       0.57520895333860378     
   299.28000000000549      -0.34969602666082417       0.56861417522219015     
   299.32000000000551      -0.32724843590346536       0.56118976893397010     
   299.36000000000553      -0.30513020513753741       0.55295576914819933     
   299.40000000000555      -0.28337284184027012       0.54393408243168195     
   299.44000000000557      -0.26200690429074880       0.53414843873803319     
   299.48000000000559      -0.24106193098557838       0.52362433262926023     
   299.52000000000561      -0.22056637278678626       0.51238895496980297     
   299.56000000000563      -0.20054752814976506       0.50047111592552995     
   299.60000000000565      -0.18103148174296721       0.48790116016994634     
   299.64000000000567      -0.16204304673291295       0.47471087525135663     
   299.68000000000569      -0.14360571096860433       0.46093339410771567     
   299.72000000000571      -0.12574158725937878       0.44660309273063892     
   299.76000000000573      -0.10847136790029138       0.43175548397718488     
   299.80000000000575       -9.1814283559946294E-002  0.41642710850862730     
   299.84000000000577       -7.5788066607910862E-002  0.40065542380088576     
   299.88000000000579       -6.0408918922981364E-002  0.38447869212323754     
   299.92000000000581       -4.5691484190090371E-002  0.36793586832227476     
   299.96000000000583       -3.1648824662937246E-002  0.35106648817882813     
   300.00000000000585       -1.8292402341783240E-002  0.33391055802885011     
   300.04000000000588       -5.6320644914956003E-003  0.31650844625719099     
   300.08000000000590        6.3239665960206654E-003  0.29890077718790664     
   300.12000000000592        1.7569099708349627E-002  0.28112832780822400     
   300.16000000000594        2.8098376815448120E-002  0.26323192767746229     
   300.20000000000596        3.7908471307000105E-002  0.24525236228879960     
   300.24000000000598        4.6997682509892467E-002  0.22723028007230900     
   300.28000000000600        5.5365926636033298E-002  0.20920610315352081     
   300.32000000000602        6.3014724312593098E-002  0.19121994191399505     
   300.36000000000604        6.9947184846188420E-002  0.17331151333988307     
   300.40000000000606        7.6167987369863951E-002  0.15552006309188832     
   300.44000000000608        8.1683359017297050E-002  0.13788429118582746     
   300.48000000000610        8.6501050262791090E-002  0.12044228113735095     
   300.52000000000612        9.0630307558685022E-002  0.10323143239734843     
   300.56000000000614        9.4081843394123774E-002   8.6288395885968761E-002
   300.60000000000616        9.6867803891031432E-002   6.9649012422691600E-002
   300.64000000000618        9.9001734044913442E-002   5.3348253847050359E-002
   300.68000000000620       0.10049854071006641        3.7420166628824136E-002
   300.72000000000622       0.10137445342114958        2.1897817777079168E-002
   300.76000000000624       0.10164698313609334        6.8132428735939946E-003
   300.80000000000626       0.10133487897917699       -7.8026039229086731E-003
   300.84000000000628       0.10045808305795390       -2.1919898030577534E-002
   300.88000000000631        9.9037683423654557E-002  -3.5509990857483284E-002
   300.92000000000633        9.7095865241837873E-002  -4.8545454545417151E-002
   300.96000000000635        9.4655860238429965E-002  -6.1000125085197754E-002
   301.00000000000637        9.1741894485898687E-002  -7.2849143813281919E-002
   301.04000000000639        8.8379134595132122E-002  -8.4068997269164031E-002
   301.08000000000641        8.4593632380563943E-002  -9.4637555364204595E-002
   301.12000000000643        8.0412268069129586E-002 -0.10453410778585900     
   301.16000000000645        7.5862692127631665E-002 -0.11373939853744794     
   301.20000000000647        7.0973265787903528E-002 -0.12223565849320359     
   301.24000000000649        6.5773000354632433E-002 -0.13000663583177738     
   301.28000000000651        6.0291495386669183E-002 -0.13703762419908119     
   301.32000000000653        5.4558875848928483E-002 -0.14331548844351757     
   301.36000000000655        4.8605728338390823E-002 -0.14882868776344146     
   301.40000000000657        4.2463036494066207E-002 -0.15356729610811540     
   301.44000000000659        3.6162115706890562E-002 -0.15752301967939109     
   301.48000000000661        2.9734547251225332E-002 -0.16068921139163070     
   301.52000000000663        2.3212111964758537E-002 -0.16306088216166992     
   301.56000000000665        1.6626723608017615E-002 -0.16463470891852308     
   301.60000000000667        1.0010362038277293E-002 -0.16540903924350803     
   301.64000000000669        3.3950063352787213E-003 -0.16538389257496428     
   301.68000000000671       -3.1874319822067050E-003 -0.16456095793713565     
   301.72000000000673       -9.7051755093818665E-003 -0.16294358817937901     
   301.76000000000676       -1.6126647138940253E-002 -0.16053679073895963     
   301.80000000000678       -2.2420535737644381E-002 -0.15734721496760321     
   301.84000000000680       -2.8555861181163052E-002 -0.15338313608796672     
   301.88000000000682       -3.4502038615987336E-002 -0.14865443587060712     
   301.92000000000684       -4.0228941821757597E-002 -0.14317258014425646     
   301.96000000000686       -4.5706965552623872E-002 -0.13695059327165696     
   302.00000000000688       -5.0907086742199549E-002 -0.13000302973939190     
   302.04000000000690       -5.5800924463106659E-002 -0.12234594302267771     
   302.08000000000692       -6.0360798538891328E-002 -0.11399685189461674     
   302.12000000000694       -6.4559786713041675E-002 -0.10497470435375858     
   302.16000000000696       -6.8371780286797468E-002  -9.5299839343894729E-002
   302.20000000000698       -7.1771538144229444E-002  -8.4993946435799494E-002
   302.24000000000700       -7.4734739089519983E-002  -7.4080023632263486E-002
   302.28000000000702       -7.7238032427339565E-002  -6.2582333445489441E-002
   302.32000000000704       -7.9259086722540867E-002  -5.0526357380032437E-002
   302.36000000000706       -8.0776636679957242E-002  -3.7938748935409390E-002
   302.40000000000708       -8.1770528088789277E-002  -2.4847285220800961E-002
   302.44000000000710       -8.2221760778808536E-002  -1.1280817250481516E-002
   302.48000000000712       -8.2112529537344797E-002   2.7307810365935700E-003
   302.52000000000714       -8.1426262936723864E-002   1.7156665015523234E-002
   302.56000000000716       -8.0147660021488001E-002   3.1965072880896520E-002
   302.60000000000719       -7.8262724803391442E-002   4.7123380452413821E-002
   302.64000000000721       -7.5758798509883110E-002   6.2598157337708155E-002
   302.68000000000723       -7.2624589528659522E-002   7.8355224530589865E-002
   302.72000000000725       -6.8850200987016955E-002   9.4359713541064108E-002
   302.76000000000727       -6.4427155900305372E-002  0.11057612716778964     
   302.80000000000729       -5.9348419818964507E-002  0.12696840203352161     
   302.84000000000731       -5.3608420898608421E-002  0.14349997300890208     
   302.88000000000733       -4.7203067312640318E-002  0.16013383964920266     
   302.92000000000735       -4.0129761922164858E-002  0.17683263476188649     
   302.96000000000737       -3.2387414113772148E-002  0.19355869520981778     
   303.00000000000739       -2.3976448712355922E-002  0.21027413503540562     
   303.04000000000741       -1.4898811873760335E-002  0.22694092096488966     
   303.08000000000743       -5.1579738609829808E-003  0.24352095031943383     
   303.12000000000745        5.2410713918539294E-003  0.25997613132092273     
   303.16000000000747        1.6291810021284787E-002  0.27626846573577141     
   303.20000000000749        2.7986215371293338E-002  0.29236013375021380     
   303.24000000000751        4.0314758607939191E-002  0.30821358091614631     
   303.28000000000753        5.3266422885882021E-002  0.32379160694857073     
   303.32000000000755        6.6828721129683244E-002  0.33905745609503057     
   303.36000000000757        8.0987717479096763E-002  0.35397490873533799     
   303.40000000000759        9.5728052431402824E-002  0.36850837380765156     
   303.44000000000761       0.11103297169524211       0.38262298159598224     
   303.48000000000764       0.12688435874947948       0.39628467635593417     
   303.52000000000766       0.14326277107753776       0.40946030820145701     
   303.56000000000768       0.16014748002262183       0.42211772362710148     
   303.60000000000770       0.17751651418259023       0.43422585399920988     
   303.64000000000772       0.19534670623527242       0.44575480131705469     
   303.68000000000774       0.21361374305617023       0.45667592052244543     
   303.72000000000776       0.23229221896116534       0.46696189762487794     
   303.76000000000778       0.25135569187755913       0.47658682290984522     
   303.80000000000780       0.27077674221800485       0.48552625851114334     
   303.84000000000782       0.29052703420417741       0.49375729965431453     
   303.88000000000784       0.31057737936089358       0.50125862891790429     
   303.92000000000786       0.33089780187736484       0.50801056291178104     
   303.96000000000788       0.35145760551083982       0.51399509083687434     
   304.00000000000790       0.37222544168954019       0.51919590446750863     
   304.04000000000792       0.39316937845693700       0.52359841918492045     
   304.08000000000794       0.41425696988842231       0.52718978578713249     
   304.12000000000796       0.43545532560460115       0.52995889290447074     
   304.16000000000798       0.45673118000299190       0.53189635995976847     
   304.20000000000800       0.47805096083201970       0.53299452072569486     
   304.24000000000802       0.49938085673788096       0.53324739764653117     
   304.28000000000804       0.52068688342611813       0.53265066720592891     
   304.32000000000806       0.54193494809546050       0.53120161673356026     
   304.36000000000809       0.56309091182146165       0.52889909315002748     
   304.40000000000811       0.58412064959142107       0.52574344424898423     
   304.44000000000813       0.60499010771967621       0.52173645320637729     
   304.48000000000815       0.62566535840317616       0.51688126708749937     
   304.52000000000817       0.64611265121085171       0.51118232019188814     
   304.56000000000819       0.66629846133617332       0.50464525313303987     
   304.60000000000821       0.68618953447992359       0.49727682859375705     
   304.64000000000823       0.70575292826905833       0.48908484472836727     
   304.68000000000825       0.72495605015705866       0.48007804720000691     
   304.72000000000827       0.74376669179085464       0.47026604084489820     
   304.76000000000829       0.76215305986871862       0.45965920194659987     
   304.80000000000831       0.78008380355201279       0.44826859208235542     
   304.84000000000833       0.79752803853088727       0.43610587447186239     
   304.88000000000835       0.81445536787957473       0.42318323371718547     
   304.92000000000837       0.83083589987047080       0.40951329977240147     
   304.96000000000839       0.84664026294743933       0.39510907692421426     
   305.00000000000841       0.86183961808750253       0.37998387850158072     
   305.04000000000843       0.87640566880609072       0.36415126796470432     
   305.08000000000845       0.89031066908420531       0.34762500695286430     
   305.12000000000847       0.90352742951611231       0.33041901079767583     
   305.16000000000849       0.91602932199349729       0.31254731193462448     
   305.20000000000852       0.92779028325637836       0.29402403157202683     
   305.24000000000854       0.93878481765252786       0.27486335990373767     
   305.28000000000856       0.94898799945575130       0.25507954508058606     
   305.32000000000858       0.95837547509919518       0.23468689108609819     
   305.36000000000860       0.96692346568298759       0.21369976459480983     
   305.40000000000862       0.97460877011604663       0.19213261082647701     
   305.44000000000864       0.98140876924991149       0.16999997834662109     
   305.48000000000866       0.98730143135802495       0.14731655270283600     
   305.52000000000868       0.99226531930709394       0.12409719872672380     
   305.56000000000870       0.99627959975799885       0.10035701127262248     
   305.60000000000872       0.99932405472222996        7.6111374105778895E-002
   305.64000000000874        1.0013790957859716        5.1376026593540347E-002
   305.68000000000876        1.0024257812976767        2.6167137792624320E-002
   305.72000000000878        1.0024458367961850        5.0138746271001164E-004
   305.76000000000880        1.0014216789350092       -2.5603946529396814E-002
   305.80000000000882       0.99933644313417602       -5.2130895020830376E-002
   305.84000000000884       0.99617401516378912       -7.9060699259672879E-002
   305.88000000000886       0.99191906683302722      -0.10637370826904706     
   305.92000000000888       0.98655709592438845      -0.13404927271596895     
   305.96000000000890       0.98007447047536445      -0.16206563622560130     
   306.00000000000892       0.97245847746812331      -0.19039982518102874     
   306.04000000000894       0.96369737594194349      -0.21902753815449577     
   306.08000000000897       0.95378045449283821      -0.24792303622763062     
   306.12000000000899       0.94269809306985719      -0.27705903557452516     
   306.16000000000901       0.93044182891780802      -0.30640660380122997     
   306.20000000000903       0.91700442645155755      -0.33593506165626208     
   306.24000000000905       0.90237995077769595      -0.36561189184653958     
   306.28000000000907       0.88656384450535086      -0.39540265680862652     
   306.32000000000909       0.86955300740965169      -0.42527092739247901     
   306.36000000000911       0.85134587842926812      -0.45517822450958967     
   306.40000000000913       0.83194251939428743      -0.48508397587451824     
   306.44000000000915       0.81134469979338131      -0.51494549002265222     
   306.48000000000917       0.78955598180091846      -0.54471794981157184     
   306.52000000000919       0.76658180469683024      -0.57435442760220501     
   306.56000000000921       0.74242956772633217      -0.60380592426245039     
   306.60000000000923       0.71710871036498947      -0.63302143403356681     
   306.64000000000925       0.69063078887930118      -0.66194803714220762     
   306.68000000000927       0.66300954800638345      -0.69053102182294190     
   306.72000000000929       0.63426098652106755      -0.71871403713289739     
   306.76000000000931       0.60440341541752107      -0.74643927758866280     
   306.80000000000933       0.57345750740814305      -0.77364770023444995     
   306.84000000000935       0.54144633643771933      -0.80027927426059209     
   306.88000000000937       0.50839540592826993      -0.82627326273623636     
   306.92000000000940       0.47433266451203338      -0.85156853540591382     
   306.96000000000942       0.43928850807859271      -0.87610391083601646     
   307.00000000000944       0.40329576705871850      -0.89981852549685504     
   307.04000000000946       0.36638967799292510      -0.92265222664483570     
   307.08000000000948       0.32860783858707215      -0.94454598514632337     
   307.12000000000950       0.28999014563981101      -0.96544232368152871     
   307.16000000000952       0.25057871543553961      -0.98528575510678484     
   307.20000000000954       0.21041778642907599       -1.0040232251615904     
   307.24000000000956       0.16955360430076583       -1.0216045532077542     
   307.28000000000958       0.12803428972852968       -1.0379828643059035     
   307.32000000000960        8.5909689500873354E-002  -1.0531150056914083     
   307.36000000000962        4.3231211875832121E-002  -1.0669619406260309     
   307.40000000000964        5.1647368339000077E-005  -1.0794891126873281     
   307.44000000000966       -4.3575023584599790E-002  -1.0906667738234697     
   307.48000000000968       -8.7593834382549182E-002  -1.1004702699487348     
   307.52000000000970      -0.13194904552173270       -1.1088802784795877     
   307.56000000000972      -0.17658436524176582       -1.1158829930008280     
   307.60000000000974      -0.22144317528923940       -1.1214702511868397     
   307.64000000000976      -0.26646875941560016       -1.1256396031590195     
   307.68000000000978      -0.31160453215984718       -1.1283943186061749     
   307.72000000000980      -0.35679426544765275       -1.1297433321951393     
   307.76000000000982      -0.40198231056831202       -1.1297011280164810     
   307.80000000000985      -0.44711381316857640       -1.1282875650066095     
   307.84000000000987      -0.49213491902558970       -1.1255276464253319     
   307.88000000000989      -0.53699296852607536       -1.1214512375121428     
   307.92000000000991      -0.58163667798065821       -1.1160927363645707     
   307.96000000000993      -0.62601630613476200       -1.1094907038525950     
   308.00000000000995      -0.67008380449419236       -1.1016874589857593     
   308.04000000000997      -0.71379295035708867       -1.0927286465724084     
   308.08000000000999      -0.75709946172704901       -1.0826627842490080     
   308.12000000001001      -0.79996109356762013       -1.0715407960142771     
   308.16000000001003      -0.84233771513909406       -1.0594155392868470     
   308.20000000001005      -0.88419136842833312       -1.0463413322309760     
   308.24000000001007      -0.92548630793559949       -1.0323734876816604     
   308.28000000001009      -0.96618902231443116       -1.0175678594707929     
   308.32000000001011       -1.0062682385678114       -1.0019804063345088     
   308.36000000001013       -1.0456949096835726      -0.98566677789402735     
   308.40000000001015       -1.0844421867425100      -0.96868192647343399     
   308.44000000001017       -1.1224853766533902      -0.95107974777200210     
   308.48000000001019       -1.1598018867601021      -0.93291275266779949     
   308.52000000001021       -1.1963711576286131      -0.91423177171277803     
   308.56000000001023       -1.2321745853567549      -0.89508569320354414     
   308.60000000001025       -1.2671954347603347      -0.87552123508949331     
   308.64000000001028       -1.3014187447771575      -0.85558275042056964     
   308.68000000001030       -1.3348312273990370      -0.83531206554698945     
   308.72000000001032       -1.3674211613936875      -0.81474834986626421     
   308.76000000001034       -1.3991782820164691      -0.79392801556954162     
   308.80000000001036       -1.4300936678391958      -0.77288464556816794     
   308.84000000001038       -1.4601596257423597      -0.75164894757909795     
   308.88000000001040       -1.4893695750307421      -0.73024873220956155     
   308.92000000001042       -1.5177179315427982      -0.70870891280140369     
   308.96000000001044       -1.5451999925334883      -0.68705152476725084     
   309.00000000001046       -1.5718118230201799      -0.66529576216729180     
   309.04000000001048       -1.5975501441933833      -0.64345802933008411     
   309.08000000001050       -1.6224122244096506      -0.62155200540668465     
   309.12000000001052       -1.6463957732039773      -0.59958871985816975     
   309.16000000001054       -1.6694988386842315      -0.57757663700635331     
   309.20000000001056       -1.6917197086010669      -0.55552174792088604     
   309.24000000001058       -1.7130568153237962      -0.53342766806823239     
   309.28000000001060       -1.7335086448960033      -0.51129573930517958     
   309.32000000001062       -1.7530736502943280      -0.48912513495811893     
   309.36000000001064       -1.7717501689697892      -0.46691296688653083     
   309.40000000001066       -1.7895363447130954      -0.44465439358265602     
   309.44000000001068       -1.8064300538533966      -0.42234272850752863     
   309.48000000001070       -1.8224288357736025      -0.39996954800514573     
   309.52000000001073       -1.8375298277044310      -0.37752479827071239     
   309.56000000001075       -1.8517297037434373      -0.35499690097516012     
   309.60000000001077       -1.8650246180340904      -0.33237285726632548     
   309.64000000001079       -1.8774101520331845      -0.30963834997735640     
   309.68000000001081       -1.8888812657921989      -0.28677784397536116     
   309.72000000001083       -1.8994322531793375      -0.26377468467846582     
   309.76000000001085       -1.9090567009736501      -0.24061119485781765     
   309.80000000001087       -1.9177474517705815      -0.21726876992328417     
   309.84000000001089       -1.9254965706493139      -0.19372797196831265     
   309.88000000001091       -1.9322953155661653      -0.16996862292128229     
   309.92000000001093       -1.9381341114548996      -0.14596989721835854     
   309.96000000001095       -1.9430025280339787      -0.12171041447697548     
   310.00000000001097       -1.9468892613423849       -9.7168332710155708E-002
   310.04000000001099       -1.9497821190496014       -7.2321442680409201E-002
   310.08000000001101       -1.9516680096115335       -4.7147264048305090E-002
   310.12000000001103       -1.9525329353725414       -2.1623144025194781E-002
   310.16000000001105       -1.9523619897442241        4.2736407079318577E-003
   310.20000000001107       -1.9511393586241064        3.0565778002943658E-002
   310.24000000001109       -1.9488483262517990        5.7275809307684791E-002
   310.28000000001111       -1.9454712857364544        8.4426012883616564E-002
   310.32000000001113       -1.9409897545272459       0.11203828023021606     
   310.36000000001115       -1.9353843951379834       0.14013398473156183     
   310.40000000001118       -1.9286350414775786       0.16873384151012014     
   310.44000000001120       -1.9207207311795533       0.19785775745063205     
   310.48000000001122       -1.9116197443657288       0.22752467034561169     
   310.52000000001124       -1.9013096493210815       0.25775237611618218     
   310.56000000001126       -1.8897673555978320       0.28855734308123654     
   310.60000000001128       -1.8769691751063005       0.31995451228828825     
   310.64000000001130       -1.8628908917868792       0.35195708298553396     
   310.68000000001132       -1.8475078404904033       0.38457628241189490     
   310.72000000001134       -1.8307949957217580       0.41782111921613335     
   310.76000000001136       -1.8127270709219927       0.45169811999412895     
   310.80000000001138       -1.7932786289755063       0.48621104866216014     
   310.84000000001140       -1.7724242046286598       0.52136060867116296     
   310.88000000001142       -1.7501384394918511       0.55714412842021865     
   310.92000000001144       -1.7263962302656621       0.59355523065472593     
   310.96000000001146       -1.7011728907799306       0.63058348714328660     
   311.00000000001148       -1.6744443283589767       0.66821406052384691     
   311.04000000001150       -1.6461872349230076       0.70642733589922713     
   311.08000000001152       -1.6163792931010910       0.74519854554791320     
   311.12000000001154       -1.5849993974611754       0.78449739099788762     
   311.16000000001156       -1.5520278907537590       0.82428766768541073     
   311.20000000001158       -1.5174468148146367       0.86452689847805653     
   311.24000000001161       -1.4812401754759688       0.90516598346669797     
   311.28000000001163       -1.4433942204918964       0.94614887460181241     
   311.32000000001165       -1.4038977290945298       0.98741228493416400     
   311.36000000001167       -1.3627423113594224        1.0288854433776884     
   311.40000000001169       -1.3199227150797406        1.0704899069920462     
   311.44000000001171       -1.2754371373308557        1.1121394437221237     
   311.48000000001173       -1.2292875373604597        1.1537399992599007     
   311.52000000001175       -1.1814799468752641        1.1951897621298915     
   311.56000000001177       -1.1320247732290369        1.2363793411556792     
   311.60000000001179       -1.0809370904669675        1.2771920690517342     
   311.64000000001181       -1.0282369126704269        1.3175044449135140     
   311.68000000001183      -0.97394944359964009        1.3571867267696727     
   311.72000000001185      -0.91810529627770276        1.3961036830484330     
   311.76000000001187      -0.86074067592750225        1.4341155087550141     
   311.80000000001189      -0.80189751959349020        1.4710789083503011     
   311.84000000001191      -0.74162358588166655        1.5068483427955908     
   311.88000000001193      -0.67997248855904557        1.5412774330655230     
   311.92000000001195      -0.61700366828840381        1.5742205067660453     
   311.96000000001197      -0.55278229754773800        1.6055342685166445     
   312.00000000001199      -0.48737911479936991        1.6350795687092021     
   312.04000000001201      -0.42087018522223740        1.6627232394283120     
   312.08000000001203      -0.35333658678100471        1.6883399610308174     
   312.12000000001206      -0.28486402204216038        1.7118141184711078     
   312.16000000001208      -0.21554235791214121        1.7330416032504796     
   312.20000000001210      -0.14546509730587054        1.7519315151567669     
   312.24000000001212       -7.4728788586776118E-002   1.7684077179773605     
   312.28000000001214       -3.4323803762667665E-003   1.7824102052627337     
   312.32000000001216        6.8323469065013617E-002   1.7938962360320094     
   312.36000000001218       0.14043711730392971        1.8028412059729029     
   312.40000000001220       0.21280668638396716        1.8092392270009356     
   312.44000000001222       0.28533082225192696        1.8131033966989951     
   312.48000000001224       0.35790945220209669        1.8144657487542430     
   312.52000000001226       0.43044452762499275        1.8133768855724008     
   312.56000000001228       0.50284073979586807        1.8099053042718825     
   312.60000000001230       0.57500619726534008        1.8041364367368005     
   312.64000000001232       0.64685305458025066        1.7961714328727658     
   312.68000000001234       0.71829808351103375        1.7861257232695766     
   312.72000000001236       0.78926317962447368        1.7741274028359983     
   312.76000000001238       0.85967579884267020        1.7603154804549122     
   312.80000000001240       0.92946932049284559        1.7448380412543836     
   312.84000000001242       0.99858333520327647        1.7278503677607715     
   312.88000000001244        1.0669638577695197        1.7095130641560790     
   312.92000000001246        1.1345634667434410        1.6899902243480314     
   312.96000000001249        1.2013413739386400        1.6694476798799784     
   313.00000000001251        1.2672634282663058        1.6480513581916436     
   313.04000000001253        1.3323020592954782        1.6259657757293089     
   313.08000000001255        1.3964361666641372        1.6033526842164751     
   313.12000000001257        1.4596509619569304        1.5803698823198344     
   313.16000000001259        1.5219377699257199        1.5571701992197344     
   313.20000000001261        1.5832937959818898        1.5339006514042479     
   313.24000000001263        1.6437218667611073        1.5107017694804385     
   313.28000000001265        1.7032301502815324        1.4877070880106271     
   313.32000000001267        1.7618318618160236        1.4650427883622832     
   313.36000000001269        1.8195449611077759        1.4428274822938085     
   313.40000000001271        1.8763918460053390        1.4211721224390781     
   313.44000000001273        1.9323990470026238        1.4001800249321168     
   313.48000000001275        1.9875969265644575        1.3799469890458442     
   313.52000000001277        2.0420193865170204        1.3605614988140715     
   313.56000000001279        2.0957035861998703        1.3421049920712524     
   313.60000000001281        2.1486896735234979        1.3246521830906914     
   313.64000000001283        2.2010205305613688        1.3082714259467683     
   313.68000000001285        2.2527415348332553        1.2930251067971625     
   313.72000000001287        2.3039003370098285        1.2789700544143334     
   313.76000000001289        2.3545466553874137        1.2661579594396333     
   313.80000000001291        2.4047320871452871        1.2546357939468358     
   313.84000000001294        2.4545099361033946        1.2444462239526890     
   313.88000000001296        2.5039350564424825        1.2356280084771973     
   313.92000000001298        2.5530637116272872        1.2282163796201120     
   313.96000000001300        2.6019534475822206        1.2222433988733368     
   314.00000000001302        2.6506629790033269        1.2177382855276626     
   314.04000000001304        2.6992520875455943        1.2147277135566810     
   314.08000000001306        2.7477815304965723        1.2132360737744505     
   314.12000000001308        2.7963129584314790        1.2132856983726730     
   314.16000000001310        2.8449088402377178        1.2148970451559771     
   314.20000000001312        2.8936323937945274        1.2180888389202342     
   314.24000000001314        2.9425475204933220        1.2228781674698648     
   314.28000000001316        2.9917187416836573        1.2292805297583858     
   314.32000000001318        3.0412111350266917        1.2373098335758621     
   314.36000000001320        3.0910902686312069        1.2469783401128778     
   314.40000000001322        3.1414221307360215        1.2582965526203636     
   314.44000000001324        3.1922730525871206        1.2712730462774733     
   314.48000000001326        3.2437096220390287        1.2859142362977072     
   314.52000000001328        3.2957985852898988        1.3022240812717480     
   314.56000000001330        3.3486067340416059        1.3202037187926756     
   314.60000000001332        3.4022007752643297        1.3398510305680917     
   314.64000000001334        3.4566471806455845        1.3611601345313695     
   314.68000000001337        3.5120120127240808        1.3841208019624036     
   314.72000000001339        3.5683607246586044        1.4087177983630936     
   314.76000000001341        3.6257579305727852        1.4349301478545180     
   314.80000000001343        3.6842671434617631        1.4627303222244530     
   314.84000000001345        3.7439504777621586        1.4920833575098913     
   314.88000000001347        3.8048683138902528        1.5229459032023591     
   314.92000000001349        3.8670789223647200        1.5552652118616763     
   314.96000000001351        3.9306380455708636        1.5889780801535942     
   315.00000000001353        3.9955984358152188        1.6240097561088818     
   315.04000000001355        4.0620093490844740        1.6602728317313895     
   315.08000000001357        4.1299159948813378        1.6976661449215971     
   315.12000000001359        4.1993589436791945        1.7360737199464273     
   315.16000000001361        4.2703734949286289        1.7753637812358569     
   315.20000000001363        4.3429890101652440        1.8153878809153776     
   315.24000000001365        4.4172282176015623        1.8559801859079577     
   315.28000000001367        4.4931064966133798        1.8969569752954314     
   315.32000000001369        4.5706311527122319        1.9381164024712914     
   315.36000000001371        4.6498006958692528        1.9792385789255253     
   315.40000000001373        4.7306041373374192        2.0200860367041504     
   315.44000000001375        4.8130203223008712        2.0604046240863050     
   315.48000000001377        4.8970173176308620        2.0999248832497708     
   315.52000000001379        4.9825518755975384        2.1383639491669011     
   315.56000000001382        5.0695689954119780        2.1754279953609887     
   315.60000000001384        5.1580016047867936        2.2108152343703837     
   315.64000000001386        5.2477703831485094        2.2442194590429048     
   315.68000000001388        5.3387837465776000        2.2753340857272693     
   315.72000000001390        5.4309380119005741        2.3038566330743535     
   315.76000000001392        5.5241177535791319        2.3294935419639553     
   315.80000000001394        5.6181963621734630        2.3519652148582733     
   315.84000000001396        5.7130368073230287        2.3710111287391444     
   315.88000000001398        5.8084926015988394        2.3863948568952589     
   315.92000000001400        5.9044089545290017        2.3979088232540500     
   315.96000000001402        6.0006240989454742        2.4053786104118173     
   316.00000000001404        6.0969707649505915        2.4086666501279281     
   316.04000000001406        6.1932777706768611        2.4076751431567347     
   316.08000000001408        6.1863868307074910E-003   2.4023480833358213     
   316.12000000001410       0.10189327872487178        2.3926722973541072     
   316.16000000001412       0.19704037689634213        2.3786774542867590     
   316.20000000001414       0.29145777869168643        2.3604350448836073     
   316.24000000001416       0.38498003375085282        2.3380563764791593     
   316.28000000001418       0.47744762063099266        2.3116896720034967     
   316.32000000001420       0.56870827655098755        2.2815163979998725     
   316.36000000001422       0.65861815553125780        2.2477469745067560     
   316.40000000001424       0.74704279703828813        2.2106160376757575     
   316.44000000001427       0.83385789437939062        2.1703774335275616     
   316.48000000001429       0.91894985912536720        2.1272991186494137     
   316.52000000001431        1.0022161844070230        2.0816581320413921     
   316.56000000001433        1.0835656157446225        2.0337357834399872     
   316.60000000001435        1.1629181429187170        1.9838131793523619     
   316.64000000001437        1.2402048301548128        1.9321671809023915     
   316.68000000001439        1.3153675045348574        1.8790668595011177     
   316.72000000001441        1.3883583240999358        1.8247704891269614     
   316.76000000001443        1.4591392476631693        1.7695230890808367     
   316.80000000001445        1.5276814280428703        1.7135545094925293     
   316.84000000001447        1.5939645494109076        1.6570780342009339     
   316.88000000001449        1.6579761278963165        1.6002894621352224     
   316.92000000001451        1.7197107926521276        1.5433666188952755     
   316.96000000001453        1.7791695624337240        1.4864692445399126     
   317.00000000001455        1.8363591304799571        1.4297392011558283     
   317.04000000001457        1.8912911682411424        1.3733009440296291     
   317.08000000001459        1.9439816563446235        1.3172622025870286     
   317.12000000001461        1.9944502491896943        1.2617148211267668     
   317.16000000001463        2.0427196777595391        1.2067357142461224     
   317.20000000001465        2.0888151936510271        1.1523878972872026     
   317.24000000001467        2.1327640559617098        1.0987215577670681     
   317.28000000001470        2.1745950615341125        1.0457751393100729     
   317.32000000001472        2.2143381181290320       0.99357641487299253     
   317.36000000001474        2.2520238593652122       0.94214353090450342     
   317.40000000001476        2.2876832997023278       0.89148600842788794     
   317.44000000001478        2.3213475273359863       0.84160569084146242     
   317.48000000001480        2.3530474325956301       0.79249763149110086     
   317.52000000001482        2.3828134692677820       0.74415091680379430     
   317.56000000001484        2.4106754461884776       0.69654942301738632     
   317.60000000001486        2.4366623464423354       0.64967250634644402     
   317.64000000001488        2.4608021715559194       0.60349562783959942     
   317.68000000001490        2.4831218081664286       0.55799091526272426     
   317.72000000001492        2.5036469147718923       0.51312766513659702     
   317.76000000001494        2.5224018263165164       0.46887278861560866     
   317.80000000001496        2.5394094745268960       0.42519120525949405     
   317.84000000001498        2.5546913220853820       0.38204618896215187     
   317.88000000001500        2.5682673089011576       0.33939967039438962     
   317.92000000001502        2.5801558089139598       0.29721250032005664     
   317.96000000001504        2.5903735960372436       0.25544467808209048     
   318.00000000001506        2.5989358180151201       0.21405554944691318     
   318.04000000001508        2.6058559771294822       0.17300397785905597     
   318.08000000001510        2.6111459168497353       0.13224849300632305     
   318.12000000001512        2.6148158136673301        9.1747420439870303E-002
   318.16000000001515        2.6168741735009919        5.1458995841542399E-002
   318.20000000001517        2.6173278321965494        1.1341467388933026E-002
   318.24000000001519        2.6161819597782077       -2.8646810458542206E-002
   318.28000000001521        2.6134400682366623       -6.8547288538631415E-002
   318.32000000001523        2.6091040227644213      -0.10840113680602174     
   318.36000000001525        2.6031740564709098      -0.14824915733778771     
   318.40000000001527        2.5956487887301822      -0.18813169351819015     
   318.44000000001529        2.5865252474331424      -0.22808853242599739     
   318.48000000001531        2.5757988955347568      -0.26815879745964188     
   318.52000000001533        2.5634636624054301      -0.30838082823316937     
   318.56000000001535        2.5495119806149131      -0.34879204476292258     
   318.60000000001537        2.5339348288970669      -0.38942879294615290     
   318.64000000001539        2.5167217821644909      -0.43032616831440040     
   318.68000000001541        2.4978610695631289      -0.47151781503404910     
   318.72000000001543        2.4773396416778071      -0.51303569713304220     
   318.76000000001545        2.4551432481191195      -0.55490983896718871     
   318.80000000001547        2.4312565268385335      -0.59716803201464563     
   318.84000000001549        2.4056631066298118      -0.63983550521804133     
   318.88000000001551        2.3783457243779060      -0.68293455629763755     
   318.92000000001553        2.3492863587076789      -0.72648414175567722     
   318.96000000001555        2.3184663817595261      -0.77049942370382163     
   319.00000000001558        2.2858667308716552      -0.81499127219677336     
   319.04000000001560        2.2514681019727676      -0.85996572247218739     
   319.08000000001562        2.2152511664764689      -0.90542338740746686     
   319.12000000001564        2.1771968134110278      -0.95135882663602389     
   319.16000000001566        2.1372864184051861      -0.99775987514604769     
   319.20000000001568        2.0955021409716719       -1.0446069358378505     
   319.24000000001570        2.0518272512732660       -1.0918722424601439     
   319.28000000001572        2.0062464872096100       -1.1395191015914028     
   319.32000000001574        1.9587464422144956       -1.1875011248778620     
   319.36000000001576        1.9093159835918492       -1.2357614655661608     
   319.40000000001578        1.8579467005343990       -1.2842320764362527     
   319.44000000001580        1.8046333801551007       -1.3328330094824612     
   319.48000000001582        1.7493745089147301       -1.3814717810092609     
   319.52000000001584        1.6921727957519637       -1.4300428290691638     
   319.56000000001586        1.6330357120239920       -1.4784270931992938     
   319.60000000001588        1.5719760420641262       -1.5264917489966470     
   319.64000000001590        1.5090124367858397       -1.5740901319571596     
   319.68000000001592        1.4441699613496006       -1.6210618859059784     
   319.72000000001594        1.3774806265111756       -1.6672333709606240     
   319.76000000001596        1.3089838919516958       -1.7124183639869948     
   319.80000000001598        1.2387271287259636       -1.7564190806433038     
   319.84000000001600        1.1667660270410478       -1.7990275421228923     
   319.88000000001603        1.0931649349829267       -1.8400273014530275     
   319.92000000001605        1.0179971136366999       -1.8791955336556683     
   319.96000000001607       0.94134489438234503       -1.9163054813588696     
   320.00000000001609       0.86329972506699992       -1.9511292328836287     
   320.04000000001611       0.78396209330911459       -1.9834407939471344     
   320.08000000001613       0.70344131740294846       -2.0130193976541535     
   320.12000000001615       0.62185519815032586       -2.0396529813155659     
   320.16000000001617       0.53932952839432835       -2.0631417438999375     
   320.20000000001619       0.45599746096539218       -2.0833016857234035     
   320.24000000001621       0.37199874002841271       -2.0999680234244873     
   320.28000000001623       0.28747880525512781       -2.1129983693321228     
   320.32000000001625       0.20258778262499111       -2.1222755657534171     
   320.36000000001627       0.11747937974990870       -2.1277100718770603     
   320.40000000001629        3.2309707194439666E-002  -2.1292418138867260     
   320.44000000001631       -5.2763949886819983E-002  -2.1268414270314913     
   320.48000000001633      -0.13758438352244751       -2.1205108408906876     
   320.52000000001635      -0.22199571090649370       -2.1102831846011547     
   320.56000000001637      -0.30584459153902110       -2.0962220158131855     
   320.60000000001639      -0.38898138769503643       -2.0784199039003837     
   320.64000000001641      -0.47126124460635888       -2.0569964227830604     
   320.68000000001643      -0.55254506981139095       -2.0320956301258031     
   320.72000000001646      -0.63270039486886520       -2.0038831264368553     
   320.76000000001648      -0.71160210682615277       -1.9725427989321889     
   320.80000000001650      -0.78913304124945882       -1.9382733605826519     
   320.84000000001652      -0.86518443303496095       -1.9012847946375540     
   320.88000000001654      -0.93965622541939786       -1.8617948096109231     
   320.92000000001656       -1.0124572414210729       -1.8200254000418763     
   320.96000000001658       -1.0835052252340420       -1.7761995953242307     
   321.00000000001660       -1.1527267637808096       -1.7305384636691918     
   321.04000000001662       -1.2200571006584444       -1.6832584219408704     
   321.08000000001664       -1.2854398560871512       -1.6345688857176714     
   321.12000000001666       -1.3488266672214224       -1.5846702783567801     
   321.16000000001668       -1.4101767633715034       -1.5337524037520274     
   321.20000000001670       -1.4694564903853273       -1.4819931753455946     
   321.24000000001672       -1.5266387977471760       -1.4295576840462156     
   321.28000000001674       -1.5817027009513547       -1.3765975801044641     
   321.32000000001676       -1.6346327304967139       -1.3232507386339809     
   321.36000000001678       -1.6854183775034444       -1.2696411751682630     
   321.40000000001680       -1.7340535445495364       -1.2158791761522998     
   321.44000000001682       -1.7805360089211897       -1.1620616092913343     
   321.48000000001684       -1.8248669041174321       -1.1082723799060628     
   321.52000000001686       -1.8670502241803884       -1.0545830015739051     
   321.56000000001688       -1.9070923542641145       -1.0010532520931514     
   321.60000000001691       -1.9450016298220649      -0.94773188894875982     
   321.64000000001693       -1.9807879258933665      -0.89465740178254127     
   321.68000000001695       -2.0144622772019329      -0.84185878271416370     
   321.72000000001697       -2.0460365291459004      -0.78935629859918555     
   321.76000000001699       -2.0755230192402050      -0.73716225235761001     
   321.80000000001701       -2.1029342881723219      -0.68528172330292214     
   321.84000000001703       -2.1282828193288865      -0.63371327891411589     
   321.88000000001705       -2.1515808054372338      -0.58244965270867799     
   321.92000000001707       -2.1728399408290349      -0.53147838479502874     
   321.96000000001709       -2.1920712377619038      -0.48078242332172166     
   322.00000000001711       -2.2092848652186401      -0.43034068641840451     
   322.04000000001713       -2.2244900086332535      -0.38012858536533090     
   322.08000000001715       -2.2376947490597123      -0.33011851066146675     
   322.12000000001717       -2.2489059603962622      -0.28028028341374339     
   322.16000000001719       -2.2581292233990102      -0.23058157506869770     
   322.20000000001721       -2.2653687553581197      -0.18098829897773788     
   322.24000000001723       -2.2706273544641706      -0.13146497765126949     
   322.28000000001725       -2.2739063580575638       -8.1975089834832204E-002
   322.32000000001727       -2.2752056141275294       -3.2481401749137023E-002
   322.36000000001729       -2.2745234656070985        1.7053713010769377E-002
   322.40000000001731       -2.2718567471945623        6.6667960313404953E-002
   322.44000000001733       -2.2672007946189350       0.11639881439068495     
   322.48000000001736       -2.2605494664554890       0.16628320408614705     
   322.52000000001738       -2.2518951787862362       0.21635719173131854     
   322.56000000001740       -2.2412289531879597       0.26665563995691338     
   322.60000000001742       -2.2285404787155074       0.31721186181130923     
   322.64000000001744       -2.2138181887286361       0.36805724967178072     
   322.68000000001746       -2.1970493535843936       0.41922087860606505     
   322.72000000001748       -2.1782201903808640       0.47072908008824410     
   322.76000000001750       -2.1573159910883701       0.52260498231234487     
   322.80000000001752       -2.1343212705363062       0.57486801380159425     
   322.84000000001754       -2.1092199358320545       0.62753336760629763     
   322.88000000001756       -2.0819954788661703       0.68061142414710463     
   322.92000000001758       -2.0526311935972283       0.73410713172355280     
   322.96000000001760       -2.0211104198011429       0.78801934490213887     
   323.00000000001762       -1.9874168149029192       0.84234012245559209     
   323.04000000001764       -1.9515346553719051       0.89705398827535621     
   323.08000000001766       -1.9134491689419946       0.95213716074776156     
   323.12000000001768       -1.8731468986024611        1.0075567584883365     
   323.16000000001770       -1.8306160988795201        1.0632699930735208     
   323.20000000001772       -1.7858471643801921        1.1192233624832040     
   323.24000000001774       -1.7388330898867081        1.1753518623370975     
   323.28000000001776       -1.6895699604622840        1.2315782356106046     
   323.32000000001779       -1.6380574690521015        1.2878122852545646     
   323.36000000001781       -1.5842994579368763        1.3439502778806296     
   323.40000000001783       -1.5283044791277678        1.3998744702277126     
   323.44000000001785       -1.4700863673971643        1.4554527932650869     
   323.48000000001787       -1.4096648181476465        1.5105387312379401     
   323.52000000001789       -1.3470659607714892        1.5649714344039332     
   323.56000000001791       -1.2823229165995973        1.6185761042972964     
   323.60000000001793       -1.2154763290503392        1.6711646887314540     
   323.64000000001795       -1.1465748522476207        1.7225369200679652     
   323.68000000001797       -1.0756755832779126        1.7724817242427044     
   323.72000000001799       -1.0028444225002402        1.8207790194418068     
   323.76000000001801      -0.92815634601687225        1.8672019120841989     
   323.80000000001803      -0.85169557465709222        1.9115192839944990     
   323.84000000001805      -0.77355562471094141        1.9534987486537694     
   323.88000000001807      -0.69383922724093228        1.9929099367502283     
   323.92000000001809      -0.61265810513218066        2.0295280527187911     
   323.96000000001811      -0.53013260010870034        2.0631376255870078     
   324.00000000001813      -0.44639114569088167        2.0935363604454666     
   324.04000000001815      -0.36156958638914316        2.1205389825434624     
   324.08000000001817      -0.27581034816196587        2.1439809556794325     
   324.12000000001819      -0.18926147010673855        2.1637219513806834     
   324.16000000001821      -0.10207551225665387        2.1796489462521169     
   324.20000000001824       -1.4408358963297146E-002   2.1916788323339182     
   324.24000000001826        7.3582058611706955E-002   2.1997604393751025     
   324.28000000001828       0.16173709413580678        2.2038758881024956     
   324.32000000001830       0.24989874288846942        2.2040412188165659     
   324.36000000001832       0.33791099362815191        2.2003062684920627     
   324.40000000001834       0.42562114563549253        2.1927538001835156     
   324.44000000001836       0.51288106239331333        2.1814979189455195     
   324.48000000001838       0.59954833586156497        2.1666818367062910     
   324.52000000001840       0.68548733877417267        2.1484750728151911     
   324.56000000001842       0.77057014661092504        2.1270701959188090     
   324.60000000001844       0.85467731563014604        2.1026792254805251     
   324.64000000001846       0.93769850832025003        2.0755298172525993     
   324.68000000001848        1.0195329625791851        2.0458613564733752     
   324.72000000001850        1.1000898056231769        2.0139210760997939     
   324.76000000001852        1.1792882178619455        1.9799603059692161     
   324.80000000001854        1.2570574556070719        1.9442309436281611     
   324.84000000001856        1.3333367444066853        1.9069822199903343     
   324.88000000001858        1.4080750569785747        1.8684578142972352     
   324.92000000001860        1.4812307911480727        1.8288933542374486     
   324.96000000001862        1.5527713639291987        1.7885143195281485     
   325.00000000001864        1.6226727379904466        1.7475343515311996     
   325.04000000001867        1.6909188963134245        1.7061539580744465     
   325.08000000001869        1.7575012799872816        1.6645595918464275     
   325.12000000001871        1.8224182028909319        1.6229230725912567     
   325.16000000001873        1.8856742556006352        1.5814013177425799     
   325.20000000001875        1.9472797093154333        1.5401363428699522     
   325.24000000001877        2.0072499289976635        1.4992554920557541     
   325.28000000001879        2.0656048033465679        1.4588718587226075     
   325.32000000001881        2.1223681977116864        1.4190848591279577     
   325.36000000001883        2.1775674346471874        1.3799809233875215     
   325.40000000001885        2.2312328055339461        1.3416342721689627     
   325.44000000001887        2.2833971155675754        1.3041077508407379     
   325.48000000001889        2.3340952634333876        1.2674536966453089     
   325.52000000001891        2.3833638561619974        1.2317148182152449     
   325.56000000001893        2.4312408589753658        1.1969250703342140     
   325.60000000001895        2.4777652793822154        1.1631105101712400     
   325.64000000001897        2.5229768843513529        1.1302901242284369     
   325.68000000001899        2.5669159490677491        1.0984766179099017     
   325.72000000001901        2.6096230355451144        1.0676771619341319     
   325.76000000001903        2.6511387992163939        1.0378940917819841     
   325.80000000001905        2.6915038215370277        1.0091255580158400     
   325.84000000001907        2.7307584666030116       0.98136612664959677     
   325.88000000001909        2.7689427597959688       0.95460732982393171     
   325.92000000001912        2.8060962865111381       0.92883816787923579     
   325.96000000001914        2.8422581090932106       0.90404556455181262     
   326.00000000001916        2.8774667001923384       0.88021477747819965     
   326.04000000001918        2.9117598908525939       0.85732976650639259     
   326.08000000001920        2.9451748317528832       0.83537352250722685     
   326.12000000001922        2.9777479661319708       0.81432835947719440     
   326.16000000001924        3.0095150130417956       0.79417617274561514     
   326.20000000001926        3.0405109596842559       0.77489866606151037     
   326.24000000001928        3.0707700616943874       0.75647755025328411     
   326.28000000001930        3.1003258503359685       0.73889471603953405     
   326.32000000001932        3.1292111456732443       0.72213238343189290     
   326.36000000001934        3.1574580748739969       0.70617323001881249     
   326.40000000001936        3.1850980948843590       0.69100050025905013     
   326.44000000001938        3.2121620187943707       0.67659809775029622     
   326.48000000001940        3.2386800452854003       0.66295066227574373     
   326.52000000001942        3.2646817906162928       0.65004363327231496     
   326.56000000001944        3.2901963226647242       0.63786330121077983     
   326.60000000001946        3.3152521965939865       0.62639684823155861     
   326.64000000001948        3.3398774917636467       0.61563237924150349     
   326.68000000001950        3.3640998495455223       0.60555894454689019     
   326.72000000001952        3.3879465117445782       0.59616655497639715     
   326.76000000001955        3.4114443593579771       0.58744619033496737     
   326.80000000001957        3.4346199514349718       0.57938980192487022     
   326.84000000001959        3.4574995638259178       0.57199030977365006     
   326.88000000001961        3.4801092276306984       0.56524159511951821     
   326.92000000001963        3.5024747671756016       0.55913848862257964     
   326.96000000001965        3.5246218373633837       0.55367675469455180     
   327.00000000001967        3.5465759602541751       0.54885307226977997     
   327.04000000001969        3.5683625607452076       0.54466501227580877     
   327.08000000001971        3.5900070012252883       0.54111101200201184     
   327.12000000001973        3.6115346150856600       0.53819034650929476     
   327.16000000001975        3.6329707389725474       0.53590309717218076     
   327.20000000001977        3.6543407436683966       0.53425011739623063     
   327.24000000001979        3.6756700634887300       0.53323299550833170     
   327.28000000001981        3.6969842240797126       0.53285401477456196     
   327.32000000001983        3.7183088684981040       0.53311611045978191     
   327.36000000001985        3.7396697814502877       0.53402282380459065     
   327.40000000001987        3.7610929115606315       0.53557825275859428     
   327.44000000001989        3.7826043915315894       0.53778699927395157     
   327.48000000001991        3.8042305560487821       0.54065411292981691     
   327.52000000001993        3.8259979572738461       0.54418503062660351     
   327.56000000001995        3.8479333777562070       0.54838551205902808     
   327.60000000001997        3.8700638405821612       0.55326157064885539     
   327.64000000002000        3.8924166165658574       0.55881939959240812     
   327.68000000002002        3.9150192282720426       0.56506529265463290     
   327.72000000002004        3.9378994506448954       0.57200555932131814     
   327.76000000002006        3.9610853080010786       0.57964643390457860     
   327.80000000002008        3.9846050671284678       0.58799397818473564     
   327.84000000002010        4.0084872262150739       0.59705397716516195     
   327.88000000002012        4.0327604993157395       0.60683182751663001     
   327.92000000002014        4.0574537960475592       0.61733241829549801     
   327.96000000002016        4.0825961961890451       0.62856000353714359     
   328.00000000002018        4.1082169188432092       0.64051806635411201     
   328.04000000002020        4.1343452858115830       0.65320917420934177     
   328.08000000002022        4.1610106788152086       0.66663482509064687     
   328.12000000002024        4.1882424901906345       0.68079528438564008     
   328.16000000002026        4.2160700666845905       0.69568941234890658     
   328.20000000002028        4.2445226459713119       0.71131448216804272     
   328.24000000002030        4.2736292855223050       0.72766598877482302     
   328.28000000002032        4.3034187834709021       0.74473744871491676     
   328.32000000002034        4.3339195911343751       0.76252019158682938     
   328.36000000002036        4.3651597168859952       0.78100314379051150     
   328.40000000002038        4.3971666211096121       0.80017260559041636     
   328.44000000002040        4.4299671020215419       0.82001202279823360     
   328.48000000002042        4.4635871722102580       0.84050175471791366     
   328.52000000002045        4.4980519258250480       0.86161884036974690     
   328.56000000002047        4.5333853964418376       0.88333676541973927     
   328.60000000002049        4.5696104057491311       0.90562523268234063     
   328.64000000002051        4.6067484033304842       0.92844993953382360     
   328.68000000002053        4.6448192979730081       0.95177236606310156     
   328.72000000002055        4.6838412811044803       0.97554957828680300     
   328.76000000002057        4.7238306431546144       0.99973405125334669     
   328.80000000002059        4.7648015838482474        1.0242735173408311     
   328.84000000002061        4.8067660176681173        1.0491108454967562     
   328.88000000002063        4.8497333759701826        1.0741839575516325     
   328.92000000002065        4.8937104074917013        1.0994257880379703     
   328.96000000002067        4.9387009792570176        1.1247642941329081     
   329.00000000002069        4.9847058801524851        1.1501225223866807     
   329.04000000002071        5.0317226297032480        1.1754187387690787     
   329.08000000002073        5.0797452948324953        1.2005666282311906     
   329.12000000002075        5.1287643176089412        1.2254755694111452     
   329.16000000002077        5.1787663571803586        1.2500509892854246     
   329.20000000002079        5.2297341492388778        1.2741948014629862     
   329.24000000002081        5.2816463864559982        1.2978059304280178     
   329.28000000002083        5.3344776233503959        1.3207809223599416     
   329.32000000002085        5.3881982089988423        1.3430146412111661     
   329.36000000002088        5.4427742508602179        1.3644010465343912     
   329.40000000002090        5.4981676127469878        1.3848340471692555     
   329.44000000002092        5.5543359496424838        1.4042084223873976     
   329.48000000002094        5.6112327816239631        1.4224207995369806     
   329.52000000002096        5.6688076086127088        1.4393706747186419     
   329.56000000002098        5.7270060670396123        1.4549614606725787     
   329.60000000002100        5.7857701287986458        1.4691015439758282     
   329.64000000002102        5.8450383420768652        1.4817053319554838     
   329.68000000002104        5.9047461128179650        1.4926942685274873     
   329.72000000002106        5.9648260247206917        1.5019977975681711     
   329.76000000002108        6.0252081948203946        1.5095542524925778     
   329.80000000002110        6.0858206608803069        1.5153116514978160     
   329.84000000002112        6.1465897960581595        1.5192283794463222     
   329.88000000002114        6.2074407456418070        1.5212737395911855     
   329.92000000002116        6.2682978800907740        1.5214283612241686     
   329.96000000002118        4.5899951021620922E-002   1.5196844527608333     
   330.00000000002120       0.10654178676715167        1.5160458936382688     
   330.04000000002122       0.16696291326859133        1.5105281625359916     
   330.08000000002124       0.22708923741538273        1.5031581036697852     
   330.12000000002126       0.28684817889839559        1.4939735370753211     
   330.16000000002128       0.34616908780725703        1.4830227227215360     
   330.20000000002130       0.40498363547988803        1.4703636918157750     
   330.24000000002133       0.46322617394590199        1.4560634616503494     
   330.28000000002135       0.52083406005354871        1.4401971526911690     
   330.32000000002137       0.57774794118382933        1.4228470282570169     
   330.36000000002139       0.63391200030599459        1.4041014780541303     
   330.40000000002141       0.68927415898693423        1.3840539670234906     
   330.44000000002143       0.74378623780573094        1.3628019704699179     
   330.48000000002145       0.79740407441948336        1.3404459153438106     
   330.52000000002147       0.85008760025674024        1.3170881459314214     
   330.56000000002149       0.90180087746417881        1.2928319301859645     
   330.60000000002151       0.95251209828877481        1.2677805206149004     
   330.64000000002153        1.0021935495345375        1.2420362811440662     
   330.68000000002155        1.0508215450872000        1.2156998888165611     
   330.72000000002157        1.0983763297532920        1.1888696166523010     
   330.76000000002159        1.1448419578163875        1.1616407015773897     
   330.80000000002161        1.1902061497803407        1.1341047990988293     
   330.84000000002163        1.2344601307563456        1.1063495244001251     
   330.88000000002165        1.2775984538683673        1.0784580778005444     
   330.92000000002167        1.3196188119112779        1.0505089510727641     
   330.96000000002169        1.3605218403094399        1.0225757099540509     
   331.00000000002171        1.4003109142017185       0.99472684730696592     
   331.04000000002173        1.4389919422325046       0.96702570076965144     
   331.08000000002176        1.4765731593668683       0.93953042835909262     
   331.12000000002178        1.5130649207798699       0.91229403532503828     
   331.16000000002180        1.5484794986025423       0.88536444556680871     
   331.20000000002182        1.5828308830460918       0.85878461108873527     
   331.24000000002184        1.6161345891761720       0.83259265325200948     
   331.28000000002186        1.6484074703742779       0.80682202995264596     
   331.32000000002188        1.6796675393059208       0.78150172329107126     
   331.36000000002190        1.7099337970169446       0.75665644277559363     
   331.40000000002192        1.7392260706009448       0.73230683960000376     
   331.44000000002194        1.7675648597224802       0.70846972803838426     
   331.48000000002196        1.7949711921422673       0.68515831049467846     
   331.52000000002198        1.8214664882710823       0.66238240322037267     
   331.56000000002200        1.8470724346776086       0.64014866016315974     
   331.60000000002202        1.8718108663907029       0.61846079282735922     
   331.64000000002204        1.8957036577670963       0.59731978440983102     
   331.68000000002206        1.9187726216399534       0.57672409682142856     
   331.72000000002208        1.9410394164204867       0.55666986951333164     
   331.76000000002210        1.9625254607925082       0.53715110930053589     
   331.80000000002212        1.9832518556170198       0.51815987061278856     
   331.84000000002214        2.0032393126493546       0.49968642580836753     
   331.88000000002216        2.0225080896637815       0.48171942536067047     
   331.92000000002218        2.0410779315787497       0.46424604787420820     
   331.96000000002221        2.0589680171790694       0.44725214000798980     
   332.00000000002223        2.0761969110383949       0.43072234648313656     
   332.04000000002225        2.0927825202556147       0.41464023043050047     
   332.08000000002227        2.1087420556314389       0.39898838439560225     
   332.12000000002229        2.1240919969260266       0.38374853236469142     
   332.16000000002231        2.1388480618544001       0.36890162320933823     
   332.20000000002233        2.1530251784931873       0.35442791596967443     
   332.24000000002235        2.1666374607895871       0.34030705740999245     
   332.28000000002237        2.1796981868810463       0.32651815228648068     
   332.32000000002239        2.1922197799517193       0.31303982676682890     
   332.36000000002241        2.2042137913691802       0.29985028543651510     
   332.40000000002243        2.2156908858618944       0.28692736231786115     
   332.44000000002245        2.2266608285145484       0.27424856631634587     
   332.48000000002247        2.2371324733743481       0.26179112149498929     
   332.52000000002249        2.2471137534768499       0.24953200256254784     
   332.56000000002251        2.2566116721146647       0.23744796594536438     
   332.60000000002253        2.2656322951865238       0.22551557679647852     
   332.64000000002255        2.2741807444777011       0.21371123227943403     
   332.68000000002257        2.2822611917356395       0.20201118144845406     
   332.72000000002259        2.2898768534169025       0.19039154203157357     
   332.76000000002261        2.2970299859932690       0.17882831440916386     
   332.80000000002264        2.3037218817159588       0.16729739306724309     
   332.84000000002266        2.3099528647476872       0.15577457579320875     
   332.88000000002268        2.3157222875825392       0.14423557087129996     
   332.92000000002270        2.3210285276835916       0.13265600252631354     
   332.96000000002272        2.3258689842778706       0.12101141485697163     
   333.00000000002274        2.3302400752576697       0.10927727449498086     
   333.04000000002276        2.3341372341465627        9.7428972222321136E-002
   333.08000000002278        2.3375549070976729        8.5441823777758386E-002
   333.12000000002280        2.3404865499010370        7.3291070084101573E-002
   333.16000000002282        2.3429246249862534        6.0951877130412550E-002
   333.20000000002284        2.3448605984161874        4.8399335748348905E-002
   333.24000000002286        2.3462849368773560        3.5608461529209455E-002
   333.28000000002288        2.3471871046828832        2.2554195138178038E-002
   333.32000000002290        2.3475555608146785        9.2114032948787637E-003
   333.36000000002292        2.3473777560428717       -4.4451192951669282E-003
   333.40000000002294        2.3466401301726676       -1.8440646755101785E-002
   333.44000000002296        2.3453281094817657       -3.2800517272544349E-002
   333.48000000002298        2.3434261044254940       -4.7550126406795193E-002
   333.52000000002300        2.3409175077019371       -6.2714918088925736E-002
   333.56000000002302        2.3377846927857844       -7.8320372903811913E-002
   333.60000000002304        2.3340090130575128       -9.4391993206784347E-002
   333.64000000002306        2.3295708016740302      -0.11095528458706543     
   333.68000000002309        2.3244493723482140      -0.12803573314540023     
   333.72000000002311        2.3186230212280479      -0.14565877800414898     
   333.76000000002313        2.3120690300914650      -0.16384977841457260     
   333.80000000002315        2.3047636711007398      -0.18263397476813495     
   333.84000000002317        2.2966822133904801      -0.20203644275648788     
   333.88000000002319        2.2877989317961323      -0.22208203985869882     
   333.92000000002321        2.2780871180655460      -0.24279534326465516     
   333.96000000002323        2.2675190949347028      -0.26420057827108256     
   334.00000000002325        2.2560662334902148      -0.28632153611219513     
   334.04000000002327        2.2436989742857389      -0.30918148011189495     
   334.08000000002329        2.2303868527269275      -0.33280303897028241     
   334.12000000002331        2.2160985292898805      -0.35720808592617354     
   334.16000000002333        2.2008018251910006      -0.38241760247199852     
   334.20000000002335        2.1844637641813534      -0.40845152524118450     
   334.24000000002337        2.1670506211955534      -0.43532857464500468     
   334.28000000002339        2.1485279786431208      -0.46306606381081783     
   334.32000000002341        2.1288607911882207      -0.49167968637250181     
   334.36000000002343        2.1080134599204734      -0.52118328169368577     
   334.40000000002345        2.0859499168735454      -0.55158857617320056     
   334.44000000002347        2.0626337208975731      -0.58290489939930734     
   334.48000000002349        2.0380281659337594      -0.61513887409534174     
   334.52000000002351        2.0120964027719106      -0.64829407904621694     
   334.56000000002354        1.9848015753908825      -0.68237068452570115     
   334.60000000002356        1.9561069729839851      -0.71736506017243828     
   334.64000000002358        1.9259761987518720      -0.75326935580282772     
   334.68000000002360        1.8943733564992415      -0.79007105631576180     
   334.72000000002362        1.8612632559931608      -0.82775251265202121     
   334.76000000002364        1.8266116379238588      -0.86629045173254882     
   334.80000000002366        1.7903854191468598      -0.90565546942497366     
   334.84000000002368        1.7525529586715489      -0.94581151188277179     
   334.88000000002370        1.7130843445888846      -0.98671535206660599     
   334.92000000002372        1.6719517017934786       -1.0283160698851479     
   334.96000000002374        1.6291295199468614       -1.0705545461654331     
   335.00000000002376        1.5845950006448504       -1.1133629825502771     
   335.04000000002378        1.5383284221897644       -1.1566644613771515     
   335.08000000002380        1.4903135197275066       -1.2003725615564453     
   335.12000000002382        1.4405378777933038       -1.2443910483550689     
   335.16000000002384        1.3889933315252549       -1.2886136567012227     
   335.20000000002386        1.3356763719638680       -1.3329239890346727     
   335.24000000002388        1.2805885499761924       -1.3771955496918920     
   335.28000000002390        1.2237368724490088       -1.4212919381795910     
   335.32000000002392        1.1651341835175257       -1.4650672232870778     
   335.36000000002394        1.1047995227714775       -1.5083665186512032     
   335.40000000002397        1.0427584516529587       -1.5510267779629714     
   335.44000000002399       0.97904333867837157       -1.5928778243646782     
   335.48000000002401       0.91369359373249892       -1.6337436236468164     
   335.52000000002403       0.84675584154877925       -1.6734438045929909     
   335.56000000002405       0.77828402465692559       -1.7117954222963414     
   335.60000000002407       0.70833942659152627       -1.7486149516349838     
   335.64000000002409       0.63699060704734012       -1.7837204886046543     
   335.68000000002411       0.56431324195811750       -1.8169341272305657     
   335.72000000002413       0.49038986316667155       -1.8480844697861485     
   335.76000000002415       0.41530949442319387       -1.8770092185869420     
   335.80000000002417       0.33916718285073794       -1.9035577893113984     
   335.84000000002419       0.26206342768079438       -1.9275938792485880     
   335.88000000002421       0.18410351089391969       -1.9489979196718676     
   335.92000000002423       0.10539673728657811       -1.9676693401835392     
   335.96000000002425        2.6055594297745246E-002  -1.9835285747208216     
   336.00000000002427       -5.3805155467075691E-002  -1.9965187441205234     
   336.04000000002429      -0.13406943381301184       -2.0066069586484034     
   336.08000000002431      -0.21462084162950817       -2.0137851954124080     
   336.12000000002433      -0.29534367041238180       -2.0180707195718410     
   336.16000000002435      -0.37612391177261961       -2.0195060340059454     
   336.20000000002437      -0.45685024612265146       -2.0181583587507959     
   336.24000000002439      -0.53741499244720026       -2.0141186581137189     
   336.28000000002442      -0.61771500240692201       -2.0075002489930442     
   336.32000000002444      -0.69765248391535128       -1.9984370377107312     
   336.36000000002446      -0.77713574167122013       -1.9870814438967219     
   336.40000000002448      -0.85607982479668288       -1.9736020781365682     
   336.44000000002450      -0.93440707459379180       -1.9581812449277221     
   336.48000000002452       -1.0120475683514671       -1.9410123439418820     
   336.52000000002454       -1.0889394579850700       -1.9222972408400714     
   336.56000000002456       -1.1650292049571112       -1.9022436743010271     
   336.60000000002458       -1.2402717153175273       -1.8810627590104065     
   336.64000000002460       -1.3146303807460751       -1.8589666357136940     
   336.68000000002462       -1.3880770331335721       -1.8361663096874246     
   336.72000000002464       -1.4605918214832605       -1.8128697087422088     
   336.76000000002466       -1.5321630207508674       -1.7892799816901703     
   336.80000000002468       -1.6027867826930671       -1.7655940485549897     
   336.84000000002470       -1.6724668388945425       -1.7420014050368855     
   336.88000000002472       -1.7412141659393316       -1.7186831761197265     
   336.92000000002474       -1.8090466222340897       -1.6958114073689521     
   336.96000000002476       -1.8759885653327975       -1.6735485774676924     
   337.00000000002478       -1.9420704578066144       -1.6520473118454231     
   337.04000000002480       -2.0073284687977342       -1.6314502747780009     
   337.08000000002482       -2.0718040774355786       -1.6118902159461073     
   337.12000000002485       -2.1355436833144119       -1.5934901469708318     
   337.16000000002487       -2.1985982282635672       -1.5763636237288834     
   337.20000000002489       -2.2610228327081656       -1.5606151111149609     
   337.24000000002491       -2.3228764490363303       -1.5463404082041172     
   337.28000000002493       -2.3842215335694310       -1.5336271133275154     
   337.32000000002495       -2.4451237379808530       -1.5225551102855543     
   337.36000000002497       -2.5056516203280186       -1.5131970586791410     
   337.40000000002499       -2.5658763752504465       -1.5056188730606981     
   337.44000000002501       -2.6258715823396344       -1.4998801772296899     
   337.48000000002503       -2.6857129711988477       -1.4960347214803356     
   337.52000000002505       -2.7454782012758856       -1.4941307519259455     
   337.56000000002507       -2.8052466541624450       -1.4942113221639810     
   337.60000000002509       -2.8650992357028588       -1.4963145385103440     
   337.64000000002511       -2.9251181849362022       -1.5004737308335809     
   337.68000000002513       -2.9853868866035009       -1.5067175416824645     
   337.72000000002515       -3.0459896836817206       -1.5150699269554972     
   337.76000000002517       -3.1070116861556500       -1.5255500618482356     
   337.80000000002519       -3.1685385720069283       -1.5381721462819611     
   337.84000000002521       -3.2306563761877740       -1.5529451045211367     
   337.88000000002523       -3.2934512631594326       -1.5698721742914625     
   337.92000000002525       -3.3570092784189400       -1.5889503814876889     
   337.96000000002527       -3.4214160743225959       -1.6101698975914001     
   338.00000000002530       -3.4867566054542891       -1.6335132782923296     
   338.04000000002532       -3.5531147887989931       -1.6589545836176023     
   338.08000000002534       -3.6205731240878429       -1.6864583822212407     
   338.12000000002536       -3.6892122699067116       -1.7159786454717123     
   338.16000000002538       -3.7591105715344679       -1.7474575406939057     
   338.20000000002540       -3.8303435370327397       -1.7808241374567906     
   338.24000000002542       -3.9029832588811098       -1.8159930462092528     
   338.28000000002544       -3.9770977794762228       -1.8528630148778271     
   338.32000000002546       -4.0527504001251016       -1.8913155162219741     
   338.36000000002548       -4.1299989347928561       -1.9312133666938676     
   338.40000000002550       -4.2088949118358983       -1.9723994260760440     
   338.44000000002552       -4.2894827292744253       -2.0146954359631706     
   338.48000000002554       -4.3717987718252935       -2.0579010637717130     
   338.52000000002556       -4.4558705008978858       -2.1017932268148090     
   338.56000000002558       -4.5417155319910947       -2.1461257773302163     
   338.60000000002560       -4.6293407173238705       -2.1906296333194049     
   338.64000000002562       -4.7187412549503582       -2.2350134406622031     
   338.68000000002564       -4.8098998488776559       -2.2789648481824303     
   338.72000000002566       -4.9027859476041833       -2.3221524681631811     
   338.76000000002568       -4.9973550907805189       -2.3642285794083842     
   338.80000000002570       -5.0935483950916112       -2.4048326077773092     
   338.84000000002573       -5.1912922106950656       -2.4435953900863554     
   338.88000000002575       -5.2904979783702482       -2.4801441918795595     
   338.92000000002577       -5.3910623147315748       -2.5141084090331640     
   338.96000000002579       -5.4928673483105603       -2.5451258394746348     
   339.00000000002581       -5.5957813229989402       -2.5728493672094945     
   339.04000000002583       -5.6996594773879918       -2.5969538597263009     
   339.08000000002585       -5.8043451992049988       -2.6171430454251658     
   339.12000000002587       -5.9096714437542230       -2.6331561137306023     
   339.16000000002589       -6.0154623945669803       -2.6447737703189347     
   339.20000000002591       -6.1215353340006073       -2.6518234858406831     
   339.24000000002593       -6.2277026819917340       -2.6541836997781751     
   339.28000000002595       -5.0588846059801185E-002  -2.6517867811913343     
   339.32000000002597      -0.15637367017684145       -2.6446206029260066     
   339.36000000002599      -0.26168281624405848       -2.6327286516804254     
   339.40000000002601      -0.36633116297282886       -2.6162086682192602     
   339.44000000002603      -0.47013955834786014       -2.5952098843757816     
   339.48000000002605      -0.57293671797279100       -2.5699289906232723     
   339.52000000002607      -0.67456091896684522       -2.5406050248513568     
   339.56000000002609      -0.77486145559166231       -2.5075134156204260     
   339.60000000002611      -0.87369983315891087       -2.4709594391812129     
   339.64000000002613      -0.97095068748745239       -2.4312713582135372     
   339.68000000002615       -1.0665024275854880       -2.3887935024508913     
   339.72000000002618       -1.1602576087599719       -2.3438795293620958     
   339.76000000002620       -1.2521330515624312       -2.2968860700614830     
   339.80000000002622       -1.3420597285752411       -2.2481669253202514     
   339.84000000002624       -1.4299824458838972       -2.1980679327164019     
   339.88000000002626       -1.5158593491652521       -2.1469225820338749     
   339.92000000002628       -1.5996612857596808       -2.0950484148607180     
   339.96000000002630       -1.6813710540820697       -2.0427442080597213     
   340.00000000002632       -1.7609825705113369       -1.9902879107316831     
   340.04000000002634       -1.8384999817541372       -1.9379352810700057     
   340.08000000002636       -1.9139367478783900       -1.8859191531063175     
   340.12000000002638       -1.9873147180099200       -1.8344492532882493     
   340.16000000002640       -2.0586632173023802       -1.7837124823115009     
   340.20000000002642       -2.1280181604092707       -1.7338735776722594     
   340.24000000002644       -2.1954212034484897       -1.6850760759804717     
   340.28000000002646       -2.2609189434558172       -1.6374435001831853     
   340.32000000002648       -2.3245621716395113       -1.5910807045923565     
   340.36000000002650       -2.3864051844087171       -1.5460753192301497     
   340.40000000002652       -2.4465051541640404       -1.5024992438830780     
   340.44000000002654       -2.5049215602011818       -1.4604101509285345     
   340.48000000002656       -2.5617156787665025       -1.4198529641330118     
   340.52000000002658       -2.6169501302867979       -1.3808612880073858     
   340.56000000002660       -2.6706884810397464       -1.3434587688237107     
   340.60000000002663       -2.7229948960000367       -1.3076603740072619     
   340.64000000002665       -2.7739338392532140       -1.2734735813294333     
   340.68000000002667       -2.8235698181808893       -1.2408994731918777     
   340.72000000002669       -2.8719671675562606       -1.2099337343842824     
   340.76000000002671       -2.9191898697204492       -1.1805675541047156     
   340.80000000002673       -2.9653014071142283       -1.1527884348444761     
   340.84000000002675       -3.0103646435962084       -1.1265809120494992     
   340.88000000002677       -3.0544417311707308       -1.1019271893630587     
   340.92000000002679       -3.0975940389630350       -1.0788076948076015     
   340.96000000002681       -3.1398821015048757       -1.0572015635460221     
   341.00000000002683       -3.1813655836222470       -1.0370870529342857     
   341.04000000002685       -3.2221032594417998       -1.0184418954888197     
   341.08000000002687       -3.2621530032492316       -1.0012435951857952     
   341.12000000002689       -3.3015717901380341      -0.98546967222006432     
   341.16000000002691       -3.3404157045783180      -0.97109786100709394     
   341.20000000002693       -3.3787399552116772      -0.95810626583397707     
   341.24000000002695       -3.4165988943385917      -0.94647347817285665     
   341.28000000002697       -3.4540460407095992      -0.93617865927519361     
   341.32000000002699       -3.4911341043607287      -0.92720159127823998     
   341.36000000002701       -3.5279150123480583      -0.91952269968324341     
   341.40000000002703       -3.5644399343366029      -0.91312304971361746     
   341.44000000002706       -3.6007593070859749      -0.90798431873430596     
   341.48000000002708       -3.6369228569505112      -0.90408874661341243     
   341.52000000002710       -3.6729796195759352      -0.90141906563559704     
   341.56000000002712       -3.7089779560293321      -0.89995841133492738     
   341.60000000002714       -3.7449655646454780      -0.89969021540365057     
   341.64000000002716       -3.7809894879116146      -0.90059808165341604     
   341.68000000002718       -3.8170961137459138      -0.90266564585747733     
   341.72000000002720       -3.8533311705533975      -0.90587642018708958     
   341.76000000002722       -3.8897397154683415      -0.91021362287360541     
   341.80000000002724       -3.9263661152155720      -0.91565999368075979     
   341.84000000002726       -3.9632540190459986      -0.92219759576066229     
   341.88000000002728       -4.0004463232257432      -0.92980760449362143     
   341.92000000002730       -4.0379851265848563      -0.93847008397783771     
   341.96000000002732       -4.0759116766625381      -0.94816375194205016     
   342.00000000002734       -4.1142663060227083      -0.95886573400424957     
   342.04000000002736       -4.1530883583584810      -0.97055130839431925     
   342.08000000002738       -4.1924161040584558      -0.98319364249937435     
   342.12000000002740       -4.2322866449735992      -0.99676352287858960     
   342.16000000002742       -4.2727358082027855       -1.0112290807296580     
   342.20000000002744       -4.3137980288096207       -1.0265555151708767     
   342.24000000002746       -4.3555062214947817       -1.0427048171290239     
   342.28000000002748       -4.3978916413783722       -1.0596354970897655     
   342.32000000002751       -4.4409837341971032       -1.0773023204682695     
   342.36000000002753       -4.4848099763924818       -1.0956560548844554     
   342.40000000002755       -4.5293957057592182       -1.1146432341684027     
   342.44000000002757       -4.5747639435377048       -1.1342059444621648     
   342.48000000002759       -4.6209352090699563       -1.1542816383062851     
   342.52000000002761       -4.6679273283931861       -1.1748029830807363     
   342.56000000002763       -4.7157552384165893       -1.1956977505850825     
   342.60000000002765       -4.7644307886110768       -1.2168887548621965     
   342.64000000002767       -4.8139625424335426       -1.2382938455616499     
   342.68000000002769       -4.8643555810002832       -1.2598259641685121     
   342.72000000002771       -4.9156113118104949       -1.2813932702552990     
   342.76000000002773       -4.9677272855910690       -1.3028993445143482     
   342.80000000002775       -5.0206970245775748       -1.3242434746626350     
   342.84000000002777       -5.0745098657517165       -1.3453210293535374     
   342.88000000002779       -5.1291508227101348       -1.3660239239604670     
   342.92000000002781       -5.1846004699303805       -1.3862411805061452     
   342.96000000002783       -5.2408348532144764       -1.4058595821023947     
   343.00000000002785       -5.2978254300168111       -1.4247644200583691     
   343.04000000002787       -5.3555390431907268       -1.4428403293479013     
   343.08000000002789       -5.4139379314089808       -1.4599722054563398     
   343.12000000002791       -5.4729797791222161       -1.4760461928308859     
   343.16000000002794       -5.5326178084154902       -1.4909507323318496     
   343.20000000002796       -5.5928009145089872       -1.5045776523374212     
   343.24000000002798       -5.6534738459336138       -1.5168232856156691     
   343.28000000002800       -5.7145774296086094       -1.5275895918748859     
   343.32000000002802       -5.7760488401752763       -1.5367852641666733     
   343.36000000002804       -5.8378219120219068       -1.5443267961657641     
   343.40000000002806       -5.8998274914974811       -1.5501394868893474     
   343.44000000002808       -5.9619938258864131       -1.5541583597232900     
   343.48000000002810       -6.0242469848358668       -1.5563289737363375     
   343.52000000002812       -6.0865113091234715       -1.5566081071901097     
   343.56000000002814       -6.1487098809576279       -1.5549642958539207     
   343.60000000002816       -6.2107650094427420       -1.5513782121278528     
   343.64000000002818       -6.2725987244404893       -1.5458428749436863     
   343.68000000002820       -5.0947964652737099E-002  -1.5383636847958444     
   343.72000000002822      -0.11210629596764465       -1.5289582828726889     
   343.76000000002824      -0.17281254548432881       -1.5176562379171041     
   343.80000000002826      -0.23299248824219332       -1.5044985689466126     
   343.84000000002828      -0.29257397288697296       -1.4895371161194901     
   343.88000000002830      -0.35148732391408977       -1.4728337756779208     
   343.92000000002832      -0.40966570862994678       -1.4544596178964260     
   343.96000000002834      -0.46704546499858590       -1.4344939092159779     
   344.00000000002836      -0.52356638744641393       -1.4130230611957015     
   344.04000000002839      -0.57917196862849862       -1.3901395295521175     
   344.08000000002841      -0.63380959608484133       -1.3659406864085668     
   344.12000000002843      -0.68743070360518976       -1.3405276880087100     
   344.16000000002845      -0.73999087795122420       -1.3140043586508603     
   344.20000000002847      -0.79144992233476463       -1.2864761095885100     
   344.24000000002849      -0.84177187870449133       -1.2580489092431681     
   344.28000000002851      -0.89092501144125102       -1.2288283184189916     
   344.32000000002853      -0.93888175549811237       -1.1989186014215334     
   344.36000000002855      -0.98561863234539804       -1.1684219211821418     
   344.40000000002857       -1.0311161372964905       -1.1374376237773138     
   344.44000000002859       -1.0753586019042083       -1.1060616151929448     
   344.48000000002861       -1.1183340351394788       -1.0743858308817660     
   344.52000000002863       -1.1600339470052192       -1.0424977966435103     
   344.56000000002865       -1.2004531581111437       -1.0104802776481121     
   344.60000000002867       -1.2395895985524403      -0.97841101103241501     
   344.64000000002869       -1.2774440992094809      -0.94636251642601277     
   344.68000000002871       -1.3140201783289296      -0.91440197798621647     
   344.72000000002873       -1.3493238259697800      -0.88259119102125860     
   344.76000000002875       -1.3833632886107565      -0.85098656602441503     
   344.80000000002877       -1.4161488559265996      -0.81963918289607574     
   344.84000000002879       -1.4476926514570378      -0.78859488826095803     
   344.88000000002882       -1.4780084286194020      -0.75789442905910431     
   344.92000000002884       -1.5071113732581765      -0.72757361596936365     
   344.96000000002886       -1.5350179136854851      -0.69766351068271837     
   345.00000000002888       -1.5617455389476229      -0.66819063155344560     
   345.04000000002890       -1.5873126258554524      -0.63917717269573837     
   345.08000000002892       -1.6117382751411642      -0.61064123214279686     
   345.12000000002894       -1.6350421569503208      -0.58259704522891842     
   345.16000000002896       -1.6572443657455433      -0.55505521988056383     
   345.20000000002898       -1.6783652845855681      -0.52802297100061701     
   345.24000000002900       -1.6984254586493528      -0.50150435159461781     
   345.28000000002902       -1.7174454777979347      -0.47550047871454859     
   345.32000000002904       -1.7354458679052371      -0.45000975268256271     
   345.36000000002906       -1.7524469906413658      -0.42502806840321700     
   345.40000000002908       -1.7684689513565219      -0.40054901787890196     
   345.44000000002910       -1.7835315146889521      -0.37656408331075175     
   345.48000000002912       -1.7976540275048927      -0.35306282039851389     
   345.52000000002914       -1.8108553487709051      -0.33003303165030989     
   345.56000000002916       -1.8231537859580969      -0.30746092967979038     
   345.60000000002918       -1.8345670375823724      -0.28533129060688772     
   345.64000000002920       -1.8451121414940617      -0.26362759779223144     
   345.68000000002922       -1.8548054285431519      -0.24233217622725506     
   345.72000000002924       -1.8636624812621474      -0.22142631797488932     
   345.76000000002927       -1.8716980972266337      -0.20089039911215875     
   345.80000000002929       -1.8789262567733693      -0.18070398866839238     
   345.84000000002931       -1.8853600947767026      -0.16084595008333086     
   345.88000000002933       -1.8910118762059092      -0.14129453573016135     
   345.92000000002935       -1.8958929752083569      -0.12202747506119502     
   345.96000000002937       -1.9000138574859597      -0.10302205694006930     
   346.00000000002939       -1.9033840657549745       -8.4255206725368612E-002
   346.04000000002941       -1.9060122081016773       -6.5703558667570522E-002
   346.08000000002943       -1.9079059490686860       -4.7343524175221890E-002
   346.12000000002945       -1.9090720033286088       -2.9151356498071268E-002
   346.16000000002947       -1.9095161318232170       -1.1103212365206106E-002
   346.20000000002949       -1.9092431402674417        6.8247888943836210E-003
   346.24000000002951       -1.9082568799381405        2.4656508232530794E-002
   346.28000000002953       -1.9065602506877826        4.2415731258948985E-002
   346.32000000002955       -1.9041552061429441        6.0126113620961014E-002
   346.36000000002957       -1.9010427610668097        7.7811126903359507E-002
   346.40000000002959       -1.8972230008837390        9.5494004576766128E-002
   346.44000000002961       -1.8926950933823961       0.11319768753357312     
   346.48000000002963       -1.8874573026319488       0.13094476876118266     
   346.52000000002965       -1.8815070051634293       0.14875743671298858     
   346.56000000002967       -1.8748407084854846       0.16665741694862038     
   346.60000000002970       -1.8674540720204160       0.18466591162671539     
   346.64000000002972       -1.8593419305625640       0.20280353644630053     
   346.68000000002974       -1.8504983203766754       0.22109025464721757     
   346.72000000002976       -1.8409165080688168       0.23954530769646665     
   346.76000000002978       -1.8305890223765569       0.25818714230649736     
   346.80000000002980       -1.8195076890383950       0.27703333345404657     
   346.84000000002982       -1.8076636689145991       0.29610050309489766     
   346.88000000002984       -1.7950474995425276       0.31540423430178416     
   346.92000000002986       -1.7816491403189070       0.33495898059051749     
   346.96000000002988       -1.7674580215091344       0.35477797024431179     
   347.00000000002990       -1.7524630972891628       0.37487310549928821     
   347.04000000002992       -1.7366529030285069       0.39525485651639702     
   347.08000000002994       -1.7200156170229997       0.41593215013768159     
   347.12000000002996       -1.7025391268826353       0.43691225350910906     
   347.16000000002998       -1.6842111007726646       0.45820065274926852     
   347.20000000003000       -1.6650190636944959       0.47980092695421744     
   347.24000000003002       -1.6449504789763101       0.50171461795464767     
   347.28000000003004       -1.6239928351209829       0.52394109638318132     
   347.32000000003006       -1.6021337381302778       0.54647742476762795     
   347.36000000003008       -1.5793610093886485       0.56931821854073206     
   347.40000000003010       -1.5556627891467205       0.59245550604820107     
   347.44000000003012       -1.5310276455929595       0.61587858884402447     
   347.48000000003015       -1.5054446894415983       0.63957390378402768     
   347.52000000003017       -1.4789036938950686       0.66352488866323978     
   347.56000000003019       -1.4513952197595825       0.68771185338714913     
   347.60000000003021       -1.4229107454028869       0.71211185891739381     
   347.64000000003023       -1.3934428011435309       0.73669860648389884     
   347.68000000003025       -1.3629851075514607       0.76144233980175458     
   347.72000000003027       -1.3315327170208708       0.78630976326474766     
   347.76000000003029       -1.2990821578488865       0.81126397929961136     
   347.80000000003031       -1.2656315799190583       0.83626444824570245     
   347.84000000003033       -1.2311809009485517       0.86126697426266319     
   347.88000000003035       -1.1957319521144965       0.88622372085138335     
   347.92000000003037       -1.1592886217309668       0.91108325958824143     
   347.96000000003039       -1.1218569955067361       0.93579065560576657     
   348.00000000003041       -1.0834454917790854       0.96028759319126455     
   348.04000000003043       -1.0440649899948407       0.98451254460612203     
   348.08000000003045       -1.0037289506011835        1.0084009848414315     
   348.12000000003047      -0.96245352442072096        1.0318856545115640     
   348.16000000003049      -0.92025764952308453        1.0548968724409098     
   348.20000000003051      -0.87716313357433051        1.0773628987188504     
   348.24000000003053      -0.83319471965081859        1.0992103480877982     
   348.28000000003055      -0.78838013355088354        1.1203646524983748     
   348.32000000003057      -0.74275011072966446        1.1407505705304761     
   348.36000000003060      -0.69633840112318823        1.1602927401619048     
   348.40000000003062      -0.64918175031929914        1.1789162700972280     
   348.44000000003064      -0.60131985577590463        1.1965473635848631     
   348.48000000003066      -0.55279529708021613        1.2131139673922124     
   348.52000000003068      -0.50365343958327002        1.2285464374236519     
   348.56000000003070      -0.45394231112712036        1.2427782114037418     
   348.60000000003072      -0.40371245200079309        1.2557464781581813     
   348.64000000003074      -0.35301673870655637        1.2673928323559174     
   348.68000000003076      -0.30191018257972130        1.2776639031708763     
   348.72000000003078      -0.25044970477104084        1.2865119452170111     
   348.76000000003080      -0.19869388955777159        1.2938953803317310     
   348.80000000003082      -0.14670271838401472        1.2997792793439218     
   348.84000000003084       -9.4537287429484890E-002   1.3041357738632458     
   348.88000000003086       -4.2259511855409292E-002   1.3069443893518899     
   348.92000000003088        1.0068179834907889E-002   1.3081922922579294     
   348.96000000003090        6.2383157665159859E-002   1.3078744457562992     
   349.00000000003092       0.11462290448923804        1.3059936706019541     
   349.04000000003094       0.16672532887656619        1.3025606096832036     
   349.08000000003096       0.21862907275648721        1.2975935969980259     
   349.12000000003098       0.27027381011194007        1.2911184338863217     
   349.16000000003100       0.32160053320640791        1.2831680773616967     
   349.20000000003103       0.37255182309551760        1.2737822472277427     
   349.24000000003105       0.42307210150651509        1.2630069602749368     
   349.28000000003107       0.47310786155394263        1.2508940011856888     
   349.32000000003109       0.52260787518558161        1.2375003407909746     
   349.36000000003111       0.57152337570564171        1.2228875130015040     
   349.40000000003113       0.61980821418859233        1.2071209620737646     
   349.44000000003115       0.66741898906360231        1.1902693718752491     
   349.48000000003117       0.71431514860382550        1.1724039885055801     
   349.52000000003119       0.76045906648557837        1.1535979470438207     
   349.56000000003121       0.80581609098030660        1.1339256123682053     
   349.60000000003123       0.85035456869949810        1.1134619429797885     
   349.64000000003125       0.89404584412373322        1.0922818856058771     
   349.68000000003127       0.93686423640824135        1.0704598071127041     
   349.72000000003129       0.97878699516694956        1.0480689689677052     
   349.76000000003131        1.0197942370951134        1.0251810482040979     
   349.80000000003133        1.0598688653988309        1.0018657075929385     
   349.84000000003135        1.0989964740609435       0.97819021655281446     
   349.88000000003137        1.1371652389909550       0.95421912325029090     
   349.92000000003139        1.1743657980863016       0.93001397738366598     
   349.96000000003141        1.2105911221787176       0.90563310231039829     
   350.00000000003143        1.2458363787579358       0.88113141448045551     
   350.04000000003145        1.2800987902609027       0.85656028757416902     
   350.08000000003148        1.3133774885932974       0.83196745830986940     
   350.12000000003150        1.3456733674163341       0.80739697057592053     
   350.16000000003152        1.3769889335900711       0.78288915434342377     
   350.20000000003154        1.4073281590187796       0.75848063571771229     
   350.24000000003156        1.4366963339978052       0.73420437447564113     
   350.28000000003158        1.4650999230177282       0.71008972549807770     
   350.32000000003160        1.4925464238429131       0.68616252062962235     
   350.36000000003162        1.5190442305496221       0.66244516766772232     
   350.40000000003164        1.5446025010851911       0.63895676338922747     
   350.44000000003166        1.5692310297953300       0.61571321775347054     
   350.48000000003168        1.5929401252620419       0.59272738666779423     
   350.52000000003170        1.6157404937002842       0.57000921095605650     
   350.56000000003172        1.6376431280773378       0.54756585942633851     
   350.60000000003174        1.6586592030447527       0.52540187418537254     
   350.64000000003176        1.6787999757083449       0.50351931658980753     
   350.68000000003178        1.6980766922065487       0.48191791245509225     
   350.72000000003180        1.7165005000209150       0.46059519535915772     
   350.76000000003182        1.7340823659040630       0.43954664707870034     
   350.80000000003184        1.7508329992792577       0.41876583437987019     
   350.84000000003186        1.7667627809413486       0.39824454155227479     
   350.88000000003188        1.7818816968703717       0.37797289822557734     
   350.92000000003191        1.7961992769560569       0.35793950214213022     
   350.96000000003193        1.8097245384231697       0.33813153667781876     
   351.00000000003195        1.8224659337434723       0.31853488300756316     
   351.04000000003197        1.8344313028195862       0.29913422690284969     
   351.08000000003199        1.8456278292286821       0.27991316022739499     
   351.12000000003201        1.8560620003192740       0.26085427726479848     
   351.16000000003203        1.8657395709620741       0.24193926607000316     
   351.20000000003205        1.8746655307655036       0.22314899508573652     
   351.24000000003207        1.8828440745777819       0.20446359530695868     
   351.28000000003209        1.8902785761102523       0.18586253831176175     
   351.32000000003211        1.8969715645305374       0.16732471050712905     
   351.36000000003213        1.9029247038890726       0.14882848396337864     
   351.40000000003215        1.9081387752583849       0.13035178423280591     
   351.44000000003217        1.9126136614810547       0.11187215556674338     
   351.48000000003219        1.9163483344395198        9.3366823961628959E-002
   351.52000000003221        1.9193408447786913        7.4812758479285493E-002
   351.56000000003223        1.9215883140306893        5.6186731299951997E-002
   351.60000000003225        1.9230869291098527        3.7465376979084794E-002
   351.64000000003227        1.9238319391654879        1.8625251390880903E-002
   351.68000000003229        1.9238176547996124       -3.5710914688495687E-004
   351.72000000003231        1.9230374496771880       -1.9505128060607710E-002
   351.76000000003233        1.9214837645770428       -3.8842127503631751E-002
   351.80000000003236        1.9191481139528377       -5.8391265605130797E-002
   351.84000000003238        1.9160210950950400       -7.8175471444942218E-002
   351.88000000003240        1.9120924000069048       -9.8217377203382444E-002
   351.92000000003242        1.9073508301299074      -0.11853924692493650     
   351.96000000003244        1.9017843140768793      -0.13916290132570064     
   352.00000000003246        1.8953799285541939      -0.16010963806713685     
   352.04000000003248        1.8881239226776430      -0.18140014691377238     
   352.08000000003250        1.8800017459100111      -0.20305441919079559     
   352.12000000003252        1.8709980798716068      -0.22509165096010983     
   352.16000000003254        1.8610968742979459      -0.24753013934152052     
   352.20000000003256        1.8502813874411157      -0.27038717142075347     
   352.24000000003258        1.8385342312327322      -0.29367890520958645     
   352.28000000003260        1.8258374215464375      -0.31742024215736836     
   352.32000000003262        1.8121724339160503      -0.34162469075967966     
   352.36000000003264        1.7975202650812026      -0.36630422087119596     
   352.40000000003266        1.7818615007448628      -0.39146910840849147     
   352.44000000003268        1.7651763899357704      -0.41712777022730846     
   352.48000000003270        1.7474449263725433      -0.44328658908067770     
   352.52000000003272        1.7286469372240532      -0.46994972871225704     
   352.56000000003274        1.7087621796513941      -0.49711893931647416     
   352.60000000003276        1.6877704454991291      -0.52479335380662562     
   352.64000000003279        1.6656516744760526      -0.55296927557691367     
   352.68000000003281        1.6423860761269689      -0.58163995872709406     
   352.72000000003283        1.6179542608453259      -0.61079538204107453     
   352.76000000003285        1.5923373801103349      -0.64042201837477686     
   352.80000000003287        1.5655172760497691      -0.67050260151414431     
   352.84000000003289        1.5374766403293563      -0.70101589301031919     
   352.88000000003291        1.5081991822500382      -0.73193645198295276     
   352.92000000003293        1.4776698057940594      -0.76323441139947246     
   352.96000000003295        1.4458747951988371      -0.79487526488055815     
   353.00000000003297        1.4128020084532456      -0.82681966863978718     
   353.04000000003299        1.3784410779042535      -0.85902326372480087     
   353.08000000003301        1.3427836169334020      -0.89143652427128750     
   353.12000000003303        1.3058234314138593      -0.92400463798856669     
   353.16000000003305        1.2675567343921896      -0.95666742554174300     
   353.20000000003307        1.2279823621581205      -0.98935930585173004     
   353.24000000003309        1.1871019895753587       -1.0220093145690456     
   353.28000000003311        1.1449203422531309       -1.0545411830556957     
   353.32000000003313        1.1014454028492984       -1.0868734850958155     
   353.36000000003315        1.0566886085207314       -1.1189198582141728     
   353.40000000003317        1.0106650362856016       -1.1505893058782468     
   353.44000000003319       0.96339357284700633       -1.1817865859648811     
   353.48000000003321       0.91489706526045178       -1.2124126896638636     
   353.52000000003324       0.86520244872223040       -1.2423654134555335     
   353.56000000003326       0.81434084772471615       -1.2715400249378568     
   353.60000000003328       0.76234764688046752       -1.2998300211062159     
   353.64000000003330       0.70926252787085375       -1.3271279752403446     
   353.68000000003332       0.65512946923560711       -1.3533264658811657     
   353.72000000003334       0.59999670609321132       -1.3783190785598940     
   353.76000000003336       0.54391664737054923       -1.4020014680665518     
   353.80000000003338       0.48694574872148877       -1.4242724662265114     
   353.84000000003340       0.42914434002081020       -1.4450352175169638     
   353.88000000003342       0.37057640711947104       -1.4641983225334785     
   353.92000000003344       0.31130932842169945       -1.4816769674442893     
   353.96000000003346       0.25141356777076196       -1.4973940162734376     
   354.00000000003348       0.19096232608099969       -1.5112810422440563     
   354.04000000003350       0.13003115509797991       -1.5232792745754944     
   354.08000000003352        6.8697537573376447E-002  -1.5333404381150866     
   354.12000000003354        7.0404389729699299E-003  -1.5414274650101629     
   354.16000000003356       -5.4860163437343505E-002  -1.5475150602578358     
   354.20000000003358      -0.11692376769070764       -1.5515901063341035     
   354.24000000003360      -0.17906984353400346       -1.5536518960823953     
   354.28000000003362      -0.24121833103322671       -1.5537121874805815     
   354.32000000003364      -0.30329013417810990       -1.5517950786220800     
   354.36000000003366      -0.36520760241974742       -1.5479367060409379     
   354.40000000003369      -0.42689499338685316       -1.5421847741776440     
   354.44000000003371      -0.48827891051183764       -1.5345979281246114     
   354.48000000003373      -0.54928870993705503       -1.5252449856304344     
   354.52000000003375      -0.60985687183838599       -1.5142040475332732     
   354.56000000003377      -0.66991933216748722       -1.5015615082275320     
   354.60000000003379      -0.72941577174264927       -1.4874109893790506     
   354.64000000003381      -0.78828986057752259       -1.4718522208718334     
   354.68000000003383      -0.84648945629417793       -1.4549898929163845     
   354.72000000003385      -0.90396675639165691       -1.4369325024369741     
   354.76000000003387      -0.96067840500666768       -1.4177912153752683     
   354.80000000003389       -1.0165855555873333       -1.3976787645166429     
   354.84000000003391       -1.0716538915870732       -1.3767083999934986     
   354.88000000003393       -1.1258536078623858       -1.3549929068828126     
   354.92000000003395       -1.1791593559194322       -1.3326437014261596     
   354.96000000003397       -1.2315501564987605       -1.3097700144832081     
   355.00000000003399       -1.2830092832184870       -1.2864781679931576     
   355.04000000003401       -1.3335241211206190       -1.2628709475533033     
   355.08000000003403       -1.3830860039926280       -1.2390470718002240     
   355.12000000003405       -1.4316900342784975       -1.2151007571467385     
   355.16000000003407       -1.4793348892631697       -1.1911213746168028     
   355.20000000003409       -1.5260226170248952       -1.1671931940431359     
   355.24000000003412       -1.5717584254147161       -1.1433952097455218     
   355.28000000003414       -1.6165504670537560       -1.1198010409759971     
   355.32000000003416       -1.6604096230487826       -1.0964788998756652     
   355.36000000003418       -1.7033492878249987       -1.0734916194054036     
   355.40000000003420       -1.7453851571711634       -1.0508967336541142     
   355.44000000003422       -1.7865350212934312       -1.0287466030566947     
   355.48000000003424       -1.8268185643867609       -1.0070885773332450     
   355.52000000003426       -1.8662571719610210      -0.98596518935649968     
   355.56000000003428       -1.9048737469063937      -0.96541437363431304     
   355.60000000003430       -1.9426925350515865      -0.94546970362982119     
   355.64000000003432       -1.9797389607599540      -0.92616064270918697     
   355.68000000003434       -2.0160394729233531      -0.90751280408497503     
   355.72000000003436       -2.0516214015511722      -0.88954821569547948     
   355.76000000003438       -2.0865128250117158      -0.87228558651359034     
   355.80000000003440       -2.1207424478638419      -0.85574057130315662     
   355.84000000003442       -2.1543394891170138      -0.83992603132930010     
   355.88000000003444       -2.1873335806761025      -0.82485228897722362     
   355.92000000003446       -2.2197546756616733      -0.81052737463927493     
   355.96000000003448       -2.2516329662453365      -0.79695726459157479     
   356.00000000003450       -2.2829988106013328      -0.78414610889990277     
   356.04000000003452       -2.3138826685481830      -0.77209644867125837     
   356.08000000003454       -2.3443150454363746      -0.76080942220479320     
   356.12000000003457       -2.3743264438282279      -0.75028495979633181     
   356.16000000003459       -2.4039473225129258      -0.74052196711745166     
   356.20000000003461       -2.4332080624019730      -0.73151849722618001     
   356.24000000003463       -2.4621389388569694      -0.72327191137491376     
   356.28000000003465       -2.4907701000115781      -0.71577902886521583     
   356.32000000003467       -2.5191315506620411      -0.70903626626157179     
   356.36000000003469       -2.5472531413148292      -0.70303976631970289     
   356.40000000003471       -2.5751645619953125      -0.69778551701208869     
   356.44000000003473       -2.6028953404371600      -0.69326946104618714     
   356.48000000003475       -2.6304748442880168      -0.68948759627142087     
   356.52000000003477       -2.6579322869824602      -0.68643606736108276     
   356.56000000003479       -2.6852967369479157      -0.68411124913638977     
   356.60000000003481       -2.7125971298228464      -0.68250982187326703     
   356.64000000003483       -2.7398622833788129      -0.68162883889916137     
   356.68000000003485       -2.7671209148487388      -0.68146578674814329     
   356.72000000003487       -2.7944016603726780      -0.68201863809847707     
   356.76000000003489       -2.8217330962794103      -0.68328589766830339     
   356.80000000003491       -2.8491437619271105      -0.68526664119250724     
   356.84000000003493       -2.8766621838290130      -0.68796054754756375     
   356.88000000003495       -2.9043169007902692      -0.69136792403140956     
   356.92000000003497       -2.9321364897799618      -0.69548972474231341     
   356.96000000003500       -2.9601495922573386      -0.70032756193442558     
   357.00000000003502       -2.9883849406636687      -0.70588371015824924     
   357.04000000003504       -3.0168713847805377      -0.71216110292172952     
   357.08000000003506       -3.0456379176418205      -0.71916332153207230     
   357.12000000003508       -3.0747137006698160      -0.72689457569989191     
   357.16000000003510       -3.1041280876860555      -0.73535967540598790     
   357.20000000003512       -3.1339106474239444      -0.74456399344722779     
   357.24000000003514       -3.1640911841436274      -0.75451341799207006     
   357.28000000003516       -3.1946997559191765      -0.76521429438872735     
   357.32000000003518       -3.2257666901344022      -0.77667335538063698     
   357.36000000003520       -3.2573225956862348      -0.78889763879582131     
   357.40000000003522       -3.2893983713538444      -0.80189439169024035     
   357.44000000003524       -3.3220252097475296      -0.81567095984213034     
   357.48000000003526       -3.3552345962042032      -0.83023466141683611     
   357.52000000003528       -3.3890583019463039      -0.84559264355252151     
   357.56000000003530       -3.4235283707686963      -0.86175172055980909     
   357.60000000003532       -3.4586770984641757      -0.87871819238698146     
   357.64000000003534       -3.4945370041434471      -0.89649764198178350     
   357.68000000003536       -3.5311407925509242      -0.91509471018693034     
   357.72000000003538       -3.5685213064247621      -0.93451284684595270     
   357.76000000003540       -3.6067114678998342      -0.95475403687680849     
   357.80000000003542       -3.6457442079078999      -0.97581850020164695     
   357.84000000003545       -3.6856523824923881      -0.99770436461221113     
   357.88000000003547       -3.7264686749288889       -1.0204073109125154     
   357.92000000003549       -3.7682254825299082       -1.0439201900254831     
   357.96000000003551       -3.8109547870175335       -1.0682326121906294     
   358.00000000003553       -3.8546880073746674       -1.0933305089283436     
   358.04000000003555       -3.8994558341392827       -1.1191956691153830     
   358.08000000003557       -3.9452880441919813       -1.1458052513174710     
   358.12000000003559       -3.9922132952107088       -1.1731312754681891     
   358.16000000003561       -4.0402588991337334       -1.2011400980756237     
   358.20000000003563       -4.0894505741890201       -1.2297918763821634     
   358.24000000003565       -4.1398121753208299       -1.2590400282952487     
   358.28000000003567       -4.1913654031783087       -1.2888306964369680     
   358.32000000003569       -4.2441294922306163       -1.3191022263076915     
   358.36000000003571       -4.2981208790422665       -1.3497846702912548     
   358.40000000003573       -4.3533528522822911       -1.3807993310006186     
   358.44000000003575       -4.4098351866507715       -1.4120583592120157     
   358.48000000003577       -4.4675737635821324       -1.4434644232840204     
   358.52000000003579       -4.5265701823185349       -1.4749104684100700     
   358.56000000003581       -4.5868213657263857       -1.5062795851962651     
   358.60000000003583       -4.6483191660369245       -1.5374450077634767     
   358.64000000003585       -4.7110499765051577       -1.5682702617058262     
   358.68000000003588       -4.7749943557713017       -1.5986094816536101     
   358.72000000003590       -4.8401266724412384       -1.6283079167484114     
   358.76000000003592       -4.9064147780379042       -1.6572026399166417     
   358.80000000003594       -4.9738197169710032       -1.6851234733274798     
   358.84000000003596       -5.0422954824824462       -1.7118941377860752     
   358.88000000003598       -5.1117888276041850       -1.7373336280434790     
   358.92000000003600       -5.1822391399710668       -1.7612578091720448     
   358.96000000003602       -5.2535783888275471       -1.7834812214119984     
   359.00000000003604       -5.3257311517268855       -1.8038190724834502     
   359.04000000003606       -5.3986147272312772       -1.8220893876098017     
   359.08000000003608       -5.4721393383843386       -1.8381152788265251     
   359.12000000003610       -5.5462084298656151       -1.8517272870319210     
   359.16000000003612       -5.6207190595932301       -1.8627657431903708     
   359.20000000003614       -5.6955623831789826       -1.8710830896438186     
   359.24000000003616       -5.7706242271432098       -1.8765460991056888     
   359.28000000003618       -5.8457857442633143       -1.8790379280026237     
   359.32000000003620       -5.9209241419700129       -1.8784599426674748     
   359.36000000003622       -5.9959134724334033       -1.8747332615847507     
   359.40000000003624       -6.0706254710083734       -1.8677999643742482     
   359.44000000003626       -6.1449304281364610       -1.8576239282021858     
   359.48000000003628       -6.2186980787116104       -1.8441912643787335     
   359.52000000003630       -8.6131851890476341E-003  -1.8275103414255762     
   359.56000000003633       -8.0917640995149781E-002  -1.8076113951525536     
   359.60000000003635      -0.15229947061461460       -1.7845457404866205     
   359.64000000003637      -0.22263485514151729       -1.7583846131725671     
   359.68000000003639      -0.29180356239364891       -1.7292176813032909     
   359.72000000003641      -0.35968961344763156       -1.6971512763495660     
   359.76000000003643      -0.42618186946842807       -1.6623064005199126     
   359.80000000003645      -0.49117453233453162       -1.6248165716525889     
   359.84000000003647      -0.55456755506973021       -1.5848255683799637     
   359.88000000003649      -0.61626696055567753       -1.5424851371486836     
   359.92000000003651      -0.67618506932050260       -1.4979527191206274     
   359.96000000003653      -0.73424063929775063       -1.4513892494312004     
   360.00000000003655      -0.79035892226692794       -1.4029570742294331     
   360.04000000003657      -0.84447164318236323       -1.3528180228858833     
   360.08000000003659      -0.89651690975185505       -1.3011316642372943     
   360.12000000003661      -0.94643906044009862       -1.2480537672060898     
   360.16000000003663      -0.99418845955950153       -1.1937349779850721     
   360.20000000003665       -1.0397212483005882       -1.1383197185271670     
   360.24000000003667       -1.0829990604826538       -1.0819453045516407     
   360.28000000003669       -1.1239887115150313       -1.0247412758094350     
   360.32000000003671       -1.1626618685949928      -0.96682892699903578     
   360.36000000003673       -1.1989947095742262      -0.90832102448083551     
   360.40000000003675       -1.2329675772437800      -0.84932169173884797     
   360.44000000003678       -1.2645646350550450      -0.78992644528162359     
   360.48000000003680       -1.2937735295443269      -0.73022236223204640     
   360.52000000003682       -1.3205850639878705      -0.67028836108859147     
   360.56000000003684       -1.3449928871041279      -0.61019557790643730     
   360.60000000003686       -1.3669931999564853      -0.55000782130893622     
   360.64000000003688       -1.3865844836033980      -0.48978209117281646     
   360.68000000003690       -1.4037672495003248      -0.42956914742316937     
   360.72000000003692       -1.4185438141816094      -0.36941411703211158     
   360.76000000003694       -1.4309180993400099      -0.30935712896001133     
   360.80000000003696       -1.4408954580739410      -0.24943396834827869     
   360.84000000003698       -1.4484825277827600      -0.18967674272047347     
   360.88000000003700       -1.4536871099523294      -0.13011455423923457     
   360.92000000003702       -1.4565180768793893       -7.0774173176498728E-002
   360.96000000003704       -1.4569853052261434       -1.1680708668855358E-002
   361.00000000003706       -1.4550996361677873        4.7141726458902009E-002
   361.04000000003708       -1.4508728617872757       0.10566935951278902     
   361.08000000003710       -1.4443177372753471       0.16387811279821665     
   361.12000000003712       -1.4354480184018428       0.22174297183760808     
   361.16000000003714       -1.4242785236292053       0.27923736931593512     
   361.20000000003716       -1.4108252201337050       0.33633258738750627     
   361.24000000003718       -1.3951053328780230       0.39299718139204942     
   361.28000000003721       -1.3771374757346084       0.44919642858536235     
   361.32000000003723       -1.3569418034878753       0.50489180616832607     
   361.36000000003725       -1.3345401833409720       0.56004050367257951     
   361.40000000003727       -1.3099563843169080       0.61459497560159881     
   361.44000000003729       -1.2832162826730316       0.66850254109691021     
   361.48000000003731       -1.2543480811426582       0.72170503825933741     
   361.52000000003733       -1.2233825394803775       0.77413854155701867     
   361.56000000003735       -1.1903532134227077       0.82573315144174353     
   361.60000000003737       -1.1552966987901623       0.87641286581363564     
   361.64000000003739       -1.1182528770598577       0.92609554325761845     
   361.68000000003741       -1.0792651583415709       0.97469296795717153     
   361.72000000003743       -1.0383807173093509        1.0221110258054997     
   361.76000000003745      -0.99565071729258736        1.0682500004190891     
   361.80000000003747      -0.95113051743420352        1.1130049964595947     
   361.84000000003749      -0.90487985760035261        1.1562664958462727     
   361.88000000003751      -0.85696301559751820        1.1979210500708612     
   361.92000000003753      -0.80744893124101202        1.2378521089126551     
   361.96000000003755      -0.75641129194396606        1.2759409824261498     
   362.00000000003757      -0.70392857477580528        1.3120679292040185     
   362.04000000003759      -0.65008404038747247        1.3461133597083195     
   362.08000000003761      -0.59496567482530427        1.3779591390542054     
   362.12000000003763      -0.53866607605731975        1.4074899691996121     
   362.16000000003766      -0.48128228300742065        1.4345948262474777     
   362.20000000003768      -0.42291554601821157        1.4591684247302266     
   362.24000000003770      -0.36367103891606700        1.4811126775536139     
   362.28000000003772      -0.30365751419785386        1.5003381179553290     
   362.32000000003774      -0.24298690425443481        1.5167652485854763     
   362.36000000003776      -0.18177387294234315        1.5303257828022911     
   362.40000000003778      -0.12013532315830767        1.5409637446008868     
   362.44000000003780       -5.8189867306758077E-002   1.5486363962887399     
   362.48000000003782        3.9427313749833270E-003   1.5533149670435351     
   362.52000000003784        6.6142137803390316E-002   1.5549851607101746     
   362.56000000003786       0.12828803489979984        1.5536474274102379     
   362.60000000003788       0.19026071451894616        1.5493169904786581     
   362.64000000003790       0.25194165962250292        1.5420236275889183     
   362.68000000003792       0.31321410811576389        1.5318112123315237     
   362.72000000003794       0.37396358930050755        1.5187370296185916     
   362.76000000003796       0.43407842469123681        1.5028708847682315     
   362.80000000003798       0.49345018595871204        1.4842940316868807     
   362.84000000003800       0.55197410395824587        1.4630979499883445     
   362.88000000003802       0.60954942411871504        1.4393830040117299     
   362.92000000003804       0.66607970485688428        1.4132570184542319     
   362.96000000003806       0.72147305708595577        1.3848338057267862     
   363.00000000003809       0.77564232425606627        1.3542316792527620     
   363.04000000003811       0.82850520365231428        1.3215719849061993     
   363.08000000003813       0.87998431084502660        1.2869776798178090     
   363.12000000003815       0.93000719020844069        1.2505719840853518     
   363.16000000003817       0.97850627527821110        1.2124771267442600     
   363.20000000003819        1.0254188033948382        1.1728132029156784     
   363.24000000003821        1.0706866895775284        1.1316971545672572     
   363.28000000003823        1.1142563648969281        1.0892418829849944     
   363.32000000003825        1.1560785847775903        1.0455554970165528     
   363.36000000003827        1.1961082126785927        1.0007406975250606     
   363.40000000003829        1.2343039844932771       0.95489429536710735     
   363.44000000003831        1.2706282587982283       0.90810685762378163     
   363.48000000003833        1.3050467577895033       0.86046247478187787     
   363.52000000003835        1.3375283033923089       0.81203864007013971     
   363.56000000003837        1.3680445526390350       0.76290623116815559     
   363.60000000003839        1.3965697359979894       0.71312958397385795     
   363.64000000003841        1.4230804019172030       0.66276664798034002     
   363.68000000003843        1.4475551704375982       0.61186921300988140     
   363.72000000003845        1.4699744983383030       0.56048319751762143     
   363.76000000003847        1.4903204579121527       0.50864898934624381     
   363.80000000003849        1.5085765311372576       0.45640183062762069     
   363.84000000003851        1.5247274207146420       0.40377223943460983     
   363.88000000003854        1.5387588791842222       0.35078646173950728     
   363.92000000003856        1.5506575571120267       0.29746694819511094     
   363.96000000003858        1.5604108711594853       0.24383285118646605     
   364.00000000003860        1.5680068926986255       0.18990053847850683     
   364.04000000003862        1.5734342575220077       0.13568412058455429     
   364.08000000003864        1.5766820971094040        8.1195989684909153E-002
   364.12000000003866        1.5777399918501629        2.6447368518971615E-002
   364.16000000003868        1.5765979465760247       -2.8551131853454335E-002
   364.20000000003870        1.5732463887285977       -8.3788946185674340E-002
   364.24000000003872        1.5676761894631355      -0.13925498163655559     
   364.28000000003874        1.5598787079697674      -0.19493703733420514     
   364.32000000003876        1.5498458592687163      -0.25082121752627684     
   364.36000000003878        1.5375702057008509      -0.30689133919663381     
   364.40000000003880        1.5230450722824904      -0.36312833545901424     
   364.44000000003882        1.5062646860168918      -0.41950965663996675     
   364.48000000003884        1.4872243391473801      -0.47600867173779426     
   364.52000000003886        1.4659205761917500      -0.53259407389075308     
   364.56000000003888        1.4423514044076966      -0.58922929460133699     
   364.60000000003890        1.4165165270983546      -0.64587193273354992     
   364.64000000003892        1.3884175988700056      -0.70247320570872551     
   364.68000000003894        1.3580585015961799      -0.75897743184564070     
   364.72000000003897        1.3254456394208061      -0.81532155438434750     
   364.76000000003899        1.2905882506468269      -0.87143471934947925     
   364.80000000003901        1.2534987338075201      -0.92723792098267266     
   364.84000000003903        1.2141929846105244      -0.98264372992489191     
   364.88000000003905        1.1726907397880366       -1.0375561205621950     
   364.92000000003907        1.1290159231939219       -1.0918704148528704     
   364.96000000003909        1.0831969887775990       -1.1454733604080733     
   365.00000000003911        1.0352672543586903       -1.1982433604727150     
   365.04000000003913       0.98526521945398171       -1.2500508726177133     
   365.08000000003915       0.93323485980256982       -1.3007589912852973     
   365.12000000003917       0.87922589073376911       -1.3502242267200175     
   365.16000000003919       0.82329399116602953       -1.3982974891934892     
   365.20000000003921       0.76550097985571297       -1.4448252827579129     
   365.24000000003923       0.70591493557307938       -1.4896511070658407     
   365.28000000003925       0.64461025320652665       -1.5326170591638173     
   365.32000000003927       0.58166762841550645       -1.5735656197755064     
   365.36000000003929       0.51717396438798924       -1.6123416006879312     
   365.40000000003931       0.45122219551698850       -1.6487942217750184     
   365.44000000003933       0.38391102438344149       -1.6827792783386750     
   365.48000000003935       0.31534457029246893       -1.7141613522743142     
   365.52000000003937       0.24563192971024550       -1.7428160145555858     
   365.56000000003939       0.17488665122409203       -1.7686319621538367     
   365.60000000003942       0.10322613001667036       -1.7915130301855415     
   365.64000000003944        3.0770929210617443E-002  -1.8113800201513228     
   365.68000000003946       -4.2355962301502056E-002  -1.8281722878029874     
   365.72000000003948      -0.11602992388165012       -1.8418490395037017     
   365.76000000003950      -0.19012553563403312       -1.8523902938095744     
   365.80000000003952      -0.26451743463797361       -1.8597974750985127     
   365.84000000003954      -0.33908117935552778       -1.8640936179388545     
   365.88000000003956      -0.41369410631251696       -1.8653231739247298     
   365.92000000003958      -0.48823616336107795       -1.8635514262140247     
   365.96000000003960      -0.56259070457133409       -1.8588635302564038     
   366.00000000003962      -0.63664523303055631       -1.8513632114805556     
   366.04000000003964      -0.71029207948592255       -1.8411711613841559     
   366.08000000003966      -0.78342900676681504       -1.8284231820223138     
   366.12000000003968      -0.85595973216535559       -1.8132681349635136     
   366.16000000003970      -0.92779436233319612       -1.7958657541960146     
   366.20000000003972      -0.99884973766202978       -1.7763843832208417     
   366.24000000003974       -1.0690496854549627       -1.7549986948233203     
   366.28000000003976       -1.1383251833779666       -1.7318874480751005     
   366.32000000003978       -1.2066144366334253       -1.7072313313864649     
   366.36000000003980       -1.2738628739682283       -1.6812109333700753     
   366.40000000003982       -1.3400230689834036       -1.6540048753793848     
   366.44000000003984       -1.4050545942362123       -1.6257881313202152     
   366.48000000003987       -1.4689238163214289       -1.5967305521304151     
   366.52000000003989       -1.5316036405031062       -1.5669956045419309     
   366.56000000003991       -1.5930732135697121       -1.5367393266651459     
   366.60000000003993       -1.6533175934403810       -1.5061094967667230     
   366.64000000003995       -1.7123273936991112       -1.4752450064682572     
   366.68000000003997       -1.7700984107198969       -1.4442754255196415     
   366.72000000003999       -1.8266312404111893       -1.4133207422823095     
   366.76000000004001       -1.8819308908923562       -1.3824912620291752     
   366.80000000004003       -1.9360063966536010       -1.3518876440311189     
   366.84000000004005       -1.9888704389749365       -1.3216010580333890     
   366.88000000004007       -2.0405389766148501       -1.2917134409978404     
   366.92000000004009       -2.0910308900454866       -1.2622978357659180     
   366.96000000004011       -2.1403676418237305       -1.2334187944561004     
   367.00000000004013       -2.1885729550570328       -1.2051328308325584     
   367.04000000004015       -2.2356725113557427       -1.1774889074677501     
   367.08000000004017       -2.2816936691631420       -1.1505289451849776     
   367.12000000004019       -2.3266652029206645       -1.1242883439380649     
   367.16000000004021       -2.3706170631570687       -1.0987965059101048     
   367.20000000004023       -2.4135801572831328       -1.0740773531515988     
   367.24000000004025       -2.4555861506232324       -1.0501498335024844     
   367.28000000004027       -2.4966672870166424       -1.0270284098352496     
   367.32000000004030       -2.5368562281689977       -1.0047235288088854     
   367.36000000004032       -2.5761859108223524      -0.98324206633386602     
   367.40000000004034       -2.6146894207351492      -0.96258774781991974     
   367.44000000004036       -2.6523998824158692      -0.94276154201799589     
   367.48000000004038       -2.6893503635312683      -0.92376202788498085     
   367.52000000004040       -2.7255737929074817      -0.90558573440533308     
   367.56000000004042       -2.7611028910558670      -0.88822745370962830     
   367.60000000004044       -2.7959701121817804      -0.87168052814783670     
   367.64000000004046       -2.8302075966704425      -0.85593711221655444     
   367.68000000004048       -2.8638471330870554      -0.84098841041532069     
   367.72000000004050       -2.8969201287761615      -0.82682489222765343     
   367.76000000004052       -2.9294575881960307      -0.81343648549672742     
   367.80000000004054       -2.9614900981761076      -0.80081274950192083     
   367.84000000004056       -2.9930478193380261      -0.78894302904795799     
   367.88000000004058       -3.0241604829724009      -0.77781659085937527     
   367.92000000004060       -3.0548573927137981      -0.76742274353492979     
   367.96000000004062       -3.0851674304043541      -0.75775094226390527     
   368.00000000004064       -3.1151190655820695      -0.74879087944288369     
   368.04000000004066       -3.1447403680724952      -0.74053256226064379     
   368.08000000004068       -3.1740590232022146      -0.73296637824298416     
   368.12000000004070       -3.2031023491890371      -0.72608314967056842     
   368.16000000004072       -3.2318973162971587      -0.71987417770304185     
   368.20000000004075       -3.2604705673756773      -0.71433127696296361     
   368.24000000004077       -3.2888484394258599      -0.70944680125456261     
   368.28000000004079       -3.3170569858664898      -0.70521366101574723     
   368.32000000004081       -3.3451219991875982      -0.70162533302771535     
   368.36000000004083       -3.3730690337010123      -0.69867586283535477     
   368.40000000004085       -3.4009234281115601      -0.69635986026369179     
   368.44000000004087       -3.4287103276456046      -0.69467248835111550     
   368.48000000004089       -3.4564547054839694      -0.69360944595912322     
   368.52000000004091       -3.4841813832544100      -0.69316694426101266     
   368.56000000004093       -3.5119150503447436      -0.69334167725834195     
   368.60000000004095       -3.5396802818017106      -0.69413078642417714     
   368.64000000004097       -3.5675015545827611      -0.69553181952626530     
   368.68000000004099       -3.5954032619284173      -0.69754268364140470     
   368.72000000004101       -3.6234097256218023      -0.70016159233462016     
   368.76000000004103       -3.6515452058995432      -0.70338700694352640     
   368.80000000004105       -3.6798339087747332      -0.70721757187974787     
   368.84000000004107       -3.7082999905281668      -0.71165204383584291     
   368.88000000004109       -3.7369675591188996      -0.71668921476831549     
   368.92000000004111       -3.7658606722595205      -0.72232782851551791     
   368.96000000004113       -3.7950033318956891      -0.72856649090421099     
   369.00000000004115       -3.8244194748237295      -0.73540357320101224     
   369.04000000004118       -3.8541329591747600      -0.74283710877576481     
   369.08000000004120       -3.8841675464893188      -0.75086468286396979     
   369.12000000004122       -3.9145468791031552      -0.75948331534591362     
   369.16000000004124       -3.9452944525632403      -0.76868933650212590     
   369.20000000004126       -3.9764335827936228      -0.77847825575956442     
   369.24000000004128       -4.0079873677340929      -0.78884462351174278     
   369.28000000004130       -4.0399786431813007      -0.79978188618019441     
   369.32000000004132       -4.0724299325727218      -0.81128223478553385     
   369.36000000004134       -4.1053633904693294      -0.82333644741519241     
   369.40000000004136       -4.1388007395138420      -0.83593372611280548     
   369.44000000004138       -4.1727632006687285      -0.84906152887217046     
   369.48000000004140       -4.2072714165726230      -0.86270539759737008     
   369.52000000004142       -4.2423453678962373      -0.87684878309034919     
   369.56000000004144       -4.2780042826301479      -0.89147286834775674     
   369.60000000004146       -4.3142665382977237      -0.90655639168940194     
   369.64000000004148       -4.3511495571577088      -0.92207547149961988     
   369.68000000004150       -4.3886696945432160      -0.93800343463768465     
   369.72000000004152       -4.4268421205776383      -0.95431065086055078     
   369.76000000004154       -4.4656806956134707      -0.97096437589580809     
   369.80000000004156       -4.5051978398574146      -0.98792860609859290     
   369.84000000004158       -4.5454043977740390       -1.0051639479156107     
   369.88000000004160       -4.5863094980001629       -1.0226275056531027     
   369.92000000004163       -4.6279204096518693       -1.0402727912926539     
   369.96000000004165       -4.6702423960641397       -1.0580496603067562     
   370.00000000004167       -4.7132785671673840       -1.0759042775811190     
   370.04000000004169       -4.7570297318728976       -1.0937791176378346     
   370.08000000004171       -4.8014942520071680       -1.1116130033567653     
   370.12000000004173       -4.8466678994989989       -1.1293411872957644     
   370.16000000004175       -4.8925437186789091       -1.1468954794977486     
   370.20000000004177       -4.9391118956920899       -1.1642044253295183     
   370.24000000004179       -4.9863596371485306       -1.1811935364110178     
   370.28000000004181       -5.0342710602307301       -1.1977855770549888     
   370.32000000004183       -5.0828270965443503       -1.2139009078405132     
   370.36000000004185       -5.1320054120239504       -1.2294578869900072     
   370.40000000004187       -5.1817803451885291       -1.2443733291144750     
   370.44000000004189       -5.2321228659745431       -1.2585630196503408     
   370.48000000004191       -5.2830005572527465       -1.2719422819550832     
   370.52000000004193       -5.3343776209562952       -1.2844265925887188     
   370.56000000004195       -5.3862149105092039       -1.2959322388227210     
   370.60000000004197       -5.4384699909465484       -1.3063770109336215     
   370.64000000004199       -5.4910972277628751       -1.3156809204081656     
   370.68000000004201       -5.5440479051175879       -1.3237669338678137     
   370.72000000004203       -5.5972703735724743       -1.3305617113721524     
   370.76000000004206       -5.6507102270461615       -1.3359963368421832     
   370.80000000004208       -5.7043105081545722       -1.3400070277102698     
   370.84000000004210       -5.7580119405786201       -1.3425358106011882     
   370.88000000004212       -5.8117531865752170       -1.3435311499149161     
   370.92000000004214       -5.8654711272407969       -1.3429485166395017     
   370.96000000004216       -5.9191011626639360       -1.3407508855784707     
   371.00000000004218       -5.9725775286807750       -1.3369091504209691     
   371.04000000004220       -6.0258336265881836       -1.3314024476852195     
   371.08000000004222       -6.0788023618873961       -1.3242183824803235     
   371.12000000004224       -6.1314164879352191       -1.3153531511955772     
   371.16000000004226       -6.1836089502778160       -1.3048115585649178     
   371.20000000004228       -6.2353132274371124       -1.2926069289823994     
   371.24000000004230       -3.2783568324648016E-003  -1.2787609143734748     
   371.28000000004232       -5.3810484963152980E-002  -1.2633032032672045     
   371.32000000004234      -0.10366133047843568       -1.2462711378820674     
   371.36000000004236      -0.15276970039675070       -1.2277092479578753     
   371.40000000004238      -0.20107644886380699       -1.2076687116764075     
   371.44000000004240      -0.24852471907451787       -1.1862067552677720     
   371.48000000004242      -0.29506015922530082       -1.1633860037695734     
   371.52000000004244      -0.34063111106055299       -1.1392737958813040     
   371.56000000004246      -0.38518877009831409       -1.1139414759440278     
   371.60000000004248      -0.42868731713024888       -1.0874636757983689     
   371.64000000004251      -0.47108402107698766       -1.0599175986684699     
   371.68000000004253      -0.51233931373030461       -1.0313823163329243     
   371.72000000004255      -0.55241683731949787       -1.0019380897298305     
   371.76000000004257      -0.59128346619389771      -0.97166572185999733     
   371.80000000004259      -0.62890930421224012      -0.94064595045855892     
   371.84000000004261      -0.66526765967052603      -0.90895888645714651     
   371.88000000004263      -0.70033499978285085      -0.87668350280812002     
   371.92000000004265      -0.73409088685623503      -0.84389717683460541     
   371.96000000004267      -0.76651789837396045      -0.81067528794313559     
   372.00000000004269      -0.79760153322673122      -0.77709087131926979     
   372.04000000004271      -0.82733010631242088      -0.74321432714224134     
   372.08000000004273      -0.85569463366906318      -0.70911318391605860     
   372.12000000004275      -0.88268871021818196      -0.67485191372796993     
   372.16000000004277      -0.90830838208262010      -0.64049179661095390     
   372.20000000004279      -0.93255201531061116      -0.60609083069977643     
   372.24000000004281      -0.95542016269144814      -0.57170368452092335     
   372.28000000004283      -0.97691543019277327      -0.53738168753312709     
   372.32000000004285      -0.99704234438969275      -0.50317285492298736     
   372.36000000004287       -1.0158072220954510      -0.46912194264395657     
   372.40000000004289       -1.0332180432454952      -0.43527052875110267     
   372.44000000004291       -1.0492843279340236      -0.40165711721321229     
   372.48000000004293       -1.0640170183565609      -0.36831726056343361     
   372.52000000004296       -1.0774283662752195      -0.33528369796646534     
   372.56000000004298       -1.0895318264961125      -0.30258650552232225     
   372.60000000004300       -1.1003419567314539      -0.27025325588353255     
   372.64000000004302       -1.1098743241124718      -0.23830918452544603     
   372.68000000004304       -1.1181454185233060      -0.20677736027085275     
   372.72000000004306       -1.1251725728402859      -0.17567885792449822     
   372.76000000004308       -1.1309738900849216      -0.14503293111589258     
   372.80000000004310       -1.1355681774319928      -0.11485718367678352     
   372.84000000004312       -1.1389748869556167       -8.5167738090597161E-002
   372.88000000004314       -1.1412140629453691       -5.5979399743809971E-002
   372.92000000004316       -1.1423062955806929       -2.7305815883093009E-002
   372.96000000004318       -1.1422726807141845        8.4037166270969216E-004
   373.00000000004320       -1.1411347854822060        2.8447380799462040E-002
   373.04000000004322       -1.1389146194339312        5.5504151206872229E-002
   373.08000000004324       -1.1356346108467872        8.2000214678601135E-002
   373.12000000004326       -1.1313175878767305       0.10792557425141673     
   373.16000000004328       -1.1259867641754031       0.13327059253318627     
   373.20000000004330       -1.1196657285925302       0.15802588957182151     
   373.24000000004332       -1.1123784385705942       0.18218225054840209     
   373.28000000004334       -1.1041492168295606       0.20573054352583775     
   373.32000000004336       -1.0950027509320452       0.22866164743788239     
   373.36000000004339       -1.0849640953136284       0.25096639046041935     
   373.40000000004341       -1.0740586753589811       0.27263549886618071     
   373.44000000004343       -1.0623122931020188       0.29365955642405839     
   373.48000000004345       -1.0497511341274735       0.31402897436363414     
   373.52000000004347       -1.0364017752521362       0.33373397188343262     
   373.56000000004349       -1.0222911925666647       0.35276456713678744     
   373.60000000004351       -1.0074467694234095       0.37111057858137797     
   373.64000000004353      -0.99189630396233164       0.38876163652694667     
   373.68000000004355      -0.97566801577592499       0.40570720466016674     
   373.72000000004357      -0.95879055132528479       0.42193661126600418     
   373.76000000004359      -0.94129298773322956       0.43743908980138041     
   373.80000000004361      -0.92320483459683433       0.45220382840988016     
   373.84000000004363      -0.90455603348098412       0.46622002789625544     
   373.88000000004365      -0.88537695477668876       0.47947696760738412     
   373.92000000004367      -0.86569839163296147       0.49196407859318309     
   373.96000000004369      -0.84555155069904375       0.50367102334794245     
   374.00000000004371      -0.82496803944460306       0.51458778136101735     
   374.04000000004373      -0.80397984985911164       0.52470473963728637     
   374.08000000004375      -0.78261933836775854       0.53401278728382862     
   374.12000000004377      -0.76091920183969730       0.54250341320153128     
   374.16000000004379      -0.73891244960487945       0.55016880587044603     
   374.20000000004381      -0.71663237143778957       0.55700195417724785     
   374.24000000004384      -0.69411250150964565       0.56299674820359735     
   374.28000000004386      -0.67138657835456939       0.56814807887690577     
   374.32000000004388      -0.64848850093932675       0.57245193538106598     
   374.36000000004390      -0.62545228096992578       0.57590549923502410     
   374.40000000004392      -0.60231199161103743       0.57850723397220871     
   374.44000000004394      -0.57910171283527512       0.58025696939405869     
   374.48000000004396      -0.55585547365823118       0.58115597942609787     
   374.52000000004398      -0.53260719155124159       0.58120705267474104     
   374.56000000004400      -0.50939060935658409       0.58041455486643878     
   374.60000000004402      -0.48623923005871633       0.57878448244669400     
   374.64000000004404      -0.46318624978978074       0.57632450672338997     
   374.68000000004406      -0.44026448946758373       0.57304400805492528     
   374.72000000004408      -0.41750632547931238       0.56895409970678379     
   374.76000000004410      -0.39494361983418846       0.56406764112809771     
   374.80000000004412      -0.37260765021298531       0.55839924053007894     
   374.84000000004414      -0.35052904034184867       0.55196524677841630     
   374.88000000004416      -0.32873769111227286       0.54478373073939501     
   374.92000000004418      -0.30726271285858547       0.53687445634218489     
   374.96000000004420      -0.28613235918917690       0.52825884173521465     
   375.00000000004422      -0.26537396274834718       0.51895991102074268     
   375.04000000004424      -0.24501387326247268       0.50900223714686277     
   375.08000000004427      -0.22507739819772246       0.49841187661875525     
   375.12000000004429      -0.20558874632732815       0.48721629675985739     
   375.16000000004431      -0.18657097447500873       0.47544429630798590     
   375.20000000004433      -0.16804593766817347       0.46312592017088144     
   375.24000000004435      -0.15003424290057016       0.45029236919008281     
   375.28000000004437      -0.13255520666969897       0.43697590577177958     
   375.32000000004439      -0.11562681642014139       0.42320975623893953     
   375.36000000004441       -9.9265695990482877E-002  0.40902801074146283     
   375.40000000004443       -8.3487075129221391E-002  0.39446552153153713     
   375.44000000004445       -6.8304763114376818E-002  0.37955780037111425     
   375.48000000004447       -5.3731126482816645E-002  0.36434091578900435     
   375.52000000004449       -3.9777070848891830E-002  0.34885139084812039     
   375.56000000004451       -2.6452026768068654E-002  0.33312610202057935     
   375.60000000004453       -1.3763939580014498E-002  0.31720217970135389     
   375.64000000004455       -1.7192631471487606E-003  0.30111691082164344     
   375.68000000004457        9.6770426109582131E-003  0.28490764395267432     
   375.72000000004459        2.0421510499786927E-002  0.26861169722071787     
   375.76000000004461        3.0512161271231030E-002  0.25226626928610257     
   375.80000000004463        3.9948495414194297E-002  0.23590835357408171     
   375.84000000004465        4.8731481649579432E-002  0.21957465588462838     
   375.88000000004467        5.6863542267676884E-002  0.20330151545243635     
   375.92000000004469        6.4348535446808255E-002  0.18712482947828418     
   375.96000000004472        7.1191734691166422E-002  0.17107998110895420     
   376.00000000004474        7.7399805523383922E-002  0.15520177080543734     
   376.04000000004476        8.2980779563717924E-002  0.13952435100835014     
   376.08000000004478        8.7944026123131333E-002  0.12408116398533525     
   376.12000000004480        9.2300221432235444E-002  0.10890488272760269     
   376.16000000004482        9.6061315622292406E-002   9.4027354751424000E-002
   376.20000000004484        9.9240497568489822E-002   7.9479548654935200E-002
   376.24000000004486       0.10185215769971379        6.5291503280598934E-002
   376.28000000004488       0.10391184887325661        5.1492279338570437E-002
   376.32000000004490       0.10543624540747240        3.8109913355394716E-002
   376.36000000004492       0.10644310036048499        2.5171373825314786E-002
   376.40000000004494       0.10695120113877740        1.2702519457310189E-002
   376.44000000004496       0.10698032351594181        7.2805942910997290E-004
   376.48000000004498       0.10655118413910887       -1.0728484420823208E-002
   376.52000000004500       0.10568539159864296       -2.1644813511647897E-002
   376.56000000004502       0.10440539613559591       -3.1999886576176299E-002
   376.60000000004504       0.10273443806114559       -4.1773951861258068E-002
   376.64000000004506       0.10069649496276917       -5.0948577459410477E-002
   376.68000000004508        9.8316227773160167E-002  -5.9506679740225027E-002
   376.72000000004510        9.5618925779818190E-002  -6.7432549833549404E-002
   376.76000000004512        9.2630450655732499E-002  -7.4711878102142346E-002
   376.80000000004515        8.9377179594542527E-002  -8.1331776529749322E-002
   376.84000000004517        8.5885947636880497E-002  -8.7280798941550636E-002
   376.88000000004519        8.2183989278166295E-002  -9.2548958967854950E-002
   376.92000000004521        7.8298879451812770E-002  -9.7127745658837986E-002
   376.96000000004523        7.4258473985492013E-002 -0.10101013665801896     
   377.00000000004525        7.0090849631693694E-002 -0.10419060884495805     
   377.04000000004527        6.5824243777165517E-002 -0.10666514636320454     
   377.08000000004529        6.1486993938862533E-002 -0.10843124595757467     
   377.12000000004531        5.7107477156657635E-002 -0.10948791955512240     
   377.16000000004533        5.2714049395202967E-002 -0.10983569403636680     
   377.20000000004535        4.8334985068920935E-002 -0.10947660815705078     
   377.24000000004537        4.3998416805099541E-002 -0.10841420659553479     
   377.28000000004539        3.9732275560440983E-002 -0.10665353111646400     
   377.32000000004541        3.5564231206156122E-002 -0.10420110885712149     
   377.36000000004543        3.1521633695817182E-002 -0.10106493775847353     
   377.40000000004545        2.7631454928700280E-002  -9.7254469177922520E-002
   377.44000000004547        2.3920231419309004E-002  -9.2780587734781900E-002
   377.48000000004549        2.0414007881223748E-002  -8.7655588452131436E-002
   377.52000000004551        1.7138281830435732E-002  -8.1893151269700357E-002
   377.56000000004553        1.4117949309977073E-002  -7.5508313011466488E-002
   377.60000000004555        1.1377251834034497E-002  -6.8517436898564377E-002
   377.64000000004557        8.9397246459249034E-003  -6.0938179702739848E-002
   377.68000000004560        6.8281463804099937E-003  -5.2789456637872746E-002
   377.72000000004562        5.0644902169288348E-003  -4.4091404087028968E-002
   377.76000000004564        3.6698766065215915E-003  -3.4865340260181073E-002
   377.80000000004566        2.6645276515909833E-003  -2.5133723873265210E-002
   377.84000000004568        2.0677232142773459E-003  -1.4920110932840932E-002
   377.88000000004570        1.8977588261745470E-003  -4.2491097025699736E-003
   377.92000000004572        2.1719054694415191E-003   6.8536660816743058E-003
   377.96000000004574        2.9063712971066358E-003   1.8361645691627917E-002
   378.00000000004576        4.1162653585412774E-003   3.0247351535866031E-002
   378.04000000004578        5.8155633946999127E-003   4.2482450903965879E-002
   378.08000000004580        8.0170757667728867E-003   5.5037809301824350E-002
   378.12000000004582        1.0732417581341512E-002   6.7883545364215647E-002
   378.16000000004584        1.3971981074911780E-002   8.0989087339256652E-002
   378.20000000004586        1.7744910320762759E-002   9.4323231146274500E-002
   378.24000000004588        2.2059078321290539E-002  0.10785420001319447     
   378.28000000004590        2.6921066549354836E-002  0.12154970570160742     
   378.32000000004592        3.2336147002425458E-002  0.13537701132676563     
   378.36000000004594        3.8308266833448831E-002  0.14930299577558440     
   378.40000000004596        4.4840035622172106E-002  0.16329421971808192     
   378.44000000004598        5.1932715350028219E-002  0.17731699319640276     
   378.48000000004600        5.9586213140450539E-002  0.19133744476055792     
   378.52000000004602        6.7799076824503118E-002  0.20532159210131443     
   378.56000000004605        7.6568493388838380E-002  0.21923541410838157     
   378.60000000004607        8.5890290359093430E-002  0.23304492425637624     
   378.64000000004609        9.5758940166786974E-002  0.24671624519233862     
   378.68000000004611       0.10616756754147576       0.26021568436721965     
   378.72000000004613       0.11710795996228701       0.27350981052028145     
   378.76000000004615       0.12857058119390163       0.28656553079036540     
   378.80000000004617       0.14054458792158867       0.29935016819217608     
   378.84000000004619       0.15301784948798319       0.31183153915986317     
   378.88000000004621       0.16597697072098719       0.32397803082510007     
   378.92000000004623       0.17940731782752417       0.33575867766342482     
   378.96000000004625       0.19329304731199276       0.34714323711171458     
   379.00000000004627       0.20761713786128194       0.35810226373222959     
   379.04000000004629       0.22236142512030438       0.36860718147556082     
   379.08000000004631       0.23750663926337992       0.37863035357688885     
   379.12000000004633       0.25303244524769997       0.38814514960800056     
   379.16000000004635       0.26891748561578777       0.39712600920219437     
   379.20000000004637       0.28513942569463230       0.40554850197111292     
   379.24000000004639       0.30167500102031730       0.41338938314212514     
   379.28000000004641       0.31850006679881421       0.42062664446242326     
   379.32000000004643       0.33558964919647966       0.42723955994163598     
   379.36000000004645       0.35291799823801706       0.43320872603843497     
   379.40000000004648       0.37045864207554102       0.43851609593809859     
   379.44000000004650       0.38818444238021593       0.44314500761687248     
   379.48000000004652       0.40606765059800159       0.44708020544464117     
   379.52000000004654       0.42407996480356691       0.45030785513913363     
   379.56000000004656       0.44219258688163515       0.45281555195170620     
   379.60000000004658       0.46037627976306061       0.45459232203563682     
   379.64000000004660       0.47860142444392695       0.45562861702165802     
   379.68000000004662       0.49683807651996387       0.45591630190092308     
   379.72000000004664       0.51505602197562173       0.45544863639144678     
   379.76000000004666       0.53322483197718140       0.45422025003899202     
   379.80000000004668       0.55131391643222549       0.45222711137610228     
   379.84000000004670       0.56929257609351624       0.44946649153226803     
   379.88000000004672       0.58713005300363275       0.44593692275291275     
   379.92000000004674       0.60479557909739057       0.44163815234394638     
   379.96000000004676       0.62225842280183630       0.43657109261114235     
   380.00000000004678       0.63948793349818778       0.43073776740878778     
   380.04000000004680       0.65645358373616147       0.42414125594934310     
   380.08000000004682       0.67312500911835338       0.41678563455479739     
   380.12000000004684       0.68947204580038435       0.40867591705077339     
   380.16000000004686       0.70546476558103077       0.39981799451616046     
   380.20000000004688       0.72107350858519947       0.39021857510421681     
   380.24000000004690       0.73626891357103708       0.37988512464593893     
   380.28000000004693       0.75102194592037474       0.36882580873344301     
   380.32000000004695       0.76530392339879993       0.35704943696062946     
   380.36000000004697       0.77908653979764453       0.34456540997111473     
   380.40000000004699       0.79234188659484428       0.33138366992999352     
   380.44000000004701       0.80504247279472985       0.31751465499714043     
   380.48000000004703       0.81716124312817850       0.30296925833621630     
   380.52000000004705       0.82867159481402064       0.28775879214605471     
   380.56000000004707       0.83954739310003501       0.27189495715035999     
   380.60000000004709       0.84976298581716758       0.25538981792831428     
   380.64000000004711       0.85929321719370289       0.23825578441338119     
   380.68000000004713       0.86811344118693479       0.22050559983079876     
   380.72000000004715       0.87619953459839128       0.20215233528641133     
   380.76000000004717       0.88352791024482880       0.18320939116093832     
   380.80000000004719       0.89007553046101728       0.16369050540471317     
   380.84000000004721       0.89581992121175635       0.14360976876847623     
   380.88000000004723       0.90073918708959611       0.12298164694599399     
   380.92000000004725       0.90481202747135581       0.10182100954399377     
   380.96000000004727       0.90801775410071506        8.0143165733982072E-002
   381.00000000004729       0.91033631035586371        5.7963906378716928E-002
   381.04000000004731       0.91174829245038724        3.5299552363088599E-002
   381.08000000004733       0.91223497280217047        1.2167008794581401E-002
   381.12000000004736       0.91177832578904949       -1.1416175328024143E-002
   381.16000000004738       0.91036105609113338       -3.5431742447902231E-002
   381.20000000004740       0.90796662979804910       -5.9860657327107381E-002
   381.24000000004742       0.90457930843471401       -8.4683034083376255E-002
   381.28000000004744       0.90018418603148731      -0.10987806008066643     
   381.32000000004746       0.89476722933355979      -0.13542391744818871     
   381.36000000004748       0.88831532121009116      -0.16129770308671657     
   381.40000000004750       0.88081630728577720      -0.18747534810784955     
   381.44000000004752       0.87225904577613256      -0.21393153774111734     
   381.48000000004754       0.86263346046275213      -0.24063963283450929     
   381.52000000004756       0.85193059669614812      -0.26757159416509890     
   381.56000000004758       0.84014268026149186      -0.29469791086640712     
   381.60000000004760       0.82726317888684631      -0.32198753436613919     
   381.64000000004762       0.81328686611445811      -0.34940781930970621     
   381.68000000004764       0.79820988719370511      -0.37692447301882387     
   381.72000000004766       0.78202982658981013      -0.40450151509737509     
   381.76000000004768       0.76474577663600196      -0.43210124884520523     
   381.80000000004770       0.74635840678917131      -0.45968424617076631     
   381.84000000004772       0.72687003288111374      -0.48720934770143975     
   381.88000000004774       0.70628468569024561      -0.51463367977170194     
   381.92000000004776       0.68460817809345820      -0.54191268991968400     
   381.96000000004778       0.66184816999594509      -0.56900020243782878     
   382.00000000004781       0.63801423017997427      -0.59584849539927032     
   382.04000000004783       0.61311789416338747      -0.62240840041467138     
   382.08000000004785       0.58717271711692109      -0.64862942616165831     
   382.12000000004787       0.56019432085817034      -0.67445990646876797     
   382.16000000004789       0.53220043392108274      -0.69984717342719049     
   382.20000000004791       0.50321092369519427      -0.72473775564721277     
   382.24000000004793       0.47324781964021395      -0.74907760137450818     
   382.28000000004795       0.44233532661067482      -0.77281232573847813     
   382.32000000004797       0.41049982737359730      -0.79588748092693828     
   382.36000000004799       0.37776987347052093      -0.81824884757690963     
   382.40000000004801       0.34417616366450060      -0.83984274515050850     
   382.44000000004803       0.30975150932288903      -0.86061635854028962     
   382.48000000004805       0.27453078621752786      -0.88051807763402890     
   382.52000000004807       0.23855087237431480      -0.89949784608032646     
   382.56000000004809       0.20185057177231519      -0.91750751504998984     
   382.60000000004811       0.16447052387628655      -0.93450119740071602     
   382.64000000004813       0.12645309918266376      -0.95043561734056980     
   382.68000000004815        8.7842281164083519E-002 -0.96527045046450621     
   382.72000000004817        4.8683535207232349E-002 -0.97896864892127922     
   382.76000000004819        9.0236653485751273E-003 -0.99149674646643060     
   382.80000000004821       -3.1089340182557032E-002  -1.0028251382783040     
   382.84000000004824       -7.1606473409034532E-002  -1.0129283306619377     
   382.88000000004826      -0.11247787965462126       -1.0217851561396682     
   382.92000000004828      -0.15365303765150662       -1.0293789499221342     
   382.96000000004830      -0.19508094502588000       -1.0356976843593346     
   383.00000000004832      -0.23671030737285018       -1.0407340586742544     
   383.04000000004834      -0.27848972905537472       -1.0444855420631138     
   383.08000000004836      -0.32036790381877767       -1.0469543690850731     
   383.12000000004838      -0.36229380330422717       -1.0481474871362375     
   383.16000000004840      -0.40421686157153341       -1.0480764566826564     
   383.20000000004842      -0.44608715380308905       -1.0467573057888904     
   383.24000000004844      -0.48785556745499209       -1.0442103412975758     
   383.28000000004846      -0.52947396424570969       -1.0404599197679398     
   383.32000000004848      -0.57089533152358729       -1.0355341819469397     
   383.36000000004850      -0.61207392172793262       -1.0294647551086327     
   383.40000000004852      -0.65296537884964267       -1.0222864280427508     
   383.44000000004854      -0.69352685100140377       -1.0140368037940271     
   383.48000000004856      -0.73371708841924488       -1.0047559354460267     
   383.52000000004858      -0.77349652643156830      -0.99448595030808440     
   383.56000000004860      -0.81282735314383803      -0.98327066780674222     
   383.60000000004862      -0.85167356179235243      -0.97115521621286027     
   383.64000000004864      -0.89000098791493309      -0.95818565306451786     
   383.68000000004866      -0.92777733166647447      -0.94440859378853381     
   383.72000000004869      -0.96497216577031908      -0.92987085259611568     
   383.76000000004871       -1.0015569297402331      -0.91461909924785123     
   383.80000000004873       -1.0375049111309196      -0.89869953476715869     
   383.84000000004875       -1.0727912146767609      -0.88215758864603178     
   383.88000000004877       -1.1073927202586789      -0.86503763954795188     
   383.92000000004879       -1.1412880306980455      -0.84738276098416432     
   383.96000000004881       -1.1744574104153733      -0.82923449293319318     
   384.00000000004883       -1.2068827160113540      -0.81063263989951906     
   384.04000000004885       -1.2385473198302983      -0.79161509547360875     
   384.08000000004887       -1.2694360275530054      -0.77221769306767596     
   384.12000000004889       -1.2995349908395386      -0.75247408216333145     
   384.16000000004891       -1.3288316160043565      -0.73241562912045011     
   384.20000000004893       -1.3573144696588073      -0.71207134136127148     
   384.24000000004895       -1.3849731822011551      -0.69146781355869580     
   384.28000000004897       -1.4117983499739755      -0.67062919432050783     
   384.32000000004899       -1.4377814368447173      -0.64957717176854635     
   384.36000000004901       -1.4629146758991045      -0.62833097635968049     
   384.40000000004903       -1.4871909718702836      -0.60690739927947945     
   384.44000000004905       -1.5106038048604873      -0.58532082475509029     
   384.48000000004907       -1.5331471358475453      -0.56358327467645186     
   384.52000000004909       -1.5548153144067474      -0.54170446398005001     
   384.56000000004911       -1.5756029890200542      -0.51969186533267420     
   384.60000000004914       -1.5955050202900574      -0.49755078175008061     
   384.64000000004916       -1.6145163973257959      -0.47528442589346198     
   384.68000000004918       -1.6326321575218741      -0.45289400490195664     
   384.72000000004920       -1.6498473099114455      -0.43037880973928327     
   384.76000000004922       -1.6661567622376272      -0.40773630815454165     
   384.80000000004924       -1.6815552518567993      -0.38496224047930122     
   384.84000000004926       -1.6960372805609460      -0.36205071760366825     
   384.88000000004928       -1.7095970533846176      -0.33899432059178797     
   384.92000000004930       -1.7222284214450678      -0.31578420151125569     
   384.96000000004932       -1.7339248288514868      -0.29241018516047224     
   385.00000000004934       -1.7446792637107909      -0.26886087148260185     
   385.04000000004936       -1.7544842132529603      -0.24512373855423500     
   385.08000000004938       -1.7633316230981999      -0.22118524613098892     
   385.12000000004940       -1.7712128606910431      -0.19703093982107778     
   385.16000000004942       -1.7781186829327014      -0.17264555604145884     
   385.20000000004944       -1.7840392080522862      -0.14801312798962035     
   385.24000000004946       -1.7889638917697874      -0.12311709293753104     
   385.28000000004948       -1.7928815078187024       -9.7940401222871759E-002
   385.32000000004950       -1.7957801329137608       -7.2465627376461353E-002
   385.36000000004952       -1.7976471362691100       -4.6675083883728097E-002
   385.40000000004954       -1.7984691737943930       -2.0550938132076146E-002
   385.44000000004957       -1.7982321871201834        5.9246668552373136E-003
   385.48000000004959       -1.7969214076299822        3.2769487255031579E-002
   385.52000000004961       -1.7945213657032026        6.0001048169487245E-002
   385.56000000004963       -1.7910159054019723        8.7636507530760230E-002
   385.60000000004965       -1.7863882048638249       0.11569251345368306     
   385.64000000004967       -1.7806208026920713       0.14418505429383627     
   385.68000000004969       -1.7736956306653389       0.17312930066831431     
   385.72000000004971       -1.7655940531169310       0.20253943871019683     
   385.76000000004973       -1.7562969133626314       0.23242849385748862     
   385.80000000004975       -1.7457845875815916       0.26280814452599449     
   385.84000000004977       -1.7340370465781303       0.29368852508653059     
   385.88000000004979       -1.7210339258715850       0.32507801766362976     
   385.92000000004981       -1.7067546045756048       0.35698303239950696     
   385.96000000004983       -1.6911782935360902       0.38940777598786719     
   386.00000000004985       -1.6742841331968232       0.42235400848167337     
   386.04000000004987       -1.6560513016519443       0.45582078862197523     
   386.08000000004989       -1.6364591333229026       0.48980420822604043     
   386.12000000004991       -1.6154872486622336       0.52429711651672284     
   386.16000000004993       -1.5931156952352239       0.55928883567524212     
   386.20000000004995       -1.5693251004608435       0.59476486935950801     
   386.24000000004997       -1.5440968362027767       0.63070660645166754     
   386.28000000004999       -1.5174131952874990       0.66709102288194566     
   386.32000000005002       -1.4892575798867342       0.70389038501911605     
   386.36000000005004       -1.4596147015340877       0.74107195881616184     
   386.40000000005006       -1.4284707923483058       0.77859772964454688     
   386.44000000005008       -1.3958138268071258       0.81642413852950058     
   386.48000000005010       -1.3616337531553504       0.85450184129438422     
   386.52000000005012       -1.3259227332388805       0.89277549791174371     
   386.56000000005014       -1.2886753892343465       0.93118360011334811     
   386.60000000005016       -1.2498890553944912       0.96965834599638445     
   386.64000000005018       -1.2095640325570109        1.0081255709370078     
   386.68000000005020       -1.1677038427754531        1.0465047445389453     
   386.72000000005022       -1.1243154810333600        1.0847090435523312     
   386.76000000005024       -1.0794096606076855        1.1226455106418636     
   386.80000000005026       -1.0330010482673544        1.1602153085082785     
   386.84000000005028      -0.98510848514257032        1.1973140781196026     
   386.88000000005030      -0.93575518879692809        1.2338324086410557     
   386.92000000005032      -0.88496893179583414        1.2696564250273481     
   386.96000000005034      -0.83278219191040725        1.3046684971356721     
   387.00000000005036      -0.77923226904524501        1.3387480716290552     
   387.04000000005038      -0.72436136404966167        1.3717726248895836     
   387.08000000005040      -0.66821661478168115        1.4036187316995137     
   387.12000000005042      -0.61085008515538997        1.4341632406572782     
   387.16000000005045      -0.55231870342381628        1.4632845432893433     
   387.20000000005047      -0.49268414663406984        1.4908639197436611     
   387.24000000005049      -0.43201266903487895        1.5167869399797724     
   387.28000000005051      -0.37037487320691875        1.5409448956990053     
   387.32000000005053      -0.30784542380326252        1.5632362350914064     
   387.36000000005055      -0.24450270500250726        1.5835679700188812     
   387.40000000005057      -0.18042842405465620        1.6018570236962768     
   387.44000000005059      -0.11570716459731303        1.6180314864335790     
   387.48000000005061       -5.0425894690175249E-002   1.6320317476784445     
   387.52000000005063        1.5326564290121261E-002   1.6438114745074126     
   387.56000000005065        8.1460100684061940E-002   1.6533384098485169     
   387.60000000005067       0.14788389940402075        1.6605949679989702     
   387.64000000005069       0.21450704381523034        1.6655786102802395     
   387.68000000005071       0.28123912340468776        1.6683019897364360     
   387.72000000005073       0.34799083781933304        1.6687928603661326     
   387.76000000005075       0.41467458794664869        1.6670937531828907     
   387.80000000005077       0.48120504507108941        1.6632614281110172     
   387.84000000005079       0.54749968975234919        1.6573661170314931     
   387.88000000005081       0.61347931290900659        1.6494905789164349     
   387.92000000005083       0.67906847261667458        1.6397289926916994     
   387.96000000005085       0.74419590129941171        1.6281857170684293     
   388.00000000005087       0.80879485925844785        1.6149739489759039     
   388.04000000005090       0.87280343179332764        1.6002143133719944     
   388.08000000005092       0.93616476847873298        1.5840334171351342     
   388.12000000005094       0.99882726442058034        1.5665623985461845     
   388.16000000005096        1.0607446844883255        1.5479355016936298     
   388.20000000005098        1.1218762325747926        1.5282887021616780     
   388.24000000005100        1.1821865688464053        1.5077584067903145     
   388.28000000005102        1.2416457786999431        1.4864802463384457     
   388.32000000005104        1.3002292977295058        1.4645879757390681     
   388.36000000005106        1.3579177974293002        1.4422124924948592     
   388.40000000005108        1.4146970366206699        1.4194809797842456     
   388.44000000005110        1.4705576837071466        1.3965161771619183     
   388.48000000005112        1.5254951148447902        1.3734357784410882     
   388.52000000005114        1.5795091929848668        1.3503519535019133     
   388.56000000005116        1.6326040325214832        1.3273709884154126     
   388.60000000005118        1.6847877539779577        1.3045930364118603     
   388.64000000005120        1.7360722328116325        1.2821119708418698     
   388.68000000005122        1.7864728460254158        1.2600153303445827     
   388.72000000005124        1.8360082198616423        1.2383843459056620     
   388.76000000005126        1.8846999814338605        1.2172940393054541     
   388.80000000005128        1.9325725167365948        1.1968133825683576     
   388.84000000005130        1.9796527370714498        1.1770055083713755     
   388.88000000005133        2.0259698555473906        1.1579279618985208     
   388.92000000005135        2.0715551749589056        1.1396329852878757     
   388.96000000005137        2.1164418880214955        1.1221678265647432     
   389.00000000005139        2.1606648906514399        1.1055750657486132     
   389.04000000005141        2.2042606087166829        1.0898929516310771     
   389.08000000005143        2.2472668384574828        1.0751557435199928     
   389.12000000005145        2.2897226005779445        1.0613940530115415     
   389.16000000005147        2.3316680078407850        1.0486351815710071     
   389.20000000005149        2.3731441458553579        1.0369034503643251     
   389.24000000005151        2.4141929666305120        1.0262205193788467     
   389.28000000005153        2.4548571943664967        1.0166056933996208     
   389.32000000005155        2.4951802428811241        1.0080762128656795     
   389.36000000005157        2.5352061440019309        1.0006475280201697     
   389.40000000005159        2.5749794862055708       0.99433355509100285     
   389.44000000005161        2.6145453627455031       0.98914691349830119     
   389.48000000005163        2.6539493284769162       0.98509914328533243     
   389.52000000005165        2.6932373645615244       0.98220090211520206     
   389.56000000005167        2.7324558502123586       0.98046214127085840     
   389.60000000005169        2.7716515406181799       0.97989226014553299     
   389.64000000005171        2.8108715501669423       0.98050023871905845     
   389.68000000005173        2.8501633400664175       0.98229474748687917     
   389.72000000005175        2.8895747094363058       0.98528423424721068     
   389.76000000005178        2.9291537889187760       0.98947698706174947     
   389.80000000005180        2.9689490358223982       0.99488117259055597     
   389.84000000005182        3.0090092297770497        1.0015048488662825     
   389.88000000005184        3.0493834678338874        1.0093559514209438     
   389.92000000005186        3.0901211578944623        1.0184422515143712     
   389.96000000005188        3.1312720092961550        1.0287712850423156     
   390.00000000005190        3.1728860193173327        1.0403502505294386     
   390.04000000005192        3.2150134542951174        1.0531858744446130     
   390.08000000005194        3.2577048239719444        1.0672842419206778     
   390.12000000005196        3.3010108476050259        1.0826505908270385     
   390.16000000005198        3.3449824102867010        1.0992890670418780     
   390.20000000005200        3.3896705078352563        1.1172024387138859     
   390.24000000005202        3.4351261785274994        1.1363917673060742     
   390.28000000005204        3.4814004198592436        1.1568560332936115     
   390.32000000005206        3.5285440884417856        1.1785917145635485     
   390.36000000005208        3.5766077810761581        1.2015923158593087     
   390.40000000005210        3.6256416949982397        1.2258478480520452     
   390.44000000005212        3.6756954652635199        1.2513442566320041     
   390.48000000005214        3.7268179772485355        1.2780627996253908     
   390.52000000005216        3.7790571522959908        1.3059793761863820     
   390.56000000005218        3.8324597046328037        1.3350638084203177     
   390.60000000005220        3.8870708678564454        1.3652790805910473     
   390.64000000005223        3.9429340895275211        1.3965805417768944     
   390.68000000005225        4.0000906927388131        1.4289150802823052     
   390.72000000005227        4.0585795039664614        1.4622202806912019     
   390.76000000005229        4.1184364470605708        1.4964235773527417     
   390.80000000005231        4.1796941039121309        1.5314414212889973     
   390.84000000005233        4.2423812431500760        1.5671784809486222     
   390.88000000005235        4.3065223191824691        1.6035269008098296     
   390.92000000005237        4.3721369449997116        1.6403656454310596     
   390.96000000005239        4.4392393433991906        1.6775599599869659     
   391.00000000005241        4.5078377826549634        1.7149609813943105     
   391.04000000005243        4.5779340041176066        1.7524055365660884     
   391.08000000005245        4.6495226507508880        1.7897161658320444     
   391.12000000005247        4.7225907071428654        1.8267014097994441     
   391.16000000005249        4.7971169630051298        1.8631563965565987     
   391.20000000005251        4.8730715135175755        1.8988637628111495     
   391.24000000005253        4.9504153109981930        1.9335949370154426     
   391.28000000005255        5.0290997831802580        1.9671118045516354     
   391.32000000005257        5.1090665337618120        1.9991687645388412     
   391.36000000005259        5.1902471407560045        2.0295151748548053     
   391.40000000005261        5.2725630674282193        2.0578981668053746     
   391.44000000005263        5.3559256991890800        2.0840657940215181     
   391.48000000005266        5.4402365176828980        2.1077704623454387     
   391.52000000005268        5.5253874204682862        2.1287725696347057     
   391.56000000005270        5.6112611911761086        2.1468442676955566     
   391.60000000005272        5.6977321209437628        2.1617732441913589     
   391.64000000005274        5.7846667774081073        2.1733664116086238     
   391.68000000005276        5.8719249127818607        2.1814533843438308     
   391.72000000005278        5.9593604977663226        2.1858896246115482     
   391.76000000005280        6.0468228635155530        2.1865591437307708     
   391.80000000005282        6.1341579298172135        2.1833766575415177     
   391.84000000005284        6.2212094943315694        2.1762891128588904     
   391.88000000005286        2.4635248156260836E-002   2.1652765251069415     
   391.92000000005288       0.11064933192670237        2.1503520942610383     
   391.96000000005290       0.19591179573847350        2.1315615952942779     
   392.00000000005292       0.28027107848276972        2.1089820686074052     
   392.04000000005294       0.36357987302436301        2.0827198635398330     
   392.08000000005296       0.44569619751578748        2.0529081122856114     
   392.12000000005298       0.52648434675415690        2.0197037309592338     
   392.16000000005300       0.60581570908167370        1.9832840581879201     
   392.20000000005302       0.68356943904006495        1.9438432489597819     
   392.24000000005304       0.75963298074182217        1.9015885425439316     
   392.28000000005306       0.83390244148542392        1.8567365185900448     
   392.32000000005308       0.90628281931954680        1.8095094458530716     
   392.36000000005311       0.97668809189845729        1.7601318144727638     
   392.40000000005313        1.0450411769624046        1.7088271265986861     
   392.44000000005315        1.1112737770677419        1.6558150026334335     
   392.48000000005317        1.1753261227727325        1.6013086426247667     
   392.52000000005319        1.2371466293871505        1.5455126653604487     
   392.56000000005321        1.2966914826785014        1.4886213322837722     
   392.60000000005323        1.3539241686783692        1.4308171499966933     
   392.64000000005325        1.4088149620450499        1.3722698341670176     
   392.68000000005327        1.4613403864137546        1.3131356092176170     
   392.72000000005329        1.5114826589014057        1.2535568121912737     
   392.76000000005331        1.5592291295201237        1.1936617654679533     
   392.80000000005333        1.6045717247716600        1.1335648812884052     
   392.84000000005335        1.6475064032111071        1.0733669609861767     
   392.88000000005337        1.6880326293354928        1.0131556531096453     
   392.92000000005339        1.7261528708112930       0.95300603689500574     
   392.96000000005341        1.7618721228323020       0.89298130052522751     
   393.00000000005343        1.7951974623127558       0.83313348701134693     
   393.04000000005345        1.8261376336782420       0.77350428413715522     
   393.08000000005347        1.8547026672197302       0.71412583853720379     
   393.12000000005349        1.8809035303195165       0.65502157749465950     
   393.16000000005351        1.9047518113336031       0.59620702535216497     
   393.20000000005354        1.9262594355120473       0.53769060446110728     
   393.24000000005356        1.9454384120446753       0.47947441331569840     
   393.28000000005358        1.9623006111211909       0.42155497691289390     
   393.32000000005360        1.9768575697791397       0.36392396644872105     
   393.36000000005362        1.9891203252678988       0.30656888721897618     
   393.40000000005364        1.9990992746702196       0.24947373505802159     
   393.44000000005366        2.0068040595841565       0.19261962284842726     
   393.48000000005368        2.0122434747678755       0.13598537959297161     
   393.52000000005370        2.0154253997792844        7.9548125285225507E-002
   393.56000000005372        2.0163567527940822        2.3283825369951876E-002
   393.60000000005374        2.0150434659529353       -3.2832171028678019E-002
   393.64000000005376        2.0114904817650698       -8.8824604696640552E-002
   393.68000000005378        2.0057017702761470      -0.14471778722306872     
   393.72000000005380        1.9976803668877725      -0.20053508470936179     
   393.76000000005382        1.9874284308895516      -0.25629839995552384     
   393.80000000005384        1.9749473249274052      -0.31202764905366032     
   393.84000000005386        1.9602377157789885      -0.36774022871041806     
   393.88000000005388        1.9432996969333345      -0.42345047114135143     
   393.92000000005390        1.9241329335717308      -0.47916908404009079     
   393.96000000005392        1.9027368306143109      -0.53490257393549845     
   394.00000000005394        1.8791107245253542      -0.59065265222391816     
   394.04000000005396        1.8532540995527644      -0.64641562431474731     
   394.08000000005399        1.8251668290060286      -0.70218176366839891     
   394.12000000005401        1.7948494420441892      -0.75793467404598514     
   394.16000000005403        1.7623034162428060      -0.81365064503458062     
   394.20000000005405        1.7275314959284802      -0.86929800785814160     
   394.24000000005407        1.6905380359037092      -0.92483650061927303     
   394.28000000005409        1.6513293697271112      -0.98021665441495232     
   394.32000000005411        1.6099142011596193       -1.0353792141872966     
   394.36000000005413        1.5663040167337852       -1.0902546106458546     
   394.40000000005415        1.5205135166519721       -1.1447625020453265     
   394.44000000005417        1.4725610603755088       -1.1988114069115836     
   394.48000000005419        1.4224691223417953       -1.2522984508428392     
   394.52000000005421        1.3702647522573972       -1.3051092521099561     
   394.56000000005423        1.3159800333871550       -1.3571179717560549     
   394.60000000005425        1.2596525312251357       -1.4081875540504853     
   394.64000000005427        1.2013257239339752       -1.4581701822790090     
   394.68000000005429        1.1410494050239510       -1.5069079727506043     
   394.72000000005431        1.0788800479681304       -1.5542339263955165     
   394.76000000005433        1.0148811218766354       -1.5999731522873737     
   394.80000000005435       0.94912334704544232       -1.6439443707798260     
   394.84000000005437       0.88168487921620531       -1.6859616957309245     
   394.88000000005439       0.81265141179086342       -1.7258366856335461     
   394.92000000005442       0.74211618608516727       -1.7633806426424035     
   394.96000000005444       0.67017990100964875       -1.7984071268879629     
   395.00000000005446       0.59695051534454568       -1.8307346416275769     
   395.04000000005448       0.52254293801048601       -1.8601894333514915     
   395.08000000005450       0.44707860438388647       -1.8866083406649889     
   395.12000000005452       0.37068493968906840       -1.9098416173704520     
   395.16000000005454       0.29349471371265212       -1.9297556494104073     
   395.20000000005456       0.21564529439882868       -1.9462354828455857     
   395.24000000005458       0.13727781114651472       -1.9591870813078494     
   395.28000000005460        5.8536241680989809E-002  -1.9685392366381227     
   395.32000000005462       -2.0433560945996979E-002  -1.9742450656746695     
   395.36000000005464       -9.9484882509368960E-002  -1.9762830390842994     
   395.40000000005466      -0.17847118267448980       -1.9746575041280205     
   395.44000000005468      -0.25724712993336807       -1.9693986814719571     
   395.48000000005470      -0.33566961535559925       -1.9605621355557801     
   395.52000000005472      -0.41359872485458671       -1.9482277374746866     
   395.56000000005474      -0.49089865116151188       -1.9324981576731286     
   395.60000000005476      -0.56743852883906820       -1.9134969419389087     
   395.64000000005478      -0.64309317833328050       -1.8913662373553084     
   395.68000000005480      -0.71774374810903507       -1.8662642443938651     
   395.72000000005482      -0.79127824718401008       -1.8383624768743752     
   395.76000000005484      -0.86359196370557645       -1.8078429130391589     
   395.80000000005487      -0.93458776845427538       -1.7748951187174744     
   395.84000000005489       -1.0041763051724997       -1.7397134179556095     
   395.88000000005491       -1.0722760723001250       -1.7024941781906360     
   395.92000000005493       -1.1388134029714878       -1.6634332667840692     
   395.96000000005495       -1.2037223519423317       -1.6227237242710979     
   396.00000000005497       -1.2669444994526380       -1.5805536877576603     
   396.04000000005499       -1.3284286828993983       -1.5371045861690071     
   396.08000000005501       -1.3881306676219669       -1.4925496180642122     
   396.12000000005503       -1.4460127681377395       -1.4470525128943121     
   396.16000000005505       -1.5020434308646959       -1.4007665681739088     
   396.20000000005507       -1.5561967887928787       -1.3538339482045676     
   396.24000000005509       -1.6084521977835584       -1.3063852247669914     
   396.28000000005511       -1.6587937632447156       -1.2585391365289320     
   396.32000000005513       -1.7072098649114760       -1.2104025416690114     
   396.36000000005515       -1.7536926864002100       -1.1620705372183506     
   396.40000000005517       -1.7982377551470798       -1.1136267186717457     
   396.44000000005519       -1.8408434973194656       -1.0651435543096426     
   396.48000000005521       -1.8815108113274062       -1.0166828501985121     
   396.52000000005523       -1.9202426626799329      -0.96829628381316679     
   396.56000000005525       -1.9570437021393337      -0.92002598648501765     
   396.60000000005527       -1.9919199084307517      -0.87190515728545082     
   396.64000000005530       -2.0248782561663510      -0.82395869338998484     
   396.68000000005532       -2.0559264091403020      -0.77620382434877566     
   396.72000000005534       -2.0850724387382122      -0.72865073994775398     
   396.76000000005536       -2.1123245668757367      -0.68130320343810835     
   396.80000000005538       -2.1376909326282667      -0.63415914381324934     
   396.84000000005540       -2.1611793815286293      -0.58721122250906022     
   396.88000000005542       -2.1827972763843659      -0.54044737139341548     
   396.92000000005544       -2.2025513283924125      -0.49385130020116114     
   396.96000000005546       -2.2204474472993430      -0.44740297267326018     
   397.00000000005548       -2.2364906093629289      -0.40107905158965196     
   397.04000000005550       -2.2506847419094416      -0.35485331366281347     
   397.08000000005552       -2.2630326233455249      -0.30869703590208519     
   397.12000000005554       -2.2735357975689832      -0.26257935558646195     
   397.16000000005556       -2.2821945018255394      -0.21646760641391094     
   397.20000000005558       -2.2890076071753440      -0.17032763374511078     
   397.24000000005560       -2.2939725708610990      -0.12412409214387604     
   397.28000000005562       -2.2970854000070453       -7.7820728648662546E-002
   397.32000000005564       -2.2983406262230672       -3.1380655400551925E-002
   397.36000000005566       -2.2977312908395464        1.5233384588022224E-002
   397.40000000005568       -2.2952489406553083        6.2058754605959207E-002
   397.44000000005570       -2.2908836342422334       0.10913266032687328     
   397.48000000005572       -2.2846239590151116       0.15649188067803960     
   397.52000000005575       -2.2764570594433571       0.20417248929385928     
   397.56000000005577       -2.2663686769514371       0.25220956229799729     
   397.60000000005579       -2.2543432022262415       0.30063686812988660     
   397.64000000005581       -2.2403637408207553       0.34948653513715949     
   397.68000000005583       -2.2244121931124834       0.39878869270679779     
   397.72000000005585       -2.2064693498397387       0.44857108181861199     
   397.76000000005587       -2.1865150045960333       0.49885863109263995     
   397.80000000005589       -2.1645280848084991       0.54967299468835340     
   397.84000000005591       -2.1404868028555826       0.60103204882291850     
   397.88000000005593       -2.1143688290861262       0.65294934423641160     
   397.92000000005595       -2.0861514885791119       0.70543351267536170     
   397.96000000005597       -2.0558119835220530       0.75848762642647061     
   398.00000000005599       -2.0233276430762230       0.81210851114574401     
   398.04000000005601       -1.9886762025269926       0.86628601373076208     
   398.08000000005603       -1.9518361133745983       0.92100222880985583     
   398.12000000005605       -1.9127868857905430       0.97623068960138260     
   398.16000000005607       -1.8715094645325114        1.0319355314507872     
   398.20000000005609       -1.8279866389608455        1.0880706392916468     
   398.24000000005611       -1.7822034872172381        1.1445787935901852     
   398.28000000005613       -1.7341478538977535        1.2013908329871168     
   398.32000000005615       -1.6838108596665120        1.2584248557810374     
   398.36000000005617       -1.6311874402065012        1.3155854865002687     
   398.40000000005620       -1.5762769106890582        1.3727632379360775     
   398.44000000005622       -1.5190835505706750        1.4298340029595789     
   398.48000000005624       -1.4596172020121432        1.4866587139632983     
   398.52000000005626       -1.3978938735902051        1.5430832105484540     
   398.56000000005628       -1.3339363392796171        1.5989383577647023     
   398.60000000005630       -1.2677747209832617        1.6540404574088818     
   398.64000000005632       -1.1994470412553919        1.7081919931967442     
   398.68000000005634       -1.1289997313896045        1.7611827466446852     
   398.72000000005636       -1.0564880788336852        1.8127913138979843     
   398.76000000005638      -0.98197659706257590        1.8627870442777328     
   398.80000000005640      -0.90553930070657673        1.9109324088999784     
   398.84000000005642      -0.82725986900826975        1.9569857924576757     
   398.88000000005644      -0.74723168166811216        2.0007046835039395     
   398.92000000005646      -0.66555771290953891        2.0418492189643320     
   398.96000000005648      -0.58235027218752711        2.0801860180502953     
   399.00000000005650      -0.49773058337071246        2.1154922204203657     
   399.04000000005652      -0.41182819838193740        2.1475596247193769     
   399.08000000005654      -0.32478024606162803        2.1761988080077344     
   399.12000000005656      -0.23673052223976565        2.2012430955465589     
   399.16000000005658      -0.14782843243016619        2.2225522452399868     
   399.20000000005660       -5.8227803920353469E-002   2.2400157127453180     
   399.24000000005663        3.1914410974813262E-002   2.2535553723791684     
   399.28000000005665       0.12243951439258539        2.2631275854443031     
   399.32000000005667       0.21318849562597667        2.2687245308347816     
   399.36000000005669       0.30400348528623367        2.2703747415064255     
   399.40000000005671       0.39472919820126173        2.2681428228757019     
   399.44000000005673       0.48521433273425996        2.2621283633249560     
   399.48000000005675       0.57531289595334889        2.2524640804772225     
   399.52000000005677       0.66488542705536224        2.2393132775503330     
   399.56000000005679       0.75380009545412352        2.2228667099690318     
   399.60000000005681       0.84193365473466308        2.2033389820134883     
   399.64000000005683       0.92917223896215329        2.1809646056872545     
   399.68000000005685        1.0154119933176786        2.1559938588881358     
   399.72000000005687        1.1005595364236211        2.1286885776485653     
   399.76000000005689        1.1845322567627887        2.0993180084791909     
   399.80000000005691        1.2672584500783770        2.0681548328897086     
   399.84000000005693        1.3486773084143979        2.0354714584005240     
   399.88000000005695        1.4287387744266700        2.0015366503068028     
   399.92000000005697        1.5074032767293370        1.9666125575666746     
   399.96000000005699        1.5846413633591685        1.9309521657457864     
   400.00000000005701        1.6604332509995008        1.8947971910083066     
