           1  -520.000000    
           2  -506.000000    
           3  -458.000000    
           4  -528.000000    
           5  -492.000000    
           6  -496.000000    
           7  -482.000000    
           8  -502.000000    
           9  -494.000000    
          10  -506.000000    
          11  -418.000000    
          12  -504.000000    
          13  -468.000000    
          14  -500.000000    
          15  -482.000000    
          16  -538.000000    
          17  -492.000000    
          18  -470.000000    
          19  -518.000000    
          20  -540.000000    
          21  -462.000000    
          22  -498.000000    
          23  -442.000000    
          24  -544.000000    
          25  -518.000000    
          26  -506.000000    
          27  -552.000000    
          28  -504.000000    
          29  -554.000000    
          30  -522.000000    
          31  -490.000000    
          32  -508.000000    
          33  -466.000000    
          34  -532.000000    
          35  -484.000000    
          36  -476.000000    
          37  -508.000000    
          38  -492.000000    
          39  -492.000000    
          40  -522.000000    
          41  -494.000000    
          42  -506.000000    
          43  -520.000000    
          44  -490.000000    
          45  -468.000000    
          46  -560.000000    
          47  -522.000000    
          48  -500.000000    
          49  -554.000000    
          50  -526.000000    
          51  -486.000000    
          52  -456.000000    
          53  -512.000000    
          54  -464.000000    
          55  -562.000000    
          56  -532.000000    
          57  -512.000000    
          58  -488.000000    
          59  -514.000000    
          60  -470.000000    
          61  -512.000000    
          62  -490.000000    
          63  -500.000000    
          64  -500.000000    
          65  -484.000000    
          66  -504.000000    
          67  -486.000000    
          68  -564.000000    
          69  -482.000000    
          70  -532.000000    
          71  -508.000000    
          72  -510.000000    
          73  -464.000000    
          74  -538.000000    
          75  -488.000000    
          76  -542.000000    
          77  -494.000000    
          78  -488.000000    
          79  -496.000000    
          80  -526.000000    
          81  -478.000000    
          82  -442.000000    
          83  -490.000000    
          84  -504.000000    
          85  -532.000000    
          86  -486.000000    
          87  -498.000000    
          88  -500.000000    
          89  -512.000000    
          90  -516.000000    
          91  -506.000000    
          92  -476.000000    
          93  -460.000000    
          94  -508.000000    
          95  -478.000000    
          96  -446.000000    
          97  -510.000000    
          98  -512.000000    
          99  -462.000000    
         100  -460.000000    
         101  -498.000000    
         102  -502.000000    
         103  -504.000000    
         104  -482.000000    
         105  -506.000000    
         106  -540.000000    
         107  -480.000000    
         108  -474.000000    
         109  -496.000000    
         110  -538.000000    
         111  -470.000000    
         112  -528.000000    
         113  -528.000000    
         114  -552.000000    
         115  -528.000000    
         116  -460.000000    
         117  -498.000000    
         118  -468.000000    
         119  -524.000000    
         120  -520.000000    
         121  -482.000000    
         122  -520.000000    
         123  -474.000000    
         124  -472.000000    
         125  -522.000000    
         126  -494.000000    
         127  -530.000000    
         128  -498.000000    
         129  -508.000000    
         130  -508.000000    
         131  -502.000000    
         132  -540.000000    
         133  -544.000000    
         134  -490.000000    
         135  -520.000000    
         136  -516.000000    
         137  -468.000000    
         138  -472.000000    
         139  -506.000000    
         140  -508.000000    
         141  -522.000000    
         142  -510.000000    
         143  -432.000000    
         144  -498.000000    
         145  -458.000000    
         146  -496.000000    
         147  -518.000000    
         148  -492.000000    
         149  -524.000000    
         150  -496.000000    
         151  -474.000000    
         152  -502.000000    
         153  -486.000000    
         154  -468.000000    
         155  -438.000000    
         156  -522.000000    
         157  -478.000000    
         158  -498.000000    
         159  -520.000000    
         160  -524.000000    
         161  -492.000000    
         162  -470.000000    
         163  -526.000000    
         164  -446.000000    
         165  -490.000000    
         166  -526.000000    
         167  -504.000000    
         168  -508.000000    
         169  -520.000000    
         170  -454.000000    
         171  -524.000000    
         172  -468.000000    
         173  -504.000000    
         174  -466.000000    
         175  -470.000000    
         176  -476.000000    
         177  -494.000000    
         178  -482.000000    
         179  -512.000000    
         180  -492.000000    
         181  -508.000000    
         182  -516.000000    
         183  -472.000000    
         184  -506.000000    
         185  -524.000000    
         186  -480.000000    
         187  -500.000000    
         188  -490.000000    
         189  -530.000000    
         190  -476.000000    
         191  -514.000000    
         192  -508.000000    
         193  -522.000000    
         194  -464.000000    
         195  -514.000000    
         196  -470.000000    
         197  -518.000000    
         198  -494.000000    
         199  -516.000000    
         200  -534.000000    
         201  -462.000000    
         202  -478.000000    
         203  -482.000000    
         204  -540.000000    
         205  -492.000000    
         206  -520.000000    
         207  -482.000000    
         208  -544.000000    
         209  -526.000000    
         210  -534.000000    
         211  -496.000000    
         212  -510.000000    
         213  -490.000000    
         214  -530.000000    
         215  -488.000000    
         216  -478.000000    
         217  -484.000000    
         218  -514.000000    
         219  -508.000000    
         220  -506.000000    
         221  -482.000000    
         222  -514.000000    
         223  -474.000000    
         224  -482.000000    
         225  -518.000000    
         226  -450.000000    
         227  -496.000000    
         228  -506.000000    
         229  -488.000000    
         230  -484.000000    
         231  -486.000000    
         232  -508.000000    
         233  -486.000000    
         234  -550.000000    
         235  -500.000000    
         236  -548.000000    
         237  -492.000000    
         238  -508.000000    
         239  -506.000000    
         240  -456.000000    
         241  -534.000000    
         242  -474.000000    
         243  -542.000000    
         244  -556.000000    
         245  -510.000000    
         246  -502.000000    
         247  -472.000000    
         248  -510.000000    
         249  -464.000000    
         250  -514.000000    
         251  -502.000000    
         252  -548.000000    
         253  -556.000000    
         254  -498.000000    
         255  -476.000000    
         256  -558.000000    
         257  -534.000000    
         258  -512.000000    
         259  -492.000000    
         260  -528.000000    
         261  -546.000000    
         262  -544.000000    
         263  -496.000000    
         264  -470.000000    
         265  -474.000000    
         266  -522.000000    
         267  -466.000000    
         268  -534.000000    
         269  -538.000000    
         270  -528.000000    
         271  -504.000000    
         272  -464.000000    
         273  -528.000000    
         274  -496.000000    
         275  -520.000000    
         276  -492.000000    
         277  -510.000000    
         278  -528.000000    
         279  -516.000000    
         280  -508.000000    
         281  -476.000000    
         282  -526.000000    
         283  -524.000000    
         284  -494.000000    
         285  -480.000000    
         286  -488.000000    
         287  -526.000000    
         288  -494.000000    
         289  -480.000000    
         290  -476.000000    
         291  -442.000000    
         292  -524.000000    
         293  -490.000000    
         294  -548.000000    
         295  -546.000000    
         296  -530.000000    
         297  -498.000000    
         298  -536.000000    
         299  -492.000000    
         300  -510.000000    
         301  -482.000000    
         302  -482.000000    
         303  -492.000000    
         304  -512.000000    
         305  -488.000000    
         306  -484.000000    
         307  -502.000000    
         308  -484.000000    
         309  -448.000000    
         310  -498.000000    
         311  -484.000000    
         312  -486.000000    
         313  -466.000000    
         314  -498.000000    
         315  -508.000000    
         316  -494.000000    
         317  -482.000000    
         318  -518.000000    
         319  -498.000000    
         320  -482.000000    
         321  -470.000000    
         322  -524.000000    
         323  -466.000000    
         324  -518.000000    
         325  -516.000000    
         326  -516.000000    
         327  -490.000000    
         328  -506.000000    
         329  -474.000000    
         330  -498.000000    
         331  -442.000000    
         332  -472.000000    
         333  -506.000000    
         334  -456.000000    
         335  -524.000000    
         336  -504.000000    
         337  -454.000000    
         338  -476.000000    
         339  -516.000000    
         340  -484.000000    
         341  -502.000000    
         342  -468.000000    
         343  -500.000000    
         344  -466.000000    
         345  -480.000000    
         346  -550.000000    
         347  -478.000000    
         348  -472.000000    
         349  -456.000000    
         350  -502.000000    
         351  -512.000000    
         352  -500.000000    
         353  -480.000000    
         354  -502.000000    
         355  -502.000000    
         356  -460.000000    
         357  -456.000000    
         358  -500.000000    
         359  -452.000000    
         360  -470.000000    
         361  -510.000000    
         362  -450.000000    
         363  -474.000000    
         364  -500.000000    
         365  -530.000000    
         366  -476.000000    
         367  -504.000000    
         368  -472.000000    
         369  -492.000000    
         370  -478.000000    
         371  -480.000000    
         372  -468.000000    
         373  -458.000000    
         374  -516.000000    
         375  -484.000000    
         376  -500.000000    
         377  -478.000000    
         378  -490.000000    
         379  -520.000000    
         380  -522.000000    
         381  -516.000000    
         382  -520.000000    
         383  -496.000000    
         384  -472.000000    
         385  -488.000000    
         386  -470.000000    
         387  -518.000000    
         388  -448.000000    
         389  -524.000000    
         390  -506.000000    
         391  -486.000000    
         392  -504.000000    
         393  -490.000000    
         394  -476.000000    
         395  -512.000000    
         396  -484.000000    
         397  -506.000000    
         398  -494.000000    
         399  -514.000000    
         400  -500.000000    
         401  -490.000000    
         402  -524.000000    
         403  -472.000000    
         404  -514.000000    
         405  -476.000000    
         406  -532.000000    
         407  -486.000000    
         408  -498.000000    
         409  -484.000000    
         410  -512.000000    
         411  -514.000000    
         412  -556.000000    
         413  -540.000000    
         414  -556.000000    
         415  -498.000000    
         416  -504.000000    
         417  -524.000000    
         418  -498.000000    
         419  -494.000000    
         420  -474.000000    
         421  -556.000000    
         422  -478.000000    
         423  -516.000000    
         424  -504.000000    
         425  -480.000000    
         426  -530.000000    
         427  -502.000000    
         428  -554.000000    
         429  -444.000000    
         430  -470.000000    
         431  -516.000000    
         432  -548.000000    
         433  -468.000000    
         434  -508.000000    
         435  -506.000000    
         436  -544.000000    
         437  -508.000000    
         438  -448.000000    
         439  -502.000000    
         440  -512.000000    
         441  -500.000000    
         442  -494.000000    
         443  -502.000000    
         444  -454.000000    
         445  -442.000000    
         446  -540.000000    
         447  -476.000000    
         448  -516.000000    
         449  -502.000000    
         450  -480.000000    
         451  -478.000000    
         452  -532.000000    
         453  -500.000000    
         454  -502.000000    
         455  -484.000000    
         456  -448.000000    
         457  -530.000000    
         458  -490.000000    
         459  -528.000000    
         460  -516.000000    
         461  -474.000000    
         462  -444.000000    
         463  -502.000000    
         464  -448.000000    
         465  -528.000000    
         466  -480.000000    
         467  -486.000000    
         468  -440.000000    
         469  -540.000000    
         470  -522.000000    
         471  -496.000000    
         472  -464.000000    
         473  -520.000000    
         474  -442.000000    
         475  -476.000000    
         476  -488.000000    
         477  -540.000000    
         478  -474.000000    
         479  -506.000000    
         480  -512.000000    
         481  -506.000000    
         482  -490.000000    
         483  -512.000000    
         484  -512.000000    
         485  -522.000000    
         486  -472.000000    
         487  -496.000000    
         488  -472.000000    
         489  -474.000000    
         490  -458.000000    
         491  -528.000000    
         492  -522.000000    
         493  -514.000000    
         494  -534.000000    
         495  -478.000000    
         496  -482.000000    
         497  -542.000000    
         498  -506.000000    
         499  -472.000000    
         500  -534.000000    
         501  -466.000000    
         502  -466.000000    
         503  -474.000000    
         504  -458.000000    
         505  -482.000000    
         506  -518.000000    
         507  -542.000000    
         508  -484.000000    
         509  -474.000000    
         510  -476.000000    
         511  -486.000000    
         512  -440.000000    
         513  -494.000000    
         514  -466.000000    
         515  -554.000000    
         516  -520.000000    
         517  -486.000000    
         518  -478.000000    
         519  -436.000000    
         520  -472.000000    
         521  -500.000000    
         522  -550.000000    
         523  -476.000000    
         524  -512.000000    
         525  -500.000000    
         526  -502.000000    
         527  -540.000000    
         528  -518.000000    
         529  -518.000000    
         530  -508.000000    
         531  -474.000000    
         532  -512.000000    
         533  -524.000000    
         534  -488.000000    
         535  -494.000000    
         536  -518.000000    
         537  -470.000000    
         538  -534.000000    
         539  -498.000000    
         540  -484.000000    
         541  -514.000000    
         542  -524.000000    
         543  -502.000000    
         544  -508.000000    
         545  -498.000000    
         546  -502.000000    
         547  -528.000000    
         548  -520.000000    
         549  -504.000000    
         550  -492.000000    
         551  -524.000000    
         552  -460.000000    
         553  -486.000000    
         554  -552.000000    
         555  -500.000000    
         556  -486.000000    
         557  -536.000000    
         558  -448.000000    
         559  -544.000000    
         560  -502.000000    
         561  -512.000000    
         562  -518.000000    
         563  -530.000000    
         564  -562.000000    
         565  -562.000000    
         566  -552.000000    
         567  -474.000000    
         568  -508.000000    
         569  -506.000000    
         570  -502.000000    
         571  -494.000000    
         572  -516.000000    
         573  -482.000000    
         574  -532.000000    
         575  -532.000000    
         576  -506.000000    
         577  -510.000000    
         578  -512.000000    
         579  -522.000000    
         580  -516.000000    
         581  -470.000000    
         582  -512.000000    
         583  -514.000000    
         584  -458.000000    
         585  -496.000000    
         586  -494.000000    
         587  -526.000000    
         588  -524.000000    
         589  -468.000000    
         590  -480.000000    
         591  -486.000000    
         592  -428.000000    
         593  -486.000000    
         594  -484.000000    
         595  -500.000000    
         596  -506.000000    
         597  -504.000000    
         598  -504.000000    
         599  -486.000000    
         600  -444.000000    
         601  -524.000000    
         602  -480.000000    
         603  -490.000000    
         604  -476.000000    
         605  -574.000000    
         606  -520.000000    
         607  -456.000000    
         608  -508.000000    
         609  -510.000000    
         610  -506.000000    
         611  -524.000000    
         612  -506.000000    
         613  -480.000000    
         614  -444.000000    
         615  -564.000000    
         616  -510.000000    
         617  -472.000000    
         618  -538.000000    
         619  -544.000000    
         620  -492.000000    
         621  -510.000000    
         622  -512.000000    
         623  -464.000000    
         624  -476.000000    
         625  -506.000000    
         626  -470.000000    
         627  -506.000000    
         628  -466.000000    
         629  -432.000000    
         630  -488.000000    
         631  -486.000000    
         632  -468.000000    
         633  -508.000000    
         634  -500.000000    
         635  -478.000000    
         636  -548.000000    
         637  -500.000000    
         638  -540.000000    
         639  -496.000000    
         640  -482.000000    
         641  -524.000000    
         642  -548.000000    
         643  -466.000000    
         644  -556.000000    
         645  -524.000000    
         646  -458.000000    
         647  -498.000000    
         648  -534.000000    
         649  -548.000000    
         650  -490.000000    
         651  -494.000000    
         652  -538.000000    
         653  -496.000000    
         654  -468.000000    
         655  -522.000000    
         656  -498.000000    
         657  -562.000000    
         658  -480.000000    
         659  -466.000000    
         660  -534.000000    
         661  -530.000000    
         662  -496.000000    
         663  -536.000000    
         664  -532.000000    
         665  -480.000000    
         666  -514.000000    
         667  -446.000000    
         668  -522.000000    
         669  -452.000000    
         670  -514.000000    
         671  -486.000000    
         672  -526.000000    
         673  -484.000000    
         674  -516.000000    
         675  -460.000000    
         676  -506.000000    
         677  -472.000000    
         678  -502.000000    
         679  -506.000000    
         680  -526.000000    
         681  -494.000000    
         682  -468.000000    
         683  -512.000000    
         684  -408.000000    
         685  -498.000000    
         686  -486.000000    
         687  -558.000000    
         688  -530.000000    
         689  -512.000000    
         690  -516.000000    
         691  -502.000000    
         692  -472.000000    
         693  -514.000000    
         694  -476.000000    
         695  -500.000000    
         696  -516.000000    
         697  -520.000000    
         698  -510.000000    
         699  -466.000000    
         700  -534.000000    
         701  -508.000000    
         702  -508.000000    
         703  -502.000000    
         704  -456.000000    
         705  -512.000000    
         706  -538.000000    
         707  -516.000000    
         708  -486.000000    
         709  -504.000000    
         710  -490.000000    
         711  -518.000000    
         712  -458.000000    
         713  -570.000000    
         714  -518.000000    
         715  -484.000000    
         716  -480.000000    
         717  -486.000000    
         718  -528.000000    
         719  -478.000000    
         720  -454.000000    
         721  -482.000000    
         722  -506.000000    
         723  -524.000000    
         724  -492.000000    
         725  -562.000000    
         726  -530.000000    
         727  -492.000000    
         728  -518.000000    
         729  -496.000000    
         730  -484.000000    
         731  -486.000000    
         732  -438.000000    
         733  -428.000000    
         734  -498.000000    
         735  -504.000000    
         736  -490.000000    
         737  -506.000000    
         738  -512.000000    
         739  -496.000000    
         740  -560.000000    
         741  -494.000000    
         742  -456.000000    
         743  -526.000000    
         744  -484.000000    
         745  -520.000000    
         746  -504.000000    
         747  -540.000000    
         748  -478.000000    
         749  -524.000000    
         750  -498.000000    
         751  -538.000000    
         752  -520.000000    
         753  -538.000000    
         754  -542.000000    
         755  -526.000000    
         756  -506.000000    
         757  -518.000000    
         758  -506.000000    
         759  -460.000000    
         760  -512.000000    
         761  -496.000000    
         762  -496.000000    
         763  -518.000000    
         764  -484.000000    
         765  -548.000000    
         766  -534.000000    
         767  -530.000000    
         768  -548.000000    
         769  -490.000000    
         770  -522.000000    
         771  -540.000000    
         772  -512.000000    
         773  -428.000000    
         774  -514.000000    
         775  -502.000000    
         776  -492.000000    
         777  -484.000000    
         778  -534.000000    
         779  -468.000000    
         780  -536.000000    
         781  -460.000000    
         782  -446.000000    
         783  -472.000000    
         784  -524.000000    
         785  -490.000000    
         786  -482.000000    
         787  -498.000000    
         788  -518.000000    
         789  -542.000000    
         790  -512.000000    
         791  -500.000000    
         792  -498.000000    
         793  -498.000000    
         794  -502.000000    
         795  -492.000000    
         796  -506.000000    
         797  -490.000000    
         798  -548.000000    
         799  -486.000000    
         800  -480.000000    
         801  -470.000000    
         802  -500.000000    
         803  -478.000000    
         804  -508.000000    
         805  -494.000000    
         806  -454.000000    
         807  -482.000000    
         808  -484.000000    
         809  -548.000000    
         810  -462.000000    
         811  -514.000000    
         812  -510.000000    
         813  -562.000000    
         814  -500.000000    
         815  -530.000000    
         816  -536.000000    
         817  -598.000000    
         818  -546.000000    
         819  -486.000000    
         820  -474.000000    
         821  -488.000000    
         822  -450.000000    
         823  -528.000000    
         824  -478.000000    
         825  -528.000000    
         826  -466.000000    
         827  -502.000000    
         828  -490.000000    
         829  -448.000000    
         830  -464.000000    
         831  -490.000000    
         832  -528.000000    
         833  -534.000000    
         834  -500.000000    
         835  -478.000000    
         836  -502.000000    
         837  -476.000000    
         838  -512.000000    
         839  -504.000000    
         840  -542.000000    
         841  -500.000000    
         842  -500.000000    
         843  -492.000000    
         844  -526.000000    
         845  -524.000000    
         846  -464.000000    
         847  -520.000000    
         848  -502.000000    
         849  -500.000000    
         850  -472.000000    
         851  -474.000000    
         852  -438.000000    
         853  -484.000000    
         854  -494.000000    
         855  -526.000000    
         856  -500.000000    
         857  -528.000000    
         858  -448.000000    
         859  -492.000000    
         860  -482.000000    
         861  -472.000000    
         862  -492.000000    
         863  -534.000000    
         864  -474.000000    
         865  -482.000000    
         866  -516.000000    
         867  -478.000000    
         868  -528.000000    
         869  -522.000000    
         870  -530.000000    
         871  -488.000000    
         872  -530.000000    
         873  -502.000000    
         874  -458.000000    
         875  -516.000000    
         876  -492.000000    
         877  -504.000000    
         878  -494.000000    
         879  -492.000000    
         880  -532.000000    
         881  -454.000000    
         882  -502.000000    
         883  -432.000000    
         884  -456.000000    
         885  -516.000000    
         886  -544.000000    
         887  -500.000000    
         888  -502.000000    
         889  -506.000000    
         890  -516.000000    
         891  -498.000000    
         892  -518.000000    
         893  -506.000000    
         894  -522.000000    
         895  -474.000000    
         896  -458.000000    
         897  -550.000000    
         898  -466.000000    
         899  -504.000000    
         900  -474.000000    
         901  -528.000000    
         902  -498.000000    
         903  -494.000000    
         904  -520.000000    
         905  -532.000000    
         906  -528.000000    
         907  -500.000000    
         908  -480.000000    
         909  -510.000000    
         910  -566.000000    
         911  -496.000000    
         912  -474.000000    
         913  -494.000000    
         914  -454.000000    
         915  -526.000000    
         916  -512.000000    
         917  -496.000000    
         918  -498.000000    
         919  -504.000000    
         920  -546.000000    
         921  -512.000000    
         922  -510.000000    
         923  -500.000000    
         924  -470.000000    
         925  -558.000000    
         926  -564.000000    
         927  -570.000000    
         928  -470.000000    
         929  -486.000000    
         930  -518.000000    
         931  -488.000000    
         932  -468.000000    
         933  -498.000000    
         934  -528.000000    
         935  -538.000000    
         936  -502.000000    
         937  -476.000000    
         938  -532.000000    
         939  -500.000000    
         940  -492.000000    
         941  -504.000000    
         942  -518.000000    
         943  -492.000000    
         944  -492.000000    
         945  -486.000000    
         946  -486.000000    
         947  -498.000000    
         948  -484.000000    
         949  -502.000000    
         950  -528.000000    
         951  -468.000000    
         952  -520.000000    
         953  -482.000000    
         954  -510.000000    
         955  -502.000000    
         956  -500.000000    
         957  -500.000000    
         958  -518.000000    
         959  -484.000000    
         960  -516.000000    
         961  -516.000000    
         962  -504.000000    
         963  -486.000000    
         964  -538.000000    
         965  -540.000000    
         966  -446.000000    
         967  -510.000000    
         968  -502.000000    
         969  -482.000000    
         970  -452.000000    
         971  -480.000000    
         972  -516.000000    
         973  -506.000000    
         974  -482.000000    
         975  -540.000000    
         976  -488.000000    
         977  -512.000000    
         978  -504.000000    
         979  -510.000000    
         980  -470.000000    
         981  -544.000000    
         982  -534.000000    
         983  -528.000000    
         984  -512.000000    
         985  -552.000000    
         986  -490.000000    
         987  -522.000000    
         988  -418.000000    
         989  -522.000000    
         990  -510.000000    
         991  -456.000000    
         992  -498.000000    
         993  -504.000000    
         994  -480.000000    
         995  -552.000000    
         996  -472.000000    
         997  -472.000000    
         998  -498.000000    
         999  -532.000000    
        1000  -528.000000    
        1001  -474.000000    
        1002  -502.000000    
        1003  -480.000000    
        1004  -490.000000    
        1005  -490.000000    
        1006  -530.000000    
        1007  -474.000000    
        1008  -504.000000    
        1009  -436.000000    
        1010  -530.000000    
        1011  -502.000000    
        1012  -482.000000    
        1013  -534.000000    
        1014  -518.000000    
        1015  -520.000000    
        1016  -490.000000    
        1017  -456.000000    
        1018  -470.000000    
        1019  -516.000000    
        1020  -518.000000    
        1021  -448.000000    
        1022  -554.000000    
        1023  -500.000000    
        1024  -512.000000    
        1025  -526.000000    
        1026  -528.000000    
        1027  -512.000000    
        1028  -510.000000    
        1029  -484.000000    
        1030  -510.000000    
        1031  -460.000000    
        1032  -502.000000    
        1033  -508.000000    
        1034  -530.000000    
        1035  -458.000000    
        1036  -490.000000    
        1037  -520.000000    
        1038  -518.000000    
        1039  -544.000000    
        1040  -454.000000    
        1041  -538.000000    
        1042  -528.000000    
        1043  -512.000000    
        1044  -478.000000    
        1045  -432.000000    
        1046  -464.000000    
        1047  -502.000000    
        1048  -466.000000    
        1049  -484.000000    
        1050  -482.000000    
        1051  -496.000000    
        1052  -506.000000    
        1053  -484.000000    
        1054  -452.000000    
        1055  -476.000000    
        1056  -470.000000    
        1057  -516.000000    
        1058  -536.000000    
        1059  -466.000000    
        1060  -470.000000    
        1061  -522.000000    
        1062  -496.000000    
        1063  -514.000000    
        1064  -460.000000    
        1065  -506.000000    
        1066  -516.000000    
        1067  -510.000000    
        1068  -450.000000    
        1069  -500.000000    
        1070  -552.000000    
        1071  -456.000000    
        1072  -522.000000    
        1073  -498.000000    
        1074  -498.000000    
        1075  -500.000000    
        1076  -494.000000    
        1077  -536.000000    
        1078  -508.000000    
        1079  -450.000000    
        1080  -474.000000    
        1081  -474.000000    
        1082  -490.000000    
        1083  -492.000000    
        1084  -546.000000    
        1085  -514.000000    
        1086  -512.000000    
        1087  -480.000000    
        1088  -512.000000    
        1089  -476.000000    
        1090  -468.000000    
        1091  -506.000000    
        1092  -492.000000    
        1093  -556.000000    
        1094  -502.000000    
        1095  -502.000000    
        1096  -532.000000    
        1097  -480.000000    
        1098  -510.000000    
        1099  -506.000000    
        1100  -476.000000    
        1101  -514.000000    
        1102  -520.000000    
        1103  -502.000000    
        1104  -478.000000    
        1105  -518.000000    
        1106  -542.000000    
        1107  -476.000000    
        1108  -520.000000    
        1109  -474.000000    
        1110  -482.000000    
        1111  -466.000000    
        1112  -548.000000    
        1113  -502.000000    
        1114  -474.000000    
        1115  -484.000000    
        1116  -556.000000    
        1117  -498.000000    
        1118  -488.000000    
        1119  -456.000000    
        1120  -488.000000    
        1121  -518.000000    
        1122  -540.000000    
        1123  -488.000000    
        1124  -502.000000    
        1125  -508.000000    
        1126  -528.000000    
        1127  -496.000000    
        1128  -522.000000    
        1129  -510.000000    
        1130  -508.000000    
        1131  -532.000000    
        1132  -490.000000    
        1133  -500.000000    
        1134  -526.000000    
        1135  -510.000000    
        1136  -518.000000    
        1137  -520.000000    
        1138  -538.000000    
        1139  -462.000000    
        1140  -458.000000    
        1141  -456.000000    
        1142  -470.000000    
        1143  -492.000000    
        1144  -468.000000    
        1145  -462.000000    
        1146  -440.000000    
        1147  -472.000000    
        1148  -446.000000    
        1149  -488.000000    
        1150  -540.000000    
        1151  -532.000000    
        1152  -518.000000    
        1153  -522.000000    
        1154  -506.000000    
        1155  -464.000000    
        1156  -474.000000    
        1157  -464.000000    
        1158  -540.000000    
        1159  -562.000000    
        1160  -536.000000    
        1161  -506.000000    
        1162  -474.000000    
        1163  -522.000000    
        1164  -510.000000    
        1165  -504.000000    
        1166  -476.000000    
        1167  -474.000000    
        1168  -518.000000    
        1169  -526.000000    
        1170  -508.000000    
        1171  -474.000000    
        1172  -518.000000    
        1173  -506.000000    
        1174  -540.000000    
        1175  -484.000000    
        1176  -542.000000    
        1177  -518.000000    
        1178  -500.000000    
        1179  -464.000000    
        1180  -504.000000    
        1181  -470.000000    
        1182  -512.000000    
        1183  -502.000000    
        1184  -520.000000    
        1185  -516.000000    
        1186  -480.000000    
        1187  -452.000000    
        1188  -472.000000    
        1189  -506.000000    
        1190  -486.000000    
        1191  -540.000000    
        1192  -456.000000    
        1193  -470.000000    
        1194  -508.000000    
        1195  -476.000000    
        1196  -456.000000    
        1197  -516.000000    
        1198  -520.000000    
        1199  -504.000000    
        1200  -564.000000    
        1201  -480.000000    
        1202  -470.000000    
        1203  -516.000000    
        1204  -480.000000    
        1205  -468.000000    
        1206  -428.000000    
        1207  -488.000000    
        1208  -564.000000    
        1209  -468.000000    
        1210  -454.000000    
        1211  -502.000000    
        1212  -528.000000    
        1213  -486.000000    
        1214  -484.000000    
        1215  -456.000000    
        1216  -528.000000    
        1217  -504.000000    
        1218  -506.000000    
        1219  -496.000000    
        1220  -482.000000    
        1221  -472.000000    
        1222  -564.000000    
        1223  -476.000000    
        1224  -472.000000    
        1225  -486.000000    
        1226  -510.000000    
        1227  -462.000000    
        1228  -500.000000    
        1229  -484.000000    
        1230  -514.000000    
        1231  -546.000000    
        1232  -574.000000    
        1233  -470.000000    
        1234  -500.000000    
        1235  -518.000000    
        1236  -506.000000    
        1237  -482.000000    
        1238  -468.000000    
        1239  -516.000000    
        1240  -562.000000    
        1241  -520.000000    
        1242  -492.000000    
        1243  -508.000000    
        1244  -490.000000    
        1245  -486.000000    
        1246  -468.000000    
        1247  -452.000000    
        1248  -548.000000    
        1249  -502.000000    
        1250  -516.000000    
        1251  -520.000000    
        1252  -510.000000    
        1253  -456.000000    
        1254  -474.000000    
        1255  -526.000000    
        1256  -498.000000    
        1257  -506.000000    
        1258  -574.000000    
        1259  -536.000000    
        1260  -508.000000    
        1261  -506.000000    
        1262  -486.000000    
        1263  -524.000000    
        1264  -536.000000    
        1265  -502.000000    
        1266  -490.000000    
        1267  -526.000000    
        1268  -486.000000    
        1269  -506.000000    
        1270  -512.000000    
        1271  -480.000000    
        1272  -468.000000    
        1273  -510.000000    
        1274  -534.000000    
        1275  -504.000000    
        1276  -560.000000    
        1277  -522.000000    
        1278  -490.000000    
        1279  -452.000000    
        1280  -462.000000    
        1281  -468.000000    
        1282  -518.000000    
        1283  -532.000000    
        1284  -494.000000    
        1285  -480.000000    
        1286  -556.000000    
        1287  -430.000000    
        1288  -482.000000    
        1289  -432.000000    
        1290  -470.000000    
        1291  -498.000000    
        1292  -474.000000    
        1293  -514.000000    
        1294  -486.000000    
        1295  -504.000000    
        1296  -522.000000    
        1297  -468.000000    
        1298  -498.000000    
        1299  -506.000000    
        1300  -492.000000    
        1301  -498.000000    
        1302  -538.000000    
        1303  -522.000000    
        1304  -528.000000    
        1305  -496.000000    
        1306  -480.000000    
        1307  -500.000000    
        1308  -488.000000    
        1309  -486.000000    
        1310  -540.000000    
        1311  -504.000000    
        1312  -490.000000    
        1313  -514.000000    
        1314  -530.000000    
        1315  -488.000000    
        1316  -478.000000    
        1317  -500.000000    
        1318  -514.000000    
        1319  -512.000000    
        1320  -554.000000    
        1321  -538.000000    
        1322  -518.000000    
        1323  -498.000000    
        1324  -548.000000    
        1325  -474.000000    
        1326  -504.000000    
        1327  -552.000000    
        1328  -466.000000    
        1329  -486.000000    
        1330  -528.000000    
        1331  -484.000000    
        1332  -518.000000    
        1333  -500.000000    
        1334  -466.000000    
        1335  -466.000000    
        1336  -478.000000    
        1337  -518.000000    
        1338  -518.000000    
        1339  -512.000000    
        1340  -518.000000    
        1341  -504.000000    
        1342  -506.000000    
        1343  -562.000000    
        1344  -508.000000    
        1345  -468.000000    
        1346  -510.000000    
        1347  -466.000000    
        1348  -504.000000    
        1349  -508.000000    
        1350  -538.000000    
        1351  -528.000000    
        1352  -454.000000    
        1353  -470.000000    
        1354  -536.000000    
        1355  -478.000000    
        1356  -504.000000    
        1357  -462.000000    
        1358  -462.000000    
        1359  -510.000000    
        1360  -540.000000    
        1361  -526.000000    
        1362  -534.000000    
        1363  -506.000000    
        1364  -468.000000    
        1365  -496.000000    
        1366  -492.000000    
        1367  -530.000000    
        1368  -460.000000    
        1369  -500.000000    
        1370  -510.000000    
        1371  -484.000000    
        1372  -482.000000    
        1373  -506.000000    
        1374  -506.000000    
        1375  -494.000000    
        1376  -536.000000    
        1377  -508.000000    
        1378  -478.000000    
        1379  -488.000000    
        1380  -448.000000    
        1381  -466.000000    
        1382  -476.000000    
        1383  -496.000000    
        1384  -534.000000    
        1385  -486.000000    
        1386  -546.000000    
        1387  -462.000000    
        1388  -488.000000    
        1389  -500.000000    
        1390  -508.000000    
        1391  -506.000000    
        1392  -512.000000    
        1393  -510.000000    
        1394  -490.000000    
        1395  -494.000000    
        1396  -480.000000    
        1397  -464.000000    
        1398  -480.000000    
        1399  -540.000000    
        1400  -488.000000    
        1401  -496.000000    
        1402  -474.000000    
        1403  -436.000000    
        1404  -482.000000    
        1405  -452.000000    
        1406  -480.000000    
        1407  -540.000000    
        1408  -504.000000    
        1409  -498.000000    
        1410  -546.000000    
        1411  -532.000000    
        1412  -492.000000    
        1413  -564.000000    
        1414  -532.000000    
        1415  -526.000000    
        1416  -504.000000    
        1417  -470.000000    
        1418  -568.000000    
        1419  -500.000000    
        1420  -526.000000    
        1421  -488.000000    
        1422  -502.000000    
        1423  -510.000000    
        1424  -514.000000    
        1425  -500.000000    
        1426  -476.000000    
        1427  -500.000000    
        1428  -478.000000    
        1429  -582.000000    
        1430  -498.000000    
        1431  -536.000000    
        1432  -520.000000    
        1433  -506.000000    
        1434  -494.000000    
        1435  -546.000000    
        1436  -488.000000    
        1437  -478.000000    
        1438  -548.000000    
        1439  -496.000000    
        1440  -440.000000    
        1441  -534.000000    
        1442  -528.000000    
        1443  -534.000000    
        1444  -520.000000    
        1445  -510.000000    
        1446  -524.000000    
        1447  -458.000000    
        1448  -528.000000    
        1449  -510.000000    
        1450  -506.000000    
        1451  -456.000000    
        1452  -512.000000    
        1453  -448.000000    
        1454  -482.000000    
        1455  -510.000000    
        1456  -418.000000    
        1457  -532.000000    
        1458  -504.000000    
        1459  -486.000000    
        1460  -520.000000    
        1461  -510.000000    
        1462  -520.000000    
        1463  -506.000000    
        1464  -448.000000    
        1465  -498.000000    
        1466  -522.000000    
        1467  -492.000000    
        1468  -496.000000    
        1469  -560.000000    
        1470  -510.000000    
        1471  -494.000000    
        1472  -450.000000    
        1473  -496.000000    
        1474  -542.000000    
        1475  -522.000000    
        1476  -494.000000    
        1477  -510.000000    
        1478  -510.000000    
        1479  -508.000000    
        1480  -554.000000    
        1481  -516.000000    
        1482  -504.000000    
        1483  -492.000000    
        1484  -544.000000    
        1485  -496.000000    
        1486  -504.000000    
        1487  -512.000000    
        1488  -478.000000    
        1489  -510.000000    
        1490  -528.000000    
        1491  -520.000000    
        1492  -488.000000    
        1493  -530.000000    
        1494  -546.000000    
        1495  -492.000000    
        1496  -472.000000    
        1497  -502.000000    
        1498  -476.000000    
        1499  -536.000000    
        1500  -522.000000    
        1501  -502.000000    
        1502  -524.000000    
        1503  -520.000000    
        1504  -532.000000    
        1505  -506.000000    
        1506  -480.000000    
        1507  -498.000000    
        1508  -514.000000    
        1509  -484.000000    
        1510  -522.000000    
        1511  -524.000000    
        1512  -494.000000    
        1513  -438.000000    
        1514  -524.000000    
        1515  -532.000000    
        1516  -488.000000    
        1517  -508.000000    
        1518  -494.000000    
        1519  -472.000000    
        1520  -496.000000    
        1521  -522.000000    
        1522  -540.000000    
        1523  -492.000000    
        1524  -514.000000    
        1525  -438.000000    
        1526  -450.000000    
        1527  -482.000000    
        1528  -494.000000    
        1529  -470.000000    
        1530  -518.000000    
        1531  -484.000000    
        1532  -510.000000    
        1533  -526.000000    
        1534  -508.000000    
        1535  -508.000000    
        1536  -514.000000    
        1537  -472.000000    
        1538  -470.000000    
        1539  -504.000000    
        1540  -486.000000    
        1541  -470.000000    
        1542  -482.000000    
        1543  -514.000000    
        1544  -542.000000    
        1545  -516.000000    
        1546  -520.000000    
        1547  -428.000000    
        1548  -494.000000    
        1549  -488.000000    
        1550  -510.000000    
        1551  -480.000000    
        1552  -476.000000    
        1553  -500.000000    
        1554  -528.000000    
        1555  -496.000000    
        1556  -502.000000    
        1557  -508.000000    
        1558  -496.000000    
        1559  -492.000000    
        1560  -494.000000    
        1561  -518.000000    
        1562  -508.000000    
        1563  -464.000000    
        1564  -486.000000    
        1565  -492.000000    
        1566  -516.000000    
        1567  -520.000000    
        1568  -482.000000    
        1569  -460.000000    
        1570  -552.000000    
        1571  -538.000000    
        1572  -508.000000    
        1573  -484.000000    
        1574  -518.000000    
        1575  -570.000000    
        1576  -530.000000    
        1577  -478.000000    
        1578  -520.000000    
        1579  -508.000000    
        1580  -516.000000    
        1581  -502.000000    
        1582  -502.000000    
        1583  -580.000000    
        1584  -466.000000    
        1585  -510.000000    
        1586  -474.000000    
        1587  -474.000000    
        1588  -538.000000    
        1589  -450.000000    
        1590  -480.000000    
        1591  -484.000000    
        1592  -546.000000    
        1593  -494.000000    
        1594  -484.000000    
        1595  -530.000000    
        1596  -552.000000    
        1597  -494.000000    
        1598  -466.000000    
        1599  -488.000000    
        1600  -502.000000    
        1601  -510.000000    
        1602  -490.000000    
        1603  -488.000000    
        1604  -530.000000    
        1605  -536.000000    
        1606  -546.000000    
        1607  -542.000000    
        1608  -512.000000    
        1609  -526.000000    
        1610  -504.000000    
        1611  -456.000000    
        1612  -510.000000    
        1613  -584.000000    
        1614  -500.000000    
        1615  -522.000000    
        1616  -540.000000    
        1617  -520.000000    
        1618  -552.000000    
        1619  -528.000000    
        1620  -500.000000    
        1621  -518.000000    
        1622  -516.000000    
        1623  -546.000000    
        1624  -494.000000    
        1625  -504.000000    
        1626  -504.000000    
        1627  -530.000000    
        1628  -474.000000    
        1629  -528.000000    
        1630  -484.000000    
        1631  -510.000000    
        1632  -480.000000    
        1633  -474.000000    
        1634  -520.000000    
        1635  -496.000000    
        1636  -452.000000    
        1637  -490.000000    
        1638  -498.000000    
        1639  -482.000000    
        1640  -496.000000    
        1641  -562.000000    
        1642  -530.000000    
        1643  -530.000000    
        1644  -490.000000    
        1645  -518.000000    
        1646  -516.000000    
        1647  -510.000000    
        1648  -486.000000    
        1649  -476.000000    
        1650  -482.000000    
        1651  -484.000000    
        1652  -516.000000    
        1653  -488.000000    
        1654  -480.000000    
        1655  -512.000000    
        1656  -560.000000    
        1657  -542.000000    
        1658  -470.000000    
        1659  -526.000000    
        1660  -500.000000    
        1661  -474.000000    
        1662  -468.000000    
        1663  -436.000000    
        1664  -518.000000    
        1665  -504.000000    
        1666  -508.000000    
        1667  -508.000000    
        1668  -498.000000    
        1669  -490.000000    
        1670  -466.000000    
        1671  -522.000000    
        1672  -548.000000    
        1673  -530.000000    
        1674  -490.000000    
        1675  -518.000000    
        1676  -498.000000    
        1677  -496.000000    
        1678  -510.000000    
        1679  -500.000000    
        1680  -524.000000    
        1681  -518.000000    
        1682  -530.000000    
        1683  -508.000000    
        1684  -516.000000    
        1685  -518.000000    
        1686  -540.000000    
        1687  -514.000000    
        1688  -480.000000    
        1689  -478.000000    
        1690  -474.000000    
        1691  -506.000000    
        1692  -490.000000    
        1693  -500.000000    
        1694  -484.000000    
        1695  -504.000000    
        1696  -556.000000    
        1697  -502.000000    
        1698  -500.000000    
        1699  -524.000000    
        1700  -460.000000    
        1701  -530.000000    
        1702  -476.000000    
        1703  -482.000000    
        1704  -504.000000    
        1705  -480.000000    
        1706  -540.000000    
        1707  -480.000000    
        1708  -524.000000    
        1709  -520.000000    
        1710  -468.000000    
        1711  -518.000000    
        1712  -474.000000    
        1713  -472.000000    
        1714  -480.000000    
        1715  -484.000000    
        1716  -496.000000    
        1717  -502.000000    
        1718  -500.000000    
        1719  -498.000000    
        1720  -546.000000    
        1721  -514.000000    
        1722  -494.000000    
        1723  -498.000000    
        1724  -468.000000    
        1725  -528.000000    
        1726  -454.000000    
        1727  -536.000000    
        1728  -504.000000    
        1729  -460.000000    
        1730  -488.000000    
        1731  -510.000000    
        1732  -494.000000    
        1733  -518.000000    
        1734  -552.000000    
        1735  -504.000000    
        1736  -452.000000    
        1737  -550.000000    
        1738  -478.000000    
        1739  -470.000000    
        1740  -504.000000    
        1741  -508.000000    
        1742  -478.000000    
        1743  -518.000000    
        1744  -492.000000    
        1745  -508.000000    
        1746  -452.000000    
        1747  -456.000000    
        1748  -506.000000    
        1749  -468.000000    
        1750  -524.000000    
        1751  -466.000000    
        1752  -498.000000    
        1753  -450.000000    
        1754  -516.000000    
        1755  -514.000000    
        1756  -464.000000    
        1757  -528.000000    
        1758  -492.000000    
        1759  -492.000000    
        1760  -518.000000    
        1761  -538.000000    
        1762  -482.000000    
        1763  -476.000000    
        1764  -440.000000    
        1765  -500.000000    
        1766  -486.000000    
        1767  -498.000000    
        1768  -486.000000    
        1769  -522.000000    
        1770  -504.000000    
        1771  -578.000000    
        1772  -528.000000    
        1773  -558.000000    
        1774  -474.000000    
        1775  -516.000000    
        1776  -514.000000    
        1777  -516.000000    
        1778  -488.000000    
        1779  -488.000000    
        1780  -522.000000    
        1781  -582.000000    
        1782  -488.000000    
        1783  -508.000000    
        1784  -502.000000    
        1785  -534.000000    
        1786  -538.000000    
        1787  -496.000000    
        1788  -500.000000    
        1789  -518.000000    
        1790  -492.000000    
        1791  -508.000000    
        1792  -514.000000    
        1793  -476.000000    
        1794  -448.000000    
        1795  -526.000000    
        1796  -494.000000    
        1797  -516.000000    
        1798  -506.000000    
        1799  -478.000000    
        1800  -520.000000    
        1801  -534.000000    
        1802  -500.000000    
        1803  -454.000000    
        1804  -542.000000    
        1805  -482.000000    
        1806  -504.000000    
        1807  -530.000000    
        1808  -444.000000    
        1809  -494.000000    
        1810  -490.000000    
        1811  -498.000000    
        1812  -478.000000    
        1813  -498.000000    
        1814  -514.000000    
        1815  -536.000000    
        1816  -540.000000    
        1817  -512.000000    
        1818  -536.000000    
        1819  -448.000000    
        1820  -490.000000    
        1821  -504.000000    
        1822  -518.000000    
        1823  -502.000000    
        1824  -528.000000    
        1825  -510.000000    
        1826  -496.000000    
        1827  -520.000000    
        1828  -506.000000    
        1829  -478.000000    
        1830  -502.000000    
        1831  -470.000000    
        1832  -506.000000    
        1833  -516.000000    
        1834  -442.000000    
        1835  -518.000000    
        1836  -512.000000    
        1837  -506.000000    
        1838  -504.000000    
        1839  -480.000000    
        1840  -484.000000    
        1841  -520.000000    
        1842  -516.000000    
        1843  -476.000000    
        1844  -534.000000    
        1845  -494.000000    
        1846  -512.000000    
        1847  -464.000000    
        1848  -460.000000    
        1849  -504.000000    
        1850  -512.000000    
        1851  -506.000000    
        1852  -520.000000    
        1853  -494.000000    
        1854  -528.000000    
        1855  -482.000000    
        1856  -492.000000    
        1857  -488.000000    
        1858  -508.000000    
        1859  -518.000000    
        1860  -522.000000    
        1861  -528.000000    
        1862  -526.000000    
        1863  -490.000000    
        1864  -486.000000    
        1865  -484.000000    
        1866  -494.000000    
        1867  -468.000000    
        1868  -508.000000    
        1869  -456.000000    
        1870  -488.000000    
        1871  -504.000000    
        1872  -544.000000    
        1873  -516.000000    
        1874  -484.000000    
        1875  -506.000000    
        1876  -530.000000    
        1877  -476.000000    
        1878  -502.000000    
        1879  -494.000000    
        1880  -498.000000    
        1881  -480.000000    
        1882  -508.000000    
        1883  -476.000000    
        1884  -450.000000    
        1885  -506.000000    
        1886  -540.000000    
        1887  -540.000000    
        1888  -444.000000    
        1889  -528.000000    
        1890  -500.000000    
        1891  -452.000000    
        1892  -544.000000    
        1893  -472.000000    
        1894  -446.000000    
        1895  -522.000000    
        1896  -550.000000    
        1897  -520.000000    
        1898  -500.000000    
        1899  -500.000000    
        1900  -546.000000    
        1901  -514.000000    
        1902  -562.000000    
        1903  -498.000000    
        1904  -506.000000    
        1905  -484.000000    
        1906  -482.000000    
        1907  -446.000000    
        1908  -548.000000    
        1909  -496.000000    
        1910  -500.000000    
        1911  -500.000000    
        1912  -488.000000    
        1913  -484.000000    
        1914  -514.000000    
        1915  -536.000000    
        1916  -474.000000    
        1917  -536.000000    
        1918  -456.000000    
        1919  -520.000000    
        1920  -542.000000    
        1921  -548.000000    
        1922  -518.000000    
        1923  -500.000000    
        1924  -440.000000    
        1925  -436.000000    
        1926  -496.000000    
        1927  -526.000000    
        1928  -480.000000    
        1929  -482.000000    
        1930  -516.000000    
        1931  -484.000000    
        1932  -486.000000    
        1933  -476.000000    
        1934  -498.000000    
        1935  -536.000000    
        1936  -504.000000    
        1937  -536.000000    
        1938  -522.000000    
        1939  -516.000000    
        1940  -488.000000    
        1941  -496.000000    
        1942  -510.000000    
        1943  -518.000000    
        1944  -528.000000    
        1945  -508.000000    
        1946  -474.000000    
        1947  -464.000000    
        1948  -498.000000    
        1949  -506.000000    
        1950  -510.000000    
        1951  -446.000000    
        1952  -520.000000    
        1953  -488.000000    
        1954  -442.000000    
        1955  -472.000000    
        1956  -524.000000    
        1957  -470.000000    
        1958  -502.000000    
        1959  -546.000000    
        1960  -406.000000    
        1961  -494.000000    
        1962  -524.000000    
        1963  -486.000000    
        1964  -528.000000    
        1965  -510.000000    
        1966  -454.000000    
        1967  -526.000000    
        1968  -500.000000    
        1969  -504.000000    
        1970  -524.000000    
        1971  -520.000000    
        1972  -522.000000    
        1973  -448.000000    
        1974  -466.000000    
        1975  -482.000000    
        1976  -480.000000    
        1977  -544.000000    
        1978  -544.000000    
        1979  -482.000000    
        1980  -530.000000    
        1981  -512.000000    
        1982  -470.000000    
        1983  -532.000000    
        1984  -594.000000    
        1985  -542.000000    
        1986  -536.000000    
        1987  -468.000000    
        1988  -532.000000    
        1989  -540.000000    
        1990  -516.000000    
        1991  -502.000000    
        1992  -504.000000    
        1993  -514.000000    
        1994  -536.000000    
        1995  -510.000000    
        1996  -520.000000    
        1997  -498.000000    
        1998  -512.000000    
        1999  -516.000000    
        2000  -450.000000    
        2001  -506.000000    
        2002  -496.000000    
        2003  -520.000000    
        2004  -542.000000    
        2005  -510.000000    
        2006  -518.000000    
        2007  -542.000000    
        2008  -506.000000    
        2009  -546.000000    
        2010  -516.000000    
        2011  -516.000000    
        2012  -500.000000    
        2013  -428.000000    
        2014  -466.000000    
        2015  -514.000000    
        2016  -532.000000    
        2017  -510.000000    
        2018  -466.000000    
        2019  -512.000000    
        2020  -508.000000    
        2021  -466.000000    
        2022  -492.000000    
        2023  -466.000000    
        2024  -468.000000    
        2025  -526.000000    
        2026  -538.000000    
        2027  -536.000000    
        2028  -494.000000    
        2029  -486.000000    
        2030  -498.000000    
        2031  -530.000000    
        2032  -502.000000    
        2033  -488.000000    
        2034  -504.000000    
        2035  -524.000000    
        2036  -460.000000    
        2037  -506.000000    
        2038  -462.000000    
        2039  -486.000000    
        2040  -524.000000    
        2041  -510.000000    
        2042  -518.000000    
        2043  -472.000000    
        2044  -530.000000    
        2045  -502.000000    
        2046  -506.000000    
        2047  -440.000000    
        2048  -472.000000    
        2049  -446.000000    
        2050  -514.000000    
        2051  -494.000000    
        2052  -542.000000    
        2053  -514.000000    
        2054  -524.000000    
        2055  -540.000000    
        2056  -490.000000    
        2057  -540.000000    
        2058  -510.000000    
        2059  -518.000000    
        2060  -512.000000    
        2061  -506.000000    
        2062  -480.000000    
        2063  -494.000000    
        2064  -530.000000    
        2065  -506.000000    
        2066  -482.000000    
        2067  -454.000000    
        2068  -494.000000    
        2069  -492.000000    
        2070  -532.000000    
        2071  -490.000000    
        2072  -506.000000    
        2073  -514.000000    
        2074  -530.000000    
        2075  -476.000000    
        2076  -516.000000    
        2077  -500.000000    
        2078  -478.000000    
        2079  -498.000000    
        2080  -518.000000    
        2081  -518.000000    
        2082  -508.000000    
        2083  -464.000000    
        2084  -506.000000    
        2085  -554.000000    
        2086  -514.000000    
        2087  -494.000000    
        2088  -486.000000    
        2089  -454.000000    
        2090  -528.000000    
        2091  -470.000000    
        2092  -524.000000    
        2093  -482.000000    
        2094  -526.000000    
        2095  -502.000000    
        2096  -534.000000    
        2097  -490.000000    
        2098  -500.000000    
        2099  -496.000000    
        2100  -472.000000    
        2101  -534.000000    
        2102  -548.000000    
        2103  -500.000000    
        2104  -500.000000    
        2105  -524.000000    
        2106  -472.000000    
        2107  -520.000000    
        2108  -528.000000    
        2109  -478.000000    
        2110  -528.000000    
        2111  -438.000000    
        2112  -500.000000    
        2113  -486.000000    
        2114  -478.000000    
        2115  -534.000000    
        2116  -502.000000    
        2117  -498.000000    
        2118  -516.000000    
        2119  -466.000000    
        2120  -494.000000    
        2121  -546.000000    
        2122  -484.000000    
        2123  -508.000000    
        2124  -498.000000    
        2125  -524.000000    
        2126  -474.000000    
        2127  -502.000000    
        2128  -510.000000    
        2129  -522.000000    
        2130  -518.000000    
        2131  -482.000000    
        2132  -474.000000    
        2133  -554.000000    
        2134  -544.000000    
        2135  -486.000000    
        2136  -460.000000    
        2137  -536.000000    
        2138  -464.000000    
        2139  -512.000000    
        2140  -480.000000    
        2141  -514.000000    
        2142  -506.000000    
        2143  -516.000000    
        2144  -498.000000    
        2145  -526.000000    
        2146  -508.000000    
        2147  -498.000000    
        2148  -502.000000    
        2149  -520.000000    
        2150  -460.000000    
        2151  -516.000000    
        2152  -468.000000    
        2153  -492.000000    
        2154  -530.000000    
        2155  -466.000000    
        2156  -534.000000    
        2157  -484.000000    
        2158  -486.000000    
        2159  -478.000000    
        2160  -534.000000    
        2161  -502.000000    
        2162  -540.000000    
        2163  -476.000000    
        2164  -460.000000    
        2165  -478.000000    
        2166  -488.000000    
        2167  -514.000000    
        2168  -502.000000    
        2169  -538.000000    
        2170  -478.000000    
        2171  -506.000000    
        2172  -506.000000    
        2173  -498.000000    
        2174  -500.000000    
        2175  -524.000000    
        2176  -448.000000    
        2177  -536.000000    
        2178  -448.000000    
        2179  -516.000000    
        2180  -484.000000    
        2181  -464.000000    
        2182  -552.000000    
        2183  -518.000000    
        2184  -474.000000    
        2185  -500.000000    
        2186  -562.000000    
        2187  -484.000000    
        2188  -468.000000    
        2189  -520.000000    
        2190  -494.000000    
        2191  -510.000000    
        2192  -488.000000    
        2193  -454.000000    
        2194  -510.000000    
        2195  -498.000000    
        2196  -444.000000    
        2197  -466.000000    
        2198  -478.000000    
        2199  -494.000000    
        2200  -414.000000    
        2201  -502.000000    
        2202  -488.000000    
        2203  -500.000000    
        2204  -476.000000    
        2205  -586.000000    
        2206  -540.000000    
        2207  -488.000000    
        2208  -518.000000    
        2209  -514.000000    
        2210  -522.000000    
        2211  -450.000000    
        2212  -484.000000    
        2213  -536.000000    
        2214  -474.000000    
        2215  -558.000000    
        2216  -500.000000    
        2217  -478.000000    
        2218  -512.000000    
        2219  -484.000000    
        2220  -526.000000    
        2221  -488.000000    
        2222  -472.000000    
        2223  -510.000000    
        2224  -492.000000    
        2225  -548.000000    
        2226  -422.000000    
        2227  -532.000000    
        2228  -500.000000    
        2229  -498.000000    
        2230  -522.000000    
        2231  -504.000000    
        2232  -498.000000    
        2233  -506.000000    
        2234  -544.000000    
        2235  -554.000000    
        2236  -458.000000    
        2237  -574.000000    
        2238  -484.000000    
        2239  -514.000000    
        2240  -508.000000    
        2241  -438.000000    
        2242  -474.000000    
        2243  -528.000000    
        2244  -452.000000    
        2245  -520.000000    
        2246  -576.000000    
        2247  -508.000000    
        2248  -462.000000    
        2249  -514.000000    
        2250  -508.000000    
        2251  -484.000000    
        2252  -508.000000    
        2253  -494.000000    
        2254  -482.000000    
        2255  -466.000000    
        2256  -548.000000    
        2257  -546.000000    
        2258  -458.000000    
        2259  -458.000000    
        2260  -524.000000    
        2261  -514.000000    
        2262  -508.000000    
        2263  -532.000000    
        2264  -476.000000    
        2265  -508.000000    
        2266  -482.000000    
        2267  -438.000000    
        2268  -482.000000    
        2269  -504.000000    
        2270  -506.000000    
        2271  -494.000000    
        2272  -508.000000    
        2273  -508.000000    
        2274  -534.000000    
        2275  -508.000000    
        2276  -484.000000    
        2277  -498.000000    
        2278  -480.000000    
        2279  -516.000000    
        2280  -496.000000    
        2281  -490.000000    
        2282  -516.000000    
        2283  -532.000000    
        2284  -474.000000    
        2285  -460.000000    
        2286  -498.000000    
        2287  -462.000000    
        2288  -500.000000    
        2289  -540.000000    
        2290  -480.000000    
        2291  -536.000000    
        2292  -502.000000    
        2293  -482.000000    
        2294  -510.000000    
        2295  -484.000000    
        2296  -498.000000    
        2297  -490.000000    
        2298  -486.000000    
        2299  -530.000000    
        2300  -514.000000    
        2301  -492.000000    
        2302  -566.000000    
        2303  -514.000000    
        2304  -488.000000    
        2305  -490.000000    
        2306  -462.000000    
        2307  -510.000000    
        2308  -516.000000    
        2309  -476.000000    
        2310  -494.000000    
        2311  -502.000000    
        2312  -532.000000    
        2313  -440.000000    
        2314  -562.000000    
        2315  -480.000000    
        2316  -548.000000    
        2317  -516.000000    
        2318  -498.000000    
        2319  -484.000000    
        2320  -444.000000    
        2321  -546.000000    
        2322  -500.000000    
        2323  -506.000000    
        2324  -478.000000    
        2325  -500.000000    
        2326  -508.000000    
        2327  -538.000000    
        2328  -512.000000    
        2329  -524.000000    
        2330  -544.000000    
        2331  -514.000000    
        2332  -500.000000    
        2333  -564.000000    
        2334  -482.000000    
        2335  -508.000000    
        2336  -536.000000    
        2337  -466.000000    
        2338  -520.000000    
        2339  -514.000000    
        2340  -454.000000    
        2341  -510.000000    
        2342  -484.000000    
        2343  -496.000000    
        2344  -504.000000    
        2345  -476.000000    
        2346  -518.000000    
        2347  -506.000000    
        2348  -468.000000    
        2349  -500.000000    
        2350  -518.000000    
        2351  -454.000000    
        2352  -490.000000    
        2353  -488.000000    
        2354  -454.000000    
        2355  -540.000000    
        2356  -454.000000    
        2357  -542.000000    
        2358  -538.000000    
        2359  -488.000000    
        2360  -510.000000    
        2361  -460.000000    
        2362  -526.000000    
        2363  -450.000000    
        2364  -526.000000    
        2365  -536.000000    
        2366  -512.000000    
        2367  -520.000000    
        2368  -520.000000    
        2369  -506.000000    
        2370  -550.000000    
        2371  -548.000000    
        2372  -450.000000    
        2373  -454.000000    
        2374  -514.000000    
        2375  -480.000000    
        2376  -512.000000    
        2377  -520.000000    
        2378  -488.000000    
        2379  -478.000000    
        2380  -508.000000    
        2381  -472.000000    
        2382  -510.000000    
        2383  -522.000000    
        2384  -528.000000    
        2385  -490.000000    
        2386  -486.000000    
        2387  -512.000000    
        2388  -476.000000    
        2389  -522.000000    
        2390  -504.000000    
        2391  -492.000000    
        2392  -482.000000    
        2393  -518.000000    
        2394  -548.000000    
        2395  -486.000000    
        2396  -482.000000    
        2397  -506.000000    
        2398  -514.000000    
        2399  -560.000000    
        2400  -500.000000    
        2401  -484.000000    
        2402  -524.000000    
        2403  -504.000000    
        2404  -538.000000    
        2405  -502.000000    
        2406  -512.000000    
        2407  -490.000000    
        2408  -518.000000    
        2409  -496.000000    
        2410  -550.000000    
        2411  -472.000000    
        2412  -464.000000    
        2413  -492.000000    
        2414  -518.000000    
        2415  -522.000000    
        2416  -548.000000    
        2417  -490.000000    
        2418  -476.000000    
        2419  -498.000000    
        2420  -514.000000    
        2421  -472.000000    
        2422  -482.000000    
        2423  -472.000000    
        2424  -474.000000    
        2425  -484.000000    
        2426  -494.000000    
        2427  -502.000000    
        2428  -530.000000    
        2429  -530.000000    
        2430  -544.000000    
        2431  -552.000000    
        2432  -490.000000    
        2433  -512.000000    
        2434  -488.000000    
        2435  -468.000000    
        2436  -444.000000    
        2437  -472.000000    
        2438  -512.000000    
        2439  -484.000000    
        2440  -494.000000    
        2441  -514.000000    
        2442  -512.000000    
        2443  -504.000000    
        2444  -526.000000    
        2445  -494.000000    
        2446  -520.000000    
        2447  -552.000000    
        2448  -498.000000    
        2449  -528.000000    
        2450  -512.000000    
        2451  -548.000000    
        2452  -516.000000    
        2453  -454.000000    
        2454  -530.000000    
        2455  -510.000000    
        2456  -566.000000    
        2457  -520.000000    
        2458  -548.000000    
        2459  -546.000000    
        2460  -516.000000    
        2461  -520.000000    
        2462  -500.000000    
        2463  -470.000000    
        2464  -512.000000    
        2465  -524.000000    
        2466  -476.000000    
        2467  -546.000000    
        2468  -532.000000    
        2469  -524.000000    
        2470  -490.000000    
        2471  -508.000000    
        2472  -498.000000    
        2473  -496.000000    
        2474  -514.000000    
        2475  -496.000000    
        2476  -528.000000    
        2477  -534.000000    
        2478  -512.000000    
        2479  -508.000000    
        2480  -510.000000    
        2481  -426.000000    
        2482  -510.000000    
        2483  -518.000000    
        2484  -556.000000    
        2485  -518.000000    
        2486  -486.000000    
        2487  -454.000000    
        2488  -482.000000    
        2489  -488.000000    
        2490  -514.000000    
        2491  -564.000000    
        2492  -504.000000    
        2493  -516.000000    
        2494  -504.000000    
        2495  -524.000000    
        2496  -480.000000    
        2497  -454.000000    
        2498  -490.000000    
        2499  -472.000000    
        2500  -464.000000    
        2501  -530.000000    
        2502  -508.000000    
        2503  -470.000000    
        2504  -480.000000    
        2505  -514.000000    
        2506  -482.000000    
        2507  -518.000000    
        2508  -544.000000    
        2509  -476.000000    
        2510  -496.000000    
        2511  -496.000000    
        2512  -492.000000    
        2513  -498.000000    
        2514  -558.000000    
        2515  -466.000000    
        2516  -522.000000    
        2517  -492.000000    
        2518  -468.000000    
        2519  -494.000000    
        2520  -528.000000    
        2521  -482.000000    
        2522  -522.000000    
        2523  -498.000000    
        2524  -484.000000    
        2525  -518.000000    
        2526  -472.000000    
        2527  -520.000000    
        2528  -474.000000    
        2529  -526.000000    
        2530  -506.000000    
        2531  -532.000000    
        2532  -470.000000    
        2533  -484.000000    
        2534  -524.000000    
        2535  -510.000000    
        2536  -506.000000    
        2537  -486.000000    
        2538  -472.000000    
        2539  -548.000000    
        2540  -518.000000    
        2541  -504.000000    
        2542  -492.000000    
        2543  -534.000000    
        2544  -544.000000    
        2545  -502.000000    
        2546  -444.000000    
        2547  -486.000000    
        2548  -504.000000    
        2549  -472.000000    
        2550  -498.000000    
        2551  -536.000000    
        2552  -530.000000    
        2553  -498.000000    
        2554  -520.000000    
        2555  -532.000000    
        2556  -490.000000    
        2557  -514.000000    
        2558  -516.000000    
        2559  -470.000000    
        2560  -506.000000    
        2561  -486.000000    
        2562  -524.000000    
        2563  -548.000000    
        2564  -524.000000    
        2565  -506.000000    
        2566  -482.000000    
        2567  -482.000000    
        2568  -462.000000    
        2569  -522.000000    
        2570  -502.000000    
        2571  -432.000000    
        2572  -550.000000    
        2573  -512.000000    
        2574  -490.000000    
        2575  -482.000000    
        2576  -554.000000    
        2577  -482.000000    
        2578  -486.000000    
        2579  -472.000000    
        2580  -476.000000    
        2581  -432.000000    
        2582  -528.000000    
        2583  -476.000000    
        2584  -464.000000    
        2585  -466.000000    
        2586  -494.000000    
        2587  -480.000000    
        2588  -526.000000    
        2589  -526.000000    
        2590  -474.000000    
        2591  -500.000000    
        2592  -470.000000    
        2593  -532.000000    
        2594  -498.000000    
        2595  -498.000000    
        2596  -498.000000    
        2597  -472.000000    
        2598  -490.000000    
        2599  -464.000000    
        2600  -496.000000    
        2601  -490.000000    
        2602  -582.000000    
        2603  -482.000000    
        2604  -434.000000    
        2605  -530.000000    
        2606  -472.000000    
        2607  -542.000000    
        2608  -478.000000    
        2609  -466.000000    
        2610  -482.000000    
        2611  -474.000000    
        2612  -488.000000    
        2613  -474.000000    
        2614  -496.000000    
        2615  -502.000000    
        2616  -540.000000    
        2617  -526.000000    
        2618  -478.000000    
        2619  -484.000000    
        2620  -566.000000    
        2621  -506.000000    
        2622  -500.000000    
        2623  -492.000000    
        2624  -492.000000    
        2625  -482.000000    
        2626  -518.000000    
        2627  -540.000000    
        2628  -504.000000    
        2629  -486.000000    
        2630  -468.000000    
        2631  -558.000000    
        2632  -502.000000    
        2633  -526.000000    
        2634  -522.000000    
        2635  -508.000000    
        2636  -466.000000    
        2637  -522.000000    
        2638  -494.000000    
        2639  -558.000000    
        2640  -464.000000    
        2641  -464.000000    
        2642  -506.000000    
        2643  -520.000000    
        2644  -516.000000    
        2645  -490.000000    
        2646  -498.000000    
        2647  -538.000000    
        2648  -492.000000    
        2649  -446.000000    
        2650  -512.000000    
        2651  -522.000000    
        2652  -522.000000    
        2653  -518.000000    
        2654  -464.000000    
        2655  -540.000000    
        2656  -534.000000    
        2657  -530.000000    
        2658  -460.000000    
        2659  -490.000000    
        2660  -508.000000    
        2661  -484.000000    
        2662  -534.000000    
        2663  -462.000000    
        2664  -492.000000    
        2665  -532.000000    
        2666  -502.000000    
        2667  -494.000000    
        2668  -488.000000    
        2669  -508.000000    
        2670  -482.000000    
        2671  -448.000000    
        2672  -450.000000    
        2673  -570.000000    
        2674  -496.000000    
        2675  -552.000000    
        2676  -512.000000    
        2677  -534.000000    
        2678  -504.000000    
        2679  -456.000000    
        2680  -508.000000    
        2681  -500.000000    
        2682  -502.000000    
        2683  -494.000000    
        2684  -464.000000    
        2685  -548.000000    
        2686  -518.000000    
        2687  -526.000000    
        2688  -458.000000    
        2689  -488.000000    
        2690  -500.000000    
        2691  -544.000000    
        2692  -514.000000    
        2693  -534.000000    
        2694  -482.000000    
        2695  -478.000000    
        2696  -488.000000    
        2697  -528.000000    
        2698  -506.000000    
        2699  -550.000000    
        2700  -498.000000    
        2701  -448.000000    
        2702  -520.000000    
        2703  -468.000000    
        2704  -468.000000    
        2705  -488.000000    
        2706  -506.000000    
        2707  -496.000000    
        2708  -514.000000    
        2709  -474.000000    
        2710  -520.000000    
        2711  -530.000000    
        2712  -488.000000    
        2713  -496.000000    
        2714  -538.000000    
        2715  -486.000000    
        2716  -528.000000    
        2717  -522.000000    
        2718  -488.000000    
        2719  -542.000000    
        2720  -506.000000    
        2721  -458.000000    
        2722  -538.000000    
        2723  -506.000000    
        2724  -512.000000    
        2725  -512.000000    
        2726  -538.000000    
        2727  -506.000000    
        2728  -556.000000    
        2729  -496.000000    
        2730  -500.000000    
        2731  -502.000000    
        2732  -518.000000    
        2733  -514.000000    
        2734  -502.000000    
        2735  -508.000000    
        2736  -502.000000    
        2737  -520.000000    
        2738  -480.000000    
        2739  -518.000000    
        2740  -434.000000    
        2741  -490.000000    
        2742  -516.000000    
        2743  -446.000000    
        2744  -514.000000    
        2745  -510.000000    
        2746  -504.000000    
        2747  -494.000000    
        2748  -482.000000    
        2749  -552.000000    
        2750  -530.000000    
        2751  -468.000000    
        2752  -502.000000    
        2753  -526.000000    
        2754  -484.000000    
        2755  -516.000000    
        2756  -502.000000    
        2757  -496.000000    
        2758  -444.000000    
        2759  -476.000000    
        2760  -512.000000    
        2761  -520.000000    
        2762  -500.000000    
        2763  -504.000000    
        2764  -534.000000    
        2765  -500.000000    
        2766  -462.000000    
        2767  -516.000000    
        2768  -548.000000    
        2769  -476.000000    
        2770  -546.000000    
        2771  -438.000000    
        2772  -540.000000    
        2773  -486.000000    
        2774  -502.000000    
        2775  -452.000000    
        2776  -472.000000    
        2777  -490.000000    
        2778  -496.000000    
        2779  -516.000000    
        2780  -486.000000    
        2781  -492.000000    
        2782  -470.000000    
        2783  -562.000000    
        2784  -488.000000    
        2785  -496.000000    
        2786  -528.000000    
        2787  -554.000000    
        2788  -486.000000    
        2789  -498.000000    
        2790  -444.000000    
        2791  -504.000000    
        2792  -500.000000    
        2793  -536.000000    
        2794  -538.000000    
        2795  -494.000000    
        2796  -524.000000    
        2797  -478.000000    
        2798  -448.000000    
        2799  -454.000000    
        2800  -542.000000    
        2801  -462.000000    
        2802  -516.000000    
        2803  -530.000000    
        2804  -472.000000    
        2805  -488.000000    
        2806  -492.000000    
        2807  -540.000000    
        2808  -518.000000    
        2809  -480.000000    
        2810  -550.000000    
        2811  -520.000000    
        2812  -496.000000    
        2813  -462.000000    
        2814  -468.000000    
        2815  -458.000000    
        2816  -514.000000    
        2817  -494.000000    
        2818  -460.000000    
        2819  -500.000000    
        2820  -458.000000    
        2821  -504.000000    
        2822  -506.000000    
        2823  -522.000000    
        2824  -504.000000    
        2825  -524.000000    
        2826  -474.000000    
        2827  -480.000000    
        2828  -544.000000    
        2829  -498.000000    
        2830  -496.000000    
        2831  -544.000000    
        2832  -542.000000    
        2833  -492.000000    
        2834  -486.000000    
        2835  -524.000000    
        2836  -510.000000    
        2837  -550.000000    
        2838  -496.000000    
        2839  -488.000000    
        2840  -482.000000    
        2841  -530.000000    
        2842  -486.000000    
        2843  -520.000000    
        2844  -500.000000    
        2845  -480.000000    
        2846  -508.000000    
        2847  -508.000000    
        2848  -508.000000    
        2849  -494.000000    
        2850  -526.000000    
        2851  -470.000000    
        2852  -542.000000    
        2853  -472.000000    
        2854  -474.000000    
        2855  -570.000000    
        2856  -522.000000    
        2857  -522.000000    
        2858  -490.000000    
        2859  -534.000000    
        2860  -502.000000    
        2861  -492.000000    
        2862  -494.000000    
        2863  -506.000000    
        2864  -520.000000    
        2865  -458.000000    
        2866  -506.000000    
        2867  -500.000000    
        2868  -522.000000    
        2869  -538.000000    
        2870  -512.000000    
        2871  -502.000000    
        2872  -484.000000    
        2873  -512.000000    
        2874  -486.000000    
        2875  -504.000000    
        2876  -548.000000    
        2877  -462.000000    
        2878  -542.000000    
        2879  -524.000000    
        2880  -486.000000    
        2881  -520.000000    
        2882  -534.000000    
        2883  -524.000000    
        2884  -458.000000    
        2885  -516.000000    
        2886  -472.000000    
        2887  -520.000000    
        2888  -454.000000    
        2889  -532.000000    
        2890  -458.000000    
        2891  -548.000000    
        2892  -522.000000    
        2893  -450.000000    
        2894  -496.000000    
        2895  -482.000000    
        2896  -504.000000    
        2897  -518.000000    
        2898  -516.000000    
        2899  -488.000000    
        2900  -492.000000    
        2901  -506.000000    
        2902  -544.000000    
        2903  -512.000000    
        2904  -486.000000    
        2905  -488.000000    
        2906  -482.000000    
        2907  -506.000000    
        2908  -458.000000    
        2909  -484.000000    
        2910  -504.000000    
        2911  -532.000000    
        2912  -450.000000    
        2913  -536.000000    
        2914  -506.000000    
        2915  -500.000000    
        2916  -506.000000    
        2917  -550.000000    
        2918  -490.000000    
        2919  -482.000000    
        2920  -490.000000    
        2921  -468.000000    
        2922  -480.000000    
        2923  -506.000000    
        2924  -492.000000    
        2925  -482.000000    
        2926  -450.000000    
        2927  -458.000000    
        2928  -508.000000    
        2929  -474.000000    
        2930  -480.000000    
        2931  -498.000000    
        2932  -532.000000    
        2933  -498.000000    
        2934  -478.000000    
        2935  -456.000000    
        2936  -526.000000    
        2937  -522.000000    
        2938  -548.000000    
        2939  -462.000000    
        2940  -496.000000    
        2941  -532.000000    
        2942  -460.000000    
        2943  -538.000000    
        2944  -504.000000    
        2945  -528.000000    
        2946  -492.000000    
        2947  -532.000000    
        2948  -494.000000    
        2949  -512.000000    
        2950  -452.000000    
        2951  -454.000000    
        2952  -516.000000    
        2953  -450.000000    
        2954  -530.000000    
        2955  -524.000000    
        2956  -480.000000    
        2957  -566.000000    
        2958  -528.000000    
        2959  -496.000000    
        2960  -480.000000    
        2961  -542.000000    
        2962  -460.000000    
        2963  -482.000000    
        2964  -520.000000    
        2965  -520.000000    
        2966  -486.000000    
        2967  -522.000000    
        2968  -528.000000    
        2969  -522.000000    
        2970  -520.000000    
        2971  -482.000000    
        2972  -528.000000    
        2973  -440.000000    
        2974  -496.000000    
        2975  -524.000000    
        2976  -532.000000    
        2977  -492.000000    
        2978  -486.000000    
        2979  -496.000000    
        2980  -432.000000    
        2981  -462.000000    
        2982  -446.000000    
        2983  -480.000000    
        2984  -458.000000    
        2985  -520.000000    
        2986  -482.000000    
        2987  -482.000000    
        2988  -480.000000    
        2989  -530.000000    
        2990  -548.000000    
        2991  -510.000000    
        2992  -532.000000    
        2993  -478.000000    
        2994  -498.000000    
        2995  -556.000000    
        2996  -492.000000    
        2997  -528.000000    
        2998  -528.000000    
        2999  -540.000000    
        3000  -552.000000    
        3001  -496.000000    
        3002  -454.000000    
        3003  -506.000000    
        3004  -472.000000    
        3005  -512.000000    
        3006  -538.000000    
        3007  -474.000000    
        3008  -482.000000    
        3009  -478.000000    
        3010  -474.000000    
        3011  -526.000000    
        3012  -462.000000    
        3013  -506.000000    
        3014  -542.000000    
        3015  -490.000000    
        3016  -508.000000    
        3017  -540.000000    
        3018  -516.000000    
        3019  -494.000000    
        3020  -518.000000    
        3021  -514.000000    
        3022  -500.000000    
        3023  -508.000000    
        3024  -532.000000    
        3025  -502.000000    
        3026  -556.000000    
        3027  -540.000000    
        3028  -536.000000    
        3029  -490.000000    
        3030  -520.000000    
        3031  -502.000000    
        3032  -538.000000    
        3033  -504.000000    
        3034  -510.000000    
        3035  -512.000000    
        3036  -506.000000    
        3037  -466.000000    
        3038  -494.000000    
        3039  -498.000000    
        3040  -486.000000    
        3041  -466.000000    
        3042  -526.000000    
        3043  -510.000000    
        3044  -508.000000    
        3045  -516.000000    
        3046  -512.000000    
        3047  -524.000000    
        3048  -442.000000    
        3049  -502.000000    
        3050  -478.000000    
        3051  -486.000000    
        3052  -498.000000    
        3053  -530.000000    
        3054  -504.000000    
        3055  -538.000000    
        3056  -476.000000    
        3057  -466.000000    
        3058  -514.000000    
        3059  -528.000000    
        3060  -482.000000    
        3061  -488.000000    
        3062  -502.000000    
        3063  -530.000000    
        3064  -518.000000    
        3065  -514.000000    
        3066  -426.000000    
        3067  -510.000000    
        3068  -550.000000    
        3069  -514.000000    
        3070  -488.000000    
        3071  -498.000000    
        3072  -502.000000    
        3073  -454.000000    
        3074  -500.000000    
        3075  -500.000000    
        3076  -552.000000    
        3077  -486.000000    
        3078  -488.000000    
        3079  -474.000000    
        3080  -436.000000    
        3081  -516.000000    
        3082  -506.000000    
        3083  -500.000000    
        3084  -510.000000    
        3085  -512.000000    
        3086  -512.000000    
        3087  -504.000000    
        3088  -516.000000    
        3089  -526.000000    
        3090  -466.000000    
        3091  -468.000000    
        3092  -478.000000    
        3093  -436.000000    
        3094  -528.000000    
        3095  -490.000000    
        3096  -516.000000    
        3097  -456.000000    
        3098  -522.000000    
        3099  -536.000000    
        3100  -482.000000    
        3101  -502.000000    
        3102  -466.000000    
        3103  -526.000000    
        3104  -494.000000    
        3105  -490.000000    
        3106  -506.000000    
        3107  -522.000000    
        3108  -456.000000    
        3109  -512.000000    
        3110  -532.000000    
        3111  -518.000000    
        3112  -512.000000    
        3113  -512.000000    
        3114  -482.000000    
        3115  -506.000000    
        3116  -504.000000    
        3117  -476.000000    
        3118  -510.000000    
        3119  -504.000000    
        3120  -476.000000    
        3121  -532.000000    
        3122  -474.000000    
        3123  -480.000000    
        3124  -520.000000    
        3125  -546.000000    
        3126  -458.000000    
        3127  -506.000000    
        3128  -510.000000    
        3129  -538.000000    
        3130  -526.000000    
        3131  -488.000000    
        3132  -490.000000    
        3133  -504.000000    
        3134  -480.000000    
        3135  -490.000000    
        3136  -496.000000    
        3137  -514.000000    
        3138  -538.000000    
        3139  -556.000000    
        3140  -550.000000    
        3141  -484.000000    
        3142  -548.000000    
        3143  -500.000000    
        3144  -494.000000    
        3145  -504.000000    
        3146  -466.000000    
        3147  -500.000000    
        3148  -538.000000    
        3149  -552.000000    
        3150  -500.000000    
        3151  -512.000000    
        3152  -462.000000    
        3153  -400.000000    
        3154  -472.000000    
        3155  -458.000000    
        3156  -506.000000    
        3157  -488.000000    
        3158  -512.000000    
        3159  -508.000000    
        3160  -496.000000    
        3161  -494.000000    
        3162  -474.000000    
        3163  -460.000000    
        3164  -498.000000    
        3165  -456.000000    
        3166  -500.000000    
        3167  -482.000000    
        3168  -536.000000    
        3169  -446.000000    
        3170  -570.000000    
        3171  -552.000000    
        3172  -538.000000    
        3173  -510.000000    
        3174  -542.000000    
        3175  -498.000000    
        3176  -496.000000    
        3177  -548.000000    
        3178  -518.000000    
        3179  -472.000000    
        3180  -546.000000    
        3181  -512.000000    
        3182  -488.000000    
        3183  -540.000000    
        3184  -484.000000    
        3185  -524.000000    
        3186  -484.000000    
        3187  -464.000000    
        3188  -508.000000    
        3189  -504.000000    
        3190  -504.000000    
        3191  -522.000000    
        3192  -504.000000    
        3193  -460.000000    
        3194  -540.000000    
        3195  -520.000000    
        3196  -484.000000    
        3197  -476.000000    
        3198  -466.000000    
        3199  -532.000000    
        3200  -466.000000    
        3201  -474.000000    
        3202  -468.000000    
        3203  -496.000000    
        3204  -510.000000    
        3205  -418.000000    
        3206  -568.000000    
        3207  -524.000000    
        3208  -512.000000    
        3209  -512.000000    
        3210  -450.000000    
        3211  -520.000000    
        3212  -468.000000    
        3213  -504.000000    
        3214  -504.000000    
        3215  -522.000000    
        3216  -488.000000    
        3217  -470.000000    
        3218  -514.000000    
        3219  -506.000000    
        3220  -516.000000    
        3221  -490.000000    
        3222  -494.000000    
        3223  -532.000000    
        3224  -508.000000    
        3225  -510.000000    
        3226  -500.000000    
        3227  -508.000000    
        3228  -538.000000    
        3229  -496.000000    
        3230  -468.000000    
        3231  -514.000000    
        3232  -502.000000    
        3233  -498.000000    
        3234  -514.000000    
        3235  -518.000000    
        3236  -502.000000    
        3237  -500.000000    
        3238  -474.000000    
        3239  -490.000000    
        3240  -518.000000    
        3241  -452.000000    
        3242  -486.000000    
        3243  -446.000000    
        3244  -538.000000    
        3245  -546.000000    
        3246  -538.000000    
        3247  -508.000000    
        3248  -526.000000    
        3249  -468.000000    
        3250  -472.000000    
        3251  -524.000000    
        3252  -496.000000    
        3253  -492.000000    
        3254  -498.000000    
        3255  -506.000000    
        3256  -508.000000    
        3257  -504.000000    
        3258  -522.000000    
        3259  -482.000000    
        3260  -504.000000    
        3261  -480.000000    
        3262  -520.000000    
        3263  -464.000000    
        3264  -460.000000    
        3265  -472.000000    
        3266  -504.000000    
        3267  -524.000000    
        3268  -488.000000    
        3269  -486.000000    
        3270  -530.000000    
        3271  -530.000000    
        3272  -526.000000    
        3273  -474.000000    
        3274  -544.000000    
        3275  -472.000000    
        3276  -512.000000    
        3277  -506.000000    
        3278  -526.000000    
        3279  -500.000000    
        3280  -578.000000    
        3281  -538.000000    
        3282  -510.000000    
        3283  -486.000000    
        3284  -494.000000    
        3285  -538.000000    
        3286  -484.000000    
        3287  -538.000000    
        3288  -482.000000    
        3289  -486.000000    
        3290  -498.000000    
        3291  -426.000000    
        3292  -520.000000    
        3293  -490.000000    
        3294  -482.000000    
        3295  -514.000000    
        3296  -528.000000    
        3297  -550.000000    
        3298  -516.000000    
        3299  -508.000000    
        3300  -484.000000    
        3301  -530.000000    
        3302  -494.000000    
        3303  -468.000000    
        3304  -458.000000    
        3305  -482.000000    
        3306  -494.000000    
        3307  -516.000000    
        3308  -510.000000    
        3309  -504.000000    
        3310  -478.000000    
        3311  -518.000000    
        3312  -472.000000    
        3313  -502.000000    
        3314  -504.000000    
        3315  -520.000000    
        3316  -514.000000    
        3317  -522.000000    
        3318  -502.000000    
        3319  -546.000000    
        3320  -496.000000    
        3321  -472.000000    
        3322  -466.000000    
        3323  -514.000000    
        3324  -480.000000    
        3325  -512.000000    
        3326  -530.000000    
        3327  -508.000000    
        3328  -526.000000    
        3329  -518.000000    
        3330  -514.000000    
        3331  -472.000000    
        3332  -522.000000    
        3333  -490.000000    
        3334  -486.000000    
        3335  -524.000000    
        3336  -498.000000    
        3337  -492.000000    
        3338  -510.000000    
        3339  -480.000000    
        3340  -546.000000    
        3341  -542.000000    
        3342  -506.000000    
        3343  -536.000000    
        3344  -470.000000    
        3345  -460.000000    
        3346  -450.000000    
        3347  -474.000000    
        3348  -498.000000    
        3349  -478.000000    
        3350  -468.000000    
        3351  -492.000000    
        3352  -476.000000    
        3353  -510.000000    
        3354  -486.000000    
        3355  -512.000000    
        3356  -484.000000    
        3357  -516.000000    
        3358  -486.000000    
        3359  -470.000000    
        3360  -534.000000    
        3361  -516.000000    
        3362  -496.000000    
        3363  -508.000000    
        3364  -526.000000    
        3365  -546.000000    
        3366  -488.000000    
        3367  -508.000000    
        3368  -466.000000    
        3369  -514.000000    
        3370  -498.000000    
        3371  -490.000000    
        3372  -450.000000    
        3373  -520.000000    
        3374  -522.000000    
        3375  -502.000000    
        3376  -488.000000    
        3377  -500.000000    
        3378  -546.000000    
        3379  -494.000000    
        3380  -478.000000    
        3381  -542.000000    
        3382  -516.000000    
        3383  -480.000000    
        3384  -514.000000    
        3385  -528.000000    
        3386  -476.000000    
        3387  -554.000000    
        3388  -450.000000    
        3389  -484.000000    
        3390  -540.000000    
        3391  -556.000000    
        3392  -510.000000    
        3393  -484.000000    
        3394  -506.000000    
        3395  -528.000000    
        3396  -504.000000    
        3397  -518.000000    
        3398  -474.000000    
        3399  -512.000000    
        3400  -480.000000    
        3401  -508.000000    
        3402  -500.000000    
        3403  -518.000000    
        3404  -490.000000    
        3405  -502.000000    
        3406  -504.000000    
        3407  -434.000000    
        3408  -482.000000    
        3409  -506.000000    
        3410  -450.000000    
        3411  -504.000000    
        3412  -492.000000    
        3413  -488.000000    
        3414  -508.000000    
        3415  -480.000000    
        3416  -520.000000    
        3417  -502.000000    
        3418  -450.000000    
        3419  -466.000000    
        3420  -432.000000    
        3421  -500.000000    
        3422  -488.000000    
        3423  -530.000000    
        3424  -446.000000    
        3425  -520.000000    
        3426  -500.000000    
        3427  -502.000000    
        3428  -504.000000    
        3429  -500.000000    
        3430  -486.000000    
        3431  -504.000000    
        3432  -498.000000    
        3433  -484.000000    
        3434  -498.000000    
        3435  -508.000000    
        3436  -488.000000    
        3437  -490.000000    
        3438  -526.000000    
        3439  -486.000000    
        3440  -490.000000    
        3441  -490.000000    
        3442  -468.000000    
        3443  -520.000000    
        3444  -552.000000    
        3445  -450.000000    
        3446  -492.000000    
        3447  -478.000000    
        3448  -496.000000    
        3449  -464.000000    
        3450  -482.000000    
        3451  -526.000000    
        3452  -462.000000    
        3453  -532.000000    
        3454  -506.000000    
        3455  -528.000000    
        3456  -550.000000    
        3457  -536.000000    
        3458  -480.000000    
        3459  -492.000000    
        3460  -530.000000    
        3461  -500.000000    
        3462  -500.000000    
        3463  -468.000000    
        3464  -492.000000    
        3465  -498.000000    
        3466  -510.000000    
        3467  -520.000000    
        3468  -528.000000    
        3469  -522.000000    
        3470  -436.000000    
        3471  -514.000000    
        3472  -506.000000    
        3473  -522.000000    
        3474  -514.000000    
        3475  -520.000000    
        3476  -500.000000    
        3477  -482.000000    
        3478  -484.000000    
        3479  -500.000000    
        3480  -474.000000    
        3481  -510.000000    
        3482  -514.000000    
        3483  -504.000000    
        3484  -518.000000    
        3485  -518.000000    
        3486  -510.000000    
        3487  -502.000000    
        3488  -476.000000    
        3489  -528.000000    
        3490  -496.000000    
        3491  -484.000000    
        3492  -526.000000    
        3493  -508.000000    
        3494  -500.000000    
        3495  -466.000000    
        3496  -488.000000    
        3497  -504.000000    
        3498  -492.000000    
        3499  -542.000000    
        3500  -528.000000    
        3501  -492.000000    
        3502  -442.000000    
        3503  -524.000000    
        3504  -526.000000    
        3505  -572.000000    
        3506  -474.000000    
        3507  -506.000000    
        3508  -512.000000    
        3509  -512.000000    
        3510  -482.000000    
        3511  -448.000000    
        3512  -528.000000    
        3513  -530.000000    
        3514  -530.000000    
        3515  -506.000000    
        3516  -522.000000    
        3517  -532.000000    
        3518  -434.000000    
        3519  -422.000000    
        3520  -554.000000    
        3521  -472.000000    
        3522  -520.000000    
        3523  -462.000000    
        3524  -528.000000    
        3525  -514.000000    
        3526  -512.000000    
        3527  -520.000000    
        3528  -514.000000    
        3529  -518.000000    
        3530  -510.000000    
        3531  -498.000000    
        3532  -512.000000    
        3533  -528.000000    
        3534  -548.000000    
        3535  -538.000000    
        3536  -514.000000    
        3537  -510.000000    
        3538  -510.000000    
        3539  -540.000000    
        3540  -500.000000    
        3541  -540.000000    
        3542  -504.000000    
        3543  -460.000000    
        3544  -454.000000    
        3545  -488.000000    
        3546  -504.000000    
        3547  -526.000000    
        3548  -492.000000    
        3549  -536.000000    
        3550  -466.000000    
        3551  -488.000000    
        3552  -520.000000    
        3553  -526.000000    
        3554  -468.000000    
        3555  -484.000000    
        3556  -552.000000    
        3557  -534.000000    
        3558  -532.000000    
        3559  -438.000000    
        3560  -488.000000    
        3561  -490.000000    
        3562  -524.000000    
        3563  -492.000000    
        3564  -518.000000    
        3565  -518.000000    
        3566  -460.000000    
        3567  -506.000000    
        3568  -480.000000    
        3569  -534.000000    
        3570  -452.000000    
        3571  -504.000000    
        3572  -520.000000    
        3573  -488.000000    
        3574  -512.000000    
        3575  -526.000000    
        3576  -518.000000    
        3577  -530.000000    
        3578  -532.000000    
        3579  -484.000000    
        3580  -484.000000    
        3581  -500.000000    
        3582  -504.000000    
        3583  -508.000000    
        3584  -500.000000    
        3585  -508.000000    
        3586  -522.000000    
        3587  -544.000000    
        3588  -492.000000    
        3589  -496.000000    
        3590  -526.000000    
        3591  -508.000000    
        3592  -468.000000    
        3593  -466.000000    
        3594  -508.000000    
        3595  -464.000000    
        3596  -460.000000    
        3597  -528.000000    
        3598  -452.000000    
        3599  -504.000000    
        3600  -528.000000    
        3601  -516.000000    
        3602  -508.000000    
        3603  -502.000000    
        3604  -532.000000    
        3605  -460.000000    
        3606  -494.000000    
        3607  -520.000000    
        3608  -502.000000    
        3609  -512.000000    
        3610  -478.000000    
        3611  -532.000000    
        3612  -492.000000    
        3613  -480.000000    
        3614  -506.000000    
        3615  -536.000000    
        3616  -504.000000    
        3617  -480.000000    
        3618  -498.000000    
        3619  -454.000000    
        3620  -502.000000    
        3621  -482.000000    
        3622  -498.000000    
        3623  -506.000000    
        3624  -424.000000    
        3625  -468.000000    
        3626  -460.000000    
        3627  -526.000000    
        3628  -500.000000    
        3629  -482.000000    
        3630  -482.000000    
        3631  -508.000000    
        3632  -534.000000    
        3633  -470.000000    
        3634  -456.000000    
        3635  -452.000000    
        3636  -528.000000    
        3637  -510.000000    
        3638  -482.000000    
        3639  -484.000000    
        3640  -538.000000    
        3641  -558.000000    
        3642  -518.000000    
        3643  -488.000000    
        3644  -524.000000    
        3645  -486.000000    
        3646  -502.000000    
        3647  -520.000000    
        3648  -500.000000    
        3649  -500.000000    
        3650  -508.000000    
        3651  -536.000000    
        3652  -476.000000    
        3653  -484.000000    
        3654  -480.000000    
        3655  -570.000000    
        3656  -448.000000    
        3657  -508.000000    
        3658  -490.000000    
        3659  -450.000000    
        3660  -514.000000    
        3661  -504.000000    
        3662  -504.000000    
        3663  -430.000000    
        3664  -464.000000    
        3665  -558.000000    
        3666  -510.000000    
        3667  -446.000000    
        3668  -466.000000    
        3669  -510.000000    
        3670  -496.000000    
        3671  -476.000000    
        3672  -476.000000    
        3673  -538.000000    
        3674  -484.000000    
        3675  -508.000000    
        3676  -478.000000    
        3677  -462.000000    
        3678  -538.000000    
        3679  -546.000000    
        3680  -492.000000    
        3681  -452.000000    
        3682  -488.000000    
        3683  -476.000000    
        3684  -494.000000    
        3685  -476.000000    
        3686  -482.000000    
        3687  -552.000000    
        3688  -490.000000    
        3689  -488.000000    
        3690  -526.000000    
        3691  -488.000000    
        3692  -498.000000    
        3693  -476.000000    
        3694  -536.000000    
        3695  -480.000000    
        3696  -442.000000    
        3697  -476.000000    
        3698  -512.000000    
        3699  -480.000000    
        3700  -440.000000    
        3701  -482.000000    
        3702  -488.000000    
        3703  -498.000000    
        3704  -512.000000    
        3705  -506.000000    
        3706  -492.000000    
        3707  -532.000000    
        3708  -484.000000    
        3709  -500.000000    
        3710  -522.000000    
        3711  -474.000000    
        3712  -490.000000    
        3713  -490.000000    
        3714  -488.000000    
        3715  -502.000000    
        3716  -516.000000    
        3717  -486.000000    
        3718  -488.000000    
        3719  -466.000000    
        3720  -504.000000    
        3721  -454.000000    
        3722  -490.000000    
        3723  -516.000000    
        3724  -540.000000    
        3725  -544.000000    
        3726  -534.000000    
        3727  -492.000000    
        3728  -452.000000    
        3729  -524.000000    
        3730  -524.000000    
        3731  -482.000000    
        3732  -454.000000    
        3733  -508.000000    
        3734  -450.000000    
        3735  -486.000000    
        3736  -534.000000    
        3737  -470.000000    
        3738  -546.000000    
        3739  -494.000000    
        3740  -470.000000    
        3741  -542.000000    
        3742  -490.000000    
        3743  -560.000000    
        3744  -556.000000    
        3745  -436.000000    
        3746  -516.000000    
        3747  -522.000000    
        3748  -520.000000    
        3749  -514.000000    
        3750  -468.000000    
        3751  -544.000000    
        3752  -462.000000    
        3753  -474.000000    
        3754  -492.000000    
        3755  -482.000000    
        3756  -492.000000    
        3757  -508.000000    
        3758  -496.000000    
        3759  -496.000000    
        3760  -556.000000    
        3761  -440.000000    
        3762  -492.000000    
        3763  -480.000000    
        3764  -506.000000    
        3765  -490.000000    
        3766  -466.000000    
        3767  -592.000000    
        3768  -476.000000    
        3769  -506.000000    
        3770  -520.000000    
        3771  -468.000000    
        3772  -466.000000    
        3773  -498.000000    
        3774  -552.000000    
        3775  -480.000000    
        3776  -524.000000    
        3777  -506.000000    
        3778  -470.000000    
        3779  -536.000000    
        3780  -480.000000    
        3781  -512.000000    
        3782  -462.000000    
        3783  -452.000000    
        3784  -466.000000    
        3785  -482.000000    
        3786  -530.000000    
        3787  -458.000000    
        3788  -438.000000    
        3789  -492.000000    
        3790  -512.000000    
        3791  -510.000000    
        3792  -504.000000    
        3793  -502.000000    
        3794  -508.000000    
        3795  -468.000000    
        3796  -470.000000    
        3797  -468.000000    
        3798  -508.000000    
        3799  -454.000000    
        3800  -490.000000    
        3801  -510.000000    
        3802  -516.000000    
        3803  -482.000000    
        3804  -454.000000    
        3805  -478.000000    
        3806  -524.000000    
        3807  -518.000000    
        3808  -456.000000    
        3809  -522.000000    
        3810  -512.000000    
        3811  -514.000000    
        3812  -476.000000    
        3813  -466.000000    
        3814  -484.000000    
        3815  -468.000000    
        3816  -540.000000    
        3817  -520.000000    
        3818  -472.000000    
        3819  -480.000000    
        3820  -530.000000    
        3821  -458.000000    
        3822  -546.000000    
        3823  -510.000000    
        3824  -498.000000    
        3825  -498.000000    
        3826  -558.000000    
        3827  -532.000000    
        3828  -462.000000    
        3829  -542.000000    
        3830  -500.000000    
        3831  -504.000000    
        3832  -494.000000    
        3833  -508.000000    
        3834  -482.000000    
        3835  -526.000000    
        3836  -512.000000    
        3837  -448.000000    
        3838  -474.000000    
        3839  -468.000000    
        3840  -518.000000    
        3841  -484.000000    
        3842  -496.000000    
        3843  -496.000000    
        3844  -482.000000    
        3845  -508.000000    
        3846  -416.000000    
        3847  -506.000000    
        3848  -502.000000    
        3849  -512.000000    
        3850  -494.000000    
        3851  -514.000000    
        3852  -460.000000    
        3853  -456.000000    
        3854  -478.000000    
        3855  -516.000000    
        3856  -492.000000    
        3857  -518.000000    
        3858  -480.000000    
        3859  -508.000000    
        3860  -516.000000    
        3861  -500.000000    
        3862  -540.000000    
        3863  -486.000000    
        3864  -508.000000    
        3865  -564.000000    
        3866  -482.000000    
        3867  -510.000000    
        3868  -518.000000    
        3869  -482.000000    
        3870  -510.000000    
        3871  -522.000000    
        3872  -494.000000    
        3873  -512.000000    
        3874  -520.000000    
        3875  -514.000000    
        3876  -484.000000    
        3877  -498.000000    
        3878  -536.000000    
        3879  -456.000000    
        3880  -514.000000    
        3881  -538.000000    
        3882  -444.000000    
        3883  -544.000000    
        3884  -462.000000    
        3885  -482.000000    
        3886  -466.000000    
        3887  -496.000000    
        3888  -474.000000    
        3889  -494.000000    
        3890  -470.000000    
        3891  -470.000000    
        3892  -414.000000    
        3893  -474.000000    
        3894  -502.000000    
        3895  -508.000000    
        3896  -518.000000    
        3897  -510.000000    
        3898  -480.000000    
        3899  -478.000000    
        3900  -452.000000    
        3901  -510.000000    
        3902  -440.000000    
        3903  -476.000000    
        3904  -520.000000    
        3905  -516.000000    
        3906  -486.000000    
        3907  -474.000000    
        3908  -496.000000    
        3909  -474.000000    
        3910  -468.000000    
        3911  -512.000000    
        3912  -508.000000    
        3913  -540.000000    
        3914  -488.000000    
        3915  -450.000000    
        3916  -486.000000    
        3917  -492.000000    
        3918  -490.000000    
        3919  -478.000000    
        3920  -510.000000    
        3921  -480.000000    
        3922  -488.000000    
        3923  -516.000000    
        3924  -550.000000    
        3925  -496.000000    
        3926  -512.000000    
        3927  -506.000000    
        3928  -496.000000    
        3929  -498.000000    
        3930  -504.000000    
        3931  -504.000000    
        3932  -512.000000    
        3933  -520.000000    
        3934  -508.000000    
        3935  -556.000000    
        3936  -470.000000    
        3937  -480.000000    
        3938  -498.000000    
        3939  -542.000000    
        3940  -494.000000    
        3941  -470.000000    
        3942  -484.000000    
        3943  -508.000000    
        3944  -532.000000    
        3945  -474.000000    
        3946  -494.000000    
        3947  -496.000000    
        3948  -526.000000    
        3949  -462.000000    
        3950  -466.000000    
        3951  -482.000000    
        3952  -516.000000    
        3953  -466.000000    
        3954  -512.000000    
        3955  -518.000000    
        3956  -516.000000    
        3957  -482.000000    
        3958  -460.000000    
        3959  -530.000000    
        3960  -492.000000    
        3961  -470.000000    
        3962  -530.000000    
        3963  -550.000000    
        3964  -546.000000    
        3965  -474.000000    
        3966  -486.000000    
        3967  -500.000000    
        3968  -558.000000    
        3969  -510.000000    
        3970  -490.000000    
        3971  -468.000000    
        3972  -490.000000    
        3973  -532.000000    
        3974  -536.000000    
        3975  -510.000000    
        3976  -544.000000    
        3977  -480.000000    
        3978  -508.000000    
        3979  -448.000000    
        3980  -520.000000    
        3981  -536.000000    
        3982  -524.000000    
        3983  -482.000000    
        3984  -540.000000    
        3985  -502.000000    
        3986  -544.000000    
        3987  -476.000000    
        3988  -520.000000    
        3989  -468.000000    
        3990  -494.000000    
        3991  -540.000000    
        3992  -508.000000    
        3993  -504.000000    
        3994  -530.000000    
        3995  -516.000000    
        3996  -482.000000    
        3997  -480.000000    
        3998  -410.000000    
        3999  -440.000000    
        4000  -474.000000    
        4001  -532.000000    
        4002  -460.000000    
        4003  -478.000000    
        4004  -528.000000    
        4005  -494.000000    
        4006  -546.000000    
        4007  -474.000000    
        4008  -530.000000    
        4009  -504.000000    
        4010  -482.000000    
        4011  -498.000000    
        4012  -478.000000    
        4013  -546.000000    
        4014  -466.000000    
        4015  -532.000000    
        4016  -464.000000    
        4017  -474.000000    
        4018  -466.000000    
        4019  -520.000000    
        4020  -426.000000    
        4021  -474.000000    
        4022  -478.000000    
        4023  -490.000000    
        4024  -522.000000    
        4025  -496.000000    
        4026  -492.000000    
        4027  -504.000000    
        4028  -500.000000    
        4029  -534.000000    
        4030  -518.000000    
        4031  -488.000000    
        4032  -480.000000    
        4033  -508.000000    
        4034  -504.000000    
        4035  -532.000000    
        4036  -488.000000    
        4037  -514.000000    
        4038  -490.000000    
        4039  -480.000000    
        4040  -476.000000    
        4041  -470.000000    
        4042  -522.000000    
        4043  -518.000000    
        4044  -460.000000    
        4045  -510.000000    
        4046  -454.000000    
        4047  -484.000000    
        4048  -502.000000    
        4049  -472.000000    
        4050  -482.000000    
        4051  -506.000000    
        4052  -510.000000    
        4053  -470.000000    
        4054  -516.000000    
        4055  -526.000000    
        4056  -510.000000    
        4057  -484.000000    
        4058  -466.000000    
        4059  -504.000000    
        4060  -502.000000    
        4061  -500.000000    
        4062  -488.000000    
        4063  -532.000000    
        4064  -548.000000    
        4065  -474.000000    
        4066  -490.000000    
        4067  -496.000000    
        4068  -468.000000    
        4069  -504.000000    
        4070  -512.000000    
        4071  -548.000000    
        4072  -522.000000    
        4073  -500.000000    
        4074  -486.000000    
        4075  -456.000000    
        4076  -530.000000    
        4077  -518.000000    
        4078  -522.000000    
        4079  -456.000000    
        4080  -560.000000    
        4081  -490.000000    
        4082  -512.000000    
        4083  -538.000000    
        4084  -484.000000    
        4085  -484.000000    
        4086  -490.000000    
        4087  -470.000000    
        4088  -534.000000    
        4089  -484.000000    
        4090  -504.000000    
        4091  -454.000000    
        4092  -496.000000    
        4093  -524.000000    
        4094  -454.000000    
        4095  -484.000000    
        4096  -498.000000    
        4097  -498.000000    
        4098  -522.000000    
        4099  -508.000000    
        4100  -494.000000    
        4101  -520.000000    
        4102  -472.000000    
        4103  -500.000000    
        4104  -508.000000    
        4105  -496.000000    
        4106  -512.000000    
        4107  -504.000000    
        4108  -504.000000    
        4109  -470.000000    
        4110  -510.000000    
        4111  -472.000000    
        4112  -504.000000    
        4113  -492.000000    
        4114  -436.000000    
        4115  -478.000000    
        4116  -498.000000    
        4117  -526.000000    
        4118  -480.000000    
        4119  -500.000000    
        4120  -536.000000    
        4121  -524.000000    
        4122  -504.000000    
        4123  -502.000000    
        4124  -506.000000    
        4125  -490.000000    
        4126  -498.000000    
        4127  -516.000000    
        4128  -542.000000    
        4129  -532.000000    
        4130  -566.000000    
        4131  -490.000000    
        4132  -490.000000    
        4133  -514.000000    
        4134  -494.000000    
        4135  -514.000000    
        4136  -494.000000    
        4137  -462.000000    
        4138  -468.000000    
        4139  -506.000000    
        4140  -496.000000    
        4141  -518.000000    
        4142  -520.000000    
        4143  -516.000000    
        4144  -466.000000    
        4145  -510.000000    
        4146  -508.000000    
        4147  -476.000000    
        4148  -500.000000    
        4149  -474.000000    
        4150  -450.000000    
        4151  -462.000000    
        4152  -556.000000    
        4153  -482.000000    
        4154  -508.000000    
        4155  -514.000000    
        4156  -482.000000    
        4157  -460.000000    
        4158  -502.000000    
        4159  -536.000000    
        4160  -500.000000    
        4161  -500.000000    
        4162  -518.000000    
        4163  -506.000000    
        4164  -490.000000    
        4165  -498.000000    
        4166  -518.000000    
        4167  -488.000000    
        4168  -546.000000    
        4169  -448.000000    
        4170  -506.000000    
        4171  -506.000000    
        4172  -512.000000    
        4173  -482.000000    
        4174  -526.000000    
        4175  -498.000000    
        4176  -498.000000    
        4177  -500.000000    
        4178  -478.000000    
        4179  -492.000000    
        4180  -452.000000    
        4181  -500.000000    
        4182  -512.000000    
        4183  -508.000000    
        4184  -502.000000    
        4185  -448.000000    
        4186  -472.000000    
        4187  -524.000000    
        4188  -464.000000    
        4189  -490.000000    
        4190  -474.000000    
        4191  -538.000000    
        4192  -514.000000    
        4193  -530.000000    
        4194  -462.000000    
        4195  -508.000000    
        4196  -482.000000    
        4197  -532.000000    
        4198  -516.000000    
        4199  -504.000000    
        4200  -438.000000    
        4201  -492.000000    
        4202  -488.000000    
        4203  -508.000000    
        4204  -522.000000    
        4205  -410.000000    
        4206  -474.000000    
        4207  -500.000000    
        4208  -504.000000    
        4209  -478.000000    
        4210  -504.000000    
        4211  -462.000000    
        4212  -502.000000    
        4213  -544.000000    
        4214  -484.000000    
        4215  -496.000000    
        4216  -472.000000    
        4217  -452.000000    
        4218  -468.000000    
        4219  -472.000000    
        4220  -456.000000    
        4221  -512.000000    
        4222  -546.000000    
        4223  -446.000000    
        4224  -512.000000    
        4225  -502.000000    
        4226  -470.000000    
        4227  -476.000000    
        4228  -528.000000    
        4229  -480.000000    
        4230  -458.000000    
        4231  -522.000000    
        4232  -504.000000    
        4233  -478.000000    
        4234  -492.000000    
        4235  -430.000000    
        4236  -548.000000    
        4237  -502.000000    
        4238  -486.000000    
        4239  -512.000000    
        4240  -516.000000    
        4241  -496.000000    
        4242  -490.000000    
        4243  -492.000000    
        4244  -500.000000    
        4245  -532.000000    
        4246  -548.000000    
        4247  -512.000000    
        4248  -496.000000    
        4249  -474.000000    
        4250  -478.000000    
        4251  -510.000000    
        4252  -500.000000    
        4253  -484.000000    
        4254  -552.000000    
        4255  -480.000000    
        4256  -504.000000    
        4257  -514.000000    
        4258  -508.000000    
        4259  -530.000000    
        4260  -506.000000    
        4261  -496.000000    
        4262  -470.000000    
        4263  -518.000000    
        4264  -542.000000    
        4265  -492.000000    
        4266  -480.000000    
        4267  -554.000000    
        4268  -506.000000    
        4269  -442.000000    
        4270  -542.000000    
        4271  -474.000000    
        4272  -502.000000    
        4273  -500.000000    
        4274  -514.000000    
        4275  -468.000000    
        4276  -484.000000    
        4277  -472.000000    
        4278  -522.000000    
        4279  -514.000000    
        4280  -506.000000    
        4281  -496.000000    
        4282  -518.000000    
        4283  -492.000000    
        4284  -494.000000    
        4285  -498.000000    
        4286  -456.000000    
        4287  -526.000000    
        4288  -522.000000    
        4289  -526.000000    
        4290  -498.000000    
        4291  -510.000000    
        4292  -514.000000    
        4293  -516.000000    
        4294  -504.000000    
        4295  -512.000000    
        4296  -506.000000    
        4297  -496.000000    
        4298  -492.000000    
        4299  -492.000000    
        4300  -480.000000    
        4301  -526.000000    
        4302  -462.000000    
        4303  -514.000000    
        4304  -516.000000    
        4305  -528.000000    
        4306  -534.000000    
        4307  -540.000000    
        4308  -502.000000    
        4309  -466.000000    
        4310  -524.000000    
        4311  -474.000000    
        4312  -510.000000    
        4313  -484.000000    
        4314  -494.000000    
        4315  -556.000000    
        4316  -496.000000    
        4317  -522.000000    
        4318  -510.000000    
        4319  -518.000000    
        4320  -540.000000    
        4321  -524.000000    
        4322  -532.000000    
        4323  -498.000000    
        4324  -546.000000    
        4325  -508.000000    
        4326  -506.000000    
        4327  -478.000000    
        4328  -536.000000    
        4329  -478.000000    
        4330  -478.000000    
        4331  -490.000000    
        4332  -508.000000    
        4333  -528.000000    
        4334  -476.000000    
        4335  -486.000000    
        4336  -474.000000    
        4337  -496.000000    
        4338  -504.000000    
        4339  -484.000000    
        4340  -542.000000    
        4341  -478.000000    
        4342  -564.000000    
        4343  -492.000000    
        4344  -490.000000    
        4345  -490.000000    
        4346  -474.000000    
        4347  -494.000000    
        4348  -498.000000    
        4349  -472.000000    
        4350  -496.000000    
        4351  -486.000000    
        4352  -498.000000    
        4353  -508.000000    
        4354  -528.000000    
        4355  -508.000000    
        4356  -464.000000    
        4357  -516.000000    
        4358  -444.000000    
        4359  -480.000000    
        4360  -524.000000    
        4361  -494.000000    
        4362  -492.000000    
        4363  -442.000000    
        4364  -516.000000    
        4365  -510.000000    
        4366  -482.000000    
        4367  -486.000000    
        4368  -514.000000    
        4369  -490.000000    
        4370  -496.000000    
        4371  -442.000000    
        4372  -496.000000    
        4373  -518.000000    
        4374  -510.000000    
        4375  -450.000000    
        4376  -496.000000    
        4377  -556.000000    
        4378  -514.000000    
        4379  -526.000000    
        4380  -514.000000    
        4381  -480.000000    
        4382  -528.000000    
        4383  -514.000000    
        4384  -446.000000    
        4385  -476.000000    
        4386  -454.000000    
        4387  -526.000000    
        4388  -486.000000    
        4389  -482.000000    
        4390  -506.000000    
        4391  -540.000000    
        4392  -470.000000    
        4393  -508.000000    
        4394  -528.000000    
        4395  -522.000000    
        4396  -528.000000    
        4397  -532.000000    
        4398  -562.000000    
        4399  -468.000000    
        4400  -474.000000    
        4401  -474.000000    
        4402  -460.000000    
        4403  -500.000000    
        4404  -478.000000    
        4405  -512.000000    
        4406  -468.000000    
        4407  -442.000000    
        4408  -510.000000    
        4409  -526.000000    
        4410  -476.000000    
        4411  -496.000000    
        4412  -470.000000    
        4413  -516.000000    
        4414  -572.000000    
        4415  -508.000000    
        4416  -470.000000    
        4417  -494.000000    
        4418  -514.000000    
        4419  -506.000000    
        4420  -512.000000    
        4421  -510.000000    
        4422  -498.000000    
        4423  -430.000000    
        4424  -488.000000    
        4425  -548.000000    
        4426  -568.000000    
        4427  -530.000000    
        4428  -502.000000    
        4429  -530.000000    
        4430  -470.000000    
        4431  -470.000000    
        4432  -478.000000    
        4433  -498.000000    
        4434  -438.000000    
        4435  -526.000000    
        4436  -530.000000    
        4437  -484.000000    
        4438  -494.000000    
        4439  -504.000000    
        4440  -484.000000    
        4441  -488.000000    
        4442  -504.000000    
        4443  -524.000000    
        4444  -514.000000    
        4445  -478.000000    
        4446  -506.000000    
        4447  -518.000000    
        4448  -468.000000    
        4449  -558.000000    
        4450  -490.000000    
        4451  -510.000000    
        4452  -490.000000    
        4453  -536.000000    
        4454  -524.000000    
        4455  -422.000000    
        4456  -494.000000    
        4457  -474.000000    
        4458  -460.000000    
        4459  -474.000000    
        4460  -462.000000    
        4461  -464.000000    
        4462  -510.000000    
        4463  -490.000000    
        4464  -540.000000    
        4465  -526.000000    
        4466  -538.000000    
        4467  -486.000000    
        4468  -500.000000    
        4469  -470.000000    
        4470  -492.000000    
        4471  -546.000000    
        4472  -480.000000    
        4473  -528.000000    
        4474  -528.000000    
        4475  -508.000000    
        4476  -454.000000    
        4477  -496.000000    
        4478  -478.000000    
        4479  -514.000000    
        4480  -494.000000    
        4481  -552.000000    
        4482  -500.000000    
        4483  -480.000000    
        4484  -492.000000    
        4485  -516.000000    
        4486  -524.000000    
        4487  -510.000000    
        4488  -492.000000    
        4489  -540.000000    
        4490  -506.000000    
        4491  -522.000000    
        4492  -472.000000    
        4493  -532.000000    
        4494  -448.000000    
        4495  -466.000000    
        4496  -546.000000    
        4497  -504.000000    
        4498  -486.000000    
        4499  -500.000000    
        4500  -480.000000    
        4501  -468.000000    
        4502  -518.000000    
        4503  -530.000000    
        4504  -474.000000    
        4505  -490.000000    
        4506  -514.000000    
        4507  -478.000000    
        4508  -460.000000    
        4509  -522.000000    
        4510  -464.000000    
        4511  -496.000000    
        4512  -500.000000    
        4513  -522.000000    
        4514  -516.000000    
        4515  -484.000000    
        4516  -486.000000    
        4517  -482.000000    
        4518  -500.000000    
        4519  -508.000000    
        4520  -486.000000    
        4521  -480.000000    
        4522  -512.000000    
        4523  -474.000000    
        4524  -516.000000    
        4525  -518.000000    
        4526  -486.000000    
        4527  -524.000000    
        4528  -488.000000    
        4529  -476.000000    
        4530  -444.000000    
        4531  -478.000000    
        4532  -540.000000    
        4533  -518.000000    
        4534  -480.000000    
        4535  -516.000000    
        4536  -510.000000    
        4537  -510.000000    
        4538  -482.000000    
        4539  -516.000000    
        4540  -462.000000    
        4541  -512.000000    
        4542  -528.000000    
        4543  -456.000000    
        4544  -494.000000    
        4545  -494.000000    
        4546  -430.000000    
        4547  -452.000000    
        4548  -488.000000    
        4549  -516.000000    
        4550  -498.000000    
        4551  -522.000000    
        4552  -508.000000    
        4553  -512.000000    
        4554  -496.000000    
        4555  -470.000000    
        4556  -490.000000    
        4557  -472.000000    
        4558  -516.000000    
        4559  -514.000000    
        4560  -484.000000    
        4561  -530.000000    
        4562  -492.000000    
        4563  -508.000000    
        4564  -500.000000    
        4565  -502.000000    
        4566  -522.000000    
        4567  -474.000000    
        4568  -444.000000    
        4569  -542.000000    
        4570  -466.000000    
        4571  -494.000000    
        4572  -574.000000    
        4573  -526.000000    
        4574  -490.000000    
        4575  -466.000000    
        4576  -480.000000    
        4577  -558.000000    
        4578  -472.000000    
        4579  -536.000000    
        4580  -508.000000    
        4581  -482.000000    
        4582  -526.000000    
        4583  -504.000000    
        4584  -508.000000    
        4585  -492.000000    
        4586  -444.000000    
        4587  -460.000000    
        4588  -518.000000    
        4589  -532.000000    
        4590  -554.000000    
        4591  -494.000000    
        4592  -466.000000    
        4593  -492.000000    
        4594  -516.000000    
        4595  -514.000000    
        4596  -550.000000    
        4597  -518.000000    
        4598  -532.000000    
        4599  -464.000000    
        4600  -494.000000    
        4601  -502.000000    
        4602  -472.000000    
        4603  -526.000000    
        4604  -514.000000    
        4605  -540.000000    
        4606  -434.000000    
        4607  -560.000000    
        4608  -490.000000    
        4609  -482.000000    
        4610  -532.000000    
        4611  -446.000000    
        4612  -510.000000    
        4613  -520.000000    
        4614  -540.000000    
        4615  -500.000000    
        4616  -510.000000    
        4617  -526.000000    
        4618  -516.000000    
        4619  -472.000000    
        4620  -490.000000    
        4621  -504.000000    
        4622  -512.000000    
        4623  -498.000000    
        4624  -468.000000    
        4625  -484.000000    
        4626  -522.000000    
        4627  -538.000000    
        4628  -486.000000    
        4629  -524.000000    
        4630  -578.000000    
        4631  -494.000000    
        4632  -470.000000    
        4633  -520.000000    
        4634  -486.000000    
        4635  -446.000000    
        4636  -490.000000    
        4637  -524.000000    
        4638  -474.000000    
        4639  -530.000000    
        4640  -450.000000    
        4641  -496.000000    
        4642  -564.000000    
        4643  -500.000000    
        4644  -456.000000    
        4645  -504.000000    
        4646  -438.000000    
        4647  -480.000000    
        4648  -498.000000    
        4649  -486.000000    
        4650  -542.000000    
        4651  -474.000000    
        4652  -508.000000    
        4653  -504.000000    
        4654  -500.000000    
        4655  -492.000000    
        4656  -526.000000    
        4657  -500.000000    
        4658  -480.000000    
        4659  -464.000000    
        4660  -494.000000    
        4661  -474.000000    
        4662  -462.000000    
        4663  -514.000000    
        4664  -504.000000    
        4665  -516.000000    
        4666  -446.000000    
        4667  -454.000000    
        4668  -498.000000    
        4669  -492.000000    
        4670  -422.000000    
        4671  -504.000000    
        4672  -460.000000    
        4673  -492.000000    
        4674  -426.000000    
        4675  -516.000000    
        4676  -492.000000    
        4677  -444.000000    
        4678  -482.000000    
        4679  -508.000000    
        4680  -514.000000    
        4681  -540.000000    
        4682  -494.000000    
        4683  -542.000000    
        4684  -484.000000    
        4685  -456.000000    
        4686  -504.000000    
        4687  -546.000000    
        4688  -490.000000    
        4689  -504.000000    
        4690  -518.000000    
        4691  -530.000000    
        4692  -498.000000    
        4693  -540.000000    
        4694  -494.000000    
        4695  -542.000000    
        4696  -514.000000    
        4697  -486.000000    
        4698  -512.000000    
        4699  -504.000000    
        4700  -516.000000    
        4701  -556.000000    
        4702  -506.000000    
        4703  -522.000000    
        4704  -492.000000    
        4705  -482.000000    
        4706  -554.000000    
        4707  -478.000000    
        4708  -568.000000    
        4709  -494.000000    
        4710  -490.000000    
        4711  -524.000000    
        4712  -480.000000    
        4713  -522.000000    
        4714  -502.000000    
        4715  -508.000000    
        4716  -450.000000    
        4717  -480.000000    
        4718  -496.000000    
        4719  -492.000000    
        4720  -504.000000    
        4721  -512.000000    
        4722  -492.000000    
        4723  -530.000000    
        4724  -454.000000    
        4725  -544.000000    
        4726  -550.000000    
        4727  -498.000000    
        4728  -512.000000    
        4729  -506.000000    
        4730  -444.000000    
        4731  -524.000000    
        4732  -506.000000    
        4733  -468.000000    
        4734  -454.000000    
        4735  -514.000000    
        4736  -524.000000    
        4737  -482.000000    
        4738  -500.000000    
        4739  -510.000000    
        4740  -462.000000    
        4741  -534.000000    
        4742  -490.000000    
        4743  -484.000000    
        4744  -478.000000    
        4745  -472.000000    
        4746  -518.000000    
        4747  -500.000000    
        4748  -542.000000    
        4749  -526.000000    
        4750  -574.000000    
        4751  -454.000000    
        4752  -510.000000    
        4753  -460.000000    
        4754  -472.000000    
        4755  -548.000000    
        4756  -494.000000    
        4757  -526.000000    
        4758  -500.000000    
        4759  -532.000000    
        4760  -526.000000    
        4761  -536.000000    
        4762  -510.000000    
        4763  -514.000000    
        4764  -524.000000    
        4765  -494.000000    
        4766  -538.000000    
        4767  -460.000000    
        4768  -502.000000    
        4769  -504.000000    
        4770  -474.000000    
        4771  -492.000000    
        4772  -470.000000    
        4773  -516.000000    
        4774  -426.000000    
        4775  -498.000000    
        4776  -488.000000    
        4777  -492.000000    
        4778  -502.000000    
        4779  -512.000000    
        4780  -534.000000    
        4781  -462.000000    
        4782  -508.000000    
        4783  -514.000000    
        4784  -508.000000    
        4785  -516.000000    
        4786  -520.000000    
        4787  -484.000000    
        4788  -468.000000    
        4789  -534.000000    
        4790  -516.000000    
        4791  -506.000000    
        4792  -502.000000    
        4793  -536.000000    
        4794  -500.000000    
        4795  -482.000000    
        4796  -476.000000    
        4797  -518.000000    
        4798  -512.000000    
        4799  -522.000000    
        4800  -494.000000    
        4801  -480.000000    
        4802  -524.000000    
        4803  -512.000000    
        4804  -490.000000    
        4805  -482.000000    
        4806  -488.000000    
        4807  -472.000000    
        4808  -536.000000    
        4809  -550.000000    
        4810  -468.000000    
        4811  -490.000000    
        4812  -542.000000    
        4813  -528.000000    
        4814  -512.000000    
        4815  -480.000000    
        4816  -502.000000    
        4817  -492.000000    
        4818  -476.000000    
        4819  -546.000000    
        4820  -462.000000    
        4821  -482.000000    
        4822  -516.000000    
        4823  -512.000000    
        4824  -504.000000    
        4825  -516.000000    
        4826  -470.000000    
        4827  -526.000000    
        4828  -532.000000    
        4829  -522.000000    
        4830  -514.000000    
        4831  -530.000000    
        4832  -492.000000    
        4833  -506.000000    
        4834  -514.000000    
        4835  -474.000000    
        4836  -516.000000    
        4837  -444.000000    
        4838  -436.000000    
        4839  -506.000000    
        4840  -502.000000    
        4841  -454.000000    
        4842  -512.000000    
        4843  -474.000000    
        4844  -530.000000    
        4845  -474.000000    
        4846  -538.000000    
        4847  -494.000000    
        4848  -490.000000    
        4849  -500.000000    
        4850  -486.000000    
        4851  -488.000000    
        4852  -488.000000    
        4853  -504.000000    
        4854  -494.000000    
        4855  -490.000000    
        4856  -480.000000    
        4857  -468.000000    
        4858  -538.000000    
        4859  -492.000000    
        4860  -492.000000    
        4861  -508.000000    
        4862  -476.000000    
        4863  -498.000000    
        4864  -458.000000    
        4865  -478.000000    
        4866  -536.000000    
        4867  -488.000000    
        4868  -516.000000    
        4869  -494.000000    
        4870  -476.000000    
        4871  -480.000000    
        4872  -502.000000    
        4873  -530.000000    
        4874  -488.000000    
        4875  -428.000000    
        4876  -510.000000    
        4877  -478.000000    
        4878  -512.000000    
        4879  -488.000000    
        4880  -494.000000    
        4881  -526.000000    
        4882  -496.000000    
        4883  -506.000000    
        4884  -456.000000    
        4885  -460.000000    
        4886  -454.000000    
        4887  -532.000000    
        4888  -486.000000    
        4889  -458.000000    
        4890  -518.000000    
        4891  -484.000000    
        4892  -534.000000    
        4893  -492.000000    
        4894  -526.000000    
        4895  -534.000000    
        4896  -494.000000    
        4897  -502.000000    
        4898  -486.000000    
        4899  -488.000000    
        4900  -510.000000    
        4901  -496.000000    
        4902  -546.000000    
        4903  -464.000000    
        4904  -522.000000    
        4905  -496.000000    
        4906  -506.000000    
        4907  -516.000000    
        4908  -574.000000    
        4909  -520.000000    
        4910  -482.000000    
        4911  -504.000000    
        4912  -500.000000    
        4913  -530.000000    
        4914  -510.000000    
        4915  -506.000000    
        4916  -524.000000    
        4917  -478.000000    
        4918  -500.000000    
        4919  -488.000000    
        4920  -470.000000    
        4921  -504.000000    
        4922  -488.000000    
        4923  -480.000000    
        4924  -542.000000    
        4925  -482.000000    
        4926  -508.000000    
        4927  -504.000000    
        4928  -502.000000    
        4929  -490.000000    
        4930  -484.000000    
        4931  -500.000000    
        4932  -496.000000    
        4933  -488.000000    
        4934  -514.000000    
        4935  -502.000000    
        4936  -552.000000    
        4937  -540.000000    
        4938  -490.000000    
        4939  -462.000000    
        4940  -488.000000    
        4941  -510.000000    
        4942  -490.000000    
        4943  -484.000000    
        4944  -476.000000    
        4945  -508.000000    
        4946  -474.000000    
        4947  -470.000000    
        4948  -536.000000    
        4949  -486.000000    
        4950  -474.000000    
        4951  -444.000000    
        4952  -502.000000    
        4953  -472.000000    
        4954  -474.000000    
        4955  -466.000000    
        4956  -500.000000    
        4957  -514.000000    
        4958  -488.000000    
        4959  -464.000000    
        4960  -488.000000    
        4961  -506.000000    
        4962  -520.000000    
        4963  -498.000000    
        4964  -468.000000    
        4965  -470.000000    
        4966  -494.000000    
        4967  -486.000000    
        4968  -508.000000    
        4969  -492.000000    
        4970  -502.000000    
        4971  -546.000000    
        4972  -476.000000    
        4973  -534.000000    
        4974  -512.000000    
        4975  -514.000000    
        4976  -512.000000    
        4977  -584.000000    
        4978  -556.000000    
        4979  -490.000000    
        4980  -538.000000    
        4981  -534.000000    
        4982  -508.000000    
        4983  -506.000000    
        4984  -458.000000    
        4985  -554.000000    
        4986  -534.000000    
        4987  -556.000000    
        4988  -496.000000    
        4989  -506.000000    
        4990  -522.000000    
        4991  -510.000000    
        4992  -544.000000    
        4993  -468.000000    
        4994  -490.000000    
        4995  -476.000000    
        4996  -518.000000    
        4997  -538.000000    
        4998  -450.000000    
        4999  -578.000000    
        5000  -498.000000    
        5001  -522.000000    
        5002  -548.000000    
        5003  -474.000000    
        5004  -480.000000    
        5005  -580.000000    
        5006  -514.000000    
        5007  -480.000000    
        5008  -502.000000    
        5009  -524.000000    
        5010  -524.000000    
        5011  -526.000000    
        5012  -502.000000    
        5013  -488.000000    
        5014  -450.000000    
        5015  -494.000000    
        5016  -482.000000    
        5017  -514.000000    
        5018  -488.000000    
        5019  -478.000000    
        5020  -504.000000    
        5021  -512.000000    
        5022  -494.000000    
        5023  -498.000000    
        5024  -448.000000    
        5025  -518.000000    
        5026  -482.000000    
        5027  -496.000000    
        5028  -498.000000    
        5029  -518.000000    
        5030  -508.000000    
        5031  -500.000000    
        5032  -518.000000    
        5033  -504.000000    
        5034  -486.000000    
        5035  -504.000000    
        5036  -510.000000    
        5037  -514.000000    
        5038  -490.000000    
        5039  -504.000000    
        5040  -490.000000    
        5041  -490.000000    
        5042  -480.000000    
        5043  -466.000000    
        5044  -548.000000    
        5045  -542.000000    
        5046  -482.000000    
        5047  -522.000000    
        5048  -468.000000    
        5049  -476.000000    
        5050  -520.000000    
        5051  -490.000000    
        5052  -472.000000    
        5053  -494.000000    
        5054  -504.000000    
        5055  -496.000000    
        5056  -510.000000    
        5057  -508.000000    
        5058  -526.000000    
        5059  -500.000000    
        5060  -526.000000    
        5061  -492.000000    
        5062  -438.000000    
        5063  -502.000000    
        5064  -534.000000    
        5065  -516.000000    
        5066  -500.000000    
        5067  -520.000000    
        5068  -492.000000    
        5069  -524.000000    
        5070  -492.000000    
        5071  -474.000000    
        5072  -518.000000    
        5073  -524.000000    
        5074  -504.000000    
        5075  -484.000000    
        5076  -518.000000    
        5077  -434.000000    
        5078  -504.000000    
        5079  -472.000000    
        5080  -524.000000    
        5081  -502.000000    
        5082  -512.000000    
        5083  -466.000000    
        5084  -480.000000    
        5085  -500.000000    
        5086  -480.000000    
        5087  -506.000000    
        5088  -476.000000    
        5089  -500.000000    
        5090  -506.000000    
        5091  -562.000000    
        5092  -550.000000    
        5093  -512.000000    
        5094  -442.000000    
        5095  -520.000000    
        5096  -520.000000    
        5097  -564.000000    
        5098  -484.000000    
        5099  -462.000000    
        5100  -502.000000    
        5101  -510.000000    
        5102  -454.000000    
        5103  -510.000000    
        5104  -530.000000    
        5105  -472.000000    
        5106  -542.000000    
        5107  -508.000000    
        5108  -534.000000    
        5109  -504.000000    
        5110  -454.000000    
        5111  -506.000000    
        5112  -496.000000    
        5113  -518.000000    
        5114  -516.000000    
        5115  -484.000000    
        5116  -494.000000    
        5117  -454.000000    
        5118  -518.000000    
        5119  -508.000000    
        5120  -470.000000    
        5121  -442.000000    
        5122  -558.000000    
        5123  -494.000000    
        5124  -512.000000    
        5125  -514.000000    
        5126  -506.000000    
        5127  -562.000000    
        5128  -498.000000    
        5129  -500.000000    
        5130  -506.000000    
        5131  -538.000000    
        5132  -496.000000    
        5133  -470.000000    
        5134  -482.000000    
        5135  -522.000000    
        5136  -500.000000    
        5137  -488.000000    
        5138  -508.000000    
        5139  -502.000000    
        5140  -532.000000    
        5141  -494.000000    
        5142  -472.000000    
        5143  -428.000000    
        5144  -480.000000    
        5145  -468.000000    
        5146  -546.000000    
        5147  -526.000000    
        5148  -550.000000    
        5149  -506.000000    
        5150  -458.000000    
        5151  -546.000000    
        5152  -532.000000    
        5153  -448.000000    
        5154  -492.000000    
        5155  -460.000000    
        5156  -482.000000    
        5157  -500.000000    
        5158  -498.000000    
        5159  -488.000000    
        5160  -526.000000    
        5161  -534.000000    
        5162  -508.000000    
        5163  -510.000000    
        5164  -476.000000    
        5165  -544.000000    
        5166  -530.000000    
        5167  -520.000000    
        5168  -518.000000    
        5169  -538.000000    
        5170  -490.000000    
        5171  -518.000000    
        5172  -502.000000    
        5173  -528.000000    
        5174  -530.000000    
        5175  -524.000000    
        5176  -508.000000    
        5177  -498.000000    
        5178  -516.000000    
        5179  -510.000000    
        5180  -520.000000    
        5181  -500.000000    
        5182  -522.000000    
        5183  -510.000000    
        5184  -496.000000    
        5185  -582.000000    
        5186  -518.000000    
        5187  -502.000000    
        5188  -540.000000    
        5189  -462.000000    
        5190  -472.000000    
        5191  -496.000000    
        5192  -480.000000    
        5193  -478.000000    
        5194  -500.000000    
        5195  -488.000000    
        5196  -462.000000    
        5197  -470.000000    
        5198  -514.000000    
        5199  -488.000000    
        5200  -482.000000    
        5201  -488.000000    
        5202  -528.000000    
        5203  -444.000000    
        5204  -506.000000    
        5205  -466.000000    
        5206  -496.000000    
        5207  -498.000000    
        5208  -438.000000    
        5209  -530.000000    
        5210  -500.000000    
        5211  -498.000000    
        5212  -502.000000    
        5213  -512.000000    
        5214  -492.000000    
        5215  -548.000000    
        5216  -546.000000    
        5217  -490.000000    
        5218  -470.000000    
        5219  -486.000000    
        5220  -490.000000    
        5221  -508.000000    
        5222  -496.000000    
        5223  -516.000000    
        5224  -518.000000    
        5225  -498.000000    
        5226  -496.000000    
        5227  -532.000000    
        5228  -480.000000    
        5229  -468.000000    
        5230  -496.000000    
        5231  -504.000000    
        5232  -524.000000    
        5233  -472.000000    
        5234  -508.000000    
        5235  -504.000000    
        5236  -504.000000    
        5237  -506.000000    
        5238  -526.000000    
        5239  -458.000000    
        5240  -502.000000    
        5241  -478.000000    
        5242  -486.000000    
        5243  -506.000000    
        5244  -482.000000    
        5245  -524.000000    
        5246  -492.000000    
        5247  -470.000000    
        5248  -474.000000    
        5249  -508.000000    
        5250  -524.000000    
        5251  -560.000000    
        5252  -476.000000    
        5253  -478.000000    
        5254  -474.000000    
        5255  -494.000000    
        5256  -502.000000    
        5257  -478.000000    
        5258  -518.000000    
        5259  -482.000000    
        5260  -476.000000    
        5261  -544.000000    
        5262  -488.000000    
        5263  -520.000000    
        5264  -504.000000    
        5265  -522.000000    
        5266  -514.000000    
        5267  -500.000000    
        5268  -500.000000    
        5269  -552.000000    
        5270  -548.000000    
        5271  -514.000000    
        5272  -514.000000    
        5273  -506.000000    
        5274  -454.000000    
        5275  -520.000000    
        5276  -438.000000    
        5277  -542.000000    
        5278  -500.000000    
        5279  -494.000000    
        5280  -500.000000    
        5281  -534.000000    
        5282  -490.000000    
        5283  -472.000000    
        5284  -464.000000    
        5285  -534.000000    
        5286  -474.000000    
        5287  -520.000000    
        5288  -482.000000    
        5289  -510.000000    
        5290  -540.000000    
        5291  -500.000000    
        5292  -490.000000    
        5293  -544.000000    
        5294  -498.000000    
        5295  -494.000000    
        5296  -472.000000    
        5297  -494.000000    
        5298  -470.000000    
        5299  -462.000000    
        5300  -566.000000    
        5301  -480.000000    
        5302  -504.000000    
        5303  -484.000000    
        5304  -520.000000    
        5305  -536.000000    
        5306  -544.000000    
        5307  -518.000000    
        5308  -492.000000    
        5309  -456.000000    
        5310  -498.000000    
        5311  -460.000000    
        5312  -560.000000    
        5313  -516.000000    
        5314  -496.000000    
        5315  -528.000000    
        5316  -482.000000    
        5317  -486.000000    
        5318  -522.000000    
        5319  -496.000000    
        5320  -494.000000    
        5321  -462.000000    
        5322  -540.000000    
        5323  -530.000000    
        5324  -510.000000    
        5325  -504.000000    
        5326  -434.000000    
        5327  -494.000000    
        5328  -488.000000    
        5329  -526.000000    
        5330  -478.000000    
        5331  -490.000000    
        5332  -494.000000    
        5333  -476.000000    
        5334  -446.000000    
        5335  -510.000000    
        5336  -518.000000    
        5337  -488.000000    
        5338  -484.000000    
        5339  -484.000000    
        5340  -508.000000    
        5341  -492.000000    
        5342  -474.000000    
        5343  -498.000000    
        5344  -446.000000    
        5345  -532.000000    
        5346  -514.000000    
        5347  -526.000000    
        5348  -504.000000    
        5349  -492.000000    
        5350  -506.000000    
        5351  -490.000000    
        5352  -520.000000    
        5353  -508.000000    
        5354  -534.000000    
        5355  -480.000000    
        5356  -528.000000    
        5357  -536.000000    
        5358  -462.000000    
        5359  -472.000000    
        5360  -536.000000    
        5361  -512.000000    
        5362  -500.000000    
        5363  -526.000000    
        5364  -532.000000    
        5365  -508.000000    
        5366  -488.000000    
        5367  -486.000000    
        5368  -498.000000    
        5369  -486.000000    
        5370  -512.000000    
        5371  -516.000000    
        5372  -486.000000    
        5373  -508.000000    
        5374  -540.000000    
        5375  -486.000000    
        5376  -524.000000    
        5377  -512.000000    
        5378  -496.000000    
        5379  -532.000000    
        5380  -484.000000    
        5381  -516.000000    
        5382  -480.000000    
        5383  -500.000000    
        5384  -506.000000    
        5385  -490.000000    
        5386  -526.000000    
        5387  -500.000000    
        5388  -528.000000    
        5389  -526.000000    
        5390  -464.000000    
        5391  -542.000000    
        5392  -534.000000    
        5393  -464.000000    
        5394  -518.000000    
        5395  -510.000000    
        5396  -504.000000    
        5397  -454.000000    
        5398  -532.000000    
        5399  -478.000000    
        5400  -466.000000    
        5401  -484.000000    
        5402  -522.000000    
        5403  -480.000000    
        5404  -488.000000    
        5405  -506.000000    
        5406  -546.000000    
        5407  -472.000000    
        5408  -518.000000    
        5409  -484.000000    
        5410  -466.000000    
        5411  -474.000000    
        5412  -474.000000    
        5413  -512.000000    
        5414  -488.000000    
        5415  -520.000000    
        5416  -476.000000    
        5417  -474.000000    
        5418  -504.000000    
        5419  -498.000000    
        5420  -514.000000    
        5421  -488.000000    
        5422  -500.000000    
        5423  -480.000000    
        5424  -490.000000    
        5425  -482.000000    
        5426  -504.000000    
        5427  -454.000000    
        5428  -462.000000    
        5429  -464.000000    
        5430  -542.000000    
        5431  -502.000000    
        5432  -484.000000    
        5433  -522.000000    
        5434  -542.000000    
        5435  -494.000000    
        5436  -500.000000    
        5437  -456.000000    
        5438  -502.000000    
        5439  -482.000000    
        5440  -508.000000    
        5441  -546.000000    
        5442  -504.000000    
        5443  -478.000000    
        5444  -522.000000    
        5445  -526.000000    
        5446  -532.000000    
        5447  -510.000000    
        5448  -492.000000    
        5449  -504.000000    
        5450  -470.000000    
        5451  -526.000000    
        5452  -478.000000    
        5453  -498.000000    
        5454  -470.000000    
        5455  -500.000000    
        5456  -460.000000    
        5457  -498.000000    
        5458  -546.000000    
        5459  -482.000000    
        5460  -492.000000    
        5461  -526.000000    
        5462  -500.000000    
        5463  -538.000000    
        5464  -476.000000    
        5465  -518.000000    
        5466  -490.000000    
        5467  -496.000000    
        5468  -522.000000    
        5469  -496.000000    
        5470  -520.000000    
        5471  -494.000000    
        5472  -568.000000    
        5473  -476.000000    
        5474  -514.000000    
        5475  -478.000000    
        5476  -516.000000    
        5477  -490.000000    
        5478  -530.000000    
        5479  -502.000000    
        5480  -466.000000    
        5481  -530.000000    
        5482  -540.000000    
        5483  -496.000000    
        5484  -500.000000    
        5485  -500.000000    
        5486  -530.000000    
        5487  -486.000000    
        5488  -502.000000    
        5489  -444.000000    
        5490  -506.000000    
        5491  -476.000000    
        5492  -438.000000    
        5493  -482.000000    
        5494  -496.000000    
        5495  -502.000000    
        5496  -500.000000    
        5497  -486.000000    
        5498  -488.000000    
        5499  -488.000000    
        5500  -514.000000    
        5501  -486.000000    
        5502  -518.000000    
        5503  -468.000000    
        5504  -500.000000    
        5505  -480.000000    
        5506  -540.000000    
        5507  -504.000000    
        5508  -500.000000    
        5509  -556.000000    
        5510  -528.000000    
        5511  -518.000000    
        5512  -478.000000    
        5513  -508.000000    
        5514  -484.000000    
        5515  -504.000000    
        5516  -536.000000    
        5517  -506.000000    
        5518  -528.000000    
        5519  -496.000000    
        5520  -558.000000    
        5521  -510.000000    
        5522  -466.000000    
        5523  -504.000000    
        5524  -516.000000    
        5525  -486.000000    
        5526  -508.000000    
        5527  -490.000000    
        5528  -498.000000    
        5529  -542.000000    
        5530  -458.000000    
        5531  -486.000000    
        5532  -536.000000    
        5533  -532.000000    
        5534  -496.000000    
        5535  -496.000000    
        5536  -512.000000    
        5537  -478.000000    
        5538  -464.000000    
        5539  -460.000000    
        5540  -532.000000    
        5541  -520.000000    
        5542  -494.000000    
        5543  -450.000000    
        5544  -500.000000    
        5545  -500.000000    
        5546  -504.000000    
        5547  -520.000000    
        5548  -498.000000    
        5549  -522.000000    
        5550  -504.000000    
        5551  -452.000000    
        5552  -500.000000    
        5553  -466.000000    
        5554  -514.000000    
        5555  -490.000000    
        5556  -482.000000    
        5557  -526.000000    
        5558  -534.000000    
        5559  -530.000000    
        5560  -456.000000    
        5561  -448.000000    
        5562  -516.000000    
        5563  -436.000000    
        5564  -492.000000    
        5565  -506.000000    
        5566  -476.000000    
        5567  -508.000000    
        5568  -486.000000    
        5569  -492.000000    
        5570  -462.000000    
        5571  -524.000000    
        5572  -444.000000    
        5573  -518.000000    
        5574  -530.000000    
        5575  -486.000000    
        5576  -502.000000    
        5577  -560.000000    
        5578  -478.000000    
        5579  -514.000000    
        5580  -514.000000    
        5581  -512.000000    
        5582  -512.000000    
        5583  -510.000000    
        5584  -454.000000    
        5585  -516.000000    
        5586  -492.000000    
        5587  -506.000000    
        5588  -428.000000    
        5589  -524.000000    
        5590  -508.000000    
        5591  -506.000000    
        5592  -528.000000    
        5593  -462.000000    
        5594  -492.000000    
        5595  -448.000000    
        5596  -464.000000    
        5597  -508.000000    
        5598  -502.000000    
        5599  -486.000000    
        5600  -476.000000    
        5601  -492.000000    
        5602  -466.000000    
        5603  -546.000000    
        5604  -546.000000    
        5605  -496.000000    
        5606  -482.000000    
        5607  -534.000000    
        5608  -488.000000    
        5609  -478.000000    
        5610  -490.000000    
        5611  -530.000000    
        5612  -454.000000    
        5613  -434.000000    
        5614  -480.000000    
        5615  -512.000000    
        5616  -502.000000    
        5617  -462.000000    
        5618  -492.000000    
        5619  -530.000000    
        5620  -506.000000    
        5621  -508.000000    
        5622  -526.000000    
        5623  -504.000000    
        5624  -474.000000    
        5625  -558.000000    
        5626  -518.000000    
        5627  -488.000000    
        5628  -500.000000    
        5629  -522.000000    
        5630  -522.000000    
        5631  -510.000000    
        5632  -474.000000    
        5633  -480.000000    
        5634  -502.000000    
        5635  -474.000000    
        5636  -498.000000    
        5637  -438.000000    
        5638  -470.000000    
        5639  -512.000000    
        5640  -468.000000    
        5641  -492.000000    
        5642  -480.000000    
        5643  -488.000000    
        5644  -512.000000    
        5645  -520.000000    
        5646  -492.000000    
        5647  -502.000000    
        5648  -472.000000    
        5649  -530.000000    
        5650  -458.000000    
        5651  -522.000000    
        5652  -504.000000    
        5653  -514.000000    
        5654  -502.000000    
        5655  -536.000000    
        5656  -474.000000    
        5657  -522.000000    
        5658  -528.000000    
        5659  -446.000000    
        5660  -512.000000    
        5661  -494.000000    
        5662  -518.000000    
        5663  -484.000000    
        5664  -472.000000    
        5665  -532.000000    
        5666  -518.000000    
        5667  -472.000000    
        5668  -480.000000    
        5669  -506.000000    
        5670  -474.000000    
        5671  -458.000000    
        5672  -452.000000    
        5673  -524.000000    
        5674  -456.000000    
        5675  -516.000000    
        5676  -474.000000    
        5677  -484.000000    
        5678  -486.000000    
        5679  -488.000000    
        5680  -542.000000    
        5681  -502.000000    
        5682  -444.000000    
        5683  -490.000000    
        5684  -476.000000    
        5685  -552.000000    
        5686  -496.000000    
        5687  -480.000000    
        5688  -508.000000    
        5689  -508.000000    
        5690  -528.000000    
        5691  -492.000000    
        5692  -492.000000    
        5693  -504.000000    
        5694  -506.000000    
        5695  -502.000000    
        5696  -490.000000    
        5697  -478.000000    
        5698  -490.000000    
        5699  -446.000000    
        5700  -520.000000    
        5701  -532.000000    
        5702  -512.000000    
        5703  -468.000000    
        5704  -498.000000    
        5705  -504.000000    
        5706  -476.000000    
        5707  -568.000000    
        5708  -466.000000    
        5709  -506.000000    
        5710  -520.000000    
        5711  -492.000000    
        5712  -472.000000    
        5713  -508.000000    
        5714  -512.000000    
        5715  -468.000000    
        5716  -520.000000    
        5717  -508.000000    
        5718  -542.000000    
        5719  -494.000000    
        5720  -510.000000    
        5721  -540.000000    
        5722  -516.000000    
        5723  -470.000000    
        5724  -556.000000    
        5725  -498.000000    
        5726  -520.000000    
        5727  -518.000000    
        5728  -480.000000    
        5729  -496.000000    
        5730  -476.000000    
        5731  -496.000000    
        5732  -514.000000    
        5733  -492.000000    
        5734  -532.000000    
        5735  -472.000000    
        5736  -492.000000    
        5737  -532.000000    
        5738  -534.000000    
        5739  -560.000000    
        5740  -500.000000    
        5741  -540.000000    
        5742  -514.000000    
        5743  -478.000000    
        5744  -504.000000    
        5745  -492.000000    
        5746  -528.000000    
        5747  -480.000000    
        5748  -506.000000    
        5749  -438.000000    
        5750  -476.000000    
        5751  -480.000000    
        5752  -452.000000    
        5753  -538.000000    
        5754  -476.000000    
        5755  -528.000000    
        5756  -486.000000    
        5757  -526.000000    
        5758  -564.000000    
        5759  -468.000000    
        5760  -538.000000    
        5761  -506.000000    
        5762  -514.000000    
        5763  -536.000000    
        5764  -476.000000    
        5765  -502.000000    
        5766  -520.000000    
        5767  -494.000000    
        5768  -514.000000    
        5769  -520.000000    
        5770  -504.000000    
        5771  -524.000000    
        5772  -520.000000    
        5773  -502.000000    
        5774  -522.000000    
        5775  -494.000000    
        5776  -440.000000    
        5777  -468.000000    
        5778  -542.000000    
        5779  -484.000000    
        5780  -506.000000    
        5781  -540.000000    
        5782  -496.000000    
        5783  -474.000000    
        5784  -510.000000    
        5785  -534.000000    
        5786  -508.000000    
        5787  -466.000000    
        5788  -504.000000    
        5789  -542.000000    
        5790  -472.000000    
        5791  -526.000000    
        5792  -482.000000    
        5793  -512.000000    
        5794  -468.000000    
        5795  -522.000000    
        5796  -542.000000    
        5797  -492.000000    
        5798  -432.000000    
        5799  -500.000000    
        5800  -502.000000    
        5801  -446.000000    
        5802  -502.000000    
        5803  -502.000000    
        5804  -518.000000    
        5805  -448.000000    
        5806  -530.000000    
        5807  -466.000000    
        5808  -506.000000    
        5809  -526.000000    
        5810  -464.000000    
        5811  -460.000000    
        5812  -498.000000    
        5813  -472.000000    
        5814  -518.000000    
        5815  -494.000000    
        5816  -514.000000    
        5817  -476.000000    
        5818  -484.000000    
        5819  -458.000000    
        5820  -514.000000    
        5821  -512.000000    
        5822  -506.000000    
        5823  -538.000000    
        5824  -484.000000    
        5825  -476.000000    
        5826  -496.000000    
        5827  -542.000000    
        5828  -500.000000    
        5829  -510.000000    
        5830  -454.000000    
        5831  -502.000000    
        5832  -502.000000    
        5833  -530.000000    
        5834  -492.000000    
        5835  -524.000000    
        5836  -500.000000    
        5837  -478.000000    
        5838  -504.000000    
        5839  -526.000000    
        5840  -546.000000    
        5841  -482.000000    
        5842  -506.000000    
        5843  -476.000000    
        5844  -510.000000    
        5845  -500.000000    
        5846  -514.000000    
        5847  -522.000000    
        5848  -492.000000    
        5849  -444.000000    
        5850  -512.000000    
        5851  -494.000000    
        5852  -488.000000    
        5853  -440.000000    
        5854  -496.000000    
        5855  -460.000000    
        5856  -452.000000    
        5857  -514.000000    
        5858  -506.000000    
        5859  -478.000000    
        5860  -460.000000    
        5861  -480.000000    
        5862  -548.000000    
        5863  -488.000000    
        5864  -500.000000    
        5865  -468.000000    
        5866  -532.000000    
        5867  -532.000000    
        5868  -488.000000    
        5869  -516.000000    
        5870  -550.000000    
        5871  -502.000000    
        5872  -454.000000    
        5873  -498.000000    
        5874  -484.000000    
        5875  -434.000000    
        5876  -468.000000    
        5877  -492.000000    
        5878  -422.000000    
        5879  -554.000000    
        5880  -520.000000    
        5881  -476.000000    
        5882  -494.000000    
        5883  -466.000000    
        5884  -516.000000    
        5885  -474.000000    
        5886  -502.000000    
        5887  -496.000000    
        5888  -544.000000    
        5889  -544.000000    
        5890  -502.000000    
        5891  -492.000000    
        5892  -502.000000    
        5893  -440.000000    
        5894  -524.000000    
        5895  -464.000000    
        5896  -548.000000    
        5897  -460.000000    
        5898  -486.000000    
        5899  -500.000000    
        5900  -500.000000    
        5901  -536.000000    
        5902  -458.000000    
        5903  -518.000000    
        5904  -472.000000    
        5905  -448.000000    
        5906  -470.000000    
        5907  -494.000000    
        5908  -518.000000    
        5909  -532.000000    
        5910  -510.000000    
        5911  -498.000000    
        5912  -466.000000    
        5913  -494.000000    
        5914  -492.000000    
        5915  -498.000000    
        5916  -494.000000    
        5917  -520.000000    
        5918  -534.000000    
        5919  -494.000000    
        5920  -522.000000    
        5921  -454.000000    
        5922  -490.000000    
        5923  -560.000000    
        5924  -466.000000    
        5925  -500.000000    
        5926  -518.000000    
        5927  -462.000000    
        5928  -502.000000    
        5929  -526.000000    
        5930  -502.000000    
        5931  -460.000000    
        5932  -494.000000    
        5933  -494.000000    
        5934  -460.000000    
        5935  -430.000000    
        5936  -494.000000    
        5937  -526.000000    
        5938  -482.000000    
        5939  -470.000000    
        5940  -500.000000    
        5941  -502.000000    
        5942  -510.000000    
        5943  -442.000000    
        5944  -438.000000    
        5945  -552.000000    
        5946  -492.000000    
        5947  -498.000000    
        5948  -470.000000    
        5949  -538.000000    
        5950  -488.000000    
        5951  -504.000000    
        5952  -496.000000    
        5953  -554.000000    
        5954  -544.000000    
        5955  -494.000000    
        5956  -510.000000    
        5957  -496.000000    
        5958  -484.000000    
        5959  -432.000000    
        5960  -438.000000    
        5961  -512.000000    
        5962  -514.000000    
        5963  -504.000000    
        5964  -508.000000    
        5965  -518.000000    
        5966  -484.000000    
        5967  -476.000000    
        5968  -454.000000    
        5969  -506.000000    
        5970  -524.000000    
        5971  -546.000000    
        5972  -480.000000    
        5973  -480.000000    
        5974  -486.000000    
        5975  -504.000000    
        5976  -552.000000    
        5977  -458.000000    
        5978  -490.000000    
        5979  -504.000000    
        5980  -506.000000    
        5981  -518.000000    
        5982  -518.000000    
        5983  -530.000000    
        5984  -498.000000    
        5985  -426.000000    
        5986  -508.000000    
        5987  -524.000000    
        5988  -478.000000    
        5989  -442.000000    
        5990  -508.000000    
        5991  -496.000000    
        5992  -480.000000    
        5993  -474.000000    
        5994  -474.000000    
        5995  -518.000000    
        5996  -502.000000    
        5997  -476.000000    
        5998  -490.000000    
        5999  -460.000000    
        6000  -506.000000    
